window,representative,sources,n_sources,n_titles,avg_similarity,coord_score,all_titles,detected_at,cycle
2026-03-07 12:00:00,"Juan Carlos I cancela su viaje a Sanxenxo y permanecerá en Abu Dhabi, donde ""se encuentra bien""","elcorreo, eldiario, elmundo, google_news_es",4,4,0.523,52,"Juan Carlos I cancela su viaje a Sanxenxo y permanecerá en Abu Dhabi, donde ""se encuentra bien"" | Juan Carlos I cancela su viaje a Sanxenxo y decide permanecer en Abu Dhabi | Juan Carlos I cancela su viaje a Sanxenxo y decide permanecer en Abu Dhabi - elDiario.es | Juan Carlos I permanecerá en Abu Dhabi, donde «se encuentra bien» acompañado de Froilán",2026-03-07 20:01,2026-03-07 20:01
2026-03-07 10:00:00,Comprobar Lotería Nacional: resultados del sábado 7 de marzo de 2026,"20minutos, lavanguardia, okdiario",3,3,0.443,33,"Comprobar Lotería Nacional: resultados del sábado 7 de marzo de 2026 | Comprobar Lotería Nacional: resultado y número premiado hoy, sábado 7 de marzo de 2026 | Lotería Nacional, hoy | Comprobar resultados del sorteo del sábado 7 de marzo en directo",2026-03-07 22:31,2026-03-07 22:31
2026-03-07 22:00:00,"Trump rechaza el apoyo de Reino Unido en Irán: ""No lo necesitamos ahora que ya hemos ganado la guerra""","20minutos, google_news_es, heraldo_aragon",3,3,0.77,57,"Trump rechaza el apoyo de Reino Unido en Irán: &quot;Ahora que ya hemos ganado&quot; | Trump rechaza el apoyo de Reino Unido en Irán: ""No lo necesitamos ahora que ya hemos ganado la guerra"" | Trump rechaza el apoyo de Reino Unido en Irán: ""No lo necesitamos ahora que ya hemos ganado la guerra"" - 20Minutos",2026-03-09 00:01,2026-03-09 00:01
2026-03-08 22:00:00,El barril de petróleo ya supera los 100 dólares,"elpais, lavanguardia, okdiario",3,3,0.446,33,El barril de petróleo ya supera los 100 dólares | El petróleo sigue disparándose por la guerra de Irán y ya supera los 100 dólares por barril | El barril de petróleo supera los 100 dólares por barril tras los recortes de producción de varios países del Golfo,2026-03-09 03:31,2026-03-09 03:31
2026-03-06 14:00:00,Procesado el exjefe de la UDEF que tenía 20 millones en su casa fruto del narcotráfico,"elconfidencial, elmundo_espana, lavanguardia",3,3,0.44,32,Procesado el exjefe de la UDEF que tenía 20 millones en su casa fruto del narcotráfico | La Audiencia Nacional procesa al exjefe de la UDEF que tenía 20 M emparedados en su casa | Procesado el exjefe de la UDEF al que hallaron 20 millones de euros emparedados en su casa,2026-03-09 06:01,2026-03-09 06:01
2026-03-06 06:00:00,Vox expulsa definitivamente a Ortega Smith y abre expediente a Antelo,"elconfidencial, eldiario, elmundo_espana, elpais, google_news_politica, infolibre",6,6,0.519,77,Vox expulsa definitivamente a Ortega Smith y abre expediente a Antelo | Vox expulsa definitivamente a Ortega Smith - El Plural | Vox expulsa definitivamente a Javier Ortega Smith del partido | Vox expulsa definitivamente a Ortega Smith del partido y suspende de militancia a Antelo | Vox expulsa del partido a Ortega Smith y abre expediente a Antelo,2026-03-09 06:31,2026-03-09 06:31
2026-03-06 06:00:00,Vox expulsa definitivamente a Ortega Smith - El Plural,"eldiario, elpais, google_news_politica, infolibre",4,4,0.542,54,Vox expulsa definitivamente a Ortega Smith y abre expediente a Antelo | Vox expulsa definitivamente a Ortega Smith - El Plural | Vox expulsa definitivamente a Javier Ortega Smith del partido | Vox expulsa definitivamente a Ortega Smith del partido y suspende de militancia a Antelo,2026-03-09 07:01,2026-03-09 07:01
2026-03-07 18:00:00,Evacuada la embajada de España en Irán,"elmundo, heraldo_aragon, lavanguardia, levante_emv",4,4,0.58,57,"Evacuada  ""con éxito""  la Embajada de España en Irán | Evacuada con &quot;éxito&quot; la embajada de España en Irán | Evacuada la embajada de España en Teherán | Evacuada la embajada de España en Irán",2026-03-09 07:31,2026-03-09 07:31
2026-03-09 08:00:00,El PP propone bajar la deducción por hijo en el IRPF y el 10% del IVA de la energía,"elcorreo, elmundo, expansion",3,3,0.582,43,El PP propone bajar al 10% el IVA de la energía mientras dure la guerra y un alivio fiscal de 200 euros en el IRPF | El PP propone bajar la deducción por hijo en el IRPF y el 10% del IVA de la energía | El PP propone doblar la deducción por hijo en IRPF y bajar al 10% el IVA de la energía,2026-03-09 10:31,2026-03-09 10:31
2026-03-09 08:00:00,"El exsecretario general de NNGG del PP admite que avisó a Vox de su dimisión y que ""quizás"" fiche por ese partido","europapress, google_news_politica, huffington_es, lavanguardia",4,4,0.564,56,"El ex secretario general de Nuevas Generaciones admite que avisó a Vox de su dimisión y que “quizás” fiche por ese partido | El exsecretario general de NNGG del PP admite que avisó a Vox de su dimisión y que &quot;quizás&quot; fiche por ese partido | El exlíder de Nuevas Generaciones del PP admite que avisó a Vox de su dimisión - The Objective | El exsecretario general de NNGG del PP admite que avisó a Vox de su dimisión y que ""quizás"" fiche por ese partido",2026-03-09 11:01,2026-03-09 11:01
2026-03-08 12:00:00,Ana Redondo: «La igualdad es mucho más erótica que la imposición machista»,"20minutos, elcorreo, google_news_es",3,4,0.636,47,"""La igualdad es mucho más erótica que la imposición machista"" - El Día de Valladolid | La ministra Redondo, en la manifestación del 8M en Valladolid: ""Mola más, es más erótica la igualdad que la imposición machista"" | Ana Redondo: «La igualdad es mucho más erótica que la imposición machista» | Ana Redondo: «La igualdad es mucho más erótica que la imposición machista» - Hoy",2026-03-09 11:31,2026-03-09 11:31
2026-03-06 12:00:00,La Delegación del Gobierno en Madrid multa al agitador ultra Vito Quiles por desobedecer a la Policía,"20minutos, heraldo_aragon, infolibre",3,3,0.528,39,"La Delegación del Gobierno en Madrid multa a Vito Quiles por desobedecer a la Policía tras ""intentar boicotear"" una protesta feminista | La Delegación del Gobierno en Madrid multa al agitador ultra Vito Quiles por desobedecer a la Policía | La Delegación del Gobierno en Madrid multa con más de 10.000 euros a Vito Quiles",2026-03-09 12:01,2026-03-09 12:01
2026-03-09 10:00:00,Un juzgado admite la segunda denuncia contra Íñigo Errejón por agresión sexual,"elconfidencial, elespanol, elpais, huffington_es, levante_emv",5,5,0.71,88,Un juzgado admite a trámite la segunda denuncia contra Íñigo Errejón por agresión sexual | Un juzgado admite la segunda denuncia contra Íñigo Errejón por agresión sexual | Un juzgado admite la segunda denuncia contra Errejón por presunta agresión sexual | Un juzgado de Madrid admite la segunda denuncia presentada contra Errejón por agresión sexual | Un juzgado admite la segunda denuncia contra Íñigo Errejón por presunta agresión sexual,2026-03-09 12:31,2026-03-09 12:31
2026-03-09 10:00:00,Ortega Smith denuncia a la ejecutiva de Vox ante la Agencia de Protección de Datos por filtrar su expediente,"eldiario, elmundo, levante_emv",3,3,0.578,43,"Ortega Smith denuncia ante Protección de Datos a la Ejecutiva de Vox y su Comité de Garantías por ""filtrar"" su expulsión | Ortega Smith denuncia ante la Agencia de Protección de Datos la ""filtración"" de su expulsión y carga contra Abascal y la cúpula de Vox | Ortega Smith denuncia a la ejecutiva de Vox ante la Agencia de Protección de Datos por filtrar su expediente",2026-03-09 12:31,2026-03-09 12:31
2026-03-06 14:00:00,"Trump asegura que el Gobierno de Cuba ""va a caer muy pronto""","eldiario, heraldo_aragon, infolibre",3,3,0.626,46,"Trump asegura que el Gobierno de Cuba ""va a caer muy pronto"" | Donald Trump asegura que el Gobierno de Cuba &quot;va a caer muy pronto&quot; | Trump afirma que Cuba ""va a caer muy pronto""",2026-03-09 14:31,2026-03-09 14:31
2026-03-09 10:00:00,Ataque antisemita en Bélgica: investigan una explosión ante una sinagoga en Lieja,"france24_es, levante_emv, okdiario",3,3,0.482,36,"Ataque antisemita en Bélgica: investigan una explosión ante una sinagoga en Lieja | Investigan una explosión en Bélgica que las autoridades condenan como ataque antisemita | Bélgica investiga como ""acto antisemita"" la explosión frente a una sinagoga en Lieja",2026-03-09 15:31,2026-03-09 15:31
2026-03-06 16:00:00,La Audiencia Nacional rechaza una denuncia contra Puente por el accidente de Adamuz,"elconfidencial, elpais, heraldo_aragon, lavanguardia",4,4,0.672,67,La Audiencia Nacional rechaza la denuncia contra Óscar Puente por el siniestro de Adamuz | La Audiencia Nacional archiva una denuncia contra Puente por el accidente de Adamuz | La Audiencia Nacional rechaza una denuncia contra Óscar Puente por el accidente ferroviario de Adamuz | La Audiencia Nacional rechaza una denuncia contra Puente por el accidente de Adamuz,2026-03-09 16:01,2026-03-09 16:01
2026-03-06 16:00:00,El Gobierno de Trump dice que no puede devolver el dinero de los aranceles,"elespanol, google_news_es, infolibre",3,3,0.663,49,El Gobierno de Trump dice que no puede devolver el dinero de los aranceles | El Gobierno de Trump dice que no puede devolver aún el dinero de los aranceles: unos 166.000 millones de dólares | El Gobierno de Trump dice que no puede devolver el dinero de los aranceles - EFE - Agencia de noticias,2026-03-09 16:31,2026-03-09 16:31
2026-03-06 16:00:00,Dada de alta la última menor ingresada tras el accidente ferroviario de Adamuz,"20minutos, elmundo_espana, okdiario",3,3,0.645,48,Recibe el alta 47 días después la última menor ingresada por el accidente ferroviario de Adamuz | Dada de alta la última menor ingresada tras el accidente ferroviario de Adamuz | Dada de alta la última menor que permanecía ingresada tras el accidente ferroviario de Adamuz,2026-03-09 16:31,2026-03-09 16:31
2026-03-08 20:00:00,Sorteo de El Gordo de la Primitiva del domingo 8 de marzo de 2026,"elcorreo, levante_emv, okdiario",3,4,0.366,27,"Sorteo de El Gordo de la Primitiva del domingo 8 de marzo de 2026 | Comprobar El Gordo de la Primitiva hoy: resultado y números premiados del sorteo hoy, domingo 8 de marzo de 2026 | Sorteo Bonoloto del domingo 8 de marzo de 2026 | El Gordo de la Primitiva del domingo: comprobar resultados del 8 de marzo",2026-03-09 16:31,2026-03-09 16:31
2026-03-06 16:00:00,El Gobierno de Trump reconoce que no puede devolver los 166.000 millones de los aranceles,"20minutos, elespanol, google_news_es",3,3,0.633,47,El Gobierno de Trump dice que no puede devolver aún el dinero de los aranceles: unos 166.000 millones de dólares | El Gobierno de Trump reconoce que no puede devolver los 166.000 millones de los aranceles | El Gobierno de Trump reconoce que no puede devolver los 166.000 millones de los aranceles - 20Minutos,2026-03-09 17:01,2026-03-09 17:01
2026-03-09 10:00:00,Un juzgado admite la segunda denuncia contra Íñigo Errejón por presunta agresión sexual,"20minutos, elconfidencial, elcorreo, elespanol, europapress, huffington_es, levante_emv",7,7,0.681,100,"Un juzgado admite a trámite la segunda denuncia contra Errejón, esta por presunta violación | Un juzgado de Madrid admite a trámite la segunda denuncia contra Errejón por una presunta agresión sexual a una mujer | Un juzgado admite la segunda denuncia contra Íñígo Errejón por otra presunta agresión sexual | Un juzgado admite a trámite la segunda denuncia contra Íñigo Errejón por agresión sexual | Un juzgado admite la segunda denuncia contra Íñigo Errejón por agresión sexual",2026-03-09 17:31,2026-03-09 17:31
2026-03-06 18:00:00,"LaLiga: Celta - Real Madrid, en directo","elespanol, elpais, levante_emv",3,3,0.434,32,"LaLiga: Celta - Real Madrid, en directo | Celta - Real Madrid, en directo La Liga: resultado, goleadores y estadísticas en vivo | Celta - Real Madrid en directo | El Madrid busca ponerse por delante tras el descanso",2026-03-09 17:31,2026-03-09 17:31
2026-03-06 18:00:00,El PSOE expulsa al alcalde de Almussafes (Valencia) que fue denunciado por acoso sexual,"huffington_es, infolibre, lavanguardia",3,3,0.703,52,"El PSOE expulsa al alcalde de Almussafes (Valencia) que fue denunciado por acoso sexual | El PSOE expulsa al alcalde de Almussafes acusado de acoso sexual en vísperas del 8M | El PSOE expulsa al alcalde de Almussafes (Valencia), denunciado por acoso sexual",2026-03-09 18:01,2026-03-09 18:01
2026-03-06 18:00:00,Igualdad multa a Vodafone con 25.000 euros por el fallo de las pulseras antimaltrato en noviembre,"elpais, infolibre, lavanguardia",3,3,0.59,44,Igualdad sanciona a Vodafone con 25.000 euros por el fallo de las pulseras en noviembre | Igualdad multa a Vodafone con 25.000 euros por el fallo temporal de las pulseras antimaltratadores ocurrido en noviembre | Igualdad multa a Vodafone con 25.000 euros por el fallo de las pulseras antimaltrato en noviembre,2026-03-09 18:01,2026-03-09 18:01
2026-03-09 12:00:00,Sánchez anuncia las becas 'Medrano': 900 euros al mes para estudiar un curso en otra universidad de España - El HuffPost,"20minutos, google_news_politica, huffington_es",3,3,0.63,47,Sánchez anuncia becas de 900 euros al mes para los universitarios que quieran estudiar en otra provincia | Sánchez anuncia las becas &#039;Medrano&#039;: 900 euros al mes para estudiar un curso en otra universidad de España | Sánchez anuncia las becas 'Medrano': 900 euros al mes para estudiar un curso en otra universidad de España - El HuffPost,2026-03-09 19:31,2026-03-09 19:31
2026-03-09 12:00:00,La OTAN derriba un segundo misil iraní sobre el espacio aéreo de Turquía,"google_news_es, lavanguardia, levante_emv, okdiario",4,4,0.566,56,La OTAN derriba un segundo misil iraní sobre el espacio aéreo de Turquía | La OTAN derriba un segundo misil iraní dirigido a Turquía | La OTAN intercepta un nuevo misil iraní en el espacio aéreo de Turquía | La OTAN derriba un misil iraní sobre Turquía - La Vanguardia,2026-03-09 20:31,2026-03-09 20:31
2026-03-09 18:00:00,Mojtaba Jamenei es designado nuevo líder supremo de Irán - DW.com,"france24_es, google_news_es, okdiario",3,3,0.516,38,"Mojtaba Jamenei es designado nuevo líder supremo de Irán - DW.com | Mojtaba Jamenei, el nuevo líder de Irán blanco de EE. UU. e Israel | La televisión estatal iraní habla de Mojtaba Jamenei, nuevo líder supremo, como «herido por el enemigo»",2026-03-10 03:01,2026-03-10 03:01
2026-03-09 12:00:00,La Justicia ordena a Ayuso iniciar ya la creación del registro de objetores del aborto,"elconfidencial, eldiario, elespanol, elpais, huffington_es, infolibre",6,7,0.605,90,La justicia ordena a la Comunidad de Madrid la creación del registro de objetores del aborto | La Justicia ordena a Madrid iniciar ya la creación del registro de objetores del aborto | El Tribunal Superior de Justicia de Madrid ordena al Gobierno de Ayuso iniciar la creación del registro de objetores del aborto | La Justicia ordena a Ayuso iniciar ya la creación del registro de objetores del aborto | La Justicia ordena a Ayuso crear ya el registro de objetores del aborto,2026-03-10 04:01,2026-03-10 04:01
2026-03-09 10:00:00,Alcaraz - Rinderknech: horario y dónde ver el partido de tercera ronda de Indian Wells por TV,"eldiario, heraldo_aragon, okdiario",3,3,0.606,45,"Alcaraz - Rinderknech: horario y dónde ver el partido de tercera ronda de Indian Wells por TV | Horario y dónde ver gratis en TV la Feria de Castellón: de Roca Rey a Talavante | Horario Carlos Alcaraz – Rinderknech: cuándo es, hora y dónde ver por TV en directo el partido de Indian Wells 2026",2026-03-10 05:01,2026-03-10 05:01
2026-03-09 10:00:00,Los Reyes celebran el oro de Audrey Pascual en los Juegos Paralímpicos de Invierno - Servimedia,"elpais, google_news_es, huffington_es",3,3,0.584,43,"Audrey Pascual gana el primer oro paralímpico español en Juegos de Invierno desde Sochi 2014 | Audrey Pascual, oro en el supergigante de lo Juegos Paralímpicos de Milán-Cortina | Los Reyes celebran el oro de Audrey Pascual en los Juegos Paralímpicos de Invierno - Servimedia",2026-03-10 05:01,2026-03-10 05:01
2026-03-09 10:00:00,"Von der Leyen cree que la UE ""ya no puede confiar"" en un sistema basado en reglas y cuestiona si es ""un obstáculo""","elespanol, europapress, okdiario",3,3,0.573,42,"Von der Leyen pide «no derramar una lágrima por Irán» y dice que la UE «ya no puede confiar» en las normas | Von der Leyen dice que la UE ya no puede confiar en un orden mundial basado en reglas y debe proyectar su propio poder | Von der Leyen cree que la UE ""ya no puede confiar"" en un sistema basado en reglas y cuestiona si es ""un obstáculo""",2026-03-10 05:01,2026-03-10 05:01
2026-03-09 16:00:00,"La Fiscalía se opone a imputar a Carlos Mazón ""en este momento"" al no ver indicios suficientes","20minutos, elpais, infolibre",3,4,0.506,37,"La Fiscalía se opone a imputar a Carlos Mazón ""en este momento"" al no ver indicios suficientes | La Fiscalía se opone a imputar a Mazón al no ver indicios y pide devolver la causa a la jueza de Catarroja | La Fiscalía dice que en este momento no hay indicios suficientes para imputar a Mazón | La Fiscalía se opone a imputar a Mazón por la gestión de la dana al no ver de momento indicios suficientes",2026-03-10 05:01,2026-03-10 05:01
2026-03-09 18:00:00,"Mojtaba Jamenei, el nuevo líder de Irán blanco de EE. UU. e Israel","elpais, france24_es, okdiario",3,3,0.367,27,"Mojtaba Jamenei, el nuevo líder de Irán blanco de EE. UU. e Israel | Última hora del ataque de EE UU e Israel contra Irán, en directo | Trump considera un “gran error” la elección de Mojtaba Jameneí como nuevo líder en Irán | La televisión estatal iraní habla de Mojtaba Jamenei, nuevo líder supremo, como «herido por el enemigo»",2026-03-10 05:01,2026-03-10 05:01
2026-03-09 12:00:00,La OTAN intercepta un nuevo misil iraní en el espacio aéreo de Turquía,"20minutos, elcorreo, lavanguardia, levante_emv",4,5,0.571,57,"Las defensas de la OTAN interceptan otro misil iraní en el espacio aéreo de Turquía | Trump dice que la guerra está ""prácticamente acabada"" en un día en el que la OTAN bloquea otro misil iraní en el espacio aéreo de Turquía | La OTAN derriba un segundo misil iraní sobre el espacio aéreo de Turquía | La OTAN intercepta un nuevo misil iraní en el espacio aéreo de Turquía | Última hora de la Guerra en Oriente Medio: Las defensas de la OTAN interceptan otro misil balístico iraní en el espacio aéreo de Turquía",2026-03-10 06:01,2026-03-10 06:01
2026-03-09 16:00:00,La Fiscalía se opone a imputar a Mazón al no ver indicios y pide devolver la causa a la jueza de Catarroja,"20minutos, elpais, europapress",3,3,0.493,36,Fiscalía pide al TSJCV que devuelva la causa a la jueza de la dana al no ver indicios suficientes contra Mazón | La Fiscalía se opone a imputar a Mazón al no ver indicios y pide devolver la causa a la jueza de Catarroja | La Fiscalía se opone a imputar a Mazón por la gestión de la dana al no ver de momento indicios suficientes,2026-03-10 06:01,2026-03-10 06:01
2026-03-09 16:00:00,"Donald Trump pide asilo para las futbolistas de Irán que no cantaron el himno de su país: ""Seguramente serán asesinadas""","20minutos, elespanol, huffington_es",3,3,0.462,34,"Donald Trump pide asilo para las futbolistas de Irán que no cantaron el himno de su país: ""Seguramente serán asesinadas"" | Trump pide asilo para las futbolistas iraníes que no quisieron cantar el himno de su país y son consideradas ""traidoras"" | Trump reclama a Australia que dé asilo a las jugadoras de fútbol iraníes que no cantaron el himno de su país",2026-03-10 06:01,2026-03-10 06:01
2026-03-09 12:00:00,Sánchez anuncia becas de 900 euros al mes para los universitarios que quieran estudiar en otra provincia,"20minutos, google_news_politica, huffington_es",3,4,0.615,46,Sánchez anuncia becas de 900 euros al mes para los universitarios que quieran estudiar en otra provincia | Sánchez anuncia becas de 900 euros al mes para universitarios que quieran estudiar en otra provincia española | Sánchez anuncia las becas &#039;Medrano&#039;: 900 euros al mes para estudiar un curso en otra universidad de España | Sánchez anuncia las becas 'Medrano': 900 euros al mes para estudiar un curso en otra universidad de España - El HuffPost,2026-03-10 08:01,2026-03-10 08:01
2026-03-07 08:00:00,La Policía Nacional detiene en Madrid a dos expertos en artes marciales por su vinculación con el terrorismo yihadista,"elespanol, elmundo, levante_emv",3,3,0.502,37,La Policía Nacional detiene en Madrid a dos expertos en artes marciales por su vinculación con el terrorismo yihadista | Detenidos en Madrid dos expertos en artes marciales por difundir propaganda yihadista | La Policía Nacional detiene en Madrid a dos expertos en MMA por su vinculación con el terrorismo yihadista,2026-03-10 09:31,2026-03-10 09:31
2026-03-07 10:00:00,La Policía detiene en Madrid a dos expertos en artes marciales por su vinculación con el terrorismo yihadista,"elcorreo, heraldo_aragon, huffington_es",3,3,0.482,36,La Policía detiene en Madrid a dos expertos en artes marciales por su vinculación con el terrorismo yihadista | Detenidos en Madrid dos expertos en artes marciales mixtas vinculados al terrorismo yihadista | La Policía Nacional detiene en Madrid a dos luchadores de MMA por su vinculación con el terrorismo yihadista,2026-03-10 09:31,2026-03-10 09:31
2026-03-07 10:00:00,"Sánchez carga contra Feijóo y Abascal: ""Es muy fácil ser belicoso a costa del bolsillo de los demás"" - La Razón","elconfidencial, elmundo, google_news_es",3,3,0.421,31,"Sánchez carga contra Feijóo y Abascal: ""Es muy fácil ser belicoso a costa del bolsillo de los demás"" - La Razón | Sánchez sigue surfeando la ola del 'no a la guerra' contra Feijóo y Abascal: ""Es fácil ser belicoso con el dinero de los demás"" | Sánchez lleva su 'no a la guerra"" a la campaña de Castilla y León para arremeter contra el PP y Vox: ""Es muy fácil ser belicoso a costa del bolsillo de los demás""",2026-03-10 09:31,2026-03-10 09:31
2026-03-07 10:00:00,La Guardia Civil detiene a una mujer por apuñalar y matar a un hombre en Córdoba,"20minutos, elmundo, levante_emv",3,3,0.517,38,La Guardia Civil detiene a una mujer por apuñalar y matar a un hombre en Córdoba | La Guardia Civil investiga la muerte violenta de un hombre en Córdoba y detiene a una mujer | La Guardia Civil detiene a una mujer por apuñalar mortalmente a un hombre de 41 años en Montemayor (Córdoba),2026-03-10 10:01,2026-03-10 10:01
2026-03-09 12:00:00,Macron anuncia una misión «defensiva» para reabrir el estrecho de Ormuz,"20minutos, elcorreo, google_news_es",3,4,0.591,44,"Macron anuncia una misión «defensiva» para reabrir el estrecho de Ormuz | Macron: ""Está en marcha una misión defensiva para abrir progresivamente el estrecho de Ormuz"" - EFE - Agencia de noticias | Macron anuncia una operación ""puramente"" defensiva para reabrir el Estrecho de Ormuz | Macron anuncia una misión ""puramente defensiva"" para reabrir el Estrecho de Ormuz",2026-03-10 11:31,2026-03-10 11:31
2026-03-10 04:00:00,El día que la erección desaparece: ¿cuáles son las soluciones farmacológicas del siglo XXI?,"20minutos, elpais, okdiario",3,3,0.494,37,"El día que la erección desaparece: ¿cuáles son las soluciones farmacológicas del siglo XXI? | Lea Ypi, escritora: “Los dos grandes problemas del siglo XXI son el capitalismo y el estado-nación” | Las guerras del siglo XXI",2026-03-10 11:31,2026-03-10 11:31
2026-03-07 12:00:00,"Lotería Nacional, en directo: comprobar resultados del sorteo de hoy sábado 7 de marzo","elcorreo, elpais, lavanguardia",3,3,0.493,36,"Lotería Nacional, en directo: comprobar resultados del sorteo de hoy sábado 7 de marzo | Lotería Nacional: comprobar sorteo del sábado 7 de marzo | La Lotería Nacional del sábado: comprobar resultados del 7 de marzo",2026-03-10 11:31,2026-03-10 11:31
2026-03-10 08:00:00,Costa discrepa de Von der Leyen sobre el ataque a Irán: “La UE debe defender el orden internacional basado en normas”,"eldiario, elpais, google_news_es, lavanguardia",4,4,0.536,53,"Costa discrepa de Von der Leyen sobre el ataque a Irán: “La UE debe defender el orden internacional basado en normas” | Costa defiende un orden internacional basado en normas frente al giro de Von der Leyen | Costa discrepa de Von der Leyen: “La UE debe defender el orden internacional basado en normas” - EL PAÍS | Costa rechaza el paso en falso de Von der Leyen: ""El unilateralismo no puede ser el camino y la UE debe defender el orden internacional""",2026-03-10 12:01,2026-03-10 12:01
2026-03-07 12:00:00,Juan Carlos I cancela su viaje a Sanxenxo y decide permanecer en Abu Dhabi,"elcorreo, eldiario, elmundo, google_news_es",4,4,0.527,52,"Juan Carlos I cancela su viaje a Sanxenxo y permanecerá en Abu Dhabi, donde ""se encuentra bien"" | Juan Carlos I cancela su viaje a Sanxenxo y decide permanecer en Abu Dhabi | Juan Carlos I cancela su viaje a Sanxenxo y decide permanecer en Abu Dhabi - elDiario.es | Juan Carlos I permanecerá en Abu Dhabi, donde «se encuentra bien» acompañado de Froilán",2026-03-10 13:02,2026-03-10 13:02
2026-03-10 10:00:00,Mercadona gana 1.729 millones de euros con una facturación que alcanza los 41.900 millones,"europapress, lavanguardia, levante_emv",3,3,0.559,41,Mercadona aumenta sus beneficios en 2025 hasta los 1.729 millones de euros y logra unas ventas de 41.900 millones | Mercadona gana 1.729 millones de euros con una facturación que alcanza los 41.900 millones | Mercadona logra unos históricos 41.900 millones de euros de facturación en 2025,2026-03-10 13:31,2026-03-10 13:31
2026-03-10 10:00:00,El Consejo de Ministros aprueba el real decreto que refuerza la universalidad en el acceso a la asistencia sanitaria pública - Ministerio de Sanidad,"elmundo_espana, google_news_es, huffington_es",3,3,0.49,36,El Consejo de Ministros aprueba el real decreto que refuerza la universalidad en el acceso a la asistencia sanitaria pública - Ministerio de Sanidad | Vídeo en directo: el Consejo de Ministros aprueba la sanidad pública gratuita para los inmigrantes irregulares | El Consejo de Ministros aprueba el real decreto que garantiza la atención sanitaria a migrantes irregulares,2026-03-10 13:31,2026-03-10 13:31
2026-03-10 10:00:00,La UCO implica a dos ex altos cargos con las obras de Rubiales en La Cartuja,"20minutos, elcorreo, heraldo_aragon",3,3,0.481,36,La UCO implica a dos ex altos cargos con las obras de Rubiales en La Cartuja | La UCO implica a dos exaltos cargos de la Junta en el amaño de contratos de Luis Rubiales para las obras de La Cartuja | La UCO implica a un ex alto cargo de la Junta de Andalucía en los presuntos amaños de Rubiales en La Cartuja,2026-03-10 14:01,2026-03-10 14:01
2026-03-10 10:00:00,La UCO implica a dos exaltos cargos de la Junta en el amaño de contratos de Luis Rubiales para las obras de La Cartuja,"20minutos, elcorreo, heraldo_aragon",3,3,0.514,38,La UCO implica a dos ex altos cargos con las obras de Rubiales en La Cartuja | La UCO implica a dos exaltos cargos de la Junta en el amaño de contratos de Luis Rubiales para las obras de La Cartuja | La UCO implica a un ex alto cargo de la Junta de Andalucía en los presuntos amaños de Rubiales en La Cartuja,2026-03-10 14:32,2026-03-10 14:32
2026-03-10 12:00:00,"El Gobierno se distancia de Von der Leyen y urge a Europa a defender el orden internacional: ""Lo contrario es desorden""","elcorreo, eldiario, elmundo, levante_emv",4,4,0.54,54,"El Gobierno responde a Von der Leyen: ""La alternativa al orden internacional son el desorden y la guerra"" | El Gobierno cierra filas con Costa frente a Von der Leyen: «Lo contrario al orden es el desorden y el caos» | El Gobierno se distancia de Von der Leyen y urge a Europa a defender el orden internacional: ""Lo contrario es desorden"" | El Gobierno de Sánchez replica a Von der Leyen que ""la alternativa al orden internacional es el desorden"": ""Uno tiene que optar entre la paz o la guerra""",2026-03-10 15:01,2026-03-10 15:01
2026-03-10 12:00:00,Guerra de EE.UU. e Israel contra Irán | Última hora: el Pentágono asegura que hoy será “el día más intenso” en los ataques a Irán,"eldiario, elpais, lavanguardia, levante_emv",4,4,0.547,54,"El Pentágono advierte que este martes será el ""día más intenso"" de ataques contra Irán | Guerra de EE.UU. e Israel contra Irán | Última hora: el Pentágono asegura que hoy será “el día más intenso” en los ataques a Irán | El jefe del Pentágono advierte: ""Hoy será, una vez más, nuestro día más intenso de ataques en Irán"" | Última hora del ataque de EE UU e Israel contra Irán, en directo | El Pentágono advierte de que hoy será el día “más intenso” de bombardeos sobre Irán",2026-03-10 15:01,2026-03-10 15:01
2026-03-07 14:00:00,"Donald Trump, a los líderes latinoamericanos: ""No voy a aprender vuestro maldito idioma""","20minutos, elmundo, google_news_es",3,5,0.724,54,"Donald Trump, a los líderes latinoamericanos: ""No voy a aprender vuestro maldito idioma"" | Donald Trump, a los líderes latinoamericanos aliados: ""No voy a aprender vuestro maldito idioma"" | Donald Trump, a los líderes latinoamericanos: ""No voy a aprender vuestro maldito idioma"" - 20Minutos | Trump, a los líderes latinoamericanos: ""No voy a aprender su maldito idioma"" | Trump, a los líderes latinoamericanos: ""No voy a aprender su maldito idioma"" - El Mundo",2026-03-10 15:31,2026-03-10 15:31
2026-03-10 10:00:00,La UCO implica a dos exaltos cargos de la Junta en el amaño de contratos de Rubiales para La Cartuja,"20minutos, elcorreo, heraldo_aragon",3,4,0.516,38,La UCO implica a dos ex altos cargos con las obras de Rubiales en La Cartuja | La UCO implica a dos exaltos cargos de la Junta en el amaño de contratos de Luis Rubiales para las obras de La Cartuja | La UCO implica a dos exaltos cargos de la Junta en el amaño de contratos de Rubiales para La Cartuja | La UCO implica a un ex alto cargo de la Junta de Andalucía en los presuntos amaños de Rubiales en La Cartuja,2026-03-10 16:01,2026-03-10 16:01
2026-03-10 08:00:00,Las bolsas rebotan y el petróleo baja ante las expectativas de que la guerra en Irán termine pronto - RTVE.es,"elmundo, elpais, google_news_es",3,3,0.441,33,Las bolsas rebotan y el petróleo baja ante las expectativas de que la guerra en Irán termine pronto - RTVE.es | Las Bolsas europeas rebotan más del 2% con el petróleo a la baja | Las bolsas rebotan y el petróleo se desploma después de que Trump prometa un final próximo de la guerra en Irán,2026-03-10 16:01,2026-03-10 16:01
2026-03-07 16:00:00,"Donald Trump anuncia una nueva ""coalición militar"" en Latinoamérica contra los carteles","20minutos, france24_es, levante_emv",3,3,0.388,29,"Donald Trump anuncia una nueva ""coalición militar"" en Latinoamérica contra los carteles | Trump anuncia una ""coalición militar"" en Latinoamérica contra los cárteles: ""Necesitamos vuestra ayuda"" | Donald Trump: ""anunciamos una nueva coalición militar para erradicar carteles""",2026-03-10 16:01,2026-03-10 16:01
2026-03-10 14:00:00,Muere el periodista y escritor Raúl del Pozo a los 89 años,"elcorreo, elpais, europapress, okdiario",4,5,0.647,64,"Muere el periodista Raúl del Pozo a los 89 años | Muere a los 89 años Raúl del Pozo, periodista de raza | Muere el periodista Raúl del Pozo a los 89 años en Madrid | Muere el periodista y escritor Raúl del Pozo a los 89 años | Muere Raúl del Pozo, periodista y escritor, a los 89 años",2026-03-10 16:31,2026-03-10 16:31
2026-03-10 14:00:00,Muere el periodista Raúl del Pozo a los 89 años,"20minutos, elcorreo, elpais, europapress, levante_emv, okdiario",6,7,0.543,81,"Muere a los 89 años el periodista Raúl del Pozo, cronista político y escritor | Muere el periodista Raúl del Pozo a los 89 años | Muere a los 89 años Raúl del Pozo, periodista de raza | Muere el periodista Raúl del Pozo a los 89 años en Madrid | Muere el periodista y escritor Raúl del Pozo a los 89 años",2026-03-10 17:01,2026-03-10 17:01
2026-03-09 14:00:00,"Macron anuncia una futura ""misión ""defensiva"" francesa para reabrir el Estrecho de Ormuz","elespanol, heraldo_aragon, huffington_es, levante_emv",4,5,0.564,56,"Macron anuncia una misión &quot;puramente defensiva&quot; para reabrir el estrecho de Ormuz en plena crisis con Irán por el petróleo | Macron anuncia una misión conjunta internacional para proteger a los petroleros y reabrir el estrecho de Ormuz | Macron anuncia una futura ""misión ""defensiva"" francesa para reabrir el Estrecho de Ormuz | Macron anuncia una futura ""misión defensiva"" francesa para reabrir el Estrecho de Ormuz | Macron anuncia una misión de carácter &quot;defensivo&quot; internacional para abrir el estrecho de Ormuz",2026-03-10 17:31,2026-03-10 17:31
2026-03-10 12:00:00,Sarah Santaolalla abandona ‘En boca de todos’ entre lágrimas tras un tenso enfrentamiento con Antonio Naranjo y acusar a Nacho Abad de cómplice,"20minutos, huffington_es, levante_emv",3,3,0.607,45,Santaolalla abandona 'En boca de todos' con un ataque de ansiedad ante las críticas de Antonio Naranjo | Sarah Santaolalla abandona el plató de &#039;En boca de todos&#039; tras una discusión con Antonio Naranjo | Sarah Santaolalla abandona ‘En boca de todos’ entre lágrimas tras un tenso enfrentamiento con Antonio Naranjo y acusar a Nacho Abad de cómplice,2026-03-10 17:31,2026-03-10 17:31
2026-03-10 04:00:00,Imparable Alcaraz: remonta a un aguerrido Rinderknech y ya está en octavos de Indian Wells,"elpais, google_news_es, okdiario",3,4,0.532,39,Alcaraz defiende su imbatibilidad ante Rinderknech camino a octavos de Indian Wells - France 24 | Imparable Alcaraz: remonta a un aguerrido Rinderknech y ya está en octavos de Indian Wells | Alcaraz remonta contra Rinderknech y accede a los  octavos de Indian Wells | Alcaraz exprime su equilibrio y remonta con maestría ante Rinderknech,2026-03-10 18:01,2026-03-10 18:01
2026-03-10 08:00:00,Repsol prevé invertir 10.000 millones hasta 2028 y repartirá 3.600 millones en dividendo - El Correo,"elcorreo, google_news_es, okdiario",3,5,0.805,60,Repsol prevé invertir 10.000 millones hasta 2028 y repartir 3.600 millones en dividendos - El Independiente | Repsol prevé invertir hasta 10.000 millones hasta 2028 y repartirá 3.600 millones en dividendo | Repsol prevé invertir 10.000 millones hasta 2028 y repartirá 3.600 millones en dividendo | Repsol invertirá hasta 10.000 millones de cara a 2028 y repartirá 3.600 millones en dividendo en efectivo | Repsol prevé invertir 10.000 millones hasta 2028 y repartirá 3.600 millones en dividendo - El Correo,2026-03-10 18:31,2026-03-10 18:31
2026-03-10 12:00:00,Así será el nuevo modelo de tienda de Mercadona,"google_news_es, heraldo_aragon, levante_emv",3,4,0.647,48,Así será la tienda 9: el nuevo modelo de Mercadona | Juan Roig (Mercadona) anuncia un nuevo modelo de tienda y reestructuraciones en 2026: “La compra será más fácil y sencilla” - Infobae | Así será el modelo de tienda que prepara Mercadona | Así será el nuevo modelo de tienda de Mercadona,2026-03-10 18:31,2026-03-10 18:31
2026-03-07 18:00:00,Madonna responde al Celta que la camiseta perdida está “en su museo personal”,"elcorreo, elpais, google_news_es",3,3,0.624,46,Madonna responde al Celta que la camiseta perdida está “en su museo personal” | Madonna responde al Celta que la camiseta perdida está “en su museo personal” - EL PAÍS | Madonna responde al Celta por su camiseta: «La llevo puesta»,2026-03-10 18:31,2026-03-10 18:31
2026-03-07 18:00:00,Comprobar el Sueldazo de la ONCE: resultados del sábado 7 de marzo,"20minutos, elcorreo, google_news_es",3,5,0.491,36,"Comprobar el Sueldazo de la ONCE: resultados del sábado 7 de marzo | Comprobar el Sueldazo de la ONCE: resultados | Comprobar Primitiva: resultados del sábado 7 de marzo de 2026 | Comprobar Bonoloto: resultados del sábado 7 de marzo de 2026 | Comprobar Sueldazo ONCE: resultados de hoy, sábado 7 de marzo de 2026 - 20Minutos",2026-03-10 18:31,2026-03-10 18:31
2026-03-07 18:00:00,"Evacuada  ""con éxito""  la Embajada de España en Irán","elmundo, google_news_es, heraldo_aragon, levante_emv",4,4,0.564,56,"Evacuada  ""con éxito""  la Embajada de España en Irán | Evacuada con &quot;éxito&quot; la embajada de España en Irán | Evacuada con éxito la embajada de España en Irán - Telemadrid | Evacuada la embajada de España en Irán",2026-03-10 19:01,2026-03-10 19:01
2026-03-10 10:00:00,Sánchez comparecerá el 25 de marzo en el Congreso para informar sobre la crisis de Irán,"elcorreo, google_news_es, lavanguardia",3,3,0.592,44,Sánchez comparecerá el 25 de marzo en el Congreso por la guerra en Irán - Libertad Digital | Sánchez comparecerá el 25 de marzo en el Congreso para hablar del conflicto en Oriente Medio | Sánchez comparecerá el 25 de marzo en el Congreso para informar sobre la crisis de Irán,2026-03-10 19:31,2026-03-10 19:31
2026-03-10 12:00:00,Segundo oro de Audrey Pascual: gana la prueba combinada del esquí alpino en los Juegos Paralímpicos de Invierno,"20minutos, google_news_es, levante_emv, okdiario",4,5,0.54,53,Audrey Pascual hace historia en los Juegos Paralímpicos y conquista su segundo oro | Audrey Pascual suma su segundo oro al vencer en la combinada de los Juegos de Invierno | Segundo oro de Audrey Pascual: gana la prueba combinada del esquí alpino en los Juegos Paralímpicos de Invierno | Segundo oro de Audrey Pascual: gana la prueba combinada del esquí alpino en los Juegos Paralímpicos | Audrey Pascual logra su segundo oro en los Juegos Paralímpicos de Milán - Servimedia,2026-03-10 20:01,2026-03-10 20:01
2026-03-10 12:00:00,Barcelona concede al Barça la licencia para ampliar el aforo del Camp Nou para 62.000 espectadores,"20minutos, elpais, lavanguardia",3,4,0.681,51,El Ayuntamiento de Barcelona concede al Barça la licencia para ampliar el aforo del Camp Nou a 62.000 espectadores | Barcelona concede al Barça la licencia para ampliar el aforo del Camp Nou para 62.000 espectadores | El Camp Nou obtiene la licencia para albergar partidos con 62.000 espectadores | El Barça recibe la licencia para ampliar el aforo del Spotify Camp Nou a 62.000 espectadores,2026-03-10 20:01,2026-03-10 20:01
2026-03-07 20:00:00,"Bonoloto: comprobar el resultado del sorteo de hoy, sábado 7 de marzo de 2026","google_news_es, levante_emv, okdiario",3,3,0.547,41,"Bonoloto: comprobar el resultado del sorteo de hoy, sábado 7 de marzo de 2026 | Sorteo Bonoloto del sábado 7 de marzo de 2026 | Sueldazo de la ONCE: comprobar resultado del sorteo de hoy, sábado 7 de marzo de 2026 - La Razón",2026-03-10 20:01,2026-03-10 20:01
2026-03-10 18:00:00,El Gobierno propone a Inés Olóndriz como presidenta de la Airef,"20minutos, elcorreo, elpais",3,3,0.601,45,El Gobierno la propuesta de nombramiento de Inés Olóndriz como presidenta de la Airef | El Consejo de Ministros acuerda proponer a Inés Olóndriz como presidenta de la Airef | El Gobierno propone a Inés Olóndriz como presidenta de la Airef,2026-03-10 21:31,2026-03-10 21:31
2026-03-07 22:00:00,"Trump rechaza el apoyo de Reino Unido en Irán: ""No lo necesitamos ahora que ya hemos ganado la guerra"" - 20Minutos","20minutos, google_news_es, heraldo_aragon",3,4,0.816,61,"Trump rechaza el apoyo de Reino Unido en Irán: &quot;Ahora que ya hemos ganado&quot; | Trump rechaza el apoyo de Reino Unido en Irán: ""No lo necesitamos ahora que ya hemos ganado la guerra"" | Trump rechaza el apoyo de Reino Unido en Irán: ""No lo necesitamos ahora que ya hemos ganado la guerra"" - 20Minutos | Trump rechaza el apoyo de Reino Unido en Irán: ""No lo necesitamos ahora que ya hemos ganado la guerra"" - 20minutos.es",2026-03-10 22:01,2026-03-10 22:01
2026-03-10 12:00:00,"El Gobierno replica la postura de Von der Leyen ante la guerra de Irán: ""Uno tiene que optar entre la paz o la guerra"" - ElPlural.com","elespanol, elmundo, google_news_politica",3,3,0.555,41,"El Gobierno critica a Von der Leyen por apoyar el ataque de Trump a Irán: ""Hay que optar entre la paz y la guerra"" | El Gobierno replica la postura de Von der Leyen ante la guerra de Irán: ""Uno tiene que optar entre la paz o la guerra"" - ElPlural.com | El Gobierno de Sánchez replica a Von der Leyen que ""la alternativa al orden internacional es el desorden"": ""Uno tiene que optar entre la paz o la guerra""",2026-03-10 22:01,2026-03-10 22:01
2026-03-07 22:00:00,Trump culpa a Irán del bombardeo de una escuela que dejó más de 150 muertos,"google_news_es, lavanguardia, levante_emv",3,5,0.588,44,Trump culpa a Irán del bombardeo de una escuela que dejó más de 150 muertos | Trump culpa a Irán del bombardeo de la escuela que dejó más de 150 muertos | Trump acusa sin pruebas a Irán del bombardeo de una escuela en Minab que dejó más de 150 muertos | Trump acusa sin pruebas a Irán del bombardeo de una escuela en Minab que dejó más de 150 muertos - La Vanguardia | Trump culpa a Irán del bombardeo en una escuela de niñas que dejó casi 180 muertos,2026-03-10 22:32,2026-03-10 22:32
2026-03-10 10:00:00,Von der Leyen anuncia 200 millones para minirreactores: “Europa se equivocó al dar la espalda a la energía nuclear”,"20minutos, eldiario, elespanol, europapress",4,4,0.399,39,"Von der Leyen anuncia 200 millones para minirreactores: “Europa se equivocó al dar la espalda a la energía nuclear” | Von der Leyen equipara la energía nuclear a las renovables: ""Es un error darles la espalda"" | Von der Leyen dará 200 millones para crear mini reactores: ""Europa cometió un error al alejarse de la energía nuclear"" | Von der Leyen anuncia una estrategia para impulsar mini reactores nucleares y 200 millones para inversión",2026-03-11 00:31,2026-03-11 00:31
2026-03-10 20:00:00,Varios muertos y heridos al incendiarse un autobús en Suiza,"20minutos, elcorreo, elpais, google_news_es",4,5,0.472,47,"Al menos seis muertos y cinco heridos al incendiarse un autobús en Suiza | Varios muertos y heridos al incendiarse un autobús en Suiza | Varios muertos y heridos al incendiarse un autobús en Suiza - EL PAÍS | Al menos seis muertos en un autobús en Suiza tras prenderse fuego un pasajero | Al menos seis muertos y cuatro heridos al incendiarse un autobús en Suiza: no se descarta ""un acto deliberado""",2026-03-11 01:01,2026-03-11 01:01
2026-03-10 20:00:00,Al menos seis muertos y cinco heridos al incendiarse un autobús en Suiza - EL PAÍS,"20minutos, elcorreo, elpais, google_news_es",4,6,0.524,52,Al menos seis muertos y cinco heridos al incendiarse un autobús en Suiza | Varios muertos y heridos al incendiarse un autobús en Suiza | Varios muertos y heridos al incendiarse un autobús en Suiza - EL PAÍS | Al menos seis muertos y cinco heridos al incendiarse un autobús en Suiza - EL PAÍS | Al menos seis muertos en un autobús en Suiza tras prenderse fuego un pasajero,2026-03-11 06:31,2026-03-11 06:31
2026-03-08 08:00:00,Irene Montero denuncia amenazas de muerte de un grupo neonazi y pide protección a Interior,"europapress, heraldo_aragon, levante_emv",3,4,0.796,59,Irene Montero denuncia amenazas de muerte de una organización neonazi y pide protección a Interior | Irene Montero denuncia amenazas de muerte de un grupo neonazi y pide protección | Irene Montero denuncia amenazas de muerte de un grupo neonazi y pide protección a Interior | Irene Montero denuncia amenazas de un grupo neonazi y pide protección,2026-03-11 08:31,2026-03-11 08:31
2026-03-11 06:00:00,"Tres muertos y cuatro heridos en el incendio de un edificio en Miranda de Ebro, en Burgos - RTVE.es","elespanol, elpais, google_news_es, levante_emv",4,4,0.495,49,"Conmoción en Miranda de Ebro: tres muertos y cuatro heridos en el incendio de una vivienda | Tres muertos en un incendio en una vivienda en Miranda de Ebro (Burgos) | Tres fallecidos y cuatro heridos en el incendio de un edificio en Miranda de Ebro | Tres muertos y cuatro heridos en el incendio de un edificio en Miranda de Ebro, en Burgos - RTVE.es",2026-03-11 08:31,2026-03-11 08:31
2026-03-10 18:00:00,Las cajas negras de Adamuz dicen que entre descarrilamiento y choque pasaron 15 segundos,"20minutos, heraldo_aragon, huffington_es",3,5,0.603,45,"Las cajas negras de Adamuz dicen que entre descarrilamiento y choque pasaron 15 segundos | Las cajas negras dicen el choque de los dos trenes se dio 15 segundos después del descarrilamiento | Las cajas negras de Adamuz desvelan que entre el ""primer síntoma"" de descarrilamiento y el choque pasaron 15 segundos | Las cajas negras de Adamuz revelan que entre el ""primer síntoma de descarrilamiento"" y el choque pasaron 15 segundos | Las cajas negras del accidente ferroviario de Adamuz revelan que pasaron 15 segundos entre el descarrilamiento y el choque",2026-03-11 08:31,2026-03-11 08:31
2026-03-10 10:00:00,La Fiscalía recurrirá ante el Constitucional la condena a García Ortiz en los próximos días,"20minutos, elcorreo, elespanol, infolibre",4,4,0.429,42,La Fiscalía recurrirá ante el Constitucional la condena a García Ortiz en los próximos días | La fiscal general ordena recurrir ante el Constitucional la condena de García Ortiz | La fiscala general recurrirá ante el Constitucional la sentencia que condenó a García Ortiz | La Fiscalía recurrirá al TC la condena a García Ortiz pese a lo excepcional de sus demandas de amparo: solo tres en 5 años,2026-03-11 10:01,2026-03-11 10:01
2026-03-08 10:00:00,Dimite la edil de Mujer de Collado Villalba tras las críticas por interrumpir una obra de teatro feminista,"20minutos, elconfidencial, europapress",3,3,0.662,49,"Dimite la edil de Mujer de Collado Villalba tras las críticas por interrumpir una obra feminista: ""Este teatro acaba aquí"" | Dimite la edil de Mujer de Collado Villalba tras las críticas por interrumpir una obra de teatro feminista | Dimite la concejal de Mujer de Collado Villalba tras interrumpir una obra de teatro feminista",2026-03-11 11:31,2026-03-11 11:31
2026-03-11 10:00:00,"El Gobierno cesa a la embajadora en Israel, llamada a consultas en septiembre tras el último choque con el Ejecutivo de Netanyahu","20minutos, elcorreo, elespanol",3,3,0.569,42,"El Gobierno cesa a la embajadora en Israel tras el último choque con Netanyahu | El Gobierno cesa a la embajadora en Israel, llamada a consultas en septiembre tras el último choque con el Ejecutivo de Netanyahu | El Gobierno cesa a su embajadora en Israel en el momento de mayor tensión con el Ejecutivo de Netanyahu",2026-03-11 12:32,2026-03-11 12:32
2026-03-11 06:00:00,Investigan como violencia machista el incendio con tres mujeres muertas en Miranda tras entregarse el presunto autor,"20minutos, eldiario, infolibre",3,3,0.564,42,Tres mujeres muertas en un incendio en Miranda de Ebro (Burgos) por un presunto caso de violencia machista | Investigan como violencia machista el incendio con tres mujeres muertas en el que se ha entregado el autor | Investigan como violencia machista el incendio con tres mujeres muertas en Miranda tras entregarse el presunto autor,2026-03-11 13:02,2026-03-11 13:02
2026-03-11 10:00:00,Detenido un hombre por la muerte de tres mujeres en un incendio provocado en Miranda de Ebro (Burgos),"elmundo, elpais, heraldo_aragon",3,4,0.489,36,Tres mujeres mueren en un incendio provocado por la expareja de una de ellas en Miranda de Ebro | El incendio con tres mujeres muertas en Miranda de Ebro ha sido provocado y el autor se ha entregado | Detenido un hombre por la muerte de tres mujeres en un incendio provocado en Miranda de Ebro (Burgos) | Investigan como violencia de género el incendio provocado en Miranda de Ebro (Burgos) en el que han muerto tres mujeres,2026-03-11 13:32,2026-03-11 13:32
2026-03-11 12:00:00,Barcelona cierra los accesos a Collserola tras detectarse el primer caso de peste porcina en el municipio,"20minutos, elpais, levante_emv",3,3,0.52,38,"Barcelona cierra los accesos a Collserola tras detectarse el primer caso de peste porcina en el municipio | Detectado el primer caso de peste porcina en Barcelona, que obliga a cerrar el Parque de Collserola | Barcelona cierra los accesos al parque de Collserola tras aparecer un jabalí contaminado por peste porcina",2026-03-11 15:02,2026-03-11 15:02
2026-03-11 06:00:00,Detenido un hombre por el incendio que ha dejado tres mujeres muertas en un edificio en Miranda de Ebro,"20minutos, elconfidencial, lavanguardia",3,3,0.454,34,"Detenido un hombre por el incendio que ha dejado tres mujeres muertas en un edificio en Miranda de Ebro | Detenido un hombre por el incendio con tres fallecidas en Miranda de Ebro, que podría ser violencia machista | Detenido un hombre por un incendio provocado con tres muertos en Miranda de Ebro (Burgos)",2026-03-11 15:02,2026-03-11 15:02
2026-03-11 06:00:00,Interior confirma como violencia machista el asesinato de tres mujeres en un incendio en Miranda de Ebro,"eldiario, infolibre, lavanguardia",3,4,0.489,36,"Tres mujeres muertas en un incendio en Miranda de Ebro (Burgos) por un presunto caso de violencia machista | Interior confirma como violencia machista el asesinato de tres mujeres en un incendio en Miranda de Ebro | Un hombre mata a tres mujeres tras provocar un incendio en Miranda de Ebro, en un nuevo caso violencia machista | Tres mujeres mueren en Miranda de Ebro en un incendio provocado en un caso de violencia machista",2026-03-11 15:32,2026-03-11 15:32
2026-03-11 06:00:00,Detenido un hombre por un incendio provocado con tres muertos en Miranda de Ebro (Burgos),"20minutos, elconfidencial, lavanguardia",3,3,0.472,35,"Detenido un hombre por el incendio que ha dejado tres mujeres muertas en un edificio en Miranda de Ebro | Detenido un hombre por el incendio con tres fallecidas en Miranda de Ebro, que podría ser violencia machista | Detenido un hombre por un incendio provocado con tres muertos en Miranda de Ebro (Burgos)",2026-03-11 15:32,2026-03-11 15:32
2026-03-11 04:00:00,Los productos que han arrasado en el primer día de las ofertas de primavera en Amazon,"elpais, google_news_es, lavanguardia",3,3,0.627,47,Los productos que han arrasado en el primer día de las ofertas de primavera en Amazon | Los productos que han arrasado en el primer día de las ofertas de primavera en Amazon - EL PAÍS | Los mejores descuentos del segundo día de la Fiesta de Ofertas de Primavera de Amazon,2026-03-11 16:02,2026-03-11 16:02
2026-03-11 08:00:00,Detenido un hombre acusado de provocar el incendio de una vivienda en Miranda de Ebro en el que han muerto tres personas,"eldiario, elespanol, elpais",3,4,0.555,41,"Detenido un hombre acusado de provocar el incendio de una vivienda en Miranda de Ebro en el que han muerto tres personas | Detenido un hombre acusado de provocar el incendio de una vivienda en Miranda de Ebro en el que han muerto tres mujeres | Investigan como violencia machista el incendio de una vivienda de Miranda de Ebro donde han muerto tres mujeres | Mañueco suspende su agenda electoral para ir a Miranda de Ebro, donde han muerto tres personas en un incendio",2026-03-11 16:02,2026-03-11 16:02
2026-03-09 16:00:00,El petróleo se dispara a 100 dólares y castiga las Bolsas,"elcorreo, europapress, expansion",3,3,0.51,38,El petróleo se desboca al entorno de los 100 dólares y desata el miedo a más inflación y subidas de tipos | El petróleo se dispara a 100 dólares y castiga las Bolsas | El barril de petróleo se desinfla y baja de 100 dólares tras el G7,2026-03-11 16:02,2026-03-11 16:02
2026-03-11 14:00:00,La AIE acuerda la mayor liberación de reservas de petróleo de la historia: 400 millones de barriles,"elcorreo, elespanol, elpais",3,3,0.488,36,La AIE acuerda la mayor liberación de reservas de petróleo de la historia: 400 millones de barriles | La AIE acuerda liberar 400 millones de barriles en la mayor intervención de reservas de petróleo de la historia | La AIE aprueba por unanimidad la mayor liberación de su historia: 400 millones de barriles de petróleo,2026-03-11 16:02,2026-03-11 16:02
2026-03-11 08:00:00,Sánchez anuncia la puesta en marcha de una “huella del odio” en las plataformas digitales,"europapress, lavanguardia, levante_emv",3,3,0.479,35,"Sánchez anuncia la puesta en marcha de una “huella del odio” en las plataformas digitales | Sánchez anuncia la puesta en marcha de un sistema de rastreo en redes para medir la ""huella del odio"" | Sánchez anuncia la puesta en marcha de la herramienta 'Hodio' para medir el alcance de los discursos de odio en redes",2026-03-11 16:02,2026-03-11 16:02
2026-03-11 12:00:00,Cierran el perímetro de la Casa Blanca después que una furgoneta se estrellara contra una barrera de seguridad,"20minutos, elmundo, google_news_es",3,3,0.444,33,Cierran el perímetro de la Casa Blanca después que una furgoneta se estrellara contra una barrera de seguridad | Alerta en EEUU después de que un conductor estrellara su furgoneta contra una barricada de la Casa Blanca | Cierran perímetro de la Casa Blanca por alerta de seguridad - DW.com,2026-03-11 16:02,2026-03-11 16:02
2026-03-11 10:00:00,"Pedro Sánchez lanza HODIO, una herramienta contra la polarización en las redes sociales: “Tendrán que rendir cuentas”","elcorreo, elpais, google_news_es, huffington_es",4,4,0.502,50,"Sánchez lanza 'Hodio', una herramienta para medir el alcance de discursos de odio en redes sociales | Pedro Sánchez lanza HODIO, una herramienta contra la polarización en las redes sociales: “Tendrán que rendir cuentas” | Pedro Sánchez lanza HODIO, una herramienta contra la polarización en las redes sociales: “Tendrán que rendir cuentas” - EL PAÍS | Así es &quot;Hodio&quot;, la herramienta digital de Sánchez para rastrear el odio en redes",2026-03-11 16:32,2026-03-11 16:32
2026-03-11 14:00:00,La AIE aprueba la mayor liberación de reservas estratégicas de petróleo de la historia,"elcorreo, elespanol, heraldo_aragon, infolibre",4,4,0.375,37,La AIE aprueba la mayor liberación de reservas estratégicas de petróleo de la historia | La AIE acuerda la mayor liberación de reservas de petróleo de la historia: 400 millones de barriles | El G7 respalda en principio la liberación de reservas estratégicas de petróleo | La AIE aprueba por unanimidad la mayor liberación de su historia: 400 millones de barriles de petróleo,2026-03-11 16:32,2026-03-11 16:32
2026-03-11 12:00:00,Cierran perímetro de la Casa Blanca por alerta de seguridad - dw.com,"20minutos, elmundo, google_news_es",3,4,0.493,36,Cierran el perímetro de la Casa Blanca después que una furgoneta se estrellara contra una barrera de seguridad | Alerta en EEUU después de que un conductor estrellara su furgoneta contra una barricada de la Casa Blanca | Cierran perímetro de la Casa Blanca por alerta de seguridad - dw.com | Cierran perímetro de la Casa Blanca por alerta de seguridad - DW.com,2026-03-11 16:32,2026-03-11 16:32
2026-03-11 08:00:00,"Sánchez anuncia la puesta en marcha de una herramienta para medir el odio en las redes sociales: ""Se ha convertido en un arma política""","elmundo, europapress, google_news_politica",3,4,0.634,47,"Sánchez anuncia la puesta en marcha de una herramienta para medir el odio en las redes sociales: ""Se ha convertido en un arma política"" | Sánchez anuncia la puesta en marcha de una herramienta para medir el odio en las redes sociales: ""Se ha convertido en un arma política"" - El Mundo | Sánchez anuncia una nueva herramienta para medir el odio en las redes sociales, del que se declara víctima: ""Se ha convertido en un arma política"" | Sánchez anuncia la puesta en marcha de la herramienta 'Hodio' para medir el alcance de los discursos de odio en redes",2026-03-11 17:02,2026-03-11 17:02
2026-03-08 18:00:00,Dimite el secretario general de Nuevas Generaciones del PP y pide el voto para Vox,"elcorreo, eldiario, elpais, google_news_politica, heraldo_aragon, lavanguardia",6,7,0.573,85,"El secretario general de la Nuevas Generaciones del PP dimite pidiendo el voto para Vox | Dimite el secretario general de Nuevas Generaciones del PP: &quot;Pido el voto para Vox&quot; | El secretario general de Nuevas Generaciones del PP dimite y pide el voto para Vox | El secretario general de Nuevas Generaciones del PP dimite, deja el partido y pide votar a Vox | Dimite el secretario general de Nuevas Generaciones del PP y pide el voto para Vox",2026-03-11 18:02,2026-03-11 18:02
2026-03-11 06:00:00,Bam Adebayo supera a Kobe Bryant: 83 puntos en un partido,"elespanol, elmundo, lavanguardia",3,3,0.61,45,Adebayo supera a Kobe Bryant y logra 83 puntos en una noche para la Historia | Bam Adebayo anota 83 puntos en la NBA y supera a Kobe Bryant con la segunda mejor marca de la historia | Bam Adebayo supera a Kobe Bryant: 83 puntos en un partido,2026-03-11 18:02,2026-03-11 18:02
2026-03-08 18:00:00,El número dos de Nuevas Generaciones del PP se da de baja como afiliado y ahora pide el voto para Vox,"20minutos, eldiario, elmundo",3,3,0.498,37,"El número dos de Nuevas Generaciones del PP se da de baja como afiliado y ahora pide el voto para Vox | Dimite el 'número dos' de Nuevas Generaciones del PP y pide el voto para Vox | El secretario general de Nuevas Generaciones dimite, pide el voto para Vox y se da de baja del PP",2026-03-11 18:02,2026-03-11 18:02
2026-03-11 08:00:00,"Sánchez anuncia la puesta en marcha de un sistema de rastreo en redes para medir la ""huella del odio""","europapress, lavanguardia, levante_emv",3,3,0.488,36,"Sánchez anuncia la puesta en marcha de una “huella del odio” en las plataformas digitales | Sánchez anuncia la puesta en marcha de un sistema de rastreo en redes para medir la ""huella del odio"" | Sánchez anuncia la puesta en marcha de la herramienta 'Hodio' para medir el alcance de los discursos de odio en redes",2026-03-11 18:02,2026-03-11 18:02
2026-03-08 18:00:00,El secretario general de Nuevas Generaciones del PP dimite y pide el voto para Vox,"elcorreo, eldiario, elpais, google_news_politica, heraldo_aragon, lavanguardia",6,7,0.546,81,"El secretario general de la Nuevas Generaciones del PP dimite pidiendo el voto para Vox | Dimite el secretario general de Nuevas Generaciones del PP: &quot;Pido el voto para Vox&quot; | El secretario general de Nuevas Generaciones dimite, pide el voto para Vox y se da de baja del PP | El secretario general de Nuevas Generaciones del PP dimite y pide el voto para Vox | El secretario general de Nuevas Generaciones del PP dimite, deja el partido y pide votar a Vox",2026-03-11 18:32,2026-03-11 18:32
2026-03-11 16:00:00,Felipe VI se reúne con María Corina Machado antes de la investidura de Kast en Chile,"elespanol, google_news_es, okdiario",3,4,0.596,44,"Felipe VI se reúne con María Corina Machado antes de la investidura de Kast en Chile | Felipe VI se reúne con la líder opositora venezolana, María Corina Machado, antes de la investidura de Kast en Chile | El rey Felipe VI se reúne con María Corina Machado en Valparaíso antes de la investidura de Kast - RTVE.es | Felipe VI y María Corina Machado mantienen un encuentro en Chile durante la investidura de Kast",2026-03-11 19:02,2026-03-11 19:02
2026-03-10 16:00:00,España estudiará participar en el operativo naval en Ormuz si Macron concreta su propuesta - El Correo,"elcorreo, google_news_es, google_news_politica",3,3,0.955,71,España estudiará participar en el operativo naval en Ormuz si Macron concreta su propuesta - El Correo | España estudiará participar en el operativo naval en Ormuz si Macron concreta su propuesta | España estudiará participar en el operativo naval en Ormuz si Macron concreta su propuesta - El Diario Vasco,2026-03-11 19:32,2026-03-11 19:32
2026-03-11 12:00:00,"Detectado el primer caso de peste porcina en Barcelona, que obliga a cerrar el Parque de Collserola","20minutos, eldiario, lavanguardia",3,5,0.636,47,"El primer caso de peste porcina africana en la ciudad de Barcelona obliga a cerrar el parque natural de Collserola | Otro caso de peste porcina en Barcelona obliga a volver a cerrar el Parque de Collserola | Un nuevo caso de peste porcina en Barcelona obliga a volver a cerrar el Parque de Collserola | Detectado el primer caso de peste porcina en Barcelona, que obliga a cerrar el Parque de Collserola | Detectado el primer caso de peste porcina en Barcelona, que ha obligado a cerrar el Parque de Collserola",2026-03-11 19:32,2026-03-11 19:32
2026-03-08 20:00:00,"Bonoloto: comprobar el resultado del sorteo de hoy, domingo 8 de marzo de 2026","google_news_es, levante_emv, okdiario",3,4,0.475,35,"Bonoloto: comprobar el resultado del sorteo de hoy, domingo 8 de marzo de 2026 | Comprobar El Gordo de la Primitiva hoy: resultado y números premiados del sorteo hoy, domingo 8 de marzo de 2026 | Sorteo Bonoloto del domingo 8 de marzo de 2026 | Bonoloto: Comprueba el resultado del sorteo de hoy domingo 8 de marzo de 2026 - La Razón",2026-03-11 19:32,2026-03-11 19:32
2026-03-11 12:00:00,"La reina Letizia, Ana Rosa, Almeida... Compañeros y amigos despiden al periodista Raúl del Pozo en su capilla ardiente","20minutos, elmundo, levante_emv",3,3,0.541,40,"La reina Letizia, Ana Rosa, Almeida... Compañeros y amigos despiden al periodista Raúl del Pozo en su capilla ardiente | Compañeros y amigos se despiden del periodista Raúl del Pozo en la capilla ardiente | La Reina Letizia despide a Raúl del Pozo en la Casa de la Villa de Madrid",2026-03-11 20:02,2026-03-11 20:02
2026-03-08 20:00:00,"Mojtaba Jamenei, hijo de Alí Jamenei, elegido nuevo líder supremo de Irán","bbc_mundo, eldiario, europapress, heraldo_aragon",4,4,0.52,51,"Quién es Mojtaba Jamenei, el nuevo líder supremo de Irán | Irán elige a Mojtaba Jamenei como nuevo líder supremo: quién es el misterioso hijo del fallecido ayatolá Alí Jamenei | Mojtaba, hijo de Alí Jamenei, elegido nuevo líder supremo de Irán | Mojtaba Jamenei, hijo de Alí Jamenei, elegido nuevo líder supremo de Irán",2026-03-11 21:02,2026-03-11 21:02
2026-03-08 20:00:00,"Mojtaba Jamenei, el hijo del fallecido ayatolá Alí Jamenei, es electo nuevo líder supremo de Irán","bbc_mundo, eldiario, heraldo_aragon",3,4,0.503,37,"Quién es Mojtaba Jamenei, el nuevo líder supremo de Irán | Mojtaba Jamenei, el hijo del fallecido ayatolá Alí Jamenei, es electo nuevo líder supremo de Irán | Irán elige a Mojtaba Jamenei como nuevo líder supremo: quién es el misterioso hijo del fallecido ayatolá Alí Jamenei | Mojtaba, hijo de Alí Jamenei, elegido nuevo líder supremo de Irán",2026-03-11 21:32,2026-03-11 21:32
2026-03-11 14:00:00,La AIE liberará 400 millones de barriles de petróleo de sus reservas,"20minutos, google_news_es, lavanguardia, okdiario",4,5,0.555,55,"La AIE libera 400 millones de barriles de petróleo de sus reservas y apenas cubrirá una semana de suministro | Países de la AIE liberan 400 millones de barriles de petróleo de sus reservas estratégicas - SWI swissinfo.ch | La AIE liberará 400 millones de barriles de petróleo de sus reservas | La AIE acuerda liberar 400 millones de barriles de petróleo de sus reservas, la mayor cifra de su historia | Los países de la AIE liberarán 400 millones de barriles de petróleo por la guerra de Irán y España aportará hasta un 2% de sus reservas",2026-03-11 22:32,2026-03-11 22:32
2026-03-11 20:00:00,Bonoloto: comprobar sorteo del miércoles 11 de marzo,"elcorreo, elpais, google_news_es, levante_emv",4,4,0.546,54,Sorteo Bonoloto del miércoles 11 de marzo de 2026 | Bonoloto: comprobar sorteo del miércoles 11 de marzo | Bonoloto: comprobar sorteo del miércoles 11 de marzo - EL PAÍS | La Bonoloto del miércoles: comprobar resultados del 11 de marzo,2026-03-11 22:32,2026-03-11 22:32
2026-03-08 22:00:00,El precio del petróleo supera los 100 dólares por barril por la guerra de Irán,"elcorreo, eldiario, okdiario",3,3,0.429,32,El precio del petróleo supera los 100 dólares por barril por la guerra de Irán | La guerra en Irán dispara el precio del barril de petróleo por encima de los 100 dólares | El petróleo sigue disparándose por la guerra de Irán y ya supera los 100 dólares por barril,2026-03-11 22:32,2026-03-11 22:32
2026-03-11 06:00:00,Inditex desafía la incertidumbre geopolítica con un beneficio récord de 6.220 millones,"20minutos, expansion, google_news_es",3,3,0.567,42,"Inditex disparó un 6% su beneficio el año pasado hasta el récord de 6.220 millones | Inditex: beneficio récord de 6.220 millones y eleva dividendo a 1,75 euros - Yahoo | Inditex desafía la incertidumbre geopolítica con un beneficio récord de 6.220 millones",2026-03-11 23:32,2026-03-11 23:32
2026-03-11 18:00:00,Detenidos los hermanos tras hallar restos óseos en una vivienda registrada por la desaparición de Francisca Cadenas,"20minutos, elcorreo, elespanol",3,4,0.437,32,Detenidos los hermanos tras hallar restos óseos en una vivienda registrada por la desaparición de Francisca Cadenas | Detenidos los investigados por la desaparición de Francisca Cadenas en 2017 después de hallar restos óseos en una vivienda | Hallan restos óseos en una vivienda registrada por la desaparición de Francisca Cadenas | La UCO detiene a dos hermanos por la desaparición de Francisca Cadenas tras hallar restos óseos bajo unas baldosas en su casa,2026-03-12 00:02,2026-03-12 00:02
2026-03-11 12:00:00,Otro caso de peste porcina en Barcelona obliga a volver a cerrar el Parque de Collserola,"20minutos, eldiario, lavanguardia",3,6,0.677,50,"El primer caso de peste porcina africana en la ciudad de Barcelona obliga a cerrar el parque natural de Collserola | Otro caso de peste porcina en Barcelona obliga a volver a cerrar el Parque de Collserola | Un nuevo caso de peste porcina en Barcelona obliga a volver a cerrar el Parque de Collserola | Un nuevo caso de peste porcina en Barcelona obliga a volver a cerrar el parque de Collserola | Detectado el primer caso de peste porcina en Barcelona, que obliga a cerrar el Parque de Collserola",2026-03-12 01:32,2026-03-12 01:32
2026-03-11 18:00:00,'The New York Times' afirma que EEUU fue el responsable del ataque a una escuela en el sur de Irán,"google_news_es, infolibre, levante_emv",3,4,0.488,36,"'The New York Times' afirma que EEUU fue el responsable del ataque a una escuela en el sur de Irán | Un error de coordenadas provocó el ataque de EEUU contra la escuela iraní, según 'The New York Times' | EE. UU. es responsable del bombardeo a una escuela en Irán, según una investigación preliminar - The New York Times | Estados Unidos es responsable del ataque a una escuela de niñas en Irán, segun un informe preliminar - The New York Times",2026-03-12 02:32,2026-03-12 02:32
2026-03-11 14:00:00,La AIE liberará 400 millones de barriles de petróleo en la mayor intervención de su historia,"elpais, europapress, google_news_es, lavanguardia",4,4,0.615,61,La AIE liberará 400 millones de barriles de petróleo en la mayor intervención de su historia - El Economista | La AIE liberará 400 millones de barriles de petróleo de sus reservas | La AIE acuerda liberar 400 millones de barriles en la mayor intervención de reservas de petróleo de la historia | La AIE liberará 400 millones de barriles de petróleo en la mayor intervención de su historia,2026-03-12 03:02,2026-03-12 03:02
2026-03-11 14:00:00,Los países de la AIE liberarán 400 millones de barriles de petróleo por la guerra de Irán y España aportará hasta un 2% de sus reservas,"20minutos, google_news_es, lavanguardia, okdiario",4,4,0.503,50,"La AIE libera 400 millones de barriles de petróleo de sus reservas y apenas cubrirá una semana de suministro | Países de la AIE liberan 400 millones de barriles de petróleo de sus reservas estratégicas - SWI swissinfo.ch | La AIE acuerda liberar 400 millones de barriles de petróleo de sus reservas, la mayor cifra de su historia | Los países de la AIE liberarán 400 millones de barriles de petróleo por la guerra de Irán y España aportará hasta un 2% de sus reservas",2026-03-12 03:02,2026-03-12 03:02
2026-03-11 18:00:00,Detenidos dos hermanos por la desaparición de Francisca Cadenas hace nueve años tras el hallazgo de restos óseos en su vivienda,"elpais, lavanguardia, levante_emv",3,6,0.58,43,Detenidos dos hermanos por la desaparición de Francisca Cadenas hace nueve años tras el hallazgo de restos óseos | Detenidos dos hermanos por la desaparición de Francisca Cadenas hace nueve años tras el hallazgo de restos óseos en su vivienda | Detenidos dos hermanos por la desaparición de Francisca Cadenas tras hallarse restos óseos “compatibles” | Detenidos dos hermanos por la desaparición de Francisca Cadenas tras hallarse restos óseos “compatibles” con la mujer | Detenidos los dos hermanos vecinos de Francisca Cadenas tras el hallazgo de restos óseos en su vivienda de Hornachos,2026-03-12 03:32,2026-03-12 03:32
2026-03-11 18:00:00,Detenidos dos hermanos por la desaparición de Francisca Cadenas al aparecer restos óseos,"elespanol, europapress, lavanguardia",3,4,0.504,37,Detenidos en Badajoz dos hermanos en cuya casa se han encontrado los restos óseos en la búsqueda de Francisca Cadenas | Detenidos dos hermanos por la desaparición de Francisca Cadenas tras hallarse restos óseos | Detenidos dos hermanos por la desaparición de Francisca Cadenas al aparecer restos óseos | Hallan restos óseos debajo de unas baldosas en el patio de la casa de dos hermanos en la búsqueda de Francisca Cadenas,2026-03-12 03:32,2026-03-12 03:32
2026-03-10 12:00:00,Santaolalla abandona 'En boca de todos' con un ataque de ansiedad tras las críticas de Antonio Naranjo e indignada con Nacho Abad,"20minutos, huffington_es, levante_emv",3,5,0.605,45,Santaolalla abandona 'En boca de todos' con un ataque de ansiedad ante las críticas de Antonio Naranjo | Santaolalla abandona 'En boca de todos' con un ataque de ansiedad ante las críticas | Santaolalla abandona 'En boca de todos' con un ataque de ansiedad tras las críticas de Antonio Naranjo e indignada con Nacho Abad | Sarah Santaolalla abandona el plató de &#039;En boca de todos&#039; tras una discusión con Antonio Naranjo | Sarah Santaolalla abandona ‘En boca de todos’ entre lágrimas tras un tenso enfrentamiento con Antonio Naranjo y acusar a Nacho Abad de cómplice,2026-03-12 04:32,2026-03-12 04:32
2026-03-11 08:00:00,"Última hora de la guerra en Irán, en directo | Un proyectil daña un buque de contenedores en el estrecho de - LaSexta","expansion, google_news_es, lavanguardia",3,3,0.467,35,"Guerra de EE.UU. e Israel contra Irán: última hora de Jamenei, el ataque de Israel en Beirut y el estrecho de Ormuz en la guerra en Irán | Las consecuencias económicas de la guerra con Irán | Última hora de la guerra en Irán, en directo | Un proyectil daña un buque de contenedores en el estrecho de - LaSexta",2026-03-12 04:32,2026-03-12 04:32
2026-03-11 12:00:00,Bruselas pide multar a España por no aplicar la directiva que exime de IVA a pymes y autónomos,"elpais, europapress, heraldo_aragon, lavanguardia",4,4,0.696,69,Bruselas pide multar a España por no aplicar la directiva que exime del IVA a autónomos | Bruselas pide multar a España por no aplicar la directiva que exime de IVA a pymes y autónomos | Bruselas lleva a España a la justicia europea por no trasponer la directiva que exime del IVA a los autónomos | Bruselas pide al TJUE multar a España por no aplicar la directiva que exime del IVA a pymes y autónomos,2026-03-12 05:02,2026-03-12 05:02
2026-03-11 18:00:00,La UCO detiene a los dos hermanos investigados por la desaparición de Francisca Cadenas tras hallar restos óseos en su casa de Hornachos,"20minutos, elcorreo, elespanol, elmundo, google_news_es",5,6,0.514,64,Detenidos los hermanos tras hallar restos óseos en una vivienda registrada por la desaparición de Francisca Cadenas | Detenidos los investigados por la desaparición de Francisca Cadenas en 2017 después de hallar restos óseos en una vivienda | Hallan restos óseos en una vivienda registrada por la desaparición de Francisca Cadenas | La UCO detiene a dos hermanos por la desaparición de Francisca Cadenas tras hallar restos óseos bajo unas baldosas en su casa | La UCO detiene a los dos hermanos investigados por la desaparición de Francisca Cadenas tras hallar restos óseos en su casa de Hornachos,2026-03-12 05:02,2026-03-12 05:02
2026-03-11 18:00:00,Detenidos los dos hermanos vecinos de Francisca Cadenas tras el hallazgo de restos óseos en su vivienda de Hornachos,"elpais, google_news_es, lavanguardia, levante_emv",4,8,0.595,59,Detenidos dos hermanos por la desaparición de Francisca Cadenas hace nueve años tras el hallazgo de restos óseos | Detenidos dos hermanos por la desaparición de Francisca Cadenas hace nueve años tras el hallazgo de restos óseos en su vivienda | Detenidos dos hermanos por la desaparición de Francisca Cadenas tras hallarse restos óseos | Detenidos dos hermanos por la desaparición de Francisca Cadenas tras hallarse restos óseos “compatibles” | Detenidos dos hermanos por la desaparición de Francisca Cadenas tras hallarse restos óseos “compatibles” con la mujer,2026-03-12 05:02,2026-03-12 05:02
2026-03-10 10:00:00,El presidente del Consejo Europeo rebate a Von der Leyen: «El mundo debe seguir basándose en reglas»,"elcorreo, elespanol, google_news_es",3,3,0.533,39,"El presidente del Consejo Europeo rebate a Von der Leyen: «El mundo debe seguir basándose en reglas» | Teresa Ribera discrepa de Von der Leyen y avisa: ""Corresponde al Consejo Europeo fijar posición sobre el - LaSexta | El jefe del Consejo Europeo se desmarca de Von der Leyen: ""Nos interesa garantizar que el mundo se base en normas""",2026-03-12 05:02,2026-03-12 05:02
2026-03-11 14:00:00,La AIE acuerda la mayor liberación de reservas de petróleo de la historia para frenar los precios,"elcorreo, elmundo, infolibre",3,4,0.505,37,"La AIE acuerda la mayor liberación de reservas de petróleo de la historia para frenar los precios | La AIE aprueba la mayor liberación de reservas estratégicas de petróleo de la historia | Más de 30 países, incluido España, acuerdan la mayor liberación de reservas de petróleo de la historia para frenar el 'shock´ de precios y suministro | La AIE acuerda la mayor liberación de reservas de petróleo de la historia: 400 millones de barriles",2026-03-12 05:02,2026-03-12 05:02
2026-03-11 14:00:00,Países de la AIE liberan 400 millones de barriles de petróleo de sus reservas estratégicas - SWI swissinfo.ch,"20minutos, google_news_es, lavanguardia, okdiario",4,4,0.523,52,"La AIE libera 400 millones de barriles de petróleo de sus reservas y apenas cubrirá una semana de suministro | Países de la AIE liberan 400 millones de barriles de petróleo de sus reservas estratégicas - SWI swissinfo.ch | La AIE acuerda liberar 400 millones de barriles de petróleo de sus reservas, la mayor cifra de su historia | Los países de la AIE liberarán 400 millones de barriles de petróleo por la guerra de Irán y España aportará hasta un 2% de sus reservas",2026-03-12 06:02,2026-03-12 06:02
2026-03-09 06:00:00,El precio del petróleo se dispara por encima de los 100 dólares por la guerra en Irán - RTVE.es,"20minutos, expansion, google_news_es",3,3,0.544,40,El precio del petróleo se dispara por encima de los 100 dólares por la guerra en Irán - RTVE.es | El petróleo se dispara por encima de 100 dólares y castiga las Bolsas | El miedo a una crisis energética por la guerra en Irán dispara el precio del petróleo a 100 dólares y catapulta el del gas,2026-03-12 06:02,2026-03-12 06:02
2026-03-11 14:00:00,Glovo inicia un ere para despedir a 750 repartidores en España,"20minutos, expansion, lavanguardia, levante_emv",4,4,0.522,52,Glovo inicia un ere para despedir a 750 repartidores en España | Glovo inicia un ERE para 750 repartidores de 60 localidades de toda España | Glovo anuncia un ERE para despedir 750 repartidores en 60 ciudades españolas | Glovo anuncia un ERE para 750 repartidores en España,2026-03-12 08:02,2026-03-12 08:02
2026-03-09 08:00:00,Una mujer dispara varias veces contra la casa de Rihanna en Los Ángeles mientras ella estaba dentro,"elpais, heraldo_aragon, huffington_es",3,3,0.64,47,Una mujer dispara varias veces contra la casa de Rihanna en Los Ángeles mientras ella estaba dentro | Una mujer dispara a la casa de Rihanna en Los Ángeles mientras ella estaba dentro | Una mujer dispara diez veces contra la casa de Rihanna,2026-03-12 08:02,2026-03-12 08:02
2026-03-09 08:00:00,Ola de ventas en las Bolsas con el crudo por las nubes: el Ibex pierde los 17.000 puntos,"20minutos, elpais, europapress",3,3,0.518,38,Ola de ventas en las Bolsas con el crudo por las nubes: el Ibex pierde los 17.000 puntos | Las bolsas europeas moderan la ola de ventas: el Ibex 35 pierde los 17.000 puntos con el petróleo disparado | El Ibex 35 se hunde más de un 3% en la apertura y pierde los 17.000 puntos con el crudo y el gas disparados,2026-03-12 08:02,2026-03-12 08:02
2026-03-09 08:00:00,"Turquía despliega seis cazas F-16 y defensas antiaéreas en el norte de Chipre para ""aumentar la seguridad""","20minutos, google_news_es, heraldo_aragon",3,3,0.89,66,"Turquía despliega seis cazas F-16 y defensas antiaéreas en el norte de Chipre | Turquía despliega seis cazas F-16 y defensas antiaéreas en el norte de Chipre para ""aumentar la seguridad"" | Turquía despliega seis cazas F-16 y defensas antiaéreas en el norte de Chipre para ""aumentar la seguridad"" - 20Minutos",2026-03-12 08:32,2026-03-12 08:32
2026-03-09 08:00:00,El PP propone doblar la deducción por hijo en IRPF y bajar al 10% el IVA de la energía,"elcorreo, elmundo, expansion",3,4,0.683,51,El PP propone bajar al 10% el IVA de la energía mientras dure la guerra y un alivio fiscal de 200 euros en el IRPF | El PP propone bajar la deducción por hijo en el IRPF y el 10% del IVA de la energía | El PP propone doblar la deducción por hijo en IRPF y bajar al 10% el IVA de la energía | El PP propone doblar la deducción por hijo en el IRPF y bajar el 10% del IVA de la energía,2026-03-12 08:32,2026-03-12 08:32
2026-03-09 08:00:00,"El exsecretario de Nuevas Generaciones del PP admite que avisó a Vox de su dimisión y dice que ""quizás"" fiche por ese partido","20minutos, europapress, lavanguardia",3,4,0.637,47,"El ex secretario general de Nuevas Generaciones admite que avisó a Vox de su dimisión y que “quizás” fiche por ese partido | El exsecretario de Nuevas Generaciones del PP admite que avisó a Vox de su dimisión y dice que ""quizás"" fiche por ese partido | El exsecretario de Nuevas Generaciones del PP admite que avisó a Vox: ""quizás"" fiche por ese partido | El exsecretario general de NNGG del PP admite que avisó a Vox de su dimisión y que ""quizás"" fiche por ese partido",2026-03-12 09:02,2026-03-12 09:02
2026-03-09 08:00:00,La madrileña Audrey Pascual conquista el oro en el supergigante de los Juegos Paralímpicos de Milán-Cortina,"20minutos, elcorreo, levante_emv",3,3,0.593,44,Audrey Pascual le da a España el primer oro en los Juegos Paralímpicos de Milán-Cortina | La madrileña Audrey Pascual conquista el oro en el supergigante de los Juegos Paralímpicos de Milán-Cortina | La esquiadora española Audrey Pascual conquista el oro en el supergigante de los Juegos Paralímpicos de Milán-Cortina,2026-03-12 09:02,2026-03-12 09:02
2026-03-11 14:00:00,Detenidos dos hombres por acosar y amenazar de muerte a Ione Belarra,"eldiario, elpais, infolibre",3,3,0.58,43,La Policía detiene a dos hombres por amenazar y acosar por Instagram a Ione Belarra | Detenidos dos hombres por acosar y amenazar a Ione Belarra por redes sociales | Detenidos dos hombres por acosar y amenazar de muerte a Ione Belarra,2026-03-12 09:02,2026-03-12 09:02
2026-03-09 10:00:00,"Von der Leyen: ""No debería derramarse ni una lágrima por el régimen iraní""","elcorreo, huffington_es, levante_emv",3,3,0.811,60,"Von der Leyen: ""No debería derramarse ni una lágrima por el régimen iraní"" | Von der Leyen se posiciona a favor de Israel y EEUU: &quot;No debería derramarse ni una lágrima por el régimen iraní&quot; | Guerra en Oriente Medio: «No debería derramarse ni una lágrima por el régimen iraní», dice Von der Leyen",2026-03-12 10:02,2026-03-12 10:02
2026-03-09 10:00:00,Von der Leyen dice que la UE ya no puede confiar en un orden mundial basado en reglas y debe proyectar su propio poder,"elespanol, europapress, okdiario",3,3,0.645,48,"Von der Leyen pide «no derramar una lágrima por Irán» y dice que la UE «ya no puede confiar» en las normas | Von der Leyen dice que la UE ya no puede confiar en un orden mundial basado en reglas y debe proyectar su propio poder | Von der Leyen cree que la UE ""ya no puede confiar"" en un sistema basado en reglas y cuestiona si es ""un obstáculo""",2026-03-12 10:02,2026-03-12 10:02
2026-03-11 10:00:00,"Tres niños heridos, dos graves, por una explosión en un experimento escolar","20minutos, europapress, lavanguardia",3,7,0.585,43,"Tres menores heridos, dos graves, en una explosión durante un experimento de química en Girona | Tres niños de 9 años heridos, dos graves, en una explosión durante un experimento de química en Girona | Tres niños de 9 años heridos, dos graves, en una explosión en un experimento químico en un colegio de Girona | Tres niños de nueve años heridos, dos de ellos graves, por una explosión en un experimento escolar de química en Girona | Tres niños heridos, dos graves, por una explosión en un experimento escolar",2026-03-12 10:02,2026-03-12 10:02
2026-03-09 10:00:00,"Laporta atiza a Xavi en el debate contra Font: “Con los mismos jugadores, Xavi perdía y Flick gana”","elespanol, lavanguardia, okdiario",3,3,0.564,42,"Laporta atiza a Xavi en el debate contra Font: “Con los mismos jugadores, Xavi perdía y Flick gana” | Laporta responde a Xavi: «Me ha dolido, pero con los mismos jugadores él perdía y Flick gana» | Laporta se enzarza con Víctor Font en el debate electoral y atiza a Xavi: ""Flick gana con los jugadores con los que él perdía""",2026-03-12 10:02,2026-03-12 10:02
2026-03-09 10:00:00,Audrey Pascual sigue imparable en los Juegos Paralímpicos y conquista el oro de supergigante,"google_news_es, huffington_es, okdiario",3,3,0.565,42,"Audrey Pascual sigue imparable en los Juegos Paralímpicos y conquista el oro de supergigante | Audrey Pascual, oro en el supergigante de lo Juegos Paralímpicos de Milán-Cortina | Los Reyes celebran el oro de Audrey Pascual en los Juegos Paralímpicos de Invierno - Servimedia",2026-03-12 10:02,2026-03-12 10:02
2026-03-09 10:00:00,"El 53% de la población española de 60 a 64 años trabajó durante 2025, la cifra más alta desde 1970","expansion, lavanguardia, okdiario",3,4,0.544,40,"La tasa de ocupación de 60 a 64 años es la más alta desde 1970, pero sigue por debajo de la europea | El 53% de la población española de 60 a 64 años trabajó durante 2025, la cifra más alta desde 1970 | El Gobierno se carga las prejubilaciones: la cifra de ocupados entre 60 y 64 años toca máximos desde 1970 | Más de la mitad de las personas de 60 a 64 años trabajaban en 2025, máximos desde 1970",2026-03-12 10:02,2026-03-12 10:02
2026-03-09 10:00:00,Un juzgado admite la segunda denuncia contra Errejón por presunta agresión sexual,"20minutos, elconfidencial, elcorreo, elespanol, europapress, huffington_es",6,7,0.657,98,"Un juzgado admite a trámite la segunda denuncia contra Errejón, esta por presunta violación | Un juzgado de Madrid admite a trámite la segunda denuncia contra Errejón por una presunta agresión sexual a una mujer | Un juzgado admite la segunda denuncia contra Íñígo Errejón por otra presunta agresión sexual | Un juzgado admite la segunda denuncia contra Errejón por agresión sexual | Un juzgado admite a trámite la segunda denuncia contra Íñigo Errejón por agresión sexual",2026-03-12 10:32,2026-03-12 10:32
2026-03-09 10:00:00,Las víctimas de la DANA piden obviar el aforamiento de Mazón e investigarlo en Catarroja - Cadena SER,"elmundo, google_news_es, infolibre",3,3,0.709,53,"Las víctimas de la dana piden obviar el aforamiento de Mazón e investigarlo en Catarroja | Víctimas de la dana piden al TSJ ""no aplicar"" el aforamiento a Mazón por ser un ""fraude de ley"" y que lo investigue la jueza de Catarroja | Las víctimas de la DANA piden obviar el aforamiento de Mazón e investigarlo en Catarroja - Cadena SER",2026-03-12 10:32,2026-03-12 10:32
2026-03-11 12:00:00,Un nuevo caso de peste porcina en Barcelona obliga a volver a cerrar el Parque de Collserola,"20minutos, eldiario, lavanguardia",3,6,0.662,49,"El primer caso de peste porcina africana en la ciudad de Barcelona obliga a cerrar el parque natural de Collserola | Otro caso de peste porcina en Barcelona obliga a volver a cerrar el Parque de Collserola | Un nuevo caso de peste porcina en Barcelona obliga a volver a cerrar el Parque de Collserola | Un nuevo caso de peste porcina en Barcelona obliga a volver a cerrar el parque de Collserola | Detectado el primer caso de peste porcina en Barcelona, que obliga a cerrar el Parque de Collserola",2026-03-12 10:32,2026-03-12 10:32
2026-03-09 10:00:00,Ortega Smith denuncia a Vox por filtrar su expediente de expulsión,"elcorreo, elmundo, huffington_es",3,3,0.616,46,"Ortega Smith denuncia a Vox por filtrar su expediente de expulsión | Ortega Smith denuncia ante Protección de Datos a la Ejecutiva de Vox y su Comité de Garantías por ""filtrar"" su expulsión | Ortega Smith denuncia a Vox por &quot;filtrar&quot; su expulsión",2026-03-12 10:32,2026-03-12 10:32
2026-03-12 08:00:00,Muere tiroteado desde la calle cuando estaba en el balcón de su casa en Alicante,"20minutos, elconfidencial, heraldo_aragon",3,3,0.603,45,Muere un hombre tiroteado desde la calle cuando estaba en el balcón de su casa | Muere tiroteado desde la calle cuando estaba en el balcón de su casa en Alicante | Muere un hombre al recibir un disparo desde la calle en el balcón de su casa en Alicante,2026-03-12 10:32,2026-03-12 10:32
2026-03-09 10:00:00,"Última hora del ataque de EE.UU e Israel contra Irán, en directo: bombardeos en Teherán, acciones de Trump y fallecidos en la guerra en Irán","elpais, google_news_es, lavanguardia",3,3,0.543,40,"Última hora del ataque de EE UU e Israel contra Irán, en directo | Una oleada de ataques de Irán sacude el Golfo y dispara el precio del petróleo | Última hora del ataque de EE UU e Israel contra Irán, en directo | Von der Leyen: “No se debe llorar por el régimen iraní que ha infligido muerte e impuesto represión a su propio pueblo” - EL PAÍS | Última hora del ataque de EE.UU e Israel contra Irán, en directo: bombardeos en Teherán, acciones de Trump y fallecidos en la guerra en Irán",2026-03-12 10:32,2026-03-12 10:32
2026-03-09 10:00:00,Un juzgado admite la segunda denuncia contra Errejón por agresión sexual,"20minutos, elcorreo, elespanol, europapress",4,5,0.614,61,"Un juzgado admite a trámite la segunda denuncia contra Errejón, esta por presunta violación | Un juzgado de Madrid admite a trámite la segunda denuncia contra Errejón por una presunta agresión sexual a una mujer | Un juzgado admite la segunda denuncia contra Íñígo Errejón por otra presunta agresión sexual | Un juzgado admite la segunda denuncia contra Errejón por agresión sexual | Un juzgado admite a trámite la segunda denuncia contra Íñigo Errejón por agresión sexual",2026-03-12 11:02,2026-03-12 11:02
2026-03-09 10:00:00,Las víctimas de la dana piden obviar el aforamiento de Mazón e investigarlo en Catarroja,"elmundo, google_news_es, infolibre",3,3,0.649,48,"Las víctimas de la dana piden obviar el aforamiento de Mazón e investigarlo en Catarroja | Víctimas de la dana piden al TSJ ""no aplicar"" el aforamiento a Mazón por ser un ""fraude de ley"" y que lo investigue la jueza de Catarroja | Las víctimas de la DANA piden obviar el aforamiento de Mazón e investigarlo en Catarroja - Cadena SER",2026-03-12 11:02,2026-03-12 11:02
2026-03-09 12:00:00,La Justicia ordena a la Comunidad de Madrid la creación del registro de objetores del aborto,"elconfidencial, eldiario, elespanol, elpais, google_news_es, huffington_es, infolibre",7,8,0.6,100,"La justicia ordena a la Comunidad de Madrid la creación del registro de objetores del aborto | La Justicia ordena a Madrid iniciar ya la creación del registro de objetores del aborto | La Justicia ordena a la Comunidad de Madrid iniciar ""de inmediato"" la creación del registro de objetores del aborto - RTVE.es | El Tribunal Superior de Justicia de Madrid ordena al Gobierno de Ayuso iniciar la creación del registro de objetores del aborto | La Justicia ordena a Ayuso iniciar ya la creación del registro de objetores del aborto",2026-03-12 12:02,2026-03-12 12:02
2026-03-09 12:00:00,Las exmonjas de Belorado abandonan el convento antes del desahucio,"elcorreo, eldiario, elpais, google_news_es, heraldo_aragon",5,5,0.53,66,Las exmonjas de Belorado abandonan el convento antes del desahucio | Sin un final de película: las monjas rebeldes de Belorado abandonan el convento antes del desahucio | Sin un final de película: las monjas rebeldes de Belorado abandonan el convento antes del desahucio - EL PAÍS | Las exmonjas de Belorado empiezan a abandonar el convento ante su inminente desahucio | Las monjas cismáticas de Belorado abandonan el convento burgalés,2026-03-12 12:02,2026-03-12 12:02
2026-03-09 12:00:00,Turquía anuncia que baterías de la OTAN neutralizan otro misil lanzado desde Irán,"europapress, heraldo_aragon, huffington_es",3,3,0.669,50,Turquía neutraliza otro misil lanzado desde Irán y que sobrevolaba su espacio aéreo gracias a antimisiles de la OTAN | Turquía anuncia que baterías de la OTAN neutralizan otro misil lanzado desde Irán | Turquía anuncia que baterías antiaéreas de la OTAN neutralizan otro misil lanzado desde Irán,2026-03-12 12:02,2026-03-12 12:02
2026-03-09 12:00:00,Audrey Pascual conquista el supergigante y reafirma su liderazgo - Revista Perfiles,"google_news_es, levante_emv, okdiario",3,3,0.329,24,Audrey Pascual conquista el supergigante y reafirma su liderazgo - Revista Perfiles | SAV consolida su liderazgo femenino | Ayuso felicita a Audrey Pascual tras ganar el oro en supergigante: «Enhorabuena por su segunda medalla»,2026-03-12 12:02,2026-03-12 12:02
2026-03-12 08:00:00,"Pesadilla en la cocina: dimite René Redzepi, chef del restaurante Noma, tras denuncias por malos tratos a sus trabajadores","20minutos, elcorreo, huffington_es, levante_emv",4,4,0.537,53,"Dimite René Redzepi, chef de Noma, por las acusaciones de malos tratos a sus empleados: ""Apuñalaba a la gente con un tenedor"" | Pesadilla en la cocina: dimite René Redzepi, chef del restaurante Noma, tras denuncias por malos tratos a sus trabajadores | Dimite René Redzepi, chef y fundador del restaurante danés Noma, tras las denuncias por malos tratos a los empleados | Dimite René Redzepi, el multipremiado chef del Noma, por el escándalo de malos tratos a su personal",2026-03-12 12:32,2026-03-12 12:32
2026-03-09 12:00:00,"La ex consejera Pradas imputada en la dana pide al TSJ que asuma toda la causa ""sin más dilación"" si decide investigar a Mazón","eldiario, elmundo, lavanguardia",3,3,0.588,44,"La ex consejera Pradas imputada en la dana pide al TSJ que asuma toda la causa ""sin más dilación"" si decide investigar a Mazón | La exconsellera Pradas pide al TSJ que, en caso de imputar a Mazón, asuma toda la causa de la dana ""sin más dilación"" | Pradas y Argüeso piden al TSJ que asuma toda la causa de la dana si acuerda investigar a Mazón",2026-03-12 12:32,2026-03-12 12:32
2026-03-09 12:00:00,Las defensas de la OTAN interceptan otro misil iraní en el espacio aéreo de Turquía,"20minutos, lavanguardia, levante_emv",3,4,0.587,43,"Las defensas de la OTAN interceptan otro misil iraní en el espacio aéreo de Turquía | Trump dice que la guerra está ""prácticamente acabada"" en un día en el que la OTAN bloquea otro misil iraní en el espacio aéreo de Turquía | La OTAN derriba un segundo misil iraní sobre el espacio aéreo de Turquía | La OTAN intercepta un nuevo misil iraní en el espacio aéreo de Turquía",2026-03-12 12:32,2026-03-12 12:32
2026-03-11 16:00:00,"El Ibex 35 cae un 0,5% al cierre y se sitúa por debajo de los 17.400 puntos","expansion, google_news_es, okdiario",3,3,0.407,30,"El Ibex 35 cae un 0,5% al cierre y se sitúa por debajo de los 17.400 puntos | El Ibex 35 cae un 0,53% por la subida del petróleo, que cierra en los 92,76 dólares - elDiario.es | El Ibex pierde los 17.400 puntos presionado por el precio del petróleo",2026-03-12 12:32,2026-03-12 12:32
2026-03-09 12:00:00,La justicia ordena a la Comunidad de Madrid la creación del registro de objetores del aborto,"elconfidencial, elpais, google_news_es, infolibre",4,5,0.683,68,"La justicia ordena a la Comunidad de Madrid la creación del registro de objetores del aborto | La Justicia ordena a Madrid iniciar ya la creación del registro de objetores del aborto | La Justicia ordena a la Comunidad de Madrid iniciar ""de inmediato"" la creación del registro de objetores del aborto - RTVE.es | La Justicia ordena a Ayuso iniciar ya la creación del registro de objetores del aborto | La Justicia ordena a la Comunidad de Madrid la creación del registro de objetores del aborto",2026-03-12 13:02,2026-03-12 13:02
2026-03-09 12:00:00,"Macron anuncia una misión ""puramente defensiva"" para reabrir el Estrecho de Ormuz","20minutos, elcorreo, google_news_es",3,4,0.766,57,"Macron anuncia una misión «defensiva» para reabrir el estrecho de Ormuz | Macron anuncia una operación ""puramente"" defensiva para reabrir el Estrecho de Ormuz | Macron anuncia una misión ""puramente defensiva"" para reabrir el Estrecho de Ormuz | Macron anuncia una misión ""puramente defensiva"" para reabrir el Estrecho de Ormuz - 20Minutos",2026-03-12 13:02,2026-03-12 13:02
2026-03-09 12:00:00,Sin un final de película: las monjas rebeldes de Belorado abandonan el convento antes del desahucio,"elpais, google_news_es, heraldo_aragon",3,3,0.762,57,Las exmonjas de Belorado abandonan el convento antes del desahucio | Sin un final de película: las monjas rebeldes de Belorado abandonan el convento antes del desahucio | Sin un final de película: las monjas rebeldes de Belorado abandonan el convento antes del desahucio - EL PAÍS,2026-03-12 13:02,2026-03-12 13:02
2026-03-09 12:00:00,La Justicia ordena a Madrid iniciar ya la creación del registro de objetores del aborto,"elconfidencial, elpais, google_news_es, infolibre",4,4,0.611,61,"La justicia ordena a la Comunidad de Madrid la creación del registro de objetores del aborto | La Justicia ordena a Madrid iniciar ya la creación del registro de objetores del aborto | La Justicia ordena a la Comunidad de Madrid iniciar ""de inmediato"" la creación del registro de objetores del aborto - RTVE.es | La Justicia ordena a Ayuso iniciar ya la creación del registro de objetores del aborto",2026-03-12 13:32,2026-03-12 13:32
2026-03-09 14:00:00,Macron anuncia una misión de carácter &quot;defensivo&quot; internacional para abrir el estrecho de Ormuz,"elespanol, heraldo_aragon, huffington_es",3,3,0.516,38,Macron anuncia una misión &quot;puramente defensiva&quot; para reabrir el estrecho de Ormuz en plena crisis con Irán por el petróleo | Macron anuncia una misión conjunta internacional para proteger a los petroleros y reabrir el estrecho de Ormuz | Macron anuncia una misión de carácter &quot;defensivo&quot; internacional para abrir el estrecho de Ormuz,2026-03-12 13:32,2026-03-12 13:32
2026-03-09 16:00:00,La Fiscalía se opone a imputar a Mazón por la DANA: «No hay indicios con suficiente solidez»,"elmundo, elpais, google_news_es, okdiario",4,4,0.534,53,"La Fiscalía se opone a imputar a Mazón por la DANA al no advertir aún indicios de suficiente solidez contra él - Cadena SER | La Fiscalía se opone a imputar a Mazón por la DANA: «No hay indicios con suficiente solidez» | La Fiscalía descarta por ahora imputar a Mazón por la dana ante la falta de ""indicios con suficiente solidez"" | La Fiscalía se opone a imputar a Mazón por la gestión de la dana al no ver de momento indicios suficientes",2026-03-12 15:32,2026-03-12 15:32
2026-03-12 08:00:00,"Dimite René Redzepi, chef y fundador del restaurante danés Noma, tras las denuncias por malos tratos a los empleados","20minutos, elcorreo, huffington_es, levante_emv",4,4,0.555,55,"Dimite René Redzepi, chef de Noma, por las acusaciones de malos tratos a sus empleados: ""Apuñalaba a la gente con un tenedor"" | Pesadilla en la cocina: dimite René Redzepi, chef del restaurante Noma, tras denuncias por malos tratos a sus trabajadores | Dimite René Redzepi, chef y fundador del restaurante danés Noma, tras las denuncias por malos tratos a los empleados | Dimite René Redzepi, el multipremiado chef del Noma, por el escándalo de malos tratos a su personal",2026-03-12 16:32,2026-03-12 16:32
2026-03-11 06:00:00,A qué hora juega Carlos Alcaraz – Ruud en el partido de octavos de Indian Wells 2026 y dónde ver gratis en directo y por televisión,"eldiario, lavanguardia, okdiario",3,3,0.557,41,Alcaraz - Ruud: horario y dónde ver el partido de octavos de final de Indian Wells 2026 por TV | Carlos Alcaraz - Casper Ruud: dónde y cuándo ver el partido del español en el Masters 1000 de Indian Wells | A qué hora juega Carlos Alcaraz – Ruud en el partido de octavos de Indian Wells 2026 y dónde ver gratis en directo y por televisión,2026-03-12 16:32,2026-03-12 16:32
2026-03-11 06:00:00,Se entrega un hombre sospechoso de provocar el incendio que ha causado tres muertos en Miranda de Ebro,"elconfidencial, eldiario, lavanguardia",3,3,0.455,34,Se entrega un hombre sospechoso de provocar el incendio que ha causado tres muertos en Miranda de Ebro | Detenido un hombre por provocar el incendio en Miranda de Ebro donde han muerto tres personas | Detenido un hombre por un incendio provocado con tres muertos en Miranda de Ebro (Burgos),2026-03-12 16:32,2026-03-12 16:32
2026-03-11 10:00:00,"Sánchez presenta ‘Hodio’, la nueva herramienta para medir el odio en redes sociales - La Veu Lliure","elcorreo, google_news_politica, huffington_es",3,3,0.565,42,"Sánchez presenta ‘Hodio’, la nueva herramienta para medir el odio en redes sociales - La Veu Lliure | Sánchez lanza 'Hodio', una herramienta para medir el alcance de discursos de odio en redes sociales | Así es &quot;Hodio&quot;, la herramienta digital de Sánchez para rastrear el odio en redes",2026-03-12 17:02,2026-03-12 17:02
2026-03-11 10:00:00,El detenido por la muerte de tres mujeres en el incendio de Miranda de Ebro tiene múltiples antecedentes por violencia machista,"elpais, google_news_es, heraldo_aragon",3,3,0.488,36,"El detenido por la muerte de tres mujeres en el incendio de Miranda de Ebro tiene múltiples antecedentes por violencia machista | Un detenido por el incendio con tres fallecidas en Miranda de Ebro, que se investiga como violencia machista | Detenido un hombre por su presunta implicación en el incendio en Miranda de Ebro donde han muerto tres mujeres - Cadena SER",2026-03-12 17:02,2026-03-12 17:02
2026-03-12 12:00:00,El Gobierno aprobará medidas fiscales para bajar la luz y ya estudia cómo abaratar el carburante,"20minutos, heraldo_aragon, infolibre",3,3,0.545,40,"El Gobierno aprobará medidas fiscales para bajar la luz y ya estudia cómo abaratar el carburante | Gobierno aprobará medidas para bajar la luz y estudia cómo abaratar el carburante | El Gobierno aprobará ""medidas fiscales"" para abaratar los combustibles, pero le desaconsejan el descuento de 20 céntimos",2026-03-12 18:02,2026-03-12 18:02
2026-03-09 18:00:00,El concejal del PSOE en Aranjuez que lanzó un café a la cara del portavoz de Vox entregará su acta este martes,"eldiario, elpais, heraldo_aragon",3,3,0.743,55,El concejal del PSOE en Aranjuez que lanzó un café a la cara del portavoz de Vox entregará su acta este martes | El concejal del PSOE que lanzó un café a la cara al portavoz de Vox entregará su acta | El concejal del PSOE en Aranjuez que lanzó un café a la cara al portavoz de Vox dimitirá,2026-03-12 18:32,2026-03-12 18:32
2026-03-09 18:00:00,"Guerra de Irán, última hora, en directo | Trump asegura que la guerra de Irán está ""prácticamente terminada"": ""Vamos muy por delante de lo previsto""","elcorreo, elespanol, elpais",3,3,0.541,40,"Última hora de la Guerra en Oriente Medio: Trump considera que la guerra en Irán está «prácticamente terminada» | Última hora del ataque de EE UU e Israel contra Irán, en directo | Trump dice que la guerra en Irán está “prácticamente terminada” | Guerra de Irán, última hora, en directo | Trump asegura que la guerra de Irán está ""prácticamente terminada"": ""Vamos muy por delante de lo previsto""",2026-03-12 18:32,2026-03-12 18:32
2026-03-12 10:00:00,Morrissey cancela su concierto en València por no poder dormir debido al ruido de las Fallas,"eldiario, elespanol, levante_emv",3,3,0.489,36,"Morrissey suspende su concierto en Valencia porque ""el ruido"" de las Fallas le impidió dormir | Morrissey cancela su concierto en València por no poder dormir debido al ruido de las Fallas | Morrissey cancela su concierto en Valencia por ""falta de sueño"" a causa del ruido de las Fallas: ""Está catatónico""",2026-03-12 18:32,2026-03-12 18:32
2026-03-11 08:00:00,Von der Leyen subraya ahora el “compromiso inquebrantable” con el derecho internacional,"elmundo, elpais, lavanguardia",3,6,0.616,46,"Von der Leyen recula y afirma ahora el “compromiso inquebrantable” de la UE con el derecho internacional | Von der Leyen recula y defiende ahora el “compromiso inquebrantable” de la UE con el derecho internacional | Von der Leyen recula ante las críticas y defiende ahora el “compromiso inquebrantable” de la UE con el derecho internacional | Von der Leyen intenta rebajar la crispación en el seno de la UE y se acerca al Gobierno: ""Compromiso inquebrantable con el derecho internacional"" | Von der Leyen subraya ahora el “compromiso inquebrantable” con el derecho internacional",2026-03-12 19:32,2026-03-12 19:32
2026-03-09 20:00:00,"Trump asegura que la guerra contra Irán está ""prácticamente terminada""","bbc_mundo, europapress, expansion",3,3,0.6,44,"Trump asegura que la guerra de Irán está ""prácticamente concluida"" | Trump asegura que la guerra de Irán está ""prácticamente terminada"" y el petróleo baja a 90 dólares | Trump asegura que la guerra contra Irán está ""prácticamente terminada""",2026-03-12 20:02,2026-03-12 20:02
2026-03-12 10:00:00,La acusada de llamar Begoño a Begoña Gómez declara que opinó sobre “cosas ya publicadas”,"20minutos, infolibre, lavanguardia, levante_emv",4,5,0.599,59,"La acusada de llamar Begoño a Begoña Gómez declara que opinó sobre ""cosas ya publicadas"" | La acusada por llamar trans a Begoña Gómez admite que usó un ""tono desafortunado"" pero aduce que opinó sobre ""cosas ya publicadas"" | La acusada por llamar trans a Begoña Gómez aduce que opinó sobre ""cosas que ya estaban publicadas"" | La acusada de llamar Begoño a Begoña Gómez declara que opinó sobre “cosas ya publicadas” | La acusada de llamar Begoño a Begoña Gómez admite que fue ""fruto de la improvisación""",2026-03-12 20:32,2026-03-12 20:32
2026-03-09 20:00:00,"Bonoloto: comprobar el resultado del sorteo de hoy, lunes 9 de marzo de 2026","google_news_es, levante_emv, okdiario",3,3,0.542,40,"Sorteo Bonoloto del lunes 9 de marzo de 2026 | Bonoloto: comprobar el resultado del sorteo de hoy, lunes 9 de marzo de 2026 | Bonoloto: Comprobar resultados del sorteo de hoy lunes 9 de marzo de 2026 - La Verdad",2026-03-12 20:32,2026-03-12 20:32
2026-03-12 14:00:00,El nuevo líder supremo de Irán promete seguir bloqueando el estrecho de Ormuz en su primer mensaje público - BBC,"bbc_mundo, google_news_es, heraldo_aragon",3,3,0.644,48,El nuevo líder supremo de Irán desafía a EE.UU. y pide cerrar Ormuz en su primer mensaje a la nación | El nuevo líder supremo de Irán promete seguir bloqueando el estrecho de Ormuz en su primer mensaje público - BBC | El nuevo líder supremo de Irán promete seguir bloqueando el estrecho de Ormuz en su primer mensaje público,2026-03-12 22:02,2026-03-12 22:02
2026-03-12 16:00:00,El coste de la guerra contra Irán se dispara en Estados Unidos,"20minutos, elpais_internacional, expansion",3,3,0.484,36,"El coste de la guerra contra Irán se dispara en Estados Unidos | La guerra más coordinada de Estados Unidos e Israel hasta la fecha | Segundo ataque contra una base europea mientras Irán acusa a la UE de ""complicidad"" con Estados Unidos e Israel",2026-03-12 22:32,2026-03-12 22:32
2026-03-12 18:00:00,Una persona armada embiste un vehículo contra una sinagoga en Michigan,"20minutos, elmundo, europapress, levante_emv",4,6,0.508,50,Un individuo embiste un vehículo contra una sinagoga en Michigan (EEUU) | Abatido el individuo que embistió un vehículo contra una sinagoga en Michigan (EEUU) | Una persona armada embiste con un vehículo una sinagoga en Michigan | Una persona armada embiste un vehículo contra una sinagoga en Michigan | Una persona armada empotra un vehículo contra una sinagoga en Michigan,2026-03-13 00:02,2026-03-13 00:02
2026-03-10 00:00:00,"Irán responde a Trump y avisa: ""Nuestros misiles son ahora más potentes que al inicio de la guerra"" - El HuffPost","google_news_es, huffington_es, okdiario",3,3,0.599,44,"Irán responde a Trump y avisa: &quot;Nuestros misiles son ahora más potentes que al inicio de la guerra&quot; | Irán responde a Trump y avisa: ""Nuestros misiles son ahora más potentes que al inicio de la guerra"" - El HuffPost | Irán responde a Trump: «Estamos dispuestos a expandir la guerra, nuestros misiles son ahora más potentes»",2026-03-13 00:02,2026-03-13 00:02
2026-03-12 22:00:00,Heridos seis soldados franceses en un ataque con drones en una base en el norte de Irak,"elmundo_internacional, google_news_es, lavanguardia, levante_emv",4,4,0.464,46,Heridos seis soldados franceses en un ataque con drones en una base en el norte de Irak | Seis soldados franceses resultan heridos en el norte de Irak por un ataques con drones | Seis soldados franceses heridos en ataque con drones en Irak - dw.com | Al menos seis soldados franceses heridos en un ataque con drones en una base militar en Irak,2026-03-13 00:32,2026-03-13 00:32
2026-03-12 14:00:00,El nuevo líder supremo de Irán promete seguir bloqueando el estrecho de Ormuz en su primer mensaje público,"bbc_mundo, google_news_es, heraldo_aragon",3,3,0.633,47,El nuevo líder supremo de Irán desafía a EE.UU. y pide cerrar Ormuz en su primer mensaje a la nación | El nuevo líder supremo de Irán promete seguir bloqueando el estrecho de Ormuz en su primer mensaje público - BBC | El nuevo líder supremo de Irán promete seguir bloqueando el estrecho de Ormuz en su primer mensaje público,2026-03-13 01:02,2026-03-13 01:02
2026-03-12 22:00:00,Al menos seis soldados franceses heridos en un ataque con drones en una base militar en Irak,"elmundo_internacional, google_news_es, lavanguardia, levante_emv",4,5,0.498,49,Heridos seis soldados franceses en un ataque con drones en una base en el norte de Irak | Seis soldados franceses resultan heridos en el norte de Irak por un ataques con drones | Seis soldados franceses heridos en ataque con drones en Irak - dw.com | Al menos seis soldados franceses heridos en un ataque con drones en una base militar en Irak | Al menos seis soldados franceses heridos en un ataque con drones contra una base militar en Irak,2026-03-13 01:32,2026-03-13 01:32
2026-03-10 04:00:00,Alcaraz remonta contra Rinderknech y accede a los  octavos de Indian Wells,"elpais, google_news_es, okdiario",3,3,0.577,43,Alcaraz defiende su imbatibilidad ante Rinderknech camino a octavos de Indian Wells - France 24 | Imparable Alcaraz: remonta a un aguerrido Rinderknech y ya está en octavos de Indian Wells | Alcaraz remonta contra Rinderknech y accede a los  octavos de Indian Wells,2026-03-13 04:02,2026-03-13 04:02
2026-03-10 06:00:00,Aterriza en España un tercer avión militar con 250 evacuados de Oriente Medio - RTVE.es,"europapress, google_news_es, lavanguardia",3,3,0.54,40,Aterriza en España un tercer avión militar con 250 evacuados de Oriente Medio - RTVE.es | Aterriza en Torrejón un nuevo avión con 251 españoles evacuados de Oriente Medio | Aterriza en España un tercer avión militar con 251 evacuados de Oriente Próximo,2026-03-13 05:32,2026-03-13 05:32
2026-03-10 06:00:00,Repsol prevé invertir hasta 10.000 millones en tres años y repartirá 3.600 millones en dividendo,"elpais, europapress, google_news_es",3,3,0.617,46,Repsol prevé invertir hasta 10.000 millones en tres años y repartirá 3.600 millones en dividendo | Repsol prevé invertir hasta 10.000 millones en tres años y repartirá 3.600 millones en dividendo - Cinco Días | Repsol invertirá 10.000 millones hasta 2028 y repartirá 3.600 millones en dividendos en efectivo,2026-03-13 06:02,2026-03-13 06:02
2026-03-12 16:00:00,"El padre de Marta del Castillo, tras el hallazgo de los restos de Francisca: ""Pedí a la UCO y dijeron que había visto muchas películas""","20minutos, google_news_es, okdiario",3,3,0.381,28,"El padre de Marta del Castillo, tras el hallazgo de los restos de Francisca: ""Pedí a la UCO y dijeron que había visto muchas películas"" | El padre de Marta del Castillo incendia las redes por su comentario tras encontrarse los restos de Francisca Cadenas - vozpopuli.com | Antonio del Castillo felicita a la UCO: «Yo pedí su ayuda y me dijeron que había visto muchas películas»",2026-03-13 06:02,2026-03-13 06:02
2026-03-10 14:00:00,"Muere Raúl del Pozo, cronista político y escritor, a los 89 años","20minutos, elpais, europapress, levante_emv, okdiario",5,9,0.521,65,"Muere a los 89 años el periodista Raúl del Pozo, cronista político y escritor | Muere el periodista Raúl del Pozo a los 89 años | Muere el periodista Raúl del Pozo a los 89 años en Madrid | Muere el periodista y escritor Raúl del Pozo a los 89 años | Muere Raúl del Pozo, periodista y escritor, a los 89 años",2026-03-13 07:32,2026-03-13 07:32
2026-03-10 08:00:00,"Repsol anuncia 10.000 millones en inversión hasta 2028, más de la mitad en España y Portugal","eldiario, google_news_es, lavanguardia",3,3,0.647,48,"España y Portugal, destino prioritario de los 10.000 millones de inversiones de Repsol | Repsol anuncia 10.000 millones en inversión hasta 2028, más de la mitad en España y Portugal | Repsol anuncia 10.000 millones en inversión hasta 2028, más de la mitad en España y Portugal - elDiario.es",2026-03-13 07:32,2026-03-13 07:32
2026-03-10 14:00:00,"Muere a los 89 años Raúl del Pozo, referente del periodismo","20minutos, elcorreo, heraldo_aragon",3,5,0.538,40,"Muere a los 89 años Raúl del Pozo, referente del mejor periodismo | Muere a los 89 años Raúl del Pozo, maestro de periodistas y rey del columnismo | Muere a los 89 años Raúl del Pozo, referente del periodismo | Muere a los 89 años Raúl del Pozo, periodista de raza | Muere a los 89 años Raúl del Pozo, cronista y escritor: ""Un estilo inconfundible""",2026-03-13 07:32,2026-03-13 07:32
2026-03-10 08:00:00,Repsol prevé invertir hasta 10.000 millones hasta 2028 y repartirá 3.600 millones en dividendo,"elcorreo, google_news_es, okdiario",3,4,0.796,59,Repsol prevé invertir 10.000 millones hasta 2028 y repartir 3.600 millones en dividendos - El Independiente | Repsol prevé invertir hasta 10.000 millones hasta 2028 y repartirá 3.600 millones en dividendo | Repsol prevé invertir 10.000 millones hasta 2028 y repartirá 3.600 millones en dividendo | Repsol invertirá hasta 10.000 millones de cara a 2028 y repartirá 3.600 millones en dividendo en efectivo,2026-03-13 08:02,2026-03-13 08:02
2026-03-12 12:00:00,"La Junta de Andalucía pagará el tratamiento de Leo, el sevillano de 12 años con ‘piel de mariposa’","20minutos, eldiario, okdiario",3,3,0.457,34,"La Junta de Andalucía pagará el tratamiento de Leo, el sevillano de 12 años con ‘piel de mariposa’ | La Junta de Andalucía asumirá el tratamiento del niño sevillano Leo y otros 44 pacientes con 'piel de mariposa' | ""¡Voy a ser libre de este dolor!"": la felicidad de Leo, el niño con piel de mariposa, al saber que Andalucía pagará su tratamiento",2026-03-13 08:32,2026-03-13 08:32
2026-03-10 08:00:00,Hallan el cadáver de una persona con las piernas seccionadas en una planta de reciclaje de Paterna,"20minutos, elespanol, levante_emv",3,3,0.801,60,Hallan el cadáver de una persona con las piernas seccionadas en una planta de reciclaje de Paterna (Valencia) | Hallan el cadáver de un indigente con las piernas seccionadas en una planta de reciclaje de Paterna | Hallan el cadáver de una persona con las piernas seccionadas en una planta de reciclaje de Paterna,2026-03-13 09:20,2026-03-13 09:20
2026-03-10 08:00:00,Costa discrepa de Von der Leyen sobre el ataque a Irán: “La UE debe defender el orden internacional basado en normas” - EL PAÍS,"elpais, google_news_es, lavanguardia",3,4,0.669,50,Costa discrepa de Von der Leyen sobre el ataque a Irán: “La UE debe defender el orden internacional basado en normas” | Costa defiende un orden internacional basado en normas frente al giro de Von der Leyen | Costa discrepa de Von der Leyen: “La UE debe defender el orden internacional basado en normas” - EL PAÍS | Costa discrepa de Von der Leyen sobre el ataque a Irán: “La UE debe defender el orden internacional basado en normas” - EL PAÍS,2026-03-13 09:20,2026-03-13 09:20
2026-03-12 16:00:00,Iberia propone un ERE voluntario para casi 1.000 empleados de tierra y vuelo,"20minutos, elespanol, europapress",3,3,0.43,32,Iberia propone un ERE voluntario para casi 1.000 empleados de tierra y vuelo | Iberia comienza las negociaciones para un ERE voluntario dirigido a casi 1.000 trabajadores | Iberia plantea un ERE voluntario para 996 trabajadores de tierra y vuelo,2026-03-13 09:20,2026-03-13 09:20
2026-03-10 10:00:00,Mercadona logra unos históricos 41.900 millones de euros de facturación en 2025,"20minutos, europapress, lavanguardia, levante_emv, okdiario",5,5,0.443,55,"Mercadona aumenta sus beneficios en 2025 hasta los 1.729 millones de euros y logra unas ventas de 41.900 millones | Mercadona gana 1.729 millones de euros con una facturación que alcanza los 41.900 millones | Mercadona logra un nuevo récord de ventas, que se disparan un 8% hasta los 41.900 millones de euros | Mercadona obtiene unas ventas de 41.900 millones, un 8% más, con el negocio en Portugal disparado | Mercadona logra unos históricos 41.900 millones de euros de facturación en 2025",2026-03-13 09:32,2026-03-13 09:32
2026-03-10 10:00:00,La Velada del Año VI: Illojuan y TheGrefg disputarán el combate estelar del evento de Ibai Llanos,"20minutos, elcorreo, lavanguardia",3,3,0.653,48,'La Velada del Año VI' agota todas sus entradas: otras opciones para acudir al gran evento de Ibai Llanos | Estos son los combates de 'La Velada del Año VI' de Ibai Llanos | La Velada del Año VI: Illojuan y TheGrefg disputarán el combate estelar del evento de Ibai Llanos,2026-03-13 09:32,2026-03-13 09:32
2026-03-10 10:00:00,"Teresa Ribera discrepa de Von der Leyen y avisa: ""Corresponde al Consejo Europeo fijar posición sobre el - LaSexta","elcorreo, elespanol, google_news_es",3,3,0.509,38,"El presidente del Consejo Europeo rebate a Von der Leyen: «El mundo debe seguir basándose en reglas» | Teresa Ribera discrepa de Von der Leyen y avisa: ""Corresponde al Consejo Europeo fijar posición sobre el - LaSexta | El jefe del Consejo Europeo se desmarca de Von der Leyen: ""Nos interesa garantizar que el mundo se base en normas""",2026-03-13 09:32,2026-03-13 09:32
2026-03-10 10:00:00,Von der Leyen afirma que Europa cometió un &quot;error estratégico&quot; al alejarse de la energía nuclear,"google_news_es, heraldo_aragon, huffington_es, levante_emv",4,5,0.629,62,"Von der Leyen dice ahora que fue &quot;error estratégico&quot; alejarse de la energía nuclear | Von der Leyen cree que Europa cometió un &quot;error estratégico&quot; al alejarse de la energía nuclear y anuncia un plan de mini reactores | Von der Leyen asegura que Europa cometió un ""error estratégico"" al alejarse de la energía nuclear - LaSexta | Von der Leyen considera que Europa cometió un ""error estratégico"" al alejarse de la energía nuclear | Von der Leyen afirma que Europa cometió un &quot;error estratégico&quot; al alejarse de la energía nuclear",2026-03-13 10:02,2026-03-13 10:02
2026-03-10 10:00:00,Sánchez comparecerá en el Congreso el 25 de marzo para dar explicaciones sobre la posición de España en la guerra de Irán,"elconfidencial, elmundo, europapress, google_news_es, huffington_es",5,5,0.491,61,Sánchez comparecerá en el Congreso el 25 de marzo mientras los grupos adelantan propuestas para paliar los efectos de la guerra | Sánchez hablará en el Congreso el 25 de marzo y convocará al resto de grupos para acordar medidas anticrisis por la guerra - RTVE.es | Sánchez comparecerá en el Congreso el 25 de marzo para explicar la postura de España en la guerra en Oriente Medio | Sánchez comparecerá en el Congreso el 25 de marzo para dar explicaciones sobre la posición de España en la guerra de Irán | Sánchez comparecerá en el Congreso el 25 de marzo para informar de la posición de España en la guerra de Irán,2026-03-13 10:02,2026-03-13 10:02
2026-03-10 10:00:00,"Von der Leyen dará 200 millones para crear mini reactores: ""Europa cometió un error al alejarse de la energía nuclear""","20minutos, eldiario, elespanol, europapress",4,5,0.461,46,"Von der Leyen anuncia 200 millones para minirreactores: “Europa se equivocó al dar la espalda a la energía nuclear” | Von der Leyen equipara la energía nuclear a las renovables: ""Es un error darles la espalda"" | Von der Leyen dice que Europa ""cometió un error"" al alejarse de la energía nuclear y dará 200 millones para desarrollar mini-reactores | Von der Leyen dará 200 millones para crear mini reactores: ""Europa cometió un error al alejarse de la energía nuclear"" | Von der Leyen anuncia una estrategia para impulsar mini reactores nucleares y 200 millones para inversión",2026-03-13 10:02,2026-03-13 10:02
2026-03-10 10:00:00,Estos son los combates de 'La Velada del Año VI' de Ibai Llanos,"elcorreo, eldiario, lavanguardia",3,4,0.572,42,"La Velada del Año de Ibai Llanos hace 'sold out' en solo tres horas | Estos son los combates de 'La Velada del Año VI' de Ibai Llanos | La Velada del Año 6 de Ibai Llanos: combates, participantes y todo lo que debes saber | La Velada del Año VI: Illojuan y TheGrefg disputarán el combate estelar del evento de Ibai Llanos",2026-03-13 10:02,2026-03-13 10:02
2026-03-10 10:00:00,Sánchez comparecerá el 25 de marzo en el Congreso para explicar la posición de España en el conflicto en - LaSexta,"eldiario, expansion, google_news_es",3,4,0.522,39,Sánchez comparecerá en el Congreso el día 25 para explicar la posición de España sobre Irán - EL PAÍS | Sánchez comparecerá el 25 de marzo en el Congreso para explicar la posición de España en el conflicto en - LaSexta | Sánchez comparecerá el 25 de marzo para explicar la posición del Gobierno en Irán | Sánchez comparecerá ante el Congreso el 25 de marzo para informar sobre la posición de España en la guerra de Irán,2026-03-13 10:02,2026-03-13 10:02
2026-03-10 10:00:00,Sánchez comparecerá en el Congreso el 25 de marzo para informar de la posición de España en la guerra de Irán,"eldiario, europapress, expansion, google_news_es, huffington_es",5,6,0.565,70,Sánchez comparecerá en el Congreso el día 25 para explicar la posición de España sobre Irán - EL PAÍS | Sánchez comparecerá el 25 de marzo en el Congreso para explicar la posición de España en el conflicto en - LaSexta | Sánchez comparecerá el 25 de marzo para explicar la posición del Gobierno en Irán | Sánchez comparecerá ante el Congreso el 25 de marzo para informar sobre la posición de España en la guerra de Irán | Sánchez comparecerá en el Congreso el 25 de marzo para dar explicaciones sobre la posición de España en la guerra de Irán,2026-03-13 10:32,2026-03-13 10:32
2026-03-10 10:00:00,Detenido un hombre acusado de empujar a su pareja desde un cuarto piso en Barcelona,"elconfidencial, elmundo, heraldo_aragon",3,3,0.721,54,Detenido un hombre acusado de empujar a su pareja por la ventana de un cuarto piso | Detenido un hombre de 39 años acusado de empujar a su pareja desde un cuarto piso en Polinyà (Barcelona) | Detenido un hombre acusado de empujar a su pareja desde un cuarto piso en Barcelona,2026-03-13 10:32,2026-03-13 10:32
2026-03-10 10:00:00,Mercadona supera los 40.000 millones en ventas y dispara un 25% su beneficio tras un ejercicio “histórico”,"elcorreo, elpais, google_news_es",3,4,0.654,49,Mercadona supera los 40.000 millones de facturación al crecer un 8% en un ejercicio récord | Mercadona crece un 8% y supera los 40.000 millones en ventas tras un ejercicio “histórico” | Mercadona supera los 40.000 millones en ventas y dispara un 25% su beneficio tras un ejercicio “histórico” | Mercadona supera los 40.000 millones en ventas y dispara un 25% su beneficio tras un ejercicio “histórico” - EL PAÍS,2026-03-13 10:32,2026-03-13 10:32
2026-03-10 10:00:00,Sánchez comparecerá el 25 de marzo en el Congreso por la guerra en Irán - Libertad Digital,"elcorreo, google_news_es, lavanguardia, levante_emv",4,5,0.49,48,Sánchez comparecerá el 25 de marzo en el Congreso por la guerra en Irán - Libertad Digital | Sánchez comparecerá el 25 de marzo en el Congreso para hablar del conflicto en Oriente Medio | Pedro Sánchez comparecerá el 25 de marzo en el Congreso para dar cuenta de la postura del Gobierno ante la guerra en Oriente Próximo | Sánchez comparecerá el 25 de marzo en el Congreso para informar sobre la crisis de Irán | Sánchez comparecerá el 25 de marzo por Irán y el Gobierno abrirá contactos con los grupos,2026-03-13 10:32,2026-03-13 10:32
2026-03-10 10:00:00,La Fiscalía recurrirá ante el Constitucional la condena a García Ortiz,"20minutos, elcorreo, infolibre",3,4,0.647,48,La Fiscalía recurrirá ante el Constitucional la condena a García Ortiz en los próximos días | La Fiscalía recurrirá ante el Constitucional la condena a García Ortiz | La fiscal general ordena recurrir ante el Constitucional la condena de García Ortiz | La fiscala general recurrirá ante el Constitucional la sentencia que condenó a García Ortiz,2026-03-13 10:32,2026-03-13 10:32
2026-03-10 10:00:00,"Von der Leyen considera que Europa cometió un ""error estratégico"" al alejarse de la energía nuclear","google_news_es, heraldo_aragon, levante_emv",3,4,0.603,45,"Von der Leyen dice ahora que fue &quot;error estratégico&quot; alejarse de la energía nuclear | Von der Leyen cree que Europa cometió un &quot;error estratégico&quot; al alejarse de la energía nuclear y anuncia un plan de mini reactores | Von der Leyen asegura que Europa cometió un ""error estratégico"" al alejarse de la energía nuclear - LaSexta | Von der Leyen considera que Europa cometió un ""error estratégico"" al alejarse de la energía nuclear",2026-03-13 10:32,2026-03-13 10:32
2026-03-10 10:00:00,El Gobierno devuelve la cobertura sanitaria a los inmigrantes en situación irregular,"elespanol, europapress, lavanguardia",3,3,0.526,39,El Gobierno garantiza la sanidad pública a personas inmigrantes en situación irregular | El Gobierno reforzará la sanidad universal para que los migrantes en situación irregular puedan acceder a ella | El Gobierno devuelve la cobertura sanitaria a los inmigrantes en situación irregular,2026-03-13 10:32,2026-03-13 10:32
2026-03-10 10:00:00,"""No hay ninguna casa de los horrores"", dicen las defensas de la pareja acusada de retener a sus hijos cuatro años en Oviedo","20minutos, elconfidencial, eldiario",3,3,0.486,36,"""No hay ninguna casa de los horrores"", dicen las defensas de la pareja acusada de retener a sus hijos cuatro años en Oviedo | ""No hay casa de los horrores"": la defensa del matrimonio que encerró 4 años a sus hijos | Arranca el juicio de la ‘casa de los horrores’ de Oviedo: la defensa niega que los padres encerraran a sus hijos durante cuatro años",2026-03-13 10:32,2026-03-13 10:32
2026-03-10 10:00:00,Mercadona aumenta sus beneficios en 2025 hasta los 1.729 millones de euros y logra unas ventas de 41.900 millones,"europapress, lavanguardia, okdiario",3,3,0.424,31,"Mercadona aumenta sus beneficios en 2025 hasta los 1.729 millones de euros y logra unas ventas de 41.900 millones | Mercadona gana 1.729 millones de euros con una facturación que alcanza los 41.900 millones | Mercadona obtiene unas ventas de 41.900 millones, un 8% más, con el negocio en Portugal disparado",2026-03-13 10:32,2026-03-13 10:32
2026-03-12 10:00:00,"La Guardia Civil confirma que los restos óseos hallados en Hornachos son de Francisca Cadenas, desaparecida en 2017 - Cadena SER","elcorreo, elmundo, google_news_es, heraldo_aragon, huffington_es, levante_emv",6,8,0.529,79,"La Guardia Civil confirma que los restos óseos hallados en Hornachos son de Francisca Cadenas, desaparecida en 2017 - Cadena SER | La Guardia Civil confirma que los restos hallados en Hornachos son de Francisca | Confirman que los restos hallados en Hornachos son de Francisca Cadenas, la mujer desaparecida en 2017 | La Guardia Civil confirma que los huesos hallados en Badajoz son de Francisca Cadenas, desaparecida en 2017 | La Guardia Civil confirma que los huesos hallados en Badajoz son de Francisca Cadenas, desparecida en 2017",2026-03-13 11:02,2026-03-13 11:02
2026-03-10 10:00:00,El Gobierno hará una ronda de contactos con los grupos parlamentarios por la guerra en Irán,"eldiario, europapress, huffington_es",3,3,0.737,55,El Gobierno hará una ronda de contactos con los grupos parlamentarios por la guerra en Irán | El Gobierno iniciará una ronda de contactos con los grupos parlamentarios y agentes sociales por la guerra en Irán | El Gobierno convocará una ronda de contactos con los grupos parlamentarios para hablar de la guerra de Irán,2026-03-13 11:02,2026-03-13 11:02
2026-03-10 10:00:00,DIRECTO | Rueda de prensa posterior al Consejo de Ministros,"elconfidencial, google_news_es, levante_emv",3,3,0.651,48,En directo: Rueda de prensa tras el Consejo de Ministros - La Moncloa | DIRECTO | Rueda de prensa posterior al Consejo de Ministros | Vídeo | Siga en directo la rueda de prensa posterior al Consejo de Ministros,2026-03-13 11:02,2026-03-13 11:02
2026-03-10 12:00:00,"Arbeloa manda otro recado a Laporta: ""Fue él quien cuadruplicó los pagos a Negreira""","20minutos, elcorreo, lavanguardia, levante_emv",4,4,0.723,72,"Arbeloa manda otro recado a Laporta: ""Fue él quien cuadruplicó los pagos a Negreira"" | Álvaro Arbeloa contesta con dureza a Joan Laporta: ""Fue él quien cuadruplicó los pagos a Negreira"" | Arbeloa responde a Laporta: «Fue quien cuadriplicó los pagos a Negreira» | Arbeloa dispara a Laporta mientras espera a Guardiola: “Fue él quien cuadruplicó los pagos a Negreira...”",2026-03-13 11:32,2026-03-13 11:32
2026-03-10 12:00:00,Sánchez irá al Congreso el 25 de marzo por la guerra de Irán y Bolaños iniciará una ronda con los grupos,"elcorreo, google_news_es, infolibre",3,3,0.409,30,Sánchez irá al Congreso el 25 de marzo por la guerra de Irán y Bolaños iniciará una ronda con los grupos | El Gobierno abrirá ronda de contactos con los grupos parlamentarios por la guerra de Irán | Sánchez explicará al Congreso su posición en la guerra de Irán el 25 de marzo - ABC,2026-03-13 11:32,2026-03-13 11:32
2026-03-10 12:00:00,"El Pentágono advierte que este martes será el ""día más intenso"" de ataques contra Irán","eldiario, elpais, france24_es, google_news_es, lavanguardia, levante_emv",6,7,0.486,72,"El Pentágono anuncia que hoy será “el día más intenso de ataques” en la guerra de Irán | El jefe del Pentágono dice que el martes será el día «más intenso» de ataques contra Irán - SWI swissinfo.ch | El Pentágono advierte que este martes será el ""día más intenso"" de ataques contra Irán | Guerra de EE.UU. e Israel contra Irán | Última hora: el Pentágono asegura que hoy será “el día más intenso” en los ataques a Irán | El jefe del Pentágono advierte: ""Hoy será, una vez más, nuestro día más intenso de ataques en Irán""",2026-03-13 12:02,2026-03-13 12:02
2026-03-10 12:00:00,Génova dice que Ayuso acatará la decisión judicial que le insta a crear un registro de objetores,"europapress, google_news_es, infolibre",3,3,0.745,55,"Génova dice que Ayuso acatará la decisión judicial que le insta a crear un registro de objetores | Génova dice que Ayuso acatará la decisión judicial que le insta a crear un registro de objetores - infoLibre | El PP está ""convencido"" de que Ayuso ""acatará"" la decisión judicial para crear el registro de objetores al aborto",2026-03-13 12:02,2026-03-13 12:02
2026-03-10 12:00:00,Segundo oro de Audrey Pascual: gana la prueba combinada del esquí alpino en los Juegos Paralímpicos,"20minutos, google_news_es, levante_emv, okdiario",4,5,0.549,54,Audrey Pascual hace historia en los Juegos Paralímpicos y conquista su segundo oro | Audrey Pascual suma su segundo oro al vencer en la combinada de los Juegos de Invierno | Segundo oro de Audrey Pascual: gana la prueba combinada del esquí alpino en los Juegos Paralímpicos de Invierno | Segundo oro de Audrey Pascual: gana la prueba combinada del esquí alpino en los Juegos Paralímpicos | Audrey Pascual logra su segundo oro en los Juegos Paralímpicos de Milán - Servimedia,2026-03-13 12:02,2026-03-13 12:02
2026-03-10 12:00:00,"Von der Leyen: ""Europa cometió un error estratégico al alejarse"" de la energía nuclear - RTVE.es","expansion, google_news_es, okdiario",3,4,0.72,53,"Rapapolvo de Von der Leyen a Sánchez: Europa cometió un «error estratégico» al alejarse de la nuclear | Von der Leyen califica el rechazo a la energía nuclear en Europa de ""error estratégico"" | Von der Leyen: ""Europa cometió un error estratégico al alejarse"" de la energía nuclear - RTVE.es | Von der Leyen anuncia 200 millones para la energía nuclear: ""Europa cometió un error estratégico al alejarse"" - RTVE.es",2026-03-13 12:02,2026-03-13 12:02
2026-03-10 12:00:00,"Juan Roig aboga por un IVA al 0% en alimentación ante el conflicto en Irán: “Si suben las materias primas, tendremos que subir precios”","elespanol, elpais, google_news_es",3,3,0.63,47,"Juan Roig aboga por un IVA al 0% en alimentación ante el conflicto en Irán: “Si suben las materias primas, tendremos que subir precios” | Juan Roig aboga por un IVA al 0% en alimentación ante el conflicto en Irán: “Si suben las materias primas, tendremos que subir precios” - EL PAÍS | Juan Roig aboga por el 'IVA cero' en alimentación ante la guerra de Irán: ""Estaría encantado de que los gobiernos lo decretasen""",2026-03-13 12:02,2026-03-13 12:02
2026-03-10 12:00:00,Así será el nuevo modelo de tienda que prepara Mercadona,"google_news_es, heraldo_aragon, levante_emv",3,5,0.636,47,Así será la tienda 9: el nuevo modelo de Mercadona | Juan Roig (Mercadona) anuncia un nuevo modelo de tienda y reestructuraciones en 2026: “La compra será más fácil y sencilla” - Infobae | Así será el modelo de tienda que prepara Mercadona | Así será el nuevo modelo de tienda de Mercadona | Así será el nuevo modelo de tienda que prepara Mercadona,2026-03-13 12:02,2026-03-13 12:02
2026-03-10 12:00:00,"La dirección del PP, sobre la decisión de la justicia de impulsar el registro de objetores de aborto: “Ayuso acatará”","eldiario, elpais, google_news_es",3,3,0.629,47,"El PP insta a Ayuso a iniciar los trámites del registro de objetores al aborto como le pide la justicia | La dirección del PP, sobre la decisión de la justicia de impulsar el registro de objetores de aborto: “Ayuso acatará” | La dirección del PP, sobre la decisión de la justicia de impulsar el registro de objetores de aborto: “Ayuso acatará” - EL PAÍS",2026-03-13 12:02,2026-03-13 12:02
2026-03-10 12:00:00,Santaolalla abandona 'En boca de todos' con un ataque de ansiedad ante las críticas de Antonio Naranjo,"20minutos, huffington_es, levante_emv",3,5,0.587,44,Santaolalla abandona 'En boca de todos' con un ataque de ansiedad ante las críticas de Antonio Naranjo | Santaolalla abandona 'En boca de todos' con un ataque de ansiedad ante las críticas | Santaolalla abandona 'En boca de todos' con un ataque de ansiedad tras las críticas de Antonio Naranjo e indignada con Nacho Abad | Sarah Santaolalla abandona el plató de &#039;En boca de todos&#039; tras una discusión con Antonio Naranjo | Sarah Santaolalla abandona ‘En boca de todos’ entre lágrimas tras un tenso enfrentamiento con Antonio Naranjo y acusar a Nacho Abad de cómplice,2026-03-13 12:02,2026-03-13 12:02
2026-03-10 12:00:00,¿Qué coches sin etiqueta ambiental podrán circular libremente por Madrid sin temor a ser multados?,"elcorreo, levante_emv, okdiario",3,3,0.599,44,Los coches sin etiqueta podrían volver a circular por Madrid si se cumplen dos condiciones y un requisito | Qué coches sin distintivo de la DGT podrán realmente circular por las ZBE | ¿Qué coches sin etiqueta ambiental podrán circular libremente por Madrid sin temor a ser multados?,2026-03-13 12:02,2026-03-13 12:02
2026-03-10 12:00:00,El Barça recibe la licencia para ampliar el aforo del Spotify Camp Nou a 62.000 espectadores,"20minutos, elpais, lavanguardia",3,5,0.598,44,El Ayuntamiento de Barcelona concede al Barça la licencia para ampliar el aforo del Camp Nou a 62.000 espectadores | Barcelona concede al Barça la licencia para ampliar el aforo del Camp Nou para 62.000 espectadores | El Camp Nou obtiene la licencia para albergar partidos con 62.000 espectadores | El Barça recibe la licencia para ampliar el aforo del Spotify Camp Nou a 62.000 espectadores | El Ayuntamiento permite ampliar el aforo del Spotify Camp Nou a 62.652 espectadores,2026-03-13 12:02,2026-03-13 12:02
2026-03-10 12:00:00,El Gobierno replica a Von der Leyen: «La alternativa al orden internacional es el desorden y el caos»,"elcorreo, eldiario, elmundo, levante_emv",4,4,0.573,57,"El Gobierno responde a Von der Leyen: ""La alternativa al orden internacional son el desorden y la guerra"" | El Gobierno replica a Von der Leyen: «La alternativa al orden internacional es el desorden y el caos» | El Gobierno se distancia de Von der Leyen y urge a Europa a defender el orden internacional: ""Lo contrario es desorden"" | El Gobierno de Sánchez replica a Von der Leyen que ""la alternativa al orden internacional es el desorden"": ""Uno tiene que optar entre la paz o la guerra""",2026-03-13 12:32,2026-03-13 12:32
2026-03-10 12:00:00,El Pentágono anuncia que hoy será “el día más intenso de ataques” en la guerra de Irán,"europapress, google_news_es, lavanguardia, levante_emv",4,5,0.54,53,"El Pentágono anuncia que hoy será “el día más intenso de ataques” en la guerra de Irán | El jefe del Pentágono dice que el martes será el día «más intenso» de ataques contra Irán - SWI swissinfo.ch | El Pentágono afirma que Irán ""está solo y perdiendo"" la guerra y anuncia el día ""más intenso"" de bombardeos | El Pentágono advierte que este martes será el ""día más intenso"" de ataques contra Irán | Guerra de EE.UU. e Israel contra Irán | Última hora: el Pentágono asegura que hoy será “el día más intenso” en los ataques a Irán",2026-03-13 12:32,2026-03-13 12:32
2026-03-10 12:00:00,"Álvaro Arbeloa contesta con dureza a Joan Laporta: ""Fue él quien cuadruplicó los pagos a Negreira""","20minutos, lavanguardia, levante_emv",3,3,0.689,51,"Arbeloa manda otro recado a Laporta: ""Fue él quien cuadruplicó los pagos a Negreira"" | Álvaro Arbeloa contesta con dureza a Joan Laporta: ""Fue él quien cuadruplicó los pagos a Negreira"" | Arbeloa dispara a Laporta mientras espera a Guardiola: “Fue él quien cuadruplicó los pagos a Negreira...”",2026-03-13 12:32,2026-03-13 12:32
2026-03-10 12:00:00,Vox entierra la Ley de Memoria Democrática de Baleares con el apoyo del PP,"infolibre, lavanguardia, okdiario",3,3,0.489,36,Vox entierra la Ley de Memoria Democrática de Baleares con el apoyo del PP | Vox y PP derogan la Ley de Memoria Democrática de Balears | Prohens liquida la ley de memoria de Baleares y mantiene a salvo su pacto con Vox,2026-03-13 12:32,2026-03-13 12:32
2026-03-10 12:00:00,"El Gobierno responde a Von der Leyen: ""La alternativa al orden internacional son el desorden y la guerra""","elcorreo, eldiario, levante_emv",3,3,0.532,39,"El Gobierno responde a Von der Leyen: ""La alternativa al orden internacional son el desorden y la guerra"" | El Gobierno replica a Von der Leyen: «La alternativa al orden internacional es el desorden y el caos» | El Gobierno se distancia de Von der Leyen y urge a Europa a defender el orden internacional: ""Lo contrario es desorden""",2026-03-13 13:02,2026-03-13 13:02
2026-03-10 14:00:00,"Muere a los 89 años el periodista Raúl del Pozo, cronista político y escritor","20minutos, elcorreo, elpais, europapress, levante_emv, okdiario",6,11,0.488,73,"Muere a los 89 años el periodista Raúl del Pozo, cronista político y escritor | Muere el periodista Raúl del Pozo a los 89 años | Muere a los 89 años Raúl del Pozo, periodista de raza | Muere el periodista Raúl del Pozo a los 89 años en Madrid | Muere el periodista y escritor Raúl del Pozo a los 89 años",2026-03-13 14:32,2026-03-13 14:32
2026-03-10 14:00:00,"Muere a los 87 años el escritor peruano Bryce Echenique, uno de los grandes de las letras latinoamericanas","20minutos, elespanol, elpais",3,3,0.579,43,"Muere a los 87 años el escritor peruano Bryce Echenique, uno de los grandes de las letras latinoamericanas | Muere el escritor peruano Alfredo Bryce Echenique, uno de los grandes de las letras latinoamericanas | Muere el escritor peruano Bryce Echenique a los 87 años",2026-03-13 14:32,2026-03-13 14:32
2026-03-10 14:00:00,Muere el escritor peruano Alfredo Bryce Echenique a los 87 años,"20minutos, elcorreo, eldiario, elespanol, elpais, heraldo_aragon, infolibre",7,9,0.63,100,"Muere a los 87 años el escritor peruano Alfredo Bryce Echenique | Muere el escritor peruano Alfredo Bryce Echenique a los 87 años de edad | El escritor peruano Alfredo Bryce Echenique fallece a los 87 años | Muere a los 87 años el escritor peruano Bryce Echenique, uno de los grandes de las letras latinoamericanas | Muere el escritor peruano Alfredo Bryce Echenique",2026-03-13 15:02,2026-03-13 15:02
2026-03-10 14:00:00,Muere un hombre en silla de ruedas atropellado por un camión que maniobraba marcha atrás en Campo Real,"20minutos, elespanol, okdiario",3,4,0.744,55,Fallece un hombre en silla de ruedas atropellado por un camión que maniobraba marcha atrás en Campo Real | Muere un hombre en silla de ruedas atropellado por un camión que maniobraba marcha atrás en Campo Real | Muere un hombre en silla de ruedas atropellado por un camión en una maniobra marcha atrás | Muere un hombre en silla de ruedas tras ser atropellado por un camión que maniobraba marcha atrás en Campo Real,2026-03-13 15:02,2026-03-13 15:02
2026-03-10 16:00:00,El Supremo confirma la condena de 26 años de prisión a un hombre que asesinó a su exmujer delante de su hijo de seis años,"20minutos, google_news_es, heraldo_aragon",3,3,0.449,33,El Supremo confirma la condena de 26 años de prisión a un hombre que asesinó a su exmujer delante de su hijo de seis años | El Supremo confirma la pena para el que mató a su exmujer delante de su hijo | El Supremo confirma 26 años de cárcel al hombre que asesinó a su expareja frente a su hijo en Villanueva de Gállego - RTVE.es,2026-03-13 15:32,2026-03-13 15:32
2026-03-10 16:00:00,"Muere Alfredo Bryce Echenique, el hermano pequeño, zumbón y brillante del Boom Latinoamericano","elcorreo, elmundo, google_news_es",3,3,0.661,49,"Muere Alfredo Bryce Echenique, el renglón torcido del 'boom' | Muere Alfredo Bryce Echenique, el hermano pequeño, zumbón y brillante del Boom Latinoamericano | Muere Alfredo Bryce Echenique, el hermano pequeño, zumbón y brillante del Boom Latinoamericano - El Mundo",2026-03-13 16:02,2026-03-13 16:02
2026-03-10 16:00:00,Un hombre se atrinchera en una vivienda de Madrid armado con un arma blanca,"20minutos, elconfidencial, levante_emv",3,3,0.749,56,Un hombre se atrinchera en una vivienda de Madrid armado con una catana | Un hombre se atrinchera en una vivienda de Madrid armado con un arma blanca | Un hombre se atrinchera en una vivienda de Madrid con un arma blanca,2026-03-13 16:32,2026-03-13 16:32
2026-03-10 16:00:00,"Mario Rodríguez, nuevo presidente de Mediaset España","expansion, lavanguardia, okdiario",3,3,0.571,42,"Mario Rodríguez, nuevo presidente de Mediaset España | Revolución en Mediaset: Mario Rodríguez, nuevo presidente del grupo | Mario Rodríguez sustituye a Garmendia como presidente de Mediaset España",2026-03-13 16:32,2026-03-13 16:32
2026-03-10 16:00:00,España estudiará participar en el operativo naval en Ormuz si Macron concreta su propuesta,"elcorreo, google_news_es, google_news_politica",3,3,0.868,65,España estudiará participar en el operativo naval en Ormuz si Macron concreta su propuesta - El Correo | España estudiará participar en el operativo naval en Ormuz si Macron concreta su propuesta | España estudiará participar en el operativo naval en Ormuz si Macron concreta su propuesta - El Diario Vasco,2026-03-13 17:02,2026-03-13 17:02
2026-03-13 10:00:00,La jueza cita a Miguel Ángel Rodríguez como querellado por filtrar datos de periodistas,"elconfidencial, eldiario, google_news_es, heraldo_aragon, infolibre, lavanguardia, levante_emv",7,7,0.562,98,La jueza cita a declarar como querellado a Miguel Ángel Rodríguez por filtrar datos de periodistas | La jueza cita como imputado a Miguel Ángel Rodríguez por filtrar datos de periodistas | La jueza cita a declarar como querellado a Miguel Ángel Rodríguez por difundir datos de dos periodistas - RTVE.es | La jueza cita a Miguel Ángel Rodríguez como querellado por filtrar datos de periodistas | La jueza cita a declarar a Miguel Ángel Rodríguez el próximo 6 de mayo por revelación de secretos de dos periodistas,2026-03-13 17:32,2026-03-13 17:32
2026-03-13 14:00:00,Un hombre secuestra a un taxista en Madrid y se atrinchera en la casa de un pueblo de Burgos,"elcorreo, elespanol, elpais",3,3,0.476,35,Un hombre secuestra a un taxista en Madrid y se atrinchera en la casa de un pueblo de Burgos | Un hombre secuestra a un taxista a punta de pistola en Madrid para que lo lleve a un pueblo de Burgos | Detenido el hombre que se atrincheró en un pueblo de Burgos después de secuestrar a un taxista en Madrid,2026-03-13 17:32,2026-03-13 17:32
2026-03-13 12:00:00,Estados Unidos afirma que el nuevo líder supremo iraní está “herido” y “desfigurado”,"elcorreo, heraldo_aragon, huffington_es, lavanguardia, levante_emv",5,6,0.529,66,"EEUU afirma que el nuevo líder supremo de Irán está herido y ""posiblemente desfigurado"" | El jefe del Pentágono afirma que el nuevo líder supremo de Irán quedó &quot;desfigurado&quot; | Última hora de la guerra en Oriente Medio | Estados Unidos afirma que el nuevo Líder Supremo está «herido y, probablemente, desfigurado» | Estado Unidos afirma que el nuevo líder supremo iraní está “herido” y “desfigurado” | Estados Unidos afirma que el nuevo líder supremo iraní está “herido” y “desfigurado”",2026-03-13 18:02,2026-03-13 18:02
2026-03-10 18:00:00,El Gobierno la propuesta de nombramiento de Inés Olóndriz como presidenta de la Airef,"20minutos, elcorreo, elpais",3,4,0.655,49,El Gobierno la propuesta de nombramiento de Inés Olóndriz como presidenta de la Airef | El Gobierno comunica la propuesta nombramiento de Inés Olóndriz como presidenta de la Airef | El Consejo de Ministros acuerda proponer a Inés Olóndriz como presidenta de la Airef | El Gobierno propone a Inés Olóndriz como presidenta de la Airef,2026-03-13 18:02,2026-03-13 18:02
2026-03-10 18:00:00,"Feijóo acusa a Abascal de impedir gobiernos en CCAA y le espeta: ""Esto de patriota te viene grande""","europapress, google_news_politica, levante_emv",3,3,0.636,47,"Cruce de reproches entre Feijóo y Abascal ante la presión en los pactos postelectorales: ""Esto de patriota te viene grande"" - ElPlural.com | Feijóo acusa a Abascal de impedir que se puedan gobernar las CCAA: ""Esto de patriota te viene grande"" | Feijóo acusa a Abascal de impedir gobiernos en CCAA y le espeta: ""Esto de patriota te viene grande""",2026-03-13 18:02,2026-03-13 18:02
2026-03-10 18:00:00,Directo | Newcastle - Barça,"20minutos, elcorreo, lavanguardia",3,3,0.411,30,Directo | Newcastle - Barça | Araújo es la gran novedad del Newcastle-Barça por un Eric Garcia con molestias | Intercambio de ocasiones entre Newcastle y Barça: partidazo igualadísimo,2026-03-13 18:02,2026-03-13 18:02
2026-03-10 18:00:00,"Champions League: Atlético de Madrid - Tottenham, en directo","elespanol, elpais, google_news_es, levante_emv",4,4,0.417,41,"Champions League: Atlético de Madrid - Tottenham, en directo | Atlético de Madrid - Tottenham , en directo Champions: resultado, goleadores y estadísticas en vivo | ¡Descubre las alineaciones titulares del Atlético de Madrid-Tottenham! - Página oficial del Atlético de Madrid | Atlético de Madrid - Tottenham en directo | Los de Simeone quieren dejar encarrilada la eliminatoria en el Metropolitano",2026-03-13 18:32,2026-03-13 18:32
2026-03-10 18:00:00,"Champions League: Newcastle - FC Barcelona, en directo","elespanol, google_news_es, levante_emv",3,3,0.474,35,"Champions League: Newcastle - FC Barcelona, en directo | Newcastle - FC Barcelona, en directo hoy la ida de octavos de final de la Champions - RTVE.es | Newcastle - FC Barcelona, en directo la Champions League: resultado, goleadores y estadísticas en vivo",2026-03-13 19:02,2026-03-13 19:02
2026-03-13 10:00:00,"Detenido el presidente de la Cámara de Comercio de Alicante, Carlos Baño, por un supuesto delito de corrupción","20minutos, eldiario, elespanol, levante_emv",4,4,0.683,68,"Detenido el presidente de la Cámara de Comercio de Alicante, Carlos Baño, por un caso de corrupción | Detenido el presidente de la Cámara de Comercio de Alicante, Carlos Baño, por un supuesto delito de corrupción | Libertad con cargos por supuesto fraude de subvenciones y falsedad para el presidente de la Cámara de Alicante, Carlos Baño | El presidente de la Cámara de Alicante, Carlos Baño, detenido por la gestión de los bono comercio",2026-03-13 19:32,2026-03-13 19:32
2026-03-10 18:00:00,"Las cajas negras de Adamuz revelan que entre el ""primer síntoma de descarrilamiento"" y el choque pasaron 15 segundos","20minutos, heraldo_aragon, lavanguardia",3,5,0.697,52,"Las cajas negras revelan que en Adamuz entre descarrilamiento y choque pasaron 15 segundos | Las cajas negras de Adamuz dicen que entre descarrilamiento y choque pasaron 15 segundos | Las cajas negras de Adamuz desvelan que entre el ""primer síntoma"" de descarrilamiento y el choque pasaron 15 segundos | Las cajas negras de Adamuz revelan que entre el ""primer síntoma de descarrilamiento"" y el choque pasaron 15 segundos | Las cajas negras de Adamuz revelan que entre el ""primer síntoma"" de descarrilamiento y el choque pasaron 15 segundos",2026-03-13 19:32,2026-03-13 19:32
2026-03-10 20:00:00,"Bonoloto: comprobar el resultado del sorteo de hoy, martes 10 de marzo de 2026","elpais, levante_emv, okdiario",3,6,0.496,37,"Bonoloto: comprobar el resultado del sorteo de hoy, martes 10 de marzo de 2026 | Comprobar Euromillones: resultado y números premiados del sorteo hoy martes 10 de marzo de 2026 | ONCE hoy, martes, 10 de marzo de 2026: comprobar el Cupón Diario, Eurojackpot y Super 11 | Sorteo Euromillones del martes 10 de marzo de 2026 | Euromillones: comprobar sorteo del martes 10 de marzo",2026-03-13 19:32,2026-03-13 19:32
2026-03-10 20:00:00,Sorteo Euromillones del martes 10 de marzo de 2026,"elpais, levante_emv, okdiario",3,3,0.514,38,Comprobar Euromillones: resultado y números premiados del sorteo hoy martes 10 de marzo de 2026 | Sorteo Euromillones del martes 10 de marzo de 2026 | Euromillones: comprobar sorteo del martes 10 de marzo,2026-03-13 20:32,2026-03-13 20:32
2026-03-10 20:00:00,Al menos seis muertos y cinco heridos al incendiarse un autobús en Suiza,"20minutos, elpais, google_news_es",3,7,0.587,44,"Al menos seis muertos y cinco heridos al incendiarse un autobús en Suiza | Varios muertos y heridos al incendiarse un autobús en Suiza | Varios muertos y heridos al incendiarse un autobús en Suiza - EL PAÍS | Al menos seis muertos y cinco heridos al incendiarse un autobús en Suiza - EL PAÍS | Al menos seis muertos y cuatro heridos al incendiarse un autobús en Suiza: no se descarta ""un acto deliberado""",2026-03-13 21:02,2026-03-13 21:02
2026-03-10 22:00:00,Al menos seis muertos tras incendiarse un autobús postal en Suiza: la policía investiga un posible acto deliberado,"eldiario, huffington_es, lavanguardia",3,3,0.428,32,"Al menos seis muertos tras incendiarse un autobús postal en Suiza: la policía investiga un posible acto deliberado | La policía investiga como un ""acto deliberado"" el incendio de un autobús en Suiza que ha causado seis muertos | Al menos seis muertos al incendiarse un autobús 'postal' en Suiza",2026-03-13 21:32,2026-03-13 21:32
2026-03-10 22:00:00,Al menos seis muertos en el incendio de un autobús en Suiza,"eldiario, europapress, google_news_es",3,4,0.664,49,Al menos seis muertos y cinco heridos en el incendio de un autobús en Suiza | Al menos seis muertos en el incendio de un autobús en Suiza | Al menos seis muertos en el incendio de un autobús en Suiza - elDiario.es | Al menos seis muertos y cuatro heridos en el incendio de un autobús en Suiza - RTVE.es,2026-03-13 22:02,2026-03-13 22:02
2026-03-11 04:00:00,La guerra encarecerá la cesta de la compra en cuestión de semanas - ABC,"20minutos, elpais, google_news_es",3,3,0.749,56,La guerra encarecerá la cesta de la compra en cuestión de semanas - ABC | La guerra con lenguaje sagrado | Escudos contra la guerra,2026-03-14 03:32,2026-03-14 03:32
2026-03-11 04:00:00,Von der Leyen duda de Europa,"20minutos, elpais, heraldo_aragon",3,3,0.511,38,Von der Leyen duda de Europa | La guerra acaba con el idilio político entre Sánchez y Von der Leyen | Bruselas subraya el compromiso de Von der Leyen con las normas internacionales tras la crítica por su discurso y por opacar a Kallas,2026-03-14 03:32,2026-03-14 03:32
2026-03-11 06:00:00,Tres mujeres mueren en Miranda de Ebro en un incendio provocado en un caso de violencia machista,"20minutos, eldiario, infolibre, lavanguardia",4,9,0.435,43,"Tres mujeres muertas en un incendio en Miranda de Ebro (Burgos) por un presunto caso de violencia machista | Un detenido por el incendio que ha dejado tres mujeres muertas en Miranda de Ebro en un nuevo caso de violencia de género | Investigan como violencia machista el incendio con tres mujeres muertas en Miranda tras entregarse el presunto autor | Interior confirma como violencia machista el asesinato de tres mujeres en un incendio en Miranda de Ebro | Un hombre mata a tres mujeres tras provocar un incendio en Miranda de Ebro, en un nuevo caso violencia machista",2026-03-14 05:32,2026-03-14 05:32
2026-03-11 06:00:00,Adebayo supera a Kobe Bryant y logra 83 puntos en una noche para la Historia,"elmundo, google_news_es, lavanguardia",3,3,0.733,54,Adebayo supera a Kobe Bryant y logra 83 puntos en una noche para la Historia | Adebayo supera a Kobe Bryant y logra 83 puntos en una noche para la Historia - El Mundo | Bam Adebayo supera a Kobe Bryant: 83 puntos en un partido,2026-03-14 06:02,2026-03-14 06:02
2026-03-11 06:00:00,Alcaraz - Ruud: horario y dónde ver el partido de octavos de final de Indian Wells 2026 por TV,"eldiario, lavanguardia, okdiario",3,3,0.521,39,Alcaraz - Ruud: horario y dónde ver el partido de octavos de final de Indian Wells 2026 por TV | Carlos Alcaraz - Casper Ruud: dónde y cuándo ver el partido del español en el Masters 1000 de Indian Wells | A qué hora juega Carlos Alcaraz – Ruud en el partido de octavos de Indian Wells 2026 y dónde ver gratis en directo y por televisión,2026-03-14 06:02,2026-03-14 06:02
2026-03-11 06:00:00,Inditex bate su propio récord al cerrar 2025 con un beneficio de 6.220 millones de euros,"elmundo, infolibre, okdiario",3,3,0.514,38,Inditex bate su propio récord al cerrar 2025 con un beneficio de 6.220 millones de euros | Inditex bate récords por cuarto año consecutivo con un beneficio de 6.220 millones de euros | Inditex aumenta su beneficio un 6% en 2025 y gana un récord de  6.220 millones de euros,2026-03-14 06:02,2026-03-14 06:02
2026-03-11 06:00:00,Tres muertos y cuatro heridos en el incendio de un edificio en Miranda de Ebro (Burgos),"20minutos, elconfidencial, elcorreo, eldiario, elespanol, elmundo, google_news_es, huffington_es, infolibre, levante_emv, okdiario",11,13,0.604,100,"Al menos tres muertos y cuatro heridos en el incendio de un edificio de Miranda de Ebro (Burgos) | Tres muertos y cuatro heridos en un incendio en una vivienda en Miranda de Ebro (Burgos) | Tres mujeres muertas y cuatro heridos en un incendio en una vivienda en Miranda de Ebro (Burgos) | Al menos tres muertos y cuatro heridos en el incendio de un edificio en Miranda de Ebro (Burgos) - Cadena SER | Tres muertos y cuatro heridos, dos de ellos menores, en un incendio en Miranda",2026-03-14 06:32,2026-03-14 06:32
2026-03-11 06:00:00,"Un hombre condenado por raptar mujeres mata en un incendio a su expareja, a su madre y a una vecina","20minutos, infolibre, lavanguardia",3,3,0.682,51,"Un condenado por secuestrar a mujeres mata en un incendio a su expareja, su madre y una vecina | Un condenado reincidente por raptar a mujeres mata a su expareja, su madre y una vecina al quemar una casa | Un hombre condenado por raptar mujeres mata en un incendio a su expareja, a su madre y a una vecina",2026-03-14 06:32,2026-03-14 06:32
2026-03-11 06:00:00,La Agencia Internacional de Energía propone la mayor liberación de reservas estratégicas de petróleo de la historia,"expansion, huffington_es, levante_emv, okdiario",4,4,0.495,49,La Agencia Internacional de la Energía plantea la mayor liberación de reservas de petróleo de la historia para frenar la crisis energética | La Agencia Internacional de la Energía propone vaciar las reservas de petróleo para controlar los precios | La AIE propone la mayor liberación de reservas de petróleo de su historia para abaratar el crudo | La Agencia Internacional de Energía propone la mayor liberación de reservas estratégicas de petróleo de la historia,2026-03-14 06:32,2026-03-14 06:32
2026-03-11 06:00:00,"Inditex ganó un récord de 6.220 millones en 2025, un 6% más","elpais, europapress, heraldo_aragon, lavanguardia",4,5,0.484,48,"Inditex ganó un récord de 6.220 millones en 2025, un 6% más | Inditex ganó un récord de 6.220 millones en 2025 | Inditex ganó 6.220 millones de euros en 2025, un 6% más, y aumentó sus ventas un 3,2% | Inditex logra un beneficio récord de 6.220 millones en 2025, un 6% más, con ventas de 39.864 millones (+3,2%) | Inditex gana un récord de 6.220 millones en 2025, un 6% más, y anuncia inversiones por 2.300 millones para este año",2026-03-14 06:32,2026-03-14 06:32
2026-03-11 06:00:00,Amancio Ortega cobrará este año 3.234 millones en dividendos de Inditex,"expansion, google_news_es, lavanguardia",3,5,0.525,39,"Amancio Ortega cobrará este año 3.234 millones en dividendos de Inditex | Amancio Ortega cobrará este año 3.234 millones en dividendos de Inditex - La Vanguardia | Inditex eleva un 4,2% el dividendo y Amancio Ortega cobrará 3.233 millones este año | Amancio Ortega recibirá este año 3.234 millones en dividendos de Inditex, que eleva un 4,1% la retribución - Europa Press | Amancio Ortega percibirá 3.234 millones en dividendos de Inditex tras elevar un 4,1% la retribución - democrata.es",2026-03-14 06:32,2026-03-14 06:32
2026-03-11 06:00:00,"Adebayo anota 83 puntos y firma la segunda mejor marca anotadora de la NBA, superando a Kobe Bryant","20minutos, elespanol, levante_emv",3,4,0.533,39,"Adebayo anota 83 puntos y firma la segunda mejor marca anotadora de la NBA, superando a Kobe Bryant | Adebayo firma la segunda mejor marca anotadora en un partido de la NBA con 83 puntos, superando a Kobe Bryant | Bam Adebayo anota 83 puntos en la NBA y supera a Kobe Bryant con la segunda mejor marca de la historia | Histórico Adebayo: mete 83 puntos, supera a Kobe Bryant y firma la segunda mejor actuación en la NBA",2026-03-14 06:32,2026-03-14 06:32
2026-03-11 06:00:00,Tres mujeres muertas en un incendio en Miranda de Ebro (Burgos) por un presunto caso de violencia machista,"eldiario, infolibre, lavanguardia",3,4,0.44,32,"Tres mujeres muertas en un incendio en Miranda de Ebro (Burgos) por un presunto caso de violencia machista | Interior confirma como violencia machista el asesinato de tres mujeres en un incendio en Miranda de Ebro | Un hombre mata a tres mujeres tras provocar un incendio en Miranda de Ebro, en un nuevo caso violencia machista | Tres mujeres mueren en Miranda de Ebro en un incendio provocado en un caso de violencia machista",2026-03-14 06:32,2026-03-14 06:32
2026-03-11 06:00:00,Tres muertos y cuatro heridos en un incendio en una vivienda en Miranda de Ebro (Burgos),"elespanol, google_news_es, infolibre, okdiario",4,5,0.629,62,Al menos tres muertos y cuatro heridos en el incendio de un edificio de Miranda de Ebro (Burgos) | Tres muertos y cuatro heridos en un incendio en una vivienda en Miranda de Ebro (Burgos) | Tres mujeres muertas y cuatro heridos en un incendio en una vivienda en Miranda de Ebro (Burgos) | Al menos tres muertos y cuatro heridos en el incendio de un edificio en Miranda de Ebro (Burgos) - Cadena SER | Conmoción en Miranda de Ebro: tres muertos y cuatro heridos en el incendio de una vivienda,2026-03-14 07:02,2026-03-14 07:02
2026-03-11 08:00:00,"Sánchez anuncia 'Hodio', una herramienta para rastrear la huella de los discursos de odio en redes","europapress, heraldo_aragon, infolibre, okdiario",4,4,0.555,55,"Sánchez anuncia el lanzamiento de HODIO, para rastrear el odio en redes | Sánchez anuncia 'Hodio', una herramienta para rastrear la huella de los discursos de odio en redes | Sánchez anuncia la creación de una herramienta de «control del odio» en redes para justificar su censura | Sánchez anuncia la puesta en marcha de la herramienta 'Hodio' para medir el alcance de los discursos de odio en redes",2026-03-14 07:32,2026-03-14 07:32
2026-03-11 08:00:00,"Von der Leyen dice ahora que la UE ""siempre defenderá"" el orden internacional","elcorreo, europapress, heraldo_aragon, huffington_es, levante_emv",5,5,0.718,89,"Von der Leyen dice ahora que la UE &quot;siempre defenderá&quot; el orden internacional | Von der Leyen recula y dice ahora que la UE «siempre defenderá el derecho internacional» | Von der Leyen rectifica y dice ahora que la UE ""siempre defenderá"" el orden internacional | Von der Leyen se retracta y dice ahora que la UE &quot;siempre defenderá&quot; el orden internacional | Von der Leyen dice ahora que la UE ""siempre defenderá"" el orden internacional",2026-03-14 08:02,2026-03-14 08:02
2026-03-11 08:00:00,"Bam Adebayo mete 83 puntos, segunda mejor anotación en la historia de la NBA","eldiario, elpais, okdiario",3,3,0.545,40,"Bam Adebayo anota la segunda marca anotadora más alta en la historia de la NBA: ¡83 puntos! | La segunda mejor marca anotadora de la NBA: Bam Adebayo mete 83 puntos y supera a Kobe Bryant | Bam Adebayo mete 83 puntos, segunda mejor anotación en la historia de la NBA",2026-03-14 08:02,2026-03-14 08:02
2026-03-11 08:00:00,"Sánchez anuncia el lanzamiento de HODIO, para rastrear el odio en redes","heraldo_aragon, infolibre, okdiario",3,3,0.533,39,"Sánchez anuncia el lanzamiento de HODIO, para rastrear el odio en redes | Sánchez anuncia 'Hodio', una herramienta para rastrear la huella de los discursos de odio en redes | Sánchez anuncia la creación de una herramienta de «control del odio» en redes para justificar su censura",2026-03-14 08:02,2026-03-14 08:02
2026-03-11 08:00:00,Localizan el cadáver de un hombre flotando en el lago de la Casa de Campo,"20minutos, elconfidencial, lavanguardia",3,3,0.919,68,Encuentran el cadáver de un hombre flotando en el lago de la Casa de Campo | Localizan el cadáver de un hombre flotando en el lago de la Casa de Campo de Madrid | Localizan el cadáver de un hombre flotando en el lago de la Casa de Campo,2026-03-14 08:32,2026-03-14 08:32
2026-03-11 08:00:00,Von der Leyen dice ahora que la UE &quot;siempre defenderá&quot; el orden internacional,"elcorreo, heraldo_aragon, huffington_es, levante_emv",4,4,0.675,67,"Von der Leyen dice ahora que la UE &quot;siempre defenderá&quot; el orden internacional | Von der Leyen recula y dice ahora que la UE «siempre defenderá el derecho internacional» | Von der Leyen rectifica y dice ahora que la UE ""siempre defenderá"" el orden internacional | Von der Leyen se retracta y dice ahora que la UE &quot;siempre defenderá&quot; el orden internacional",2026-03-14 08:32,2026-03-14 08:32
2026-03-11 08:00:00,"Mañueco suspende su agenda electoral para ir a Miranda de Ebro, donde han muerto tres personas en un incendio","eldiario, elespanol, google_news_es",3,3,0.635,47,"Investigan como violencia machista el incendio de una vivienda de Miranda de Ebro donde han muerto tres mujeres | Mañueco suspende su agenda electoral para ir a Miranda de Ebro, donde han muerto tres personas en un incendio | Mañueco suspende su agenda electoral para ir a Miranda de Ebro, donde han muerto tres personas en un incendio - elDiario.es",2026-03-14 08:32,2026-03-14 08:32
2026-03-11 08:00:00,Von der Leyen recula y defiende ahora el “compromiso inquebrantable” de la UE con el derecho internacional,"elmundo, elpais, lavanguardia",3,6,0.576,43,"Von der Leyen recula y afirma ahora el “compromiso inquebrantable” de la UE con el derecho internacional | Von der Leyen recula y defiende ahora el “compromiso inquebrantable” de la UE con el derecho internacional | Von der Leyen recula ante las críticas y defiende ahora el “compromiso inquebrantable” de la UE con el derecho internacional | Von der Leyen intenta rebajar la crispación en el seno de la UE y se acerca al Gobierno: ""Compromiso inquebrantable con el derecho internacional"" | Von der Leyen subraya ahora el “compromiso inquebrantable” con el derecho internacional",2026-03-14 08:32,2026-03-14 08:32
2026-03-11 08:00:00,La segunda mejor marca anotadora de la NBA: Bam Adebayo mete 83 puntos y supera a Kobe Bryant,"eldiario, elpais, google_news_es",3,3,0.475,35,"La segunda mejor marca anotadora de la NBA: Bam Adebayo mete 83 puntos y supera a Kobe Bryant | Bam Adebayo mete 83 puntos, segunda mejor anotación en la historia de la NBA | Bam Adebayo hace historia en la NBA con sus 83 puntos en un partido y supera a Kobe Bryant - RTVE.es",2026-03-14 08:32,2026-03-14 08:32
2026-03-11 08:00:00,"Sánchez anuncia una nueva herramienta para medir el odio en las redes sociales, del que se declara víctima: ""Se ha convertido en un arma política""","elmundo, europapress, google_news_politica",3,6,0.549,41,"Sánchez anuncia la puesta en marcha de una herramienta para medir el odio en las redes sociales: ""Se ha convertido en un arma política"" | Sánchez anuncia la puesta en marcha de una herramienta para medir el odio en las redes sociales: ""Se ha convertido en un arma política"" - El Mundo | Sánchez anuncia una nueva herramienta para medir el odio en las redes sociales, del que se declara víctima: ""Se ha convertido en un arma política"" | Sánchez anuncia una nueva herramienta para vigilar el odio en las redes sociales, del que se declara víctima: ""Se ha convertido en un arma política"" | Sánchez anuncia una nueva herramienta para vigilar el odio en las redes sociales, del que se declara víctima: ""Se ha convertido en un arma política"" - El Mundo",2026-03-14 09:02,2026-03-14 09:02
2026-03-11 10:00:00,"Meloni reconoce que la operación en Irán estuvo ""fuera del derecho internacional""","20minutos, infolibre, lavanguardia",3,3,0.859,64,"Meloni reitera que la operación en Irán estuvo fuera del derecho internacional pero con matices | Meloni reconoce que la operación en Irán estuvo ""fuera del derecho internacional"" | Meloni reconoce que la operación en Irán estuvo fuera del derecho internacional",2026-03-14 09:32,2026-03-14 09:32
2026-03-11 08:00:00,"Von der Leyen rectifica y dice ahora que la UE ""siempre defenderá"" el orden internacional","elcorreo, heraldo_aragon, levante_emv",3,3,0.618,46,"Von der Leyen dice ahora que la UE &quot;siempre defenderá&quot; el orden internacional | Von der Leyen recula y dice ahora que la UE «siempre defenderá el derecho internacional» | Von der Leyen rectifica y dice ahora que la UE ""siempre defenderá"" el orden internacional",2026-03-14 09:32,2026-03-14 09:32
2026-03-11 10:00:00,"Koldo García, en la comisión del Parlamento de Navarra: ""Esto acaba de empezar""","elconfidencial, eldiario, elpais",3,4,0.582,43,"Koldo García se niega a declarar ante el Parlamento de Navarra: “Tengan su minuto de gloria en este circo mediático” | Koldo García se niega a declarar en la comisión de Navarra y dice que se conocerá ""la verdad con el tiempo"" | Koldo García, en la comisión del Parlamento de Navarra: ""Esto acaba de empezar"" | Koldo García comparece en la comisión de investigación del Parlamento de Navarra",2026-03-14 09:32,2026-03-14 09:32
2026-03-11 10:00:00,"Nacho Abad lanza un comunicado después de la salida de Sarah Santaolalla de 'En boca de todos': ""Sentimos una profunda decepción""","elpais, huffington_es, levante_emv",3,3,0.481,36,"Nacho Abad lanza un comunicado después de la salida de Sarah Santaolalla de 'En boca de todos': ""Sentimos una profunda decepción"" | Nacho Abad responde a Sarah Santaolalla tras su dimisión de &#039;En boca de todos&#039;: &quot;Aquí no hay mercenarios de la información&quot; | Sarah Santaolalla deja ‘En boca de todos’ por su altercado con Antonio Naranjo: “Ninguna persona decente puede tolerar esto”",2026-03-14 09:32,2026-03-14 09:32
2026-03-11 10:00:00,"Sánchez lanza 'Hodio', una herramienta para medir el alcance de discursos de odio en redes sociales","elcorreo, google_news_politica, huffington_es",3,3,0.525,39,"Sánchez presenta ‘Hodio’, la nueva herramienta para medir el odio en redes sociales - La Veu Lliure | Sánchez lanza 'Hodio', una herramienta para medir el alcance de discursos de odio en redes sociales | Así es &quot;Hodio&quot;, la herramienta digital de Sánchez para rastrear el odio en redes",2026-03-14 10:02,2026-03-14 10:02
2026-03-11 10:00:00,"El Gobierno cesa a la embajadora en Israel, llamada a consultas tras el último choque con Netanyahu","20minutos, elcorreo, elmundo_espana, google_news_politica, lavanguardia",5,6,0.674,84,"El Gobierno rebaja su representación en Israel con el cese de la embajadora tras el último choque con Netanyahu | El Gobierno cesa a la embajadora en Israel tras el último choque con Netanyahu | El Gobierno cesa a la embajadora en Israel, llamada a consultas en septiembre tras el último choque con el Ejecutivo de Netanyahu | El Gobierno cesa a la embajadora en Israel, llamada a consultas tras el último choque con Netanyahu | El Gobierno retira a la embajadora en Israel por el último choque con Netanyahu",2026-03-14 10:32,2026-03-14 10:32
2026-03-11 10:00:00,"Tres niños de 9 años heridos, dos graves, en una explosión durante un experimento de química en Girona","20minutos, europapress, lavanguardia",3,7,0.546,40,"Tres menores heridos, dos graves, en una explosión durante un experimento de química en Girona | Tres niños de 9 años heridos, dos graves, en una explosión durante un experimento de química en Girona | Tres niños de 9 años heridos, dos graves, en una explosión en un experimento químico en un colegio de Girona | Tres niños de nueve años heridos, dos de ellos graves, por una explosión en un experimento escolar de química en Girona | Tres niños heridos, dos graves, por una explosión en un experimento escolar",2026-03-14 10:32,2026-03-14 10:32
2026-03-11 10:00:00,Koldo García comparece en la comisión de investigación del Parlamento de Navarra,"elconfidencial, eldiario, elpais",3,4,0.517,38,"Koldo García se niega a declarar ante el Parlamento de Navarra: “Tengan su minuto de gloria en este circo mediático” | Koldo García se niega a declarar en la comisión de Navarra y dice que se conocerá ""la verdad con el tiempo"" | Koldo García, en la comisión del Parlamento de Navarra: ""Esto acaba de empezar"" | Koldo García comparece en la comisión de investigación del Parlamento de Navarra",2026-03-14 10:32,2026-03-14 10:32
2026-03-11 10:00:00,Tres mujeres mueren en un incendio provocado por la expareja de una de ellas en Miranda de Ebro,"elcorreo, elpais, heraldo_aragon",3,3,0.492,36,Tres mujeres mueren en un incendio provocado por la expareja de una de ellas en Miranda de Ebro | Tres mujeres mueren y otras cuatro personas resultan heridas en un incendio en Miranda | El incendio con tres mujeres muertas en Miranda de Ebro ha sido provocado y el autor se ha entregado,2026-03-14 10:32,2026-03-14 10:32
2026-03-11 10:00:00,El Gobierno cesa a la embajadora en Israel tras el último choque con Netanyahu,"elcorreo, elmundo_espana, google_news_politica, lavanguardia",4,5,0.628,62,"El Gobierno rebaja su representación en Israel con el cese de la embajadora tras el último choque con Netanyahu | El Gobierno cesa a la embajadora en Israel tras el último choque con Netanyahu | El Gobierno cesa a la embajadora en Israel, llamada a consultas tras el último choque con Netanyahu | El Gobierno retira a la embajadora en Israel por el último choque con Netanyahu | El Gobierno cesa a la embajadora en Israel, llamada a consultas tras el último choque con Netanyahu - La Vanguardia",2026-03-14 11:02,2026-03-14 11:02
2026-03-11 12:00:00,Bruselas pide multar a España por no aplicar la directiva que exime del IVA a pymes y autónomos,"elpais, europapress, heraldo_aragon, lavanguardia",4,5,0.747,74,Bruselas pide multar a España por no aplicar la directiva que exime del IVA a autónomos | Bruselas pide multar a España por no aplicar la directiva que exime del IVA a pymes y autónomos | Bruselas pide multar a España por no aplicar la directiva que exime de IVA a pymes y autónomos | Bruselas lleva a España a la justicia europea por no trasponer la directiva que exime del IVA a los autónomos | Bruselas pide al TJUE multar a España por no aplicar la directiva que exime del IVA a pymes y autónomos,2026-03-14 11:32,2026-03-14 11:32
2026-03-11 10:00:00,"Tres menores heridos, dos graves, en una explosión durante un experimento de química en Girona","20minutos, europapress, lavanguardia",3,5,0.496,37,"Tres menores heridos, dos graves, en una explosión durante un experimento de química en Girona | Tres niños de 9 años heridos, dos graves, en una explosión durante un experimento de química en Girona | Tres niños heridos, dos graves, por una explosión en un experimento escolar | Tres menores heridos, dos de ellos graves, tras una explosión durante un experimento escolar | Tres menores heridos, dos graves, por quemaduras en un experimento escolar en Porqueres (Girona)",2026-03-14 11:32,2026-03-14 11:32
2026-03-11 12:00:00,Defensa se desmarca de la misión de Francia en el estrecho de Ormuz y no enviará cazaminas,"20minutos, heraldo_aragon, lavanguardia",3,3,0.478,35,Defensa se desmarca de la misión de Francia en el estrecho de Ormuz y no enviará cazaminas | Robles insiste en que España no participará en una misión en el estrecho de Ormuz y no enviará cazaminas a la zona | España descarta unirse a la misión de Francia para reabrir el Estrecho de Ormuz,2026-03-14 11:32,2026-03-14 11:32
2026-03-11 12:00:00,"Tres menores heridos por quemaduras, dos de ellos graves, tras una explosión durante un experimento en una escuela de Porqueres (Girona)","elmundo, elmundo_espana, levante_emv",3,3,0.793,59,"Tres menores heridos, dos de ellos graves, tras una explosión durante un experimento en una escuela de Girona | Tres menores heridos por quemaduras, dos de ellos en estado grave, tras una explosión durante un experimento en una escuela de Porqueres (Girona) | Tres menores heridos por quemaduras, dos de ellos graves, tras una explosión durante un experimento en una escuela de Porqueres (Girona)",2026-03-14 12:02,2026-03-14 12:02
2026-03-11 12:00:00,Barcelona cierra los accesos al parque de Collserola tras aparecer un jabalí contaminado por peste porcina,"20minutos, elpais, google_news_es, levante_emv",4,4,0.569,56,Barcelona cierra los accesos a Collserola tras detectarse el primer caso de peste porcina en el municipio | La Generalitat cierra todos los accesos al Parque de Collserola tras detectar el primer positivo por peste porcina en Barcelona | Barcelona cierra los accesos al parque de Collserola tras aparecer un jabalí contaminado por peste porcina | Barcelona cierra los accesos al parque de Collserola tras aparecer un jabalí contaminado por peste porcina - EL PAÍS,2026-03-14 12:02,2026-03-14 12:02
2026-03-11 12:00:00,Bolaños anuncia una convocatoria de 200 nuevas plazas para fiscales,"elcorreo, elpais, infolibre",3,3,0.661,49,Bolaños anuncia una convocatoria de 200 nuevas plazas para fiscales | El Ministerio de Justicia y la Fiscalía acuerdan la convocatoria de 200 nuevas plazas para fiscales | Bolaños anuncia la creación de 200 nuevas plazas de fiscal,2026-03-14 12:02,2026-03-14 12:02
2026-03-14 10:00:00,Confinan dos pueblos de Soria por el incendio de un camión con mercancías peligrosas,"20minutos, eldiario, okdiario",3,3,0.706,52,Confinan dos pueblos de Soria por el incendio de un camión con mercancías peligrosas en un accidente con dos heridos | Confinan dos pueblos de Soria por el incendio de un camión con mercancías peligrosas | Confinados dos pueblos de Soria por el accidente de un camión con mercancías peligrosas,2026-03-14 13:02,2026-03-14 13:02
2026-03-11 12:00:00,El primer caso de peste porcina africana en la ciudad de Barcelona obliga a cerrar el parque natural de Collserola,"eldiario, elmundo, google_news_es",3,3,0.685,51,El primer positivo en Barcelona de un jabalí con peste porcina africana obliga a cerrar todo el Parque Natural de Collserola | El primer caso de peste porcina africana en la ciudad de Barcelona obliga a cerrar el parque natural de Collserola | El primer caso de peste porcina africana en la ciudad de Barcelona obliga a cerrar el parque natural de Collserola - elDiario.es,2026-03-14 13:02,2026-03-14 13:02
2026-03-12 12:00:00,"David Villa, nuevo consejero del Atlético de Madrid - Página oficial del Atlético de Madrid","elcorreo, google_news_es, okdiario",3,3,0.697,52,"David Villa vuelve al Atlético de Madrid | David Villa, nuevo consejero del Atlético de Madrid | David Villa, nuevo consejero del Atlético de Madrid - Página oficial del Atlético de Madrid",2026-03-14 13:32,2026-03-14 13:32
2026-03-14 10:00:00,Confinados de madrugada dos pueblos de Soria por el accidente de un camión con mercancías peligrosas,"20minutos, eldiario, okdiario",3,4,0.695,52,Confinan dos pueblos de Soria por el incendio de un camión con mercancías peligrosas en un accidente con dos heridos | Confinan dos pueblos de Soria por el incendio de un camión con mercancías peligrosas | Confinados dos pueblos de Soria por el accidente de un camión con mercancías peligrosas | Confinados de madrugada dos pueblos de Soria por el accidente de un camión con mercancías peligrosas,2026-03-14 13:32,2026-03-14 13:32
2026-03-11 14:00:00,Juan Ayuso abandona la París-Niza tras sufrir una caída,"20minutos, elcorreo, elpais",3,6,0.659,49,Juan Ayuso abandona la París-Niza tras sufrir una caída y Vingegaard se viste de líder | Juan Ayuso abandona la París-Niza tras sufrir una caída y Vingegaard se viste de líder tras ganar la etapa | Ayuso abandona la París-Niza tras una dura caída: acaba retorciéndose de dolor y es trasladado al hospital | Juan Ayuso abandona la París-Niza cuando marchaba líder tras sufrir una dura caída | Juan Ayuso abandona la París-Niza tras sufrir una dura caída cuando marchaba líder,2026-03-14 13:32,2026-03-14 13:32
2026-03-11 14:00:00,La AIE liberará 400 millones de barriles de petróleo en la mayor intervención de su historia - El Economista,"elpais, europapress, google_news_es, lavanguardia",4,4,0.613,61,La AIE liberará 400 millones de barriles de petróleo en la mayor intervención de su historia - El Economista | La AIE liberará 400 millones de barriles de petróleo de sus reservas | La AIE acuerda liberar 400 millones de barriles en la mayor intervención de reservas de petróleo de la historia | La AIE liberará 400 millones de barriles de petróleo en la mayor intervención de su historia,2026-03-14 14:02,2026-03-14 14:02
2026-03-11 14:00:00,Glovo anuncia un ERE para unos 750 repartidores,"eldiario, expansion, google_news_es, lavanguardia",4,5,0.594,59,Glovo anuncia un ERE que afectará a unos 750 repartidores en toda España - LaSexta | Glovo anuncia un ERE para unos 750 repartidores en medio de las denuncias por múltiples despidos individuales | Glovo anuncia un ERE para despedir 750 repartidores en 60 ciudades españolas | Glovo anuncia un ERE para unos 750 repartidores | Glovo anuncia un ERE para 750 repartidores en España,2026-03-14 14:02,2026-03-14 14:02
2026-03-11 14:00:00,La AIE acuerda la mayor liberación de reservas de petróleo de la historia,"elcorreo, elmundo, heraldo_aragon, infolibre",4,5,0.557,55,"La AIE acuerda la mayor liberación de reservas de petróleo de la historia para frenar los precios | La AIE acuerda la mayor liberación de reservas de petróleo de la historia | La AIE aprueba la mayor liberación de reservas estratégicas de petróleo de la historia | Más de 30 países, incluido España, acuerdan la mayor liberación de reservas de petróleo de la historia para frenar el 'shock´ de precios y suministro | La AIE acuerda la mayor liberación de reservas de petróleo de la historia: 400 millones de barriles",2026-03-14 14:02,2026-03-14 14:02
2026-03-11 14:00:00,La AIE libera 400 millones de barriles de petróleo de sus reservas y apenas cubrirá una semana de suministro,"google_news_es, lavanguardia, okdiario",3,3,0.462,34,"La AIE libera 400 millones de barriles de petróleo de sus reservas y apenas cubrirá una semana de suministro | Países de la AIE liberan 400 millones de barriles de petróleo de sus reservas estratégicas - SWI swissinfo.ch | La AIE acuerda liberar 400 millones de barriles de petróleo de sus reservas, la mayor cifra de su historia",2026-03-14 14:02,2026-03-14 14:02
2026-03-11 14:00:00,Dos detenidos por los mensajes de amenazas y ciberacoso en Instagram contra Ione Belarra,"20minutos, huffington_es, lavanguardia",3,3,0.854,64,Dos detenidos por los mensajes de amenazas y ciberacoso a Ione Belarra | Dos detenidos por los mensajes de amenazas y ciberacoso en Instagram a Ione Belarra | Dos detenidos por los mensajes de amenazas y ciberacoso en Instagram contra Ione Belarra,2026-03-14 14:32,2026-03-14 14:32
2026-03-11 14:00:00,Dos detenidos por ciberacosar a Ione Belarra a través de mensajes en una red social,"elconfidencial, elmundo, europapress",3,3,0.782,58,Dos detenidos por acosar a Ione Belarra a través de mensajes en una red social | Dos detenidos por ciberacosar a Ione Belarra a través de mensajes privados en una red social | Dos detenidos por ciberacosar a Ione Belarra a través de mensajes en una red social,2026-03-14 14:32,2026-03-14 14:32
2026-03-11 14:00:00,Juan Ayuso abandona la París-Niza tras sufrir una dura caída cuando marchaba líder,"20minutos, elcorreo, elpais",3,4,0.632,47,Ayuso abandona la París-Niza tras una dura caída: acaba retorciéndose de dolor y es trasladado al hospital | Juan Ayuso abandona la París-Niza cuando marchaba líder tras sufrir una dura caída | Juan Ayuso abandona la París-Niza tras sufrir una dura caída cuando marchaba líder | Juan Ayuso abandona la París-Niza tras sufrir una caída,2026-03-14 14:32,2026-03-14 14:32
2026-03-11 14:00:00,"Detienen a dos hombres por amenazar de muerte y acosar a Ione Belarra en redes sociales: ""Muerte a todas las rojas y perroflautas"" - Cadena SER","elcorreo, elpais, google_news_es",3,3,0.353,26,"Detienen a dos hombres por amenazar de muerte y acosar a Ione Belarra en redes sociales: ""Muerte a todas las rojas y perroflautas"" - Cadena SER | Dos detenidos por ciberacosar a Belarra: «Muerte a todas las rojas y perroflautas» | Detenidos dos hombres por acosar y amenazar a Ione Belarra por redes sociales",2026-03-14 14:32,2026-03-14 14:32
2026-03-11 14:00:00,Dos detenidos por los mensajes de amenazas y ciberacoso en Instagram a Ione Belarra,"20minutos, huffington_es, lavanguardia",3,3,0.799,59,Dos detenidos por los mensajes de amenazas y ciberacoso a Ione Belarra | Dos detenidos por los mensajes de amenazas y ciberacoso en Instagram a Ione Belarra | Dos detenidos por los mensajes de amenazas y ciberacoso en Instagram contra Ione Belarra,2026-03-14 15:02,2026-03-14 15:02
2026-03-11 16:00:00,Juan Ayuso se retira de la París-Niza tras sufrir una fuerte caída,"elmundo, lavanguardia, okdiario",3,3,0.582,43,Juan Ayuso se retira de la París-Niza tras sufrir una fuerte caída | Juan Ayuso abandona la París-Niza retorciéndose de dolor tras una dura caída cuando era líder | Juan Ayuso se retira de la París-Niza tras sufrir una caída en plena defensa del maillot amarillo,2026-03-14 15:32,2026-03-14 15:32
2026-03-14 10:00:00,El candidato de Podemos en Castilla y León denuncia una agresión en la calle,"elconfidencial, eldiario, elpais, huffington_es",4,4,0.63,63,El candidato de Podemos en Castilla y León denuncia una agresión estando con su hijo | El candidato de Podemos en Castilla y León denuncia una agresión en la calle | El candidato de Podemos en Castilla y León denuncia un intento de agresión mientras estaba con su hijo | El candidato de Podemos a la Junta de Castilla y León denuncia una agresión en plena calle,2026-03-14 16:32,2026-03-14 16:32
2026-03-12 10:00:00,El Supremo confirma que los Franco tienen que devolver el pazo de Meirás,"expansion, google_news_es, lavanguardia",3,3,0.675,50,La sentencia del Supremo ordena indemnizar a los nietos de Franco tras dejarlos sin el pazo de Meirás - La Voz de Galicia | El Supremo confirma que el Pazo de Meirás pertenece al Estado y no a la familia Franco | El Supremo confirma que los Franco tienen que devolver el pazo de Meirás,2026-03-14 16:32,2026-03-14 16:32
2026-03-11 16:00:00,Trump arremete de nuevo contra España: “No está cooperando”,"elpais, google_news_es, google_news_politica",3,5,0.575,43,"Trump arremete de nuevo contra España: “No está cooperando” | Trump arremete de nuevo contra España: “No está cooperando” - EL PAÍS | Trump vuelve a arremeter contra España: ""No está cooperando"" - El Plural | Trump vuelve a arremeter contra España: ""No está cooperando"" - ElPlural.com | Última hora del ataque de EE UU e Israel contra Irán, en directo | Trump arremete de nuevo contra España: “No está cooperando”",2026-03-14 16:32,2026-03-14 16:32
2026-03-11 16:00:00,El rey Felipe VI se reúne con la Premio Nobel de la Paz María Corina Machado en Chile,"20minutos, elespanol, heraldo_aragon",3,4,0.56,42,El rey Felipe VI se reúne con la Premio Nobel de la Paz María Corina Machado en Chile | El rey Felipe VI se reúne con la líder opositora venezolana María Corina Machado | Felipe VI se reúne con la Premio Nobel de la Paz María Corina Machado en Chile | Felipe VI se reúne con María Corina Machado antes de la investidura de Kast en Chile,2026-03-14 16:32,2026-03-14 16:32
2026-03-14 10:00:00,"Comprobar Lotería Nacional: resultados de hoy, sábado 14 de marzo de 2026 - 20Minutos","20minutos, google_news_es, lavanguardia, okdiario",4,5,0.501,50,"Comprobar Lotería Nacional: resultados del sábado 14 de marzo de 2026 | Comprobar Lotería Nacional: resultados de hoy, sábado 14 de marzo de 2026 - 20Minutos | Lotería Nacional: comprobar resultado y número premiado hoy, sábado 14 de marzo de 2026 | Lotería Nacional de este sábado 14 de marzo: resultados y premios | Lotería Nacional, hoy | Comprobar resultados del sorteo del sábado 14 de marzo en directo",2026-03-14 17:02,2026-03-14 17:02
2026-03-11 18:00:00,"Champions League: Real Madrid - Manchester City, en directo","elcorreo, elespanol, elpais, levante_emv",4,4,0.657,65,"Real Madrid - Manchester City, en directo | Mendy, Pitarch y Brahim entran en el once del Madrid | Directo | Real Madrid - Manchester City | Champions League: Real Madrid - Manchester City, en directo | Real Madrid - Manchester City, en directo: alineaciones, horario y dónde ver el partido de la Champions League",2026-03-14 18:02,2026-03-14 18:02
2026-03-11 18:00:00,Detenidos en Badajoz dos hermanos en cuya casa se han encontrado los restos óseos en la búsqueda de Francisca Cadenas,"elespanol, europapress, lavanguardia",3,3,0.489,36,Detenidos en Badajoz dos hermanos en cuya casa se han encontrado los restos óseos en la búsqueda de Francisca Cadenas | Detenidos dos hermanos por la desaparición de Francisca Cadenas al aparecer restos óseos | Hallan restos óseos debajo de unas baldosas en el patio de la casa de dos hermanos en la búsqueda de Francisca Cadenas,2026-03-14 18:02,2026-03-14 18:02
2026-03-11 18:00:00,Hallan restos óseos en una casa de los dos investigados por la desaparición de Francisca Cadenas en 2017,"20minutos, elcorreo, okdiario",3,4,0.46,34,Hallan restos óseos en una casa de los dos investigados por la desaparición de Francisca Cadenas en 2017 | Detenidos los investigados por la desaparición de Francisca Cadenas en 2017 después de hallar restos óseos en una vivienda | Hallan restos óseos en una vivienda registrada por la desaparición de Francisca Cadenas | Hallan restos óseos enterrados en la casa de los dos vecinos de la desaparecida Francisca Cadenas,2026-03-14 18:02,2026-03-14 18:02
2026-03-12 12:00:00,Gobierno aprobará medidas para bajar la luz y estudia cómo abaratar el carburante,"20minutos, heraldo_aragon, infolibre",3,5,0.628,47,"El Gobierno aprobará medidas fiscales para bajar la luz y ya estudia cómo abaratar el carburante | Gobierno aprobará medidas para bajar la luz y estudia cómo abaratar el carburante | El Gobierno aprobará medidas para bajar la luz y estudia abaratar el carburante | El Gobierno aprobará medidas fiscales para bajar la luz y estudia cómo bajar el carburante | El Gobierno aprobará ""medidas fiscales"" para abaratar los combustibles, pero le desaconsejan el descuento de 20 céntimos",2026-03-14 19:02,2026-03-14 19:02
2026-03-11 18:00:00,Detenidos dos hermanos por la desaparición de Francisca Cadenas tras hallarse restos óseos,"eldiario, heraldo_aragon, lavanguardia",3,6,0.611,45,Detenidos dos hermanos por la desaparición de Francisca Cadenas tras hallar huesos | Detenidos dos hermanos por la desaparición de Francisca Cadenas en Hornachos (Badajoz) en 2017 | Detenidos dos hermanos por la desaparición de Francisca Cadenas tras hallarse restos óseos | Detenidos dos hermanos por la desaparición de Francisca Cadenas tras hallarse restos óseos “compatibles” | Detenidos dos hermanos por la desaparición de Francisca Cadenas tras hallarse restos óseos “compatibles” con la mujer,2026-03-14 19:02,2026-03-14 19:02
2026-03-12 12:00:00,La Finalissima entre España y Argentina apunta al Bernabéu,"20minutos, google_news_es, okdiario",3,4,0.608,45,"La Finalissima entre España y Argentina busca sede: el Bernabéu, principal favorito | Finalissima 2026: probabilidades de Argentina vs España en el Bernabéu - 365Scores | La Finalissima entre España y Argentina apunta al Bernabéu | La Finalissima entre España y Argentina apunta al Bernabéu… pero la AFA no lo ve claro",2026-03-14 19:02,2026-03-14 19:02
2026-03-11 18:00:00,Directo | Real Madrid - Manchester City,"elcorreo, elpais, levante_emv",3,3,0.573,42,"Real Madrid - Manchester City, en directo | Mendy, Pitarch y Brahim entran en el once del Madrid | Directo | Real Madrid - Manchester City | Champions League: Real Madrid - Manchester City, en directo",2026-03-14 19:02,2026-03-14 19:02
2026-03-12 12:00:00,"Morrissey suspende su concierto en Valencia al no dormir por ""el ruido"": ""Está catatónico""","elconfidencial, elmundo, huffington_es",3,3,0.528,39,"Morrissey anula su concierto en Valencia tras una noche sin dormir a causa de las Fallas: ""El ruido lo ha dejado en estado catatónico"" | Morrissey suspende su concierto en Valencia por el &quot;ruido&quot; de Las Fallas que lo dejaron &quot;en un estado catatónico&quot; | Morrissey suspende su concierto en Valencia al no dormir por ""el ruido"": ""Está catatónico""",2026-03-14 19:02,2026-03-14 19:02
2026-03-11 20:00:00,"Real Madrid - Manchester City, en directo | Valverde adelanta al Madrid","elespanol, elpais, google_news_es",3,5,0.473,35,"Real Madrid - Manchester City, en directo | Vinicius falla un penalti | Real Madrid - Manchester City, en directo | Triplete de Valverde en la primera mitad | Real Madrid - Manchester City, en directo | Comienza el encuentro en el Bernabéu - EL PAÍS | Real Madrid - Manchester City, en directo | Valverde adelanta al Madrid | Real Madrid - Manchester City, en directo la Champions League: resultado y goleadores, en vivo online",2026-03-14 19:32,2026-03-14 19:32
2026-03-11 20:00:00,Sorteo Bonoloto del miércoles 11 de marzo de 2026,"elpais, google_news_es, levante_emv",3,3,0.579,43,Comprobar la Bonoloto del miércoles 11 de marzo de 2026 - El Mundo | Sorteo Bonoloto del miércoles 11 de marzo de 2026 | Bonoloto: comprobar sorteo del miércoles 11 de marzo,2026-03-14 20:32,2026-03-14 20:32
2026-03-13 12:00:00,Cuba confirma conversaciones con EEUU para solventar las amenazas de Trump,"eldiario, europapress, heraldo_aragon",3,3,0.622,46,"Cuba confirma conversaciones con EE.UU. tras las amenazas de Trump | Cuba confirma ""conversaciones"" con EEUU tras la asfixia de Trump: ""Hace tres meses que no entra un barco"" | Cuba confirma conversaciones con EEUU para solventar las amenazas de Trump",2026-03-14 21:02,2026-03-14 21:02
2026-03-14 12:00:00,Palmarés del Festival de Málaga 2026: 'Yo no moriré de amor' gana la Biznaga de Oro,"20minutos, eldiario, sur",3,3,0.563,42,'Yo no moriré de amor' y la malagueña 'Ivan & Hadoum' triunfan en el Festival de Málaga 2026 | Marta Matute se hace con el Biznaga de Oro del Festival de Málaga con 'Yo no moriré de amor' | Palmarés del Festival de Málaga 2026: 'Yo no moriré de amor' gana la Biznaga de Oro,2026-03-14 22:32,2026-03-14 22:32
2026-03-12 00:00:00,Alcaraz atropella a Ruud y se mete en cuartos de Indian Wells - Yahoo,"elespanol, google_news_es, heraldo_aragon",3,3,0.636,47,Alcaraz atropella a Ruud y se mete en cuartos de Indian Wells - Yahoo | Alcaraz atropella al noruego Casper Ruud y se mete en cuartos de Indian Wells: jugará contra el británico Norrie | Carlos Alcaraz atropella a Ruud y se mete en cuartos de Indian Wells,2026-03-15 00:02,2026-03-15 00:02
2026-03-12 06:00:00,"Dimite René Redzepi, chef y fundador del restaurante danés Noma, tras las denuncias por abusos","elmundo, expansion, heraldo_aragon",3,3,0.661,49,"Dimite René Redzepi, chef y fundador del restaurante danés Noma, tras las denuncias por abusos | Dimite René Redzepi, chef y fundador del restaurante Noma, tras las denuncias por abusos | René Redzepi dimite de su rol ejecutivo en Noma",2026-03-15 05:32,2026-03-15 05:32
2026-03-12 06:00:00,"Fiesta de Ofertas de Primavera de Amazon: chollos en grandes marcas como Sony, L’Oréal o Skechers","elcorreo, elpais, google_news_es",3,3,0.634,47,"Estos son los súper descuentos que no puedes dejar escapar en la Fiesta de Ofertas de Primavera de Amazon | Fiesta de Ofertas de Primavera de Amazon: chollos en grandes marcas como Sony, L’Oréal o Skechers | Fiesta de Ofertas de Primavera de Amazon: chollos en grandes marcas como Sony, L’Oréal o Skechers - EL PAÍS",2026-03-15 05:32,2026-03-15 05:32
2026-03-12 06:00:00,El Ibex sufre con los 100 dólares que vuelve a tocar el petróleo,"elpais, expansion, google_news_es",3,3,0.529,39,"El Ibex sufre con los 100 dólares que vuelve a tocar el petróleo | Ibex 35 hoy, la Bolsa en Directo | El Ibex sufre con los 100 dólares que vuelve a tocar el petróleo - Expansión | El petróleo vuelve a tocar los 100 dólares el barril",2026-03-15 06:02,2026-03-15 06:02
2026-03-14 14:00:00,Muere el filósofo alemán Jürgen Habermas a los 96 años,"elmundo, elpais, europapress, google_news_internacional, heraldo_aragon, infolibre, lavanguardia, okdiario",8,9,0.603,100,"Muere el filósofo alemán Jürgen Habermas, a los 96 años | Muere a los 96 años el filósofo alemán Jürgen Habermas, el último gran intelectual de la vieja Alemania | Muere Jürgen Habermas a los 96 años, el filósofo que combatió la posverdad | Muere  a los 96 años el filósofo alemán Jürgen Habermas, la conciencia crítica de Europa | Muere el filósofo alemán Jürgen Habermas a los 96 años",2026-03-15 07:32,2026-03-15 07:32
2026-03-12 08:00:00,El Tribunal Supremo ordena a los Franco devolver el Pazo de Meirás al Estado,"20minutos, elcorreo, google_news_es, huffington_es, levante_emv, okdiario",6,7,0.596,89,El Tribunal Supremo ordena a los Franco devolver el Pazo de Meirás al Estado | El Tribunal Supremo desestima los recursos y ordena a la familia Franco devolver el pazo de Meirás al Estado | El Tribunal Supremo ordena a la familia Franco devolver al Estado el Pazo de Meirás | El Supremo confirma que la familia Franco debe devolver el Pazo de Meirás al Estado | El Tribunal Supremo ordena a los Franco devolver al Estado el Pazo de Meirás - RTVE.es,2026-03-15 08:02,2026-03-15 08:02
2026-03-12 08:00:00,El Supremo confirma la sentencia que ordena a los nietos de Franco devolver al Estado el Pazo de Meirás,"20minutos, eldiario, google_news_es, infolibre",4,6,0.611,61,El Supremo confirma la orden a los nietos de Franco de devolver al Estado el Pazo de Meirás - Cadena SER | El Supremo ordena a la familia de Franco devolver al Estado el Pazo de Meirás | El Supremo confirma la sentencia que ordena a los nietos de Franco devolver al Estado el Pazo de Meirás | El Supremo confirma la sentencia que ordena a los nietos de Franco devolver al Estado el Pazo de Meirás - elDiario.es | El Tribunal Supremo confirma la sentencia de la Audiencia de A Coruña que ordena a los nietos de Franco devolver al Estado el Pazo de Meirás | CGPJ - poderjudicial.es,2026-03-15 08:02,2026-03-15 08:02
2026-03-12 08:00:00,Muere un hombre tras recibir un disparo desde la calle cuando estaba en el balcón de su casa en Alicante,"20minutos, elconfidencial, elmundo, heraldo_aragon",4,5,0.589,58,Muere un hombre tras recibir un disparo desde la calle cuando estaba en el balcón de su casa en Alicante | Muere un hombre tiroteado desde la calle cuando estaba en el balcón de su casa | Muere tiroteado desde la calle cuando estaba en el balcón de su casa en Alicante | Muere un hombre tras recibir un disparo en una calle de Alicante | Muere un hombre al recibir un disparo desde la calle en el balcón de su casa en Alicante,2026-03-15 08:02,2026-03-15 08:02
2026-03-12 08:00:00,"Dimite René Redzepi, chef de Noma, por las acusaciones de malos tratos a sus empleados: ""Apuñalaba a la gente con un tenedor""","20minutos, elcorreo, huffington_es, levante_emv",4,6,0.524,52,"Dimite René Redzepi, chef de Noma, por las acusaciones de malos tratos a sus empleados: ""Apuñalaba a la gente con un tenedor"" | Dimite René Redzepi, chef de Noma, por acusaciones de maltrato a sus empleados: ""Apuñalaba con un tenedor"" | Dimite el chef de Noma por las acusaciones de malos tratos a sus empleados: ""Apuñalaba a la gente con tenedor"" | Pesadilla en la cocina: dimite René Redzepi, chef del restaurante Noma, tras denuncias por malos tratos a sus trabajadores | Dimite René Redzepi, chef y fundador del restaurante danés Noma, tras las denuncias por malos tratos a los empleados",2026-03-15 08:02,2026-03-15 08:02
2026-03-12 08:00:00,Muere un hombre tiroteado desde la calle cuando estaba en el balcón de su casa,"20minutos, elmundo, heraldo_aragon",3,3,0.74,55,Muere un hombre tras recibir un disparo desde la calle cuando estaba en el balcón de su casa en Alicante | Muere un hombre tiroteado desde la calle cuando estaba en el balcón de su casa | Muere tiroteado desde la calle cuando estaba en el balcón de su casa en Alicante,2026-03-15 08:32,2026-03-15 08:32
2026-03-12 08:00:00,Yolanda Díaz avanza que el Gobierno prohibirá los despidos por causas energéticas tras el alza del petróleo,"europapress, expansion, levante_emv",3,4,0.54,40,Yolanda Díaz avanza que el Gobierno prohibirá los despidos por causas energéticas | Yolanda Díaz apunta a la prohibición de despidos por causas energéticas entre las medidas del plan anticrisis del Gobierno | Yolanda Díaz avanza que el Gobierno prohibirá los despidos por causas energéticas tras el alza del petróleo | Díaz prohibirá los despidos por causas energéticas tras el alza del petróleo,2026-03-15 08:32,2026-03-15 08:32
2026-03-12 08:00:00,"Las víctimas del accidente de Adamuz estallan: el 20 de marzo se manifestarán en Huelva para exigir ""toda la verdad""","elconfidencial, elespanol, elmundo",3,3,0.504,37,"Las víctimas del accidente de Adamuz estallan: el 20 de marzo se manifestarán en Huelva para exigir ""toda la verdad"" | Las víctimas del accidente ferroviario de Adamuz convocan una manifestación para exigir que se conozca ""toda la verdad"" | La asociación de víctimas del accidente de Adamuz convoca una manifestación el 20 de marzo en Huelva",2026-03-15 08:32,2026-03-15 08:32
2026-03-12 08:00:00,El Tribunal Supremo ordena a los Franco devolver al Estado el Pazo de Meirás,"20minutos, elcorreo, google_news_es, huffington_es, infolibre, levante_emv, okdiario",7,9,0.594,100,El Tribunal Supremo ordena a los Franco devolver el Pazo de Meirás al Estado | El Tribunal Supremo desestima los recursos y ordena a la familia Franco devolver el pazo de Meirás al Estado | El Supremo ordena a la familia de Franco devolver al Estado el Pazo de Meirás | El Tribunal Supremo ordena a la familia Franco devolver al Estado el Pazo de Meirás | El Supremo confirma que la familia Franco debe devolver el Pazo de Meirás al Estado,2026-03-15 09:02,2026-03-15 09:02
2026-03-12 08:00:00,El Supremo confirma por unanimidad que el Pazo de Meirás es propiedad del Estado,"elespanol, elmundo, elpais, google_news_es",4,5,0.574,57,El Supremo confirma por unanimidad que el Pazo de Meirás es propiedad del Estado | El Supremo confirma que el Pazo de Meirás es propiedad del Estado | El Supremo confirma que el pazo de Meirás es propiedad del Estado | El Supremo confirma por unanimidad que la familia Franco debe devolver el Pazo de Meirás al Estado | El Supremo confirma por unanimidad que la familia Franco debe devolver el Pazo de Meirás al Estado - El Español,2026-03-15 09:02,2026-03-15 09:02
2026-03-12 08:00:00,Las exmonjas de Belorado abandonan el monasterio horas antes de su desahucio,"eldiario, google_news_es, levante_emv",3,3,0.606,45,Las exmonjas de Belorado abandonan el monasterio horas antes de su desahucio | Las exmonjas de Belorado abandonan el monasterio de Santa Clara antes de ser desahuciadas | Las exmonjas de Belorado abandonan el monasterio horas antes de su desahucio - La Voz de Galicia,2026-03-15 09:02,2026-03-15 09:02
2026-03-12 08:00:00,El Tribunal Supremo ordena a la familia Franco devolver al Estado el Pazo de Meirás,"20minutos, elcorreo, google_news_es, huffington_es, levante_emv, okdiario",6,7,0.519,77,El Tribunal Supremo ordena a los Franco devolver el Pazo de Meirás al Estado | El Tribunal Supremo desestima los recursos y ordena a la familia Franco devolver el pazo de Meirás al Estado | El Supremo ordena a la familia de Franco devolver al Estado el Pazo de Meirás | El Tribunal Supremo ordena a la familia Franco devolver al Estado el Pazo de Meirás | El Supremo confirma que la familia Franco debe devolver el Pazo de Meirás al Estado,2026-03-15 09:32,2026-03-15 09:32
2026-03-12 08:00:00,La Guardia Civil confirma que los restos óseos hallados en Hornachos son de Francisca Cadenas,"20minutos, elconfidencial, elespanol, elpais, europapress",5,6,0.61,76,"La Guardia Civil confirma que los restos óseos hallados este miércoles corresponden a Francisca Cadenas | La Guardia Civil confirma que los restos óseos hallados en Hornachos son de Francisca Cadenas | Los restos óseos hallados este miércoles en Hornachos son de Francisca Cadenas | La Guardia Civil confirma que los restos óseos hallados en Hornachos son de Francisca Cadenas, desaparecida en 2017 | La Guardia Civil confirma que los restos óseos hallados en Hornachos (Badajoz) corresponden a Francisca Cadenas",2026-03-15 09:32,2026-03-15 09:32
2026-03-12 08:00:00,El Supremo confirma que el Pazo de Meirás es propiedad del Estado,"elespanol, elmundo, elpais",3,4,0.594,44,El Supremo confirma por unanimidad que el Pazo de Meirás es propiedad del Estado | El Supremo confirma que el Pazo de Meirás es propiedad del Estado | El Supremo confirma que el pazo de Meirás es propiedad del Estado | El Supremo confirma por unanimidad que la familia Franco debe devolver el Pazo de Meirás al Estado,2026-03-15 09:32,2026-03-15 09:32
2026-03-12 10:00:00,La Guardia Civil confirma que los restos hallados en Hornachos son de Francisca Cadenas,"elcorreo, elmundo, google_news_es, heraldo_aragon, huffington_es, levante_emv",6,8,0.527,79,"La Guardia Civil confirma que los restos óseos hallados en Hornachos son de Francisca Cadenas, desaparecida en 2017 - Cadena SER | La Guardia Civil confirma que los restos hallados en Hornachos son de Francisca | Confirman que los restos hallados en Hornachos son de Francisca Cadenas, la mujer desaparecida en 2017 | La Guardia Civil confirma que los huesos hallados en Badajoz son de Francisca Cadenas, desaparecida en 2017 | La Guardia Civil confirma que los huesos hallados en Badajoz son de Francisca Cadenas, desparecida en 2017",2026-03-15 10:02,2026-03-15 10:02
2026-03-12 10:00:00,El CGPJ abre una nueva investigación a Peinado por una filtración del caso de Begoña Gómez,"huffington_es, infolibre, lavanguardia",3,3,0.951,71,El CGPJ abre una nueva investigación a Peinado por una filtración del caso de Begoña Gómez | El CGPJ abre una nueva investigación a Peinado por una filtración en el 'Caso Begoña Gómez' | El CGPJ abre una nueva investigación al juez Peinado por una filtración del caso de Begoña Gómez,2026-03-15 10:02,2026-03-15 10:02
2026-03-12 10:00:00,Yolanda Díaz compara a Feijóo con una lavadora vieja: “Su único programa es bajar impuestos”,"huffington_es, lavanguardia, okdiario",3,3,0.67,50,Yolanda Díaz suspende el examen antiodio de Sánchez: llama «lavadora vieja» a Feijóo y «señoro» a Aznar | Yolanda Díaz compara a Feijóo con &quot;una lavadora vieja&quot;: así lo explica | Yolanda Díaz compara a Feijóo con una lavadora vieja: “Su único programa es bajar impuestos”,2026-03-15 10:02,2026-03-15 10:02
2026-03-12 10:00:00,Euskadi y Canarias exigen a Sánchez una Conferencia de Presidentes urgente para hacer frente a la guerra,"elcorreo, elmundo_espana, levante_emv",3,4,0.598,44,El lehendakari exige a Sánchez una Conferencia de Presidentes urgente y rebajar del 21% al 5% el IVA de la energía en los hogares | Euskadi y Canarias exigen a Sánchez una Conferencia de Presidentes urgente para hacer frente a la guerra | Canarias y País Vasco piden a Pedro Sánchez una Conferencia de Presidentes urgente por la guerra de Irán | Canarias y Euskadi piden una Conferencia de Presidentes urgente por la guerra de Irán,2026-03-15 10:02,2026-03-15 10:02
2026-03-12 10:00:00,Canarias y Euskadi piden una Conferencia de Presidentes urgente por la guerra de Irán,"elcorreo, elmundo_espana, levante_emv",3,3,0.612,45,Euskadi y Canarias exigen a Sánchez una Conferencia de Presidentes urgente para hacer frente a la guerra | Canarias y País Vasco piden a Pedro Sánchez una Conferencia de Presidentes urgente por la guerra de Irán | Canarias y Euskadi piden una Conferencia de Presidentes urgente por la guerra de Irán,2026-03-15 10:32,2026-03-15 10:32
2026-03-12 10:00:00,"Morrissey cancela su concierto en Valencia por ""falta de sueño"" a causa del ruido de las Fallas: ""Está catatónico""","eldiario, elespanol, levante_emv",3,3,0.515,38,"Morrissey suspende su concierto en Valencia porque ""el ruido"" de las Fallas le impidió dormir | Morrissey cancela su concierto en València por no poder dormir debido al ruido de las Fallas | Morrissey cancela su concierto en Valencia por ""falta de sueño"" a causa del ruido de las Fallas: ""Está catatónico""",2026-03-15 10:32,2026-03-15 10:32
2026-03-12 10:00:00,"La acusada de llamar Begoño a Begoña Gómez declara que opinó sobre ""cosas ya publicadas""","20minutos, infolibre, lavanguardia, levante_emv",4,5,0.577,57,"La acusada de llamar Begoño a Begoña Gómez declara que opinó sobre ""cosas ya publicadas"" | La acusada por llamar trans a Begoña Gómez admite que usó un ""tono desafortunado"" pero aduce que opinó sobre ""cosas ya publicadas"" | La acusada por llamar trans a Begoña Gómez aduce que opinó sobre ""cosas que ya estaban publicadas"" | La acusada de llamar Begoño a Begoña Gómez declara que opinó sobre “cosas ya publicadas” | La acusada de llamar Begoño a Begoña Gómez admite que fue ""fruto de la improvisación""",2026-03-15 11:02,2026-03-15 11:02
2026-03-12 12:00:00,Morrissey suspende su concierto en Valencia por el &quot;ruido&quot; de Las Fallas que lo dejaron &quot;en un estado catatónico&quot;,"20minutos, elconfidencial, huffington_es",3,5,0.381,28,"Morrissey suspende su concierto en Valencia por el &quot;ruido&quot; de Las Fallas que lo dejaron &quot;en un estado catatónico&quot; | Valentina Bianchi, psicóloga: &quot;El pensamiento espontáneo es el principal motor del malestar emocional&quot; | Morrissey suspende su concierto en Valencia al no dormir por ""el ruido"": ""Está catatónico"" | Morrissey suspende su concierto de hoy en Valencia porque el ruido de las fallas le dejó ""en un estado catatónico"" | Morrissey suspende su concierto de este jueves en Valencia porque el ruido de las fallas le dejó ""en un estado catatónico""",2026-03-15 11:32,2026-03-15 11:32
2026-03-12 12:00:00,Detenido el enfermero de un instituto de Leganés por agredir sexualmente a seis menores,"europapress, lavanguardia, levante_emv",3,3,0.69,51,Detenido en Leganés un enfermero de instituto por presunta agresión sexual y corrupción de menores | Detenido el enfermero de un instituto de Leganés por agredir sexualmente a seis menores | Detenido el enfermero de un instituto de Leganés (Madrid) por agredir sexualmente a seis menores,2026-03-15 12:02,2026-03-15 12:02
2026-03-12 12:00:00,"Morrissey suspende su concierto de hoy en Valencia porque el ruido de las fallas le dejó ""en un estado catatónico""","20minutos, elconfidencial, huffington_es",3,4,0.545,40,"Morrissey suspende su concierto en Valencia por el &quot;ruido&quot; de Las Fallas que lo dejaron &quot;en un estado catatónico&quot; | Morrissey suspende su concierto en Valencia al no dormir por ""el ruido"": ""Está catatónico"" | Morrissey suspende su concierto de hoy en Valencia porque el ruido de las fallas le dejó ""en un estado catatónico"" | Morrissey suspende su concierto de este jueves en Valencia porque el ruido de las fallas le dejó ""en un estado catatónico""",2026-03-15 12:02,2026-03-15 12:02
2026-03-12 12:00:00,El Nobel de Arquitectura premia la «originalidad radical» del chileno Smiljan Radić Clarke,"elcorreo, google_news_es, lavanguardia",3,3,0.642,48,El Pritzker premia la frágil y radical originalidad del chileno Smiljan Radić | El Nobel de Arquitectura premia la «originalidad radical» del chileno Smiljan Radić Clarke | El Nobel de Arquitectura premia la «originalidad radical» del chileno Smiljan Radić Clarke - El Diario Vasco,2026-03-15 12:32,2026-03-15 12:32
2026-03-12 12:00:00,"David Villa, nuevo consejero del Atlético de Madrid","elcorreo, google_news_es, okdiario",3,3,0.63,47,"David Villa vuelve al Atlético de Madrid | David Villa, nuevo consejero del Atlético de Madrid | David Villa, nuevo consejero del Atlético de Madrid - Página oficial del Atlético de Madrid",2026-03-15 12:32,2026-03-15 12:32
2026-03-12 12:00:00,El nuevo líder supremo de Irán avisa de que el estrecho de Ormuz continuará cerrado,"eldiario, huffington_es, lavanguardia",3,4,0.571,42,"El nuevo líder supremo de Irán dice que Ormuz debe seguir cerrado para “presionar al enemigo” | El nuevo líder supremo de Irán promete el bloqueo de Ormuz “para presionar al enemigo” | El nuevo líder supremo de Irán, en su primer mensaje: ""Debemos bloquear el estrecho de Ormuz"" | El nuevo líder supremo de Irán avisa de que el estrecho de Ormuz continuará cerrado",2026-03-15 12:32,2026-03-15 12:32
2026-03-12 12:00:00,Cuerpo anuncia medidas fiscales para contener el precio de la energía y ayudas al campo y al transporte,"elespanol, elpais, europapress",3,3,0.382,28,Cuerpo anuncia medidas fiscales para contener el precio de la energía y ayudas al campo y al transporte | Cuerpo avanza que habrá medidas fiscales para el campo y el transporte sin concretar cuándo se aprobarán | Cuerpo no concreta las ayudas por la guerra aunque desliza que incluirá medidas fiscales para contener el precio de la luz,2026-03-15 12:32,2026-03-15 12:32
2026-03-14 10:00:00,‘Yo no moriré de amor’ y ‘El jardín que soñamos’ consiguen las Biznagas de Oro del festival de Málaga,"elmundo, elpais, google_news_es, levante_emv",4,5,0.59,58,"'Yo no moriré de amor' cumple los pronósticos y gana el Festival de Málaga | Yo no moriré de amor, ópera prima de Marta Matute, gana la Biznaga de Oro en un Festival de Málaga con sabor latino | ‘Yo no moriré de amor’ y ‘El jardín que soñamos’ consiguen las Biznagas de Oro del Festival de Málaga | ‘Yo no moriré de amor’ y ‘El jardín que soñamos’ consiguen las Biznagas de Oro del Festival de Málaga - EL PAÍS | ‘Yo no moriré de amor’ y ‘El jardín que soñamos’ consiguen las Biznagas de Oro del festival de Málaga",2026-03-15 15:02,2026-03-15 15:02
2026-03-15 14:00:00,Detenido un hombre por el presunto asesinato de su pareja en Cantabria,"elcorreo, elpais, europapress, heraldo_aragon",4,4,0.576,57,Detenido un hombre por el presunto asesinato de su pareja en Cantabria | Detenido un hombre por el presunto asesinato de su pareja en Pedreña (Cantabria) | La Guardia Civil detiene a un hombre por el presunto asesinato de su pareja en Cantabria | Detenido un hombre de 52 años por el presunto asesinato de su pareja en Pedreña,2026-03-15 16:02,2026-03-15 16:02
2026-03-14 18:00:00,"Bonoloto, sorteo de hoy sábado 14 de marzo de 2026 - La Vanguardia","20minutos, google_news_es, okdiario",3,5,0.492,36,"Bonoloto, sorteo de hoy sábado 14 de marzo de 2026 - La Vanguardia | Comprobar Bonoloto: resultados de este sábado 14 de marzo de 2026 | La Primitiva: comprobar los resultados del sorteo de hoy, sábado 14 de marzo - Diario AS | Comprobar Bonoloto: resultado y número premiado hoy, sábado 14 de marzo de 2026 | BONOLOTO | Comprueba el resultado del sorteo de hoy, sábado 14 de marzo de 2026, de la Bonoloto - LaSexta",2026-03-15 16:02,2026-03-15 16:02
2026-03-15 14:00:00,"LaLiga: FC Barcelona - Sevilla, en directo","elespanol, google_news_es, levante_emv",3,3,0.39,29,"LaLiga: FC Barcelona - Sevilla, en directo | FC Barcelona - Sevilla, en directo La Liga: resultado, goleadores y estadísticas en vivo | EN DIRECTO, EL FC BARCELONA VS SEVILLA FC DE LALIGA 2025/26 - Sevilla FC",2026-03-15 16:32,2026-03-15 16:32
2026-03-12 16:00:00,Iberia propone un ERE voluntario para casi 1.000 trabajadores de tierra y vuelo,"20minutos, elespanol, europapress",3,3,0.414,31,Iberia propone un ERE voluntario para casi 1.000 trabajadores de tierra y vuelo | Iberia comienza las negociaciones para un ERE voluntario dirigido a casi 1.000 trabajadores | Iberia plantea un ERE voluntario para 996 trabajadores de tierra y vuelo,2026-03-15 17:02,2026-03-15 17:02
2026-03-12 16:00:00,Iberia plantea un ERE voluntario para 996 trabajadores,"elespanol, levante_emv, okdiario",3,3,0.691,51,Iberia plantea un ERE voluntario para 996 trabajadores dentro de su transformación hacia 2030 | Iberia plantea un ERE voluntario para 996 trabajadores | Iberia plantea un ERE voluntario para 996 trabajadores de tierra y vuelo,2026-03-15 17:32,2026-03-15 17:32
2026-03-12 18:00:00,Dos cazas españoles interceptan dos aviones rusos en el espacio aéreo de Lituania,"europapress, huffington_es, lavanguardia, levante_emv",4,4,0.596,59,Los cazas españoles desplegados en Lituania interceptan dos bombarderos rusos | Cazas españoles en misión de la OTAN interceptan a dos aviones rusos que violaron el espacio aéreo de Lituania | Dos cazas españoles interceptan dos aviones rusos en el espacio aéreo de Lituania | Dos cazas españoles en misión de la OTAN interceptan a dos aviones rusos cerca de Lituania,2026-03-15 18:02,2026-03-15 18:02
2026-03-12 18:00:00,Abatido un hombre armado tras embestir un vehículo contra una sinagoga en Michigan,"20minutos, lavanguardia, levante_emv",3,4,0.512,38,Abatido un hombre armado tras embestir un vehículo contra una sinagoga en Michigan | Un hombre armado empotra su vehículo contra una sinagoga en Michigan | Un hombre armado embiste su vehículo contra una sinagoga en Estados Unidos | Abatido un hombre armado que embistió con su coche una sinagoga en Michigan,2026-03-15 18:02,2026-03-15 18:02
2026-03-15 12:00:00,"La participación en las elecciones de Castilla y León supera el 36,9% a las 14.00, un 2,2% más que en 2022","elcorreo, eldiario, elespanol, elpais",4,5,0.489,48,"La participación en las elecciones de Castilla y León a las 14.00 sube al 36,7%, dos puntos por encima de 2022 | Elecciones en Castilla y León 15M, en directo | La participación a las 14.00 sube 2,2 puntos y se sitúa en el 36,9% | La participación en Castilla y León a las 14.00 horas roza el 37%, dos puntos más que en 2022 | La participación en las elecciones de Castilla y León supera el 36,9% a las 14.00, un 2,2% más que en 2022 | La participación en las elecciones de Castilla y León es del 53% a las 18.00, un 1,44 más que en 2022",2026-03-15 18:32,2026-03-15 18:32
2026-03-15 10:00:00,España reubica temporalmente a su Grupo de Operaciones Especiales en Irak por la inestabilidad en la zona debido a la guerra en Irán,"20minutos, elespanol, elmundo_espana, europapress",4,4,0.539,53,"España reubica temporalmente a sus fuerzas especiales en Irak por la guerra | España reubica temporalmente a su Grupo de Operaciones Especiales en Irak por la inestabilidad en la zona debido a la guerra en Irán | España reubica ""temporalmente"" a las fuerzas especiales destacadas en Irak por la guerra en Irán | España reubica temporalmente a su Grupo de Operaciones Especiales en Irak por el deterioro de la seguridad",2026-03-15 19:02,2026-03-15 19:02
2026-03-15 12:00:00,"Un interventor de Vox increpa a Óscar Puente al grito de ""dimisión"" en un colegio electoral en Valladolid","20minutos, europapress, heraldo_aragon",3,3,0.639,47,"Un interventor de Vox increpa a Puente al grito de &quot;dimisión&quot; en un colegio electoral en Valladolid | Un interventor de Vox increpa a Óscar Puente al grito de ""dimisión"" en un colegio electoral en Valladolid | Óscar Puente es increpado por un apoderado de Vox en un colegio electoral de Valladolid: ""¡Dimisión!""",2026-03-15 19:02,2026-03-15 19:02
2026-03-12 18:00:00,"Feijóo responde a Abascal: ""A mí me daría vergüenza votar con el PSOE y Podemos en Extremadura""","eldiario, europapress, okdiario",3,3,0.591,44,"Feijóo responde a Abascal: ""A mí me daría vergüenza votar con el PSOE y Podemos en Extremadura"" | Feijóo endurece el tono contra Vox: «Me daría vergüenza votar con el PSOE y con Podemos en Extremadura» | Feijóo rechaza ""lecciones de patriotismo"" de Abascal: ""Me daría vergüenza votar con PSOE y Podemos en Extremadura""",2026-03-15 19:02,2026-03-15 19:02
2026-03-13 08:00:00,El Ibex pierde los 17.000 puntos con el petróleo por encima de los 100 dólares,"elcorreo, europapress, expansion, google_news_es, okdiario",5,5,0.446,55,"El Ibex pierde los 17.000 puntos con el petróleo por encima de los 100 dólares | El Ibex 35 pierde los 17.000 puntos tras abrir con una caída del 1%, con el petróleo ya en 102 dólares | El IBEX 35 se tambalea con el petróleo por encima de los 100$ - Finanzas.com | El Ibex pierde los 17.000 puntos | El Ibex 35 abre con una caída del 0,9% y pierde los 17.000 puntos por la guerra de Irán",2026-03-15 19:32,2026-03-15 19:32
2026-03-15 12:00:00,"Muere el guitarrista de Motörhead, Phil Campbell, a los 64 años","elmundo, lavanguardia, levante_emv",3,3,0.65,48,"Muere el guitarrista de Motörhead, Phil Campbell, a los 64 años | Muere el guitarrista de Motörhead, Phil Campbell, a los 64 años: ""El mundo acaba de perder un inmenso rayo de luz"" | Fallece Phil Campbell, guitarrista de Motörhead, a los 64 años",2026-03-15 19:32,2026-03-15 19:32
2026-03-12 20:00:00,"Comprobar Lotería Nacional, hoy jueves, en directo | Resultados y números premiados del sorteo del 12 de marzo","elespanol, elpais, google_news_es",3,4,0.535,40,"Lotería Nacional en directo: comprobar los resultados y premios del sorteo de hoy, jueves 12 de marzo - Diario AS | Lotería Nacional: comprobar sorteo del jueves 12 de marzo | Comprobar Lotería Nacional hoy, jueves | Resultados y números premiados del sorteo del 12 de marzo, en directo | Comprobar Lotería Nacional, hoy jueves, en directo | Resultados y números premiados del sorteo del 12 de marzo",2026-03-15 19:32,2026-03-15 19:32
2026-03-13 08:00:00,"La inflación se mantuvo en el 2,3% en febrero, pero los alimentos subieron un 3,2% a las puertas de la cris... - ABC","google_news_es, infolibre, lavanguardia",3,3,0.511,38,"La inflación se mantuvo en el 2,3% en febrero debido a la bajada de la luz | La inflación se mantuvo en el 2,3% en febrero, pero los alimentos subieron un 3,2% a las puertas de la cris... - ABC | La inflación se mantuvo en el 2,3% en febrero, justo antes del ataque a Irán",2026-03-15 19:32,2026-03-15 19:32
2026-03-15 12:00:00,Casi la mitad de los empresarios españoles rediseña sus planes de negocio ante la incertidumbre geopolítica - PressDigital,"google_news_economia, google_news_es, okdiario",3,3,0.682,51,El 44% de los empresarios españoles rediseña sus planes de negocio por la guerra de Irán | Casi la mitad de los empresarios españoles rediseña sus planes de negocio ante la incertidumbre geopolítica - PressDigital | Economía.- Casi la mitad de los empresarios españoles rediseña sus planes de negocio ante la incertidumbre geopolítica - Bolsamania,2026-03-15 20:02,2026-03-15 20:02
2026-03-12 20:00:00,"Bonoloto: comprobar el resultado del sorteo de hoy, jueves 12 de marzo de 2026","google_news_es, levante_emv, okdiario",3,4,0.503,37,"Bonoloto: comprobar el resultado del sorteo de hoy, jueves 12 de marzo de 2026 | Sorteo Bonoloto del jueves 12 de marzo de 2026 | Comprobar La Primitiva: resultado del sorteo de hoy, jueves 12 de marzo de 2026 - La Razón | Bonoloto: comprobar sorteo del jueves 12 de marzo - EL PAÍS",2026-03-15 20:02,2026-03-15 20:02
2026-03-12 20:00:00,"Lotería Nacional en directo: comprobar los resultados y premios del sorteo de hoy, jueves 12 de marzo - Diario AS","elespanol, elpais, google_news_es",3,3,0.446,33,"Lotería Nacional en directo: comprobar los resultados y premios del sorteo de hoy, jueves 12 de marzo - Diario AS | Lotería Nacional: comprobar sorteo del jueves 12 de marzo | Comprobar Lotería Nacional hoy, jueves | Resultados y números premiados del sorteo del 12 de marzo, en directo",2026-03-15 20:02,2026-03-15 20:02
2026-03-12 22:00:00,Un hombre vinculado al Estado Islámico mata a una persona en una universidad de Estados Unidos,"elespanol, google_news_es, levante_emv",3,3,0.762,57,Un hombre vinculado al Estado Islámico mata a una persona en una universidad de Virginia: se investiga como terrorismo | Un hombre vinculado al Estado Islámico mata a una persona en una universidad de Estados Unidos | Un hombre vinculado al Estado Islámico mata a una persona en una universidad de Estados Unidos - El Periódico,2026-03-15 21:32,2026-03-15 21:32
2026-03-12 22:00:00,"El Gobierno de Venezuela firma un acuerdo con Repsol para ""garantizar el suministro de gas""","elespanol, google_news_es, levante_emv",3,3,0.765,57,"El Gobierno de Venezuela firma un acuerdo con Repsol para ""garantizar el suministro de gas"" - RTVE.es | El Gobierno de Venezuela firma un acuerdo con Repsol para ""garantizar el suministro de gas"" | El Gobierno de Venezuela firma un acuerdo con Repsol para explotar un campo de gas y ""garantizar el suministro""",2026-03-15 22:32,2026-03-15 22:32
2026-03-12 22:00:00,Seis soldados franceses heridos en ataque con drones en Irak - dw.com,"elmundo_internacional, google_news_es, levante_emv",3,4,0.548,41,Heridos seis soldados franceses en un ataque con drones en una base en el norte de Irak | Seis soldados franceses resultan heridos en el norte de Irak por un ataques con drones | Seis soldados franceses heridos en ataque con drones en Irak - dw.com | Seis soldados franceses heridos en ataque con drones en Irak - DW.com,2026-03-15 22:32,2026-03-15 22:32
2026-03-13 10:00:00,"Detenido el presidente de la Cámara de Comercio de Alicante, Carlos Baño","20minutos, elespanol, levante_emv",3,4,0.769,57,"Detenido el presidente de la Cámara de Comercio de Alicante, Carlos Baño, por un caso de corrupción | Detenido el presidente de la Cámara de Comercio de Alicante, Carlos Baño | Detenido el presidente de la Cámara de Comercio de Alicante, Carlos Baño, por un supuesto delito de corrupción | El presidente de la Cámara de Alicante, Carlos Baño, detenido por la gestión de los bono comercio",2026-03-16 00:02,2026-03-16 00:02
2026-03-14 10:00:00,Confinados dos pueblos de Soria por el accidente de un camión con mercancías peligrosas,"20minutos, eldiario, okdiario",3,4,0.744,55,Confinan dos pueblos de Soria por el incendio de un camión con mercancías peligrosas en un accidente con dos heridos | Confinan dos pueblos de Soria por el incendio de un camión con mercancías peligrosas | Confinados dos pueblos de Soria por el accidente de un camión con mercancías peligrosas | Confinados de madrugada dos pueblos de Soria por el accidente de un camión con mercancías peligrosas,2026-03-16 01:02,2026-03-16 01:02
2026-03-14 10:00:00,Se derrumba por completo una de las torres defensivas del castillo de Escalona (Toledo),"eldiario, elespanol, elmundo",3,3,0.558,41,"Se derrumba la torre del Castillo de Escalona, en Toledo | Se derrumba parte del castillo de Escalona en Toledo, sin heridos | Se derrumba por completo una de las torres defensivas del castillo de Escalona (Toledo)",2026-03-16 01:02,2026-03-16 01:02
2026-03-15 20:00:00,Bonoloto: comprobar sorteo del domingo 15 de marzo - EL PAÍS,"elcorreo, elpais, google_news_es",3,4,0.497,37,Gordo de la Primitiva: sorteo del domingo 15 de marzo | Sueldazo de la ONCE: comprobar sorteo del domingo 15 de marzo - EL PAÍS | Bonoloto: comprobar sorteo del domingo 15 de marzo - EL PAÍS | El Gordo de la Primitiva del domingo: comprobar resultados del 15 de marzo,2026-03-16 01:02,2026-03-16 01:02
2026-03-14 20:00:00,El juez envía a prisión provisional a los dos hermanos detenidos por la muerte de Francisca Cadenas,"elcorreo, eldiario, europapress, google_news_es, heraldo_aragon, levante_emv",6,7,0.647,97,Prisión provisional para los dos hermanos detenidos por la muerte de Francisca Cadenas | Prisión provisional sin fianza para los dos hermanos detenidos por el crimen de Francisca Cadenas en Hornachos | El juez ordena prisión provisional sin fianza para los hermanos detenidos por la muerte de Francisca Cadenas | El juez ordena prisión provisional sin fianza para los hermanos detenidos por la muerte de Francisca Cadenas - elDiario.es | El juez decreta prisión provisional para los dos hermanos detenidos por la muerte de Francisca Cadenas - Onda Cero,2026-03-16 02:02,2026-03-16 02:02
2026-03-15 22:00:00,La espectacular alfombra roja de los Premios Oscar,"bbc_mundo, eldiario, lavanguardia, levante_emv",4,5,0.511,51,"Javier Bardem luce el lema 'No a la guerra' en la alfombra roja de los premios Oscar | Javier Bardem aparece con la mítica insignia del 'No a la guerra' en la alfombra roja de los Oscar | Las estrellas de Hollywood llegan a la alfombra roja de los premios Oscar 2026 | La espectacular alfombra roja de los Premios Oscar, al completo | La espectacular alfombra roja de los Premios Oscar",2026-03-16 02:02,2026-03-16 02:02
2026-03-13 04:00:00,Una milicia proiraní de Irak reivindica haber derribado el avión cisterna perdido por EEUU,"europapress, france24_es, google_news_es",3,3,0.539,40,Milicia proiraní en Irak reivindica ataque a avión de EE.UU. - DW.com | Milicia proiraní en Irak amenaza con atacar intereses franceses en la región | Una milicia proiraní de Irak reivindica haber derribado el avión cisterna perdido por EEUU,2026-03-16 03:32,2026-03-16 03:32
2026-03-15 22:00:00,Ganadores de los Premios Oscar 2026: lista de premiados y nominados,"bbc_mundo, eldiario, google_news_es, huffington_es, levante_emv",5,5,0.537,67,Oscar 2026: esta es la lista de ganadores de los premios de la Academia de Hollywood | Ganadores premios Oscar 2026: lista completa de premiados por categoría | Ganadores de los Premios Oscar 2026: lista de premiados y nominados | Los ganadores de los Premios Oscar 2026 - EL PAÍS | Premios Oscar 2026: lista completa de ganadores,2026-03-16 04:02,2026-03-16 04:02
2026-03-13 04:00:00,10 chollos en electrónica y tecnología que no puedes dejar pasar en la Fiesta de Ofertas de Primavera de Amazon,"elpais, google_news_es, lavanguardia",3,3,0.644,48,"10 chollos en electrónica y tecnología que no puedes dejar pasar en la Fiesta de Ofertas de Primavera de Amazon | 10 chollos en electrónica y tecnología que no puedes dejar pasar en la Fiesta de Ofertas de Primavera de Amazon - EL PAÍS | Mejores chollos de hoy, cuarto día de la Fiesta de Ofertas de Primavera de Amazon",2026-03-16 04:02,2026-03-16 04:02
2026-03-13 08:00:00,"La inflación se mantuvo en el 2,3% en febrero debido a la bajada de la luz","google_news_es, infolibre, lavanguardia",3,3,0.457,34,"La inflación se mantuvo en el 2,3% en febrero debido a la bajada de la luz | La inflación se mantuvo en el 2,3% en febrero, pero los alimentos subieron un 3,2% a las puertas de la cris... - ABC | La inflación se mantuvo en el 2,3% en febrero, justo antes del ataque a Irán",2026-03-16 07:32,2026-03-16 07:32
2026-03-13 08:00:00,Alcaraz alcanza sus quintas semifinales en Indian Wells,"20minutos, elcorreo, eldiario, okdiario",4,4,0.53,52,Cuándo es el Carlos Alcaraz – Medvedev: horario y canal para ver por TV gratis en directo las semifinales de Indian Wells 2026 | Alcaraz - Medvédev: horario y dónde ver el partido de semifinales de Indian Wells 2026 por TV | Carlos Alcaraz en estado puro: se disfraza de abeja para celebrar su pase a semifinales de Indian Wells | Alcaraz alcanza sus quintas semifinales en Indian Wells,2026-03-16 08:02,2026-03-16 08:02
2026-03-13 08:00:00,El Ibex pierde los 17.000 puntos,"elcorreo, europapress, expansion",3,3,0.616,46,"El Ibex pierde los 17.000 puntos con el petróleo por encima de los 100 dólares | El Ibex 35 pierde los 17.000 puntos tras abrir con una caída del 1%, con el petróleo ya en 102 dólares | El Ibex pierde los 17.000 puntos",2026-03-16 08:02,2026-03-16 08:02
2026-03-14 10:00:00,Cae la torre de un castillo medieval en Toledo sin causar heridos,"elcorreo, elpais, lavanguardia",3,3,0.474,35,Cae la torre de un castillo medieval en Toledo sin causar heridos | Se derrumba una torre del castillo de Escalona (Toledo) sin causar daños personales | Se derrumba parte del castillo de Escalona sin causar heridos,2026-03-16 08:02,2026-03-16 08:02
2026-03-13 08:00:00,Detenida una mujer por prender fuego a su marido en Chiva,"elpais, europapress, lavanguardia",3,4,0.836,62,Detenida una mujer acusada de prender fuego a su marido en Chiva | Detenida una mujer por prender fuego a su marido en Chiva | Detenida una mujer por prender fuego a su marido en Chiva | Detenida una mujer por prender fuego a su marido en Chiva (Valencia) rociándole con líquido inflamable mientras dormía,2026-03-16 08:32,2026-03-16 08:32
2026-03-13 08:00:00,La segunda mujer que acusa a Errejón por violación no ratifica su denuncia ante la jueza,"eldiario, elpais, google_news_es, huffington_es",4,4,0.594,59,La segunda mujer que acusaba a Errejón de agredirla sexualmente no ratifica la denuncia ante la jueza | La segunda mujer que denunció a Errejón no se ratifica ante la jueza por temor a las consecuencias del proceso | La segunda mujer que acusa a Errejón por violación no ratifica su denuncia ante la jueza | La segunda mujer que acusa a Errejón por violación no ratifica su denuncia ante la jueza - EL PAÍS,2026-03-16 08:32,2026-03-16 08:32
2026-03-13 08:00:00,"Muere Enric Reyna, expresidente del FC Barcelona y constructor, a los 85 años","elpais, lavanguardia, okdiario",3,4,0.495,37,"Muere a los 85 años Enric Reyna, el ex presidente del Barcelona que precedió a Laporta | Muere el expresidente del FC Barcelona Enric Reyna a los 85 años | Muere Enric Reyna, expresidente del FC Barcelona y constructor, a los 85 años | Muere Enric Reyna, referente de la construcción y ex presidente de Fira",2026-03-16 08:32,2026-03-16 08:32
2026-03-13 08:00:00,Cuándo es el Carlos Alcaraz – Medvedev: horario y canal para ver por TV gratis en directo las semifinales de Indian Wells 2026,"20minutos, eldiario, okdiario",3,3,0.451,33,Cuándo es el Carlos Alcaraz – Medvedev: horario y canal para ver por TV gratis en directo las semifinales de Indian Wells 2026 | Alcaraz - Medvédev: horario y dónde ver el partido de semifinales de Indian Wells 2026 por TV | Carlos Alcaraz en estado puro: se disfraza de abeja para celebrar su pase a semifinales de Indian Wells,2026-03-16 08:32,2026-03-16 08:32
2026-03-13 08:00:00,La segunda denunciante de Errejón por agresión sexual no se ratifica ante el juez por «un ataque de pánico»,"20minutos, lavanguardia, okdiario",3,3,0.386,28,La segunda denunciante de Errejón por agresión sexual no se ratifica ante el juez por «un ataque de pánico» | La segunda denunciante de Errejón no ratifica la denuncia: su abogado dice que ha sufrido un ataque de pánico | La segunda mujer que acusó a Íñigo Errejón por agresión sexual no ratifica la denuncia en el juzgado,2026-03-16 08:32,2026-03-16 08:32
2026-03-13 08:00:00,La segunda mujer que denunció a Íñigo Errejón por presunta agresión sexual no se ratifica ante la jueza,"europapress, huffington_es, lavanguardia",3,3,0.389,29,La segunda mujer que denunció a Íñigo Errejón por presunta agresión sexual no se ratifica ante la jueza | La segunda mujer que denunció a Errejón no se ratifica ante la jueza por temor a las consecuencias del proceso | La segunda mujer que acusó a Íñigo Errejón por agresión sexual no ratifica la denuncia en el juzgado,2026-03-16 09:02,2026-03-16 09:02
2026-03-13 10:00:00,"La OTAN intercepta un tercer misil iraní en Turquía, muy cerca de la base aérea donde hay un contingente español","elmundo, google_news_es, huffington_es, okdiario",4,4,0.653,65,"La OTAN intercepta un tercer misil iraní en Turquía, muy cerca de la base aérea donde hay un contingente español - El Mundo | La OTAN derriba un tercer misil iraní dirigido contra la base de Turquía que acoge al contingente español | La OTAN intercepta un tercer misil iraní en Turquía, cerca de la base donde hay contingentes españoles | La OTAN intercepta un tercer misil iraní en Turquía, muy cerca de la base aérea donde hay un contingente español",2026-03-16 09:32,2026-03-16 09:32
2026-03-16 08:00:00,"Detenido un concejal de Altea, de Compromís, por abofetear y causar lesiones a su pareja","elconfidencial, heraldo_aragon, huffington_es, infolibre, levante_emv",5,5,0.671,83,"Detenido un concejal de Altea, de Compromís, por abofetear y causar lesiones a su pareja | Detenido un concejal de Altea por abofetear y causar lesiones a su pareja | Detenido un concejal de Altea, de Compromís, por agredir y causar lesiones a su pareja | Detenido un concejal de Altea, de Compromís, por agredir a su pareja | Detenido un concejal de Altea (Compromís) acusado de abofetear y causar lesiones a su pareja",2026-03-16 10:02,2026-03-16 10:02
2026-03-13 10:00:00,La Justicia deniega a la Fundación Francisco Franco cautelarísimas para paralizar su ilegalización,"elpais, europapress, lavanguardia",3,3,0.88,65,La justicia deniega a la Fundación Franco cautelarísimas para paralizar su ilegalización | La Justicia deniega a la Fundación Francisco Franco cautelarísimas para paralizar su ilegalización | El TSJM deniega a la Fundación Francisco Franco cautelarísimas para paralizar su ilegalización,2026-03-16 10:02,2026-03-16 10:02
2026-03-13 10:00:00,La Justicia rechaza la petición de la Fundación Francisco Franco para frenar su ilegalización,"elcorreo, eldiario, elpais",3,5,0.717,53,El Tribunal Superior rechaza las cautelarísimas a la Fundación Francisco Franco para frenar su ilegalización | La Justicia rechaza la petición de la Fundación Francisco Franco de paralizar su ilegalización | La Justicia rechaza la petición de la Fundación Francisco Franco de suspender de urgencia su ilegalización | La Justicia rechaza frenar la ilegalización de la Fundación Francisco Franco | La Justicia rechaza la petición de la Fundación Francisco Franco para frenar su ilegalización,2026-03-16 10:02,2026-03-16 10:02
2026-03-16 08:00:00,UniCredit lanza una OPA de 35.000 millones de euros sobre Commerzbank para superar el 30% de la propiedad,"eldiario, elmundo, expansion, lavanguardia",4,4,0.445,44,UniCredit lanza una OPA de 35.000 millones de euros sobre Commerzbank para superar el 30% de la propiedad | UniCredit lanza una opa sobre Commerzbank por 35.000 millones de euros | Unicredit lanza una oferta de compra de 35.000 millones de euros sobre Commerzbank para alcanzar una participación de control | La italiana Unicredit lanza una opa para superar el 30% en Commerzbank,2026-03-16 10:02,2026-03-16 10:02
2026-03-13 10:00:00,"La OTAN intercepta un tercer misil iraní en Turquía, muy cerca de la base aérea donde hay un contingente español - El Mundo","google_news_es, huffington_es, okdiario",3,3,0.578,43,"La OTAN intercepta un tercer misil iraní en Turquía, muy cerca de la base aérea donde hay un contingente español - El Mundo | La OTAN derriba un tercer misil iraní dirigido contra la base de Turquía que acoge al contingente español | La OTAN intercepta un tercer misil iraní en Turquía, cerca de la base donde hay contingentes españoles",2026-03-16 10:02,2026-03-16 10:02
2026-03-13 10:00:00,"Cuba confirma ""conversaciones"" con EEUU para tratar problemas ""que necesitan soluciones""","20minutos, google_news_es, levante_emv",3,4,0.439,32,"Cuba confirma ""conversaciones"" con EEUU para tratar problemas ""que necesitan soluciones"" | Cuba confirma conversaciones con EEUU para tratar problemas bilaterales: ""Hace tres meses que en el país no entra combustible"" | El Gobierno cubano confirma ""conversaciones"" con EEUU para buscar soluciones al bloqueo - LaSexta | Cuba confirma ""conversaciones"" con representantes de EEUU",2026-03-16 10:02,2026-03-16 10:02
2026-03-13 10:00:00,"Detenido el presidente de la Cámara de Comercio de Alicante, Carlos Baño, en la investigación de los bonos comercio","20minutos, elcorreo, elmundo, europapress, infolibre, lavanguardia",6,6,0.52,78,"Detienen al presidente de la Cámara de Comercio de Alicante por la gestión de los bonos comercio en varios municipios | La Policía detiene al presidente de la Cámara de Comercio de Alicante por la gestión de los bono comercio | Detenido el presidente de la Cámara de Comercio de Alicante, Carlos Baño | Detienen al presidente de la Cámara de Comercio de Alicante por supuesta corrupción | Detenido el presidente de la Cámara de Comercio de Alicante, Carlos Baño, en la investigación de los bonos comercio",2026-03-16 10:32,2026-03-16 10:32
2026-03-13 10:00:00,"La segunda mujer que denunció a Errejón no se ratifica, lo que aboca a archivar la causa","elcorreo, heraldo_aragon, infolibre",3,3,0.907,68,"La segunda mujer que denunció a Errejón no se ratifica, lo que aboca a archivar la causa | La segunda mujer que denunció a Errejón no ratifica la denuncia y aboca al archivo de la causa | La segunda mujer que denunció a Errejón no se ratifica por un ataque de pánico",2026-03-16 10:32,2026-03-16 10:32
2026-03-15 16:00:00,"La participación a las 18.00 horas en Castilla y León se sitúa en el 53%, un punto y medio más que en 2022","elcorreo, eldiario, elmundo, elpais",4,5,0.504,50,"La participación electoral en Castilla y León rozaba el 53,2% a las 18:00 horas, un punto y medio más | Elecciones en Castilla y León 15M, en directo | La participación a las 18.00 sube un punto y medio y se sitúa en el 53,18% | La participación a las 18.00 horas en Castilla y León se sitúa en el 53%, un punto y medio más que en 2022 | La participación electoral en Castilla y León llega al 52,7% a las 18:00 horas, un punto más | La participación en Castilla y León a las 18.00 horas supera el 53%, un punto y medio más que en 2022",2026-03-16 10:32,2026-03-16 10:32
2026-03-13 10:00:00,"Detenido el presidente de la Cámara de Comercio de Alicante, Carlos Baño, por un caso de corrupción","20minutos, elespanol, levante_emv",3,3,0.678,50,"Detenido el presidente de la Cámara de Comercio de Alicante, Carlos Baño, por un caso de corrupción | Detenido el presidente de la Cámara de Comercio de Alicante, Carlos Baño, por un supuesto delito de corrupción | El presidente de la Cámara de Alicante, Carlos Baño, detenido por la gestión de los bono comercio",2026-03-16 10:32,2026-03-16 10:32
2026-03-13 10:00:00,Detienen al presidente de la Cámara de Comercio de Alicante por la gestión de los bonos comercio en varios municipios,"elcorreo, elmundo, europapress, infolibre, lavanguardia",5,5,0.486,60,"Detienen al presidente de la Cámara de Comercio de Alicante por la gestión de los bonos comercio en varios municipios | La Policía detiene al presidente de la Cámara de Comercio de Alicante por la gestión de los bono comercio | Detienen al presidente de la Cámara de Comercio de Alicante por supuesta corrupción | Detenido el presidente de la Cámara de Comercio de Alicante, Carlos Baño, en la investigación de los bonos comercio | Detienen al jefe de la Cámara de Comercio de Alicante por el caso “bono comercio”",2026-03-16 11:02,2026-03-16 11:02
2026-03-13 10:00:00,La jueza cita a declarar como querellado a Miguel Ángel Rodríguez por filtrar datos de periodistas,"elconfidencial, google_news_es, heraldo_aragon, infolibre",4,4,0.602,60,La jueza cita a declarar como querellado a Miguel Ángel Rodríguez por filtrar datos de periodistas | La jueza cita como imputado a Miguel Ángel Rodríguez por filtrar datos de periodistas | La jueza cita a declarar como querellado a Miguel Ángel Rodríguez por difundir datos de dos periodistas - RTVE.es | La jueza cita a Miguel Ángel Rodríguez como querellado por filtrar datos de periodistas,2026-03-16 11:32,2026-03-16 11:32
2026-03-13 12:00:00,El hermano menor de los detenidos en Hornachos (Badajoz) confiesa el crimen de Francisca Cadenas,"europapress, google_news_es, lavanguardia",3,4,0.725,54,El hermano menor de los detenidos en Hornachos (Badajoz) confiesa el asesinato de Francisca Cadenas - Cadena SER | El hermano menor de los detenidos en Hornachos confiesa el crimen de Francisca Cadenas - vozpopuli.com | El hermano menor de los detenidos en Hornachos confiesa el crimen de Francisca Cadenas | El hermano menor de los detenidos en Hornachos (Badajoz) confiesa el crimen de Francisca Cadenas,2026-03-16 11:32,2026-03-16 11:32
2026-03-13 12:00:00,Una jueza cita como investigado a Miguel Ángel Rodríguez por filtrar datos de dos periodistas de EL PAÍS,"elcorreo, elpais, google_news_es",3,4,0.735,55,La jueza cita como querellado a Miguel Ángel Rodríguez por revelar datos de dos periodistas de 'El País' - Cadena SER | La jueza cita el 6 de mayo como imputado a Miguel Ángel Rodríguez por difundir datos de dos periodistas | Una jueza cita como investigado a Miguel Ángel Rodríguez por filtrar datos de dos periodistas de EL PAÍS | Una jueza cita como investigado a Miguel Ángel Rodríguez por filtrar datos de dos periodistas de EL PAÍS - EL PAÍS,2026-03-16 12:02,2026-03-16 12:02
2026-03-13 12:00:00,"El Gobierno cubano confirma ""conversaciones"" con representantes de EEUU en La Habana","elmundo, huffington_es, infolibre",3,3,0.708,53,"El Gobierno cubano confirma ""conversaciones"" con representantes de EEUU en La Habana | El Gobierno cubano confirma ""conversaciones"" con representantes de Estados Unidos | El Gobierno cubano confirma &quot;conversaciones&quot;con representantes de EEUU",2026-03-16 12:02,2026-03-16 12:02
2026-03-13 12:00:00,Estado Unidos afirma que el nuevo líder supremo iraní está “herido” y “desfigurado”,"google_news_es, huffington_es, lavanguardia, levante_emv",4,7,0.555,55,"EEUU afirma que el nuevo líder supremo de Irán está herido y ""posiblemente desfigurado"" | EE.UU. afirma que el nuevo líder supremo iraní está «herido» y «desfigurado» - EFE Noticias | EE.UU. afirma que el nuevo líder supremo iraní está «herido» y «desfigurado» - EFE - Agencia de noticias | Estado Unidos afirma que el nuevo líder supremo iraní está “herido” y “desfigurado” | Estados Unidos afirma que el nuevo líder supremo iraní está “herido” y “desfigurado”",2026-03-16 12:32,2026-03-16 12:32
2026-03-16 10:00:00,El TSJ valenciano rechaza investigar a Carlos Mazón por la gestión de la dana,"elconfidencial, elcorreo, elespanol, elpais",4,4,0.52,52,El TSJ rechaza investigar a Mazón por la gestión de la dana | El TSJ valenciano rechaza investigar a Mazón porque no hay indicios de que influyese en el ES-Alert | El TSJ valenciano rechaza por unanimidad imputar a Mazón por la gestión de la dana y decreta el archivo | El TSJ valenciano rechaza investigar a Carlos Mazón por la gestión de la dana,2026-03-16 12:32,2026-03-16 12:32
2026-03-13 12:00:00,El hermano menor de los detenidos en Hornachos confiesa el crimen de Francisca Cadenas,"europapress, google_news_es, lavanguardia",3,5,0.69,51,El hermano menor de los detenidos en Hornachos (Badajoz) confiesa el asesinato de Francisca Cadenas - Cadena SER | El hermano menor de los detenidos en Hornachos confiesa el crimen de Francisca Cadenas - vozpopuli.com | El hermano menor de los dos detenidos en Hornachos confiesa el crimen de Francisca Cadenas - La Voz de Galicia | El hermano menor de los detenidos en Hornachos confiesa el crimen de Francisca Cadenas | El hermano menor de los detenidos en Hornachos (Badajoz) confiesa el crimen de Francisca Cadenas,2026-03-16 12:32,2026-03-16 12:32
2026-03-13 12:00:00,El Gobierno de Aragón se persona como parte perjudicada en el caso Forestalia,"elmundo_espana, heraldo_aragon, lavanguardia",3,3,0.615,46,El Gobierno de Aragón se persona como parte perjudicada en el caso Forestalia | El Gobierno de Aragón se persona como parte perjudicada en el caso Forestalia ante la investigación de la UCO | El Gobierno de Aragón se persona como &quot;perjudicado&quot; en el caso Forestalia,2026-03-16 12:32,2026-03-16 12:32
2026-03-15 18:00:00,Quién ha ganado las elecciones de Castilla y León 2026,"20minutos, europapress, okdiario",3,6,0.565,42,¿Quién ha ganado las elecciones en Castilla y León 2026? | Resultados de Palencia en las elecciones de Castilla y León 2026: quién ha ganado en la provincia | Resultados de Salamanca en las elecciones de Castilla y León 2026: consulta quién ha ganado | Resultados de Soria en las elecciones de Castilla y León 2026: quién ha ganado en la provincia | Resultados de León en las elecciones de Castilla y León 2026: consulta quién ha ganado,2026-03-16 12:32,2026-03-16 12:32
2026-03-13 12:00:00,Uno de los dos detenidos por la muerte de Francisca Cadenas confiesa el crimen,"20minutos, elmundo, elpais",3,3,0.513,38,Uno de los dos detenidos por la muerte de Francisca Cadenas confiesa el crimen | Uno de los dos hermanos acusados del homicidio de Francisca Cadenas confiesa el crimen en solitario | Uno de los dos detenidos confiesa el crimen en 2017 de Francisca Cadenas y exculpa a su hermano,2026-03-16 12:32,2026-03-16 12:32
2026-03-13 12:00:00,EE.UU. afirma que el nuevo líder supremo iraní está «herido» y «desfigurado» - EFE Noticias,"google_news_es, heraldo_aragon, levante_emv",3,4,0.497,37,"EEUU afirma que el nuevo líder supremo de Irán está herido y ""posiblemente desfigurado"" | El jefe del Pentágono afirma que el nuevo líder supremo de Irán quedó &quot;desfigurado&quot; | EE.UU. afirma que el nuevo líder supremo iraní está «herido» y «desfigurado» - EFE Noticias | EE.UU. afirma que el nuevo líder supremo iraní está «herido» y «desfigurado» - EFE - Agencia de noticias",2026-03-16 13:02,2026-03-16 13:02
2026-03-16 10:00:00,"Abascal anuncia un futuro de pactos con el PP: «Vamos a gobernar en Extremadura, Aragón y Castilla y León»","20minutos, lavanguardia, okdiario",3,3,0.305,22,"Abascal anuncia un futuro de pactos con el PP: «Vamos a gobernar en Extremadura, Aragón y Castilla y León» | Abascal se recompone y reta a Feijóo: “Vamos a gobernar en las tres regiones” | Vox ve ""un camino"" para ""avanzar"" hacia acuerdos con el PP en Castilla y León, Extremadura y Aragón",2026-03-16 13:32,2026-03-16 13:32
2026-03-16 10:00:00,"El audio de la UCO en el que los asesinos de Francisca Cadenas revelan su ""obsesión"": ""La tenías que - LaSexta","20minutos, google_news_es, okdiario",3,3,0.521,39,"El audio de la UCO en el que los asesinos de Francisca Cadenas revelan su ""obsesión"": ""La tenías que - LaSexta | Los asesinos de Francisca Cadenas destruyeron y tiraron sus móviles a la basura al verse cercados por la UCO | El psiquiatra José Cabrera, sobre los asesinos de Francisca Cadenas: ""Tendrían que haber nacido en las cavernas de Altamira""",2026-03-16 14:02,2026-03-16 14:02
2026-03-16 10:00:00,Zelenski visitará España el próximo miércoles y se reunirá con Sánchez en La Moncloa,"20minutos, elmundo_espana, heraldo_aragon, levante_emv",4,4,0.823,82,Zelenski visitará España este miércoles y se reunirá con Sánchez | Zelenski visitará España el próximo miércoles y se reunirá con Sánchez en La Moncloa | Zelenski visitará España el miércoles y se reunirá con Sánchez en Moncloa | Zelenski visitará España el próximo miércoles y se reunirá con Sánchez,2026-03-16 14:32,2026-03-16 14:32
2026-03-15 22:00:00,Ganadores premios Oscar 2026: lista completa de premiados por categoría,"bbc_mundo, eldiario, google_news_es, huffington_es, levante_emv",5,5,0.577,72,Oscar 2026: esta es la lista de ganadores de los premios de la Academia de Hollywood | Ganadores premios Oscar 2026: lista completa de premiados por categoría | Ganadores de los Premios Oscar 2026: lista de premiados y nominados | Los ganadores de los Premios Oscar 2026 - EL PAÍS | Premios Oscar 2026: lista completa de ganadores,2026-03-16 14:32,2026-03-16 14:32
2026-03-13 14:00:00,EEUU confirma la muerte de los seis tripulantes del avión cisterna que se estrelló en Irak,"elcorreo, elmundo_internacional, google_news_es, okdiario",4,4,0.437,43,"EEUU confirma la muerte de los seis tripulantes del avión cisterna que se estrelló en Irak | Última hora de la guerra en Oriente Medio | Estados Unidos confirma la muerte de seis miembros de un avión cisterna que se estrelló en Irak | Estados Unidos confirma seis muertos entre los seis tripulantes del avión cisterna que se estrelló en Irak | El Pentágono confirma la muerte de los seis tripulantes del avión militar estrellado en Irak y niega haya sido por ""fuego hostil"" - 20Minutos",2026-03-16 14:32,2026-03-16 14:32
2026-03-13 14:00:00,Un hombre secuestra a un taxista a punta de pistola en Madrid para que lo lleve a un pueblo de Burgos,"elcorreo, elpais, google_news_es",3,3,0.638,47,Un hombre secuestra a un taxista en Madrid y se atrinchera en la casa de un pueblo de Burgos | Un hombre secuestra a un taxista a punta de pistola en Madrid para que lo lleve a un pueblo de Burgos | Un hombre secuestra a un taxista a punta de pistola en Madrid para que lo lleve a un pueblo de Burgos - EL PAÍS,2026-03-16 15:02,2026-03-16 15:02
2026-03-16 10:00:00,Los asesinos de Francisca Cadenas destruyeron y tiraron sus móviles a la basura al verse cercados por la UCO,"20minutos, google_news_es, okdiario",3,3,0.591,44,"El audio de la UCO en el que los asesinos de Francisca Cadenas revelan su ""obsesión"": ""La tenías que - LaSexta | Los asesinos de Francisca Cadenas destruyeron y tiraron sus móviles a la basura al verse cercados por la UCO | El psiquiatra José Cabrera, sobre los asesinos de Francisca Cadenas: ""Tendrían que haber nacido en las cavernas de Altamira""",2026-03-16 15:02,2026-03-16 15:02
2026-03-16 08:00:00,Confirmado por el BOE: el precio de la bombona de butano sube y con fuerza,"20minutos, huffington_es, lavanguardia",3,3,0.538,40,El precio de la bombona de butano sube un 5% y presiona más a los hogares en plena guerra de Irán | Confirmado por el BOE: el precio de la bombona de butano sube y con fuerza | La guerra en Irán empuja al alza el precio de la bombona de butano: así sube su coste desde este martes,2026-03-16 15:02,2026-03-16 15:02
2026-03-16 14:00:00,"Felipe VI reconoce que hubo ""mucho abuso"" durante la conquista de América ante el embajador de México","eldiario, elespanol, elmundo",3,3,0.658,49,"Felipe VI reconoce que hubo ""mucho abuso"" durante la conquista de América | Felipe VI reconoce que hubo ""mucho abuso"" durante la conquista de América ante el embajador de México | Felipe VI reconoce ante el embajador de México que hubo ""muchos abusos"" durante la Conquista de América",2026-03-16 15:33,2026-03-16 15:33
2026-03-13 16:00:00,RTVE cancela el programa de Dani Rovira tras solo tres semanas: «No hemos sabido conectar con los espectadores»,"20minutos, elcorreo, elpais, okdiario",4,4,0.489,48,"TVE cancela ‘Al margen de todo’, el programa de Dani Rovira, tras solo tres emisiones: “Otro aprendizaje más” | RTVE cancela 'Al margen de todo', el programa de Dani Rovira, tres semanas después de su estreno | A TVE se le acaba la paciencia y cancela el programa de Dani Rovira tras tres emisiones | RTVE cancela el programa de Dani Rovira tras solo tres semanas: «No hemos sabido conectar con los espectadores»",2026-03-16 15:33,2026-03-16 15:33
2026-03-16 08:00:00,El Gobierno aprobará este viernes las medidas económicas para mitigar el impacto de la guerra en Irán,"20minutos, google_news_es, heraldo_aragon",3,4,0.537,40,El Gobierno aprobará este viernes las medidas económicas para mitigar el impacto de la guerra en Irán | El Gobierno aprobará este viernes las nuevas medidas económicas para mitigar el impacto de la guerra en Irán | El Gobierno aprobará el viernes las medidas por la guerra de Irán en un Consejo de Ministros extraordinario | El Gobierno aprobará este viernes el plan de respuesta ante la guerra en Irán - RTVE.es,2026-03-16 15:33,2026-03-16 15:33
2026-03-16 12:00:00,La reapertura del AVE Madrid-Málaga se retrasa a finales de abril y lastra las previsiones turísticas para Semana Santa,"eldiario, elpais, huffington_es",3,3,0.49,36,La reapertura del AVE Madrid-Málaga se retrasa a finales de abril y lastra las previsiones turísticas para Semana Santa | La reapertura de la línea de AVE Madrid-Málaga se retrasa a después de Semana Santa | Adif retrasa a finales de abril la reapertura completa de la línea de alta velocidad Madrid-Málaga,2026-03-16 15:33,2026-03-16 15:33
2026-03-16 08:00:00,Muere al caer por un acantilado de Pilar de la Horadada (Alicante) cuando intentaba coger unas gafas que se le habían caído,"20minutos, elconfidencial, elmundo, heraldo_aragon",4,4,0.695,69,Muere al caer por un acantilado cuando intentaba coger unas gafas que se le habían caído | Muere un joven al caer por un acantilado cuando intentaba coger unas gafas que se le habían caído | Muere al caer por un acantilado de Pilar de la Horadada (Alicante) cuando intentaba coger unas gafas que se le habían caído | Muere al caer por un acantilado en Pilar de la Horadada (Alicante) al intentar coger unas gafas,2026-03-16 16:02,2026-03-16 16:02
2026-03-16 04:00:00,"El golfo Pérsico, un gran negocio para la familia Trump","elpais, elpais_internacional, google_news_internacional",3,3,0.872,65,"El golfo Pérsico, un gran negocio para la familia Trump | El golfo Pérsico, un gran negocio para la familia Trump - EL PAÍS | El gran negocio de la familia Trump en el golfo Pérsico",2026-03-16 16:02,2026-03-16 16:02
2026-03-13 16:00:00,"TVE cancela ‘Al margen de todo’, el programa de Dani Rovira, tras solo tres emisiones: “Otro aprendizaje más”","20minutos, elcorreo, elpais, okdiario",4,4,0.461,46,"TVE cancela ‘Al margen de todo’, el programa de Dani Rovira, tras solo tres emisiones: “Otro aprendizaje más” | RTVE cancela 'Al margen de todo', el programa de Dani Rovira, tres semanas después de su estreno | A TVE se le acaba la paciencia y cancela el programa de Dani Rovira tras tres emisiones | RTVE cancela el programa de Dani Rovira tras solo tres semanas: «No hemos sabido conectar con los espectadores»",2026-03-16 16:02,2026-03-16 16:02
2026-03-16 14:00:00,"Felipe VI reconoce que hubo ""mucho abuso"" durante la conquista de América","elconfidencial, elcorreo, eldiario, elmundo, huffington_es, infolibre, levante_emv, okdiario, sur",9,9,0.511,100,"Felipe VI reconoce que en la conquista de América hubo «mucho abuso y controversias éticas» | Felipe VI admite que hubo ""mucho abuso"" en la conquista de América | Felipe VI reconoce que durante la conquista de América hubo ""muchos abusos"" | Felipe VI reconoce que en la Conquista de América hubo «mucho abuso y controversias éticas» | El rey Felipe VI admite que hubo ""mucho abuso"" durante la conquista de América",2026-03-16 16:32,2026-03-16 16:32
2026-03-13 16:00:00,Sale a la luz una imagen del expríncipe Andrés y el exministro Peter Mandelson en albornoz junto a Epstein,"20minutos, elpais, huffington_es, infolibre",4,4,0.508,50,"Sale a la luz la primera foto de Epstein junto al expríncipe Andrés y el exministro Mandelson, ambos en bata | Sale a la luz una imagen del expríncipe Andrés y Mandelson en albornoz junto a Epstein | Sale a la luz una imagen del expríncipe Andrés y el exministro Peter Mandelson en albornoz junto a Epstein | Los documentos de Epstein revelan una primera foto del millonario junto a Mandelson y el expríncipe Andrés",2026-03-16 16:32,2026-03-16 16:32
2026-03-13 16:00:00,Jair Bolsonaro se encuentra “estable” pero en la UCI y sin previsión de alta médica,"france24_es, google_news_es, infolibre",3,3,0.602,45,Jair Bolsonaro se encuentra “estable” pero en la UCI y sin previsión de alta médica | Jair Bolsonaro se encuentra “estable” pero en la UCI y sin previsión de alta médica - France 24 | Bolsonaro es hospitalizado con una bronconeumonía y sin previsión de alta,2026-03-16 16:32,2026-03-16 16:32
2026-03-15 22:00:00,Premios Oscar 2026: lista completa de ganadores,"bbc_mundo, eldiario, google_news_es, huffington_es, levante_emv",5,6,0.585,73,Oscar 2026: esta es la lista de ganadores de los premios de la Academia de Hollywood | Ganadores premios Oscar 2026: lista completa de premiados por categoría | Ganadores de los Premios Oscar 2026: lista de premiados y nominados | Los ganadores de los Premios Oscar 2026 - EL PAÍS | Premios Oscar 2026: lista completa de ganadores,2026-03-16 17:02,2026-03-16 17:02
2026-03-16 04:00:00,"El golfo Pérsico, un gran negocio para la familia Trump - EL PAÍS","elpais, elpais_internacional, google_news_internacional",3,4,0.906,67,"El golfo Pérsico, un gran negocio para la familia Trump | El golfo Pérsico, un gran negocio para la familia Trump - EL PAÍS | El gran negocio de la familia Trump en el golfo Pérsico | El gran negocio de la familia Trump en el golfo Pérsico - EL PAÍS",2026-03-16 17:02,2026-03-16 17:02
2026-03-15 20:00:00,"Resultados elecciones en Castilla y León 15M, en directo | El PP gana con dos escaños más, el PSOE avanza otros dos y Vox solo suma uno","elpais, europapress, lavanguardia",3,3,0.523,39,"Resultados elecciones en Castilla y León 15M, en directo | El PP gana con dos escaños más, el PSOE avanza otros dos y Vox solo suma uno | Escrutinio | El PP gana las elecciones en Castilla y León, el PSOE mejora dos escaños y Vox solo avanza uno | El PP gana las elecciones de Castilla y León con dos escaños más, el PSOE suma otros dos y Vox, uno",2026-03-16 17:02,2026-03-16 17:02
2026-03-13 18:00:00,"EEUU ofrece 10 millones de dólares por Mojtaba Jamenei, el nuevo líder supremo de Irán, tras decir que está ""herido""","20minutos, elmundo_internacional, huffington_es",3,3,0.413,30,"EEUU ofrece 10 millones de dólares por Mojtaba Jamenei, el nuevo líder supremo de Irán, tras decir que está ""herido"" | EEUU  ofrece 10 millones de dólares por información sobre los dirigentes iraníes y dice que Mojtaba Jamenei está ""herido y probablemente desfigurado"" | EEUU ofrece nueve millones de euros de recompensa a cambio de información que conduzca al nuevo líder supremo de Irán",2026-03-16 18:02,2026-03-16 18:02
2026-03-16 10:00:00,España propone al ministro Planas como candidato para dirigir la FAO en 2027 - ElPlural.com,"20minutos, google_news_politica, lavanguardia",3,4,0.371,27,"España propone al ministro Planas como candidato para dirigir la FAO en 2027 - ElPlural.com | ""Sánchez, Ataturk"" o cómo se ha cocinado la telenovela entre España y Turquía - ElPlural.com | El Gobierno propondrá al ministro Luis Planas para dirigir la FAO | El Gobierno presentará al ministro de Agricultura Luis Planas para dirigir la FAO a partir de verano de 2027",2026-03-16 18:02,2026-03-16 18:02
2026-03-16 12:00:00,La reapertura de la línea de AVE Madrid-Málaga se retrasa a después de Semana Santa,"20minutos, elconfidencial, eldiario, elmundo, expansion, huffington_es",6,6,0.511,76,Adif pospone la reapertura de la línea de AVE entre Madrid y Málaga hasta después de Semana Santa | La reapertura del AVE Madrid-Málaga se retrasa a finales de abril y lastra las previsiones turísticas para Semana Santa | La reapertura de la línea de AVE Madrid-Málaga se retrasa a después de Semana Santa | Adif retrasa a la última semana de abril la reapertura de la línea de AVE a Málaga | Adif vuelve a retrasar la reapertura de la línea cortada del AVE a Málaga y no estará en funcionamiento en las vacaciones de Semana Santa,2026-03-16 19:02,2026-03-16 19:02
2026-03-13 18:00:00,"Sánchez, en el cierre de campaña en Castilla y León: ""Hoy España reivindica la paz y la derecha reivindica a Aznar""","eldiario, elmundo, google_news_politica, lavanguardia",4,4,0.661,66,"Sánchez agita el no a la guerra: “Hoy España reivindica la paz y la derecha reivindica a Aznar” | Sánchez, en el cierre de campaña en Castilla y León: ""Hoy España reivindica la paz y la derecha reivindica a Aznar"" | Sánchez, en el cierre de campaña en Castilla y León: ""Hoy España reivindica la paz y la derecha reivindica a Aznar"" - elDiario.es | Sánchez y Zapatero exprimen hasta el último minuto el 'No a la guerra' en la campaña de Castilla y León: ""España reivindica la paz y la derecha reivindica a Aznar""",2026-03-16 19:02,2026-03-16 19:02
2026-03-13 18:00:00,"Feijóo pide ""un castigo"" para Vox en Castilla y León por ""estafar al ciudadano"": ""Espero que les vaya mal""","eldiario, elmundo, google_news_es",3,3,0.627,46,"Feijóo se lanza contra Vox en el cierre de campaña: ""Estafar al ciudadano merece un castigo de la gente, espero que les vaya mal"" | Feijóo pide ""un castigo"" para Vox en Castilla y León por ""estafar al ciudadano"": ""Espero que les vaya mal"" | Feijóo pide ""un castigo"" para Vox en Castilla y León por ""estafar al ciudadano"": ""Espero que les vaya mal"" - elDiario.es",2026-03-16 19:02,2026-03-16 19:02
2026-03-16 12:00:00,"Abascal exige al PP formar coaliciones con Vox en Castilla y León, Extremadura y Aragón: ""Vamos a gobernar en las tres""","eldiario, elpais, levante_emv",3,3,0.487,36,"El balance global de Extremadura, Aragón y Castilla y León: el PP queda a merced de Vox, el partido que más avanza | Abascal exige al PP formar coaliciones con Vox en Castilla y León, Extremadura y Aragón: ""Vamos a gobernar en las tres"" | Abascal acusa a Feijóo de ""zancadillear"" las negociaciones y asegura que quieren gobernar en Extremadura, Aragón y Castilla y León",2026-03-16 19:02,2026-03-16 19:02
2026-03-16 12:00:00,Feijóo presiona a Vox para desbloquear los gobiernos autonómicos: «No podemos volver a fallar a la gente como el 23-J. Ya está bien»,"elcorreo, elmundo, elpais",3,3,0.432,32,"Feijóo presiona a Vox para desbloquear los gobiernos autonómicos: «No podemos volver a fallar a la gente como el 23-J. Ya está bien» | Feijóo exige a Vox que deje de poner ""excusas"" y cumpla su ""obligación"" de desbloquear los gobiernos autonómicos: ""¡Ya está bien!"" | Feijóo presiona a Vox para llegar a un acuerdo: “Solo han puesto excusas y ya está bien”",2026-03-16 19:02,2026-03-16 19:02
2026-03-13 20:00:00,Sorteo Bonoloto del viernes 13 de marzo de 2026,"elcorreo, google_news_es, levante_emv, okdiario",4,5,0.462,46,"Sorteo Bonoloto del viernes 13 de marzo de 2026 | Bonoloto: comprobar el resultado del sorteo dehoy, viernes 13 de marzo de 2026 | Sorteo Euromillones del viernes 13 de marzo de 2026 | Bonoloto: comprobar sorteo del viernes 13 de marzo - EL PAÍS | La Bonoloto del viernes: comprobar resultados del 13 de marzo",2026-03-16 19:34,2026-03-16 19:34
2026-03-16 08:00:00,"Oliver Laxe apoya el ""No a la guerra y Palestina libre"" de Javier Bardem en los Oscar: ""Ha sido increíble, bravo""","20minutos, heraldo_aragon, levante_emv",3,3,0.44,33,"Oliver Laxe apoya el ""No a la guerra y Palestina libre"" de Javier Bardem en los Oscar: ""Ha sido increíble, bravo"" | Javier Bardem, en los Oscar: ""Es otra guerra ilegal, matando gente inocente basadas en mentiras"" | Javier Bardem: &quot;No a la guerra y Palestina libre&quot;",2026-03-16 19:34,2026-03-16 19:34
2026-03-13 20:00:00,Un juez federal anula las citaciones emitidas por el Departamento de Justicia contra el presidente de la Fed - RTVE.es,"eldiario, google_news_es, infolibre",3,4,0.52,39,Un juez federal anula las citaciones contra el presidente de la Fed y acusa a Trump de presionarle | Un juez federal anula las citaciones emitidas por el Departamento de Justicia de EE.UU. contra el presidente de la Fed - RTVE.es | Un juez federal anula las citaciones emitidas por el Departamento de Justicia contra el presidente de la Fed - RTVE.es | Un juez anula las citaciones judiciales contra el presidente de la Reserva Federal y acusa a Trump de usarlas para presionar,2026-03-16 20:02,2026-03-16 20:02
2026-03-13 20:00:00,Sorteo Euromillones del viernes 13 de marzo de 2026,"elpais, levante_emv, okdiario",3,4,0.51,38,"Sorteo Bonoloto del viernes 13 de marzo de 2026 | Euromillones: comprobar sorteo del viernes 13 de marzo | Bonoloto: comprobar el resultado del sorteo dehoy, viernes 13 de marzo de 2026 | Sorteo Euromillones del viernes 13 de marzo de 2026",2026-03-16 20:02,2026-03-16 20:02
2026-03-16 12:00:00,Investigan la muerte de una mujer de 53 años en Barbastro (Huesca) por violencia de género a manos de su marido,"eldiario, elmundo, heraldo_aragon",3,3,0.399,29,Investigan la muerte de una mujer de 53 años en Barbastro (Huesca) por violencia de género a manos de su marido | Investigan la muerte de una mujer por un posible caso de violencia de género en Huesca | Asesinada una mujer de 53 años en Barbastro en un presunto caso de violencia machista,2026-03-16 20:02,2026-03-16 20:02
2026-03-16 18:00:00,La jueza comunica a Errejón que archiva la segunda denuncia presentada contra él por agresión sexual,"eldiario, elpais, infolibre, lavanguardia",4,4,0.535,53,La jueza archiva la segunda denuncia por agresión sexual contra Errejón | La jueza comunica a Errejón que ha archivado la segunda denuncia contra él por agresión sexual | Archivada la segunda denuncia contra Íñigo Errejón por agresión sexual | La jueza comunica a Errejón que archiva la segunda denuncia presentada contra él por agresión sexual,2026-03-16 20:32,2026-03-16 20:32
2026-03-16 12:00:00,"El balance global de Extremadura, Aragón y Castilla y León: el PP queda a merced de Vox, el partido que más avanza","elpais, google_news_politica, levante_emv",3,3,0.424,31,"El balance global de Extremadura, Aragón y Castilla y León: el PP queda a merced de Vox, el partido que más avanza | Vox exigirá entrar en Extremadura, Aragón y Castilla y León y advierte al PP: “Medida a medida” - ElPlural.com | Abascal acusa a Feijóo de ""zancadillear"" las negociaciones y asegura que quieren gobernar en Extremadura, Aragón y Castilla y León",2026-03-16 20:32,2026-03-16 20:32
2026-03-16 10:00:00,El Tribunal Superior valenciano rechaza investigar a Mazón por la gestión de la DANA,"elcorreo, elespanol, elmundo, elpais, google_news_es, huffington_es",6,6,0.523,78,El TSJ rechaza investigar a Mazón por la gestión de la dana | El TSJ rechaza investigar a Mazón por la gestión de la dana porque no tenía deberes específicos y no está acreditado que participara en el Es-Alert | El Tribunal Superior valenciano rechaza investigar a Mazón por la gestión de la dana al no apreciar delito - RTVE.es | El Tribunal Superior valenciano rechaza investigar a Mazón por la gestión de la DANA | El TSJ valenciano rechaza por unanimidad imputar a Mazón por la gestión de la dana y decreta el archivo,2026-03-16 21:02,2026-03-16 21:02
2026-03-16 10:00:00,El Gobierno propondrá al ministro Luis Planas para dirigir la FAO,"20minutos, google_news_politica, lavanguardia",3,3,0.58,43,España propone al ministro Planas como candidato para dirigir la FAO en 2027 - ElPlural.com | El Gobierno propondrá al ministro Luis Planas para dirigir la FAO | El Gobierno presentará al ministro de Agricultura Luis Planas para dirigir la FAO a partir de verano de 2027,2026-03-16 21:02,2026-03-16 21:02
2026-03-16 18:00:00,"Cuba reporta un apagón total de su sistema eléctrico nacional, el sexto en año y medio","europapress, france24_es, google_news_es",3,3,0.656,49,"Cuba sufre un apagón total del sistema eléctrico | Cuba reporta un apagón total de su sistema eléctrico nacional, el sexto en año y medio | Cuba reporta un apagón total de su sistema eléctrico nacional, el sexto en año y medio - France 24",2026-03-16 23:32,2026-03-16 23:32
2026-03-16 20:00:00,Trump asegura que será “un gran honor” para él “tomar Cuba”,"elpais, google_news_es, lavanguardia",3,5,0.637,47,"Trump asegura que será “un gran honor” para él “tomar Cuba” | Trump asegura que sería un “gran honor” para él “tomar Cuba” | Trump señala que sería ""un gran honor"" para él ""tomar Cuba"" - Euronews.com | Trump asegura que será un “gran honor” para él “tomar Cuba” | Trump asegura que tendrá el “un gran honor” para él “tomar Cuba” - EL PAÍS",2026-03-17 02:02,2026-03-17 02:02
2026-03-16 12:00:00,Investigan un asesinato en Huesca como un posible caso de violencia machista,"elconfidencial, elpais, heraldo_aragon",3,3,0.598,44,Investigan un asesinato en Huesca como un posible caso de violencia machista | Investigan la muerte de una mujer por un posible caso de violencia de género en Huesca | Investigan el asesinato de una mujer en Huesca como posible caso de violencia machista,2026-03-17 02:02,2026-03-17 02:02
2026-03-16 08:00:00,España presentará la candidatura de Luis Planas a la dirección de la FAO - EFE - Agencia de noticias,"elmundo, google_news_economia, google_news_politica",3,4,0.614,46,El Gobierno anuncia la candidatura del ministro Luis Planas para dirigir la FAO | España presentará la candidatura de Luis Planas a la dirección de la FAO - EFE - Agencia de noticias | España presentará la candidatura de Luis Planas a la dirección de la FAO - EFE Noticias | España busca recuperar peso en la FAO con la candidatura de Luis Planas - democrata.es,2026-03-17 02:32,2026-03-17 02:32
2026-03-16 22:00:00,"Un acertante de 'La Primitiva' gana más de 126 millones de euros, el mayor premio en la historia del sorteo","elcorreo, elmundo, okdiario",3,3,0.622,46,"Un acertante de 'La Primitiva' gana más de 126 millones de euros, el mayor premio en la historia del sorteo | Un acertante de la Primitiva gana 126 millones de euros, el mayor premio en la historia del sorteo: comprobar resultados del 16 de marzo | Un acertante se lleva el mayor premio de la historia de La Primitiva: 126 millones de euros",2026-03-17 02:32,2026-03-17 02:32
2026-03-15 20:00:00,Comprobar el Sueldazo de la ONCE: resultados del domingo 15 de marzo,"elcorreo, google_news_es, okdiario",3,3,0.518,38,"ONCE hoy, domingo, 15 de marzo de 2026: comprobar el Sueldazo y Super 11 | Sueldazo de la ONCE: comprobar resultado del sorteo de hoy domingo 15 de marzo de 2026 - La Razón | Comprobar el Sueldazo de la ONCE: resultados del domingo 15 de marzo",2026-03-17 04:02,2026-03-17 04:02
2026-03-16 20:00:00,"Bonoloto: comprobar el resultado del sorteo de hoy, lunes 16 de marzo de 2026","google_news_es, levante_emv, okdiario",3,3,0.621,46,"Sorteo Bonoloto del lunes 16 de marzo de 2026 | Bonoloto: comprobar resultado del sorteo del lunes 16 de marzo de 2026 - El Mundo | Bonoloto: comprobar el resultado del sorteo de hoy, lunes 16 de marzo de 2026",2026-03-17 05:02,2026-03-17 05:02
2026-03-16 16:00:00,"Trump anuncia que su jefa de Gabinete y mano derecha, Susie Wiles, padece cáncer de mama","20minutos, eldiario, elespanol, heraldo_aragon",4,4,0.643,64,"Susie Wiles, jefa de gabinete de Trump, es diagnosticada con cáncer de mama | Trump anuncia que su jefa de gabinete, Susie Wiles, padece cáncer de mama: ""Melania y yo la apoyamos"" | Trump anuncia que Susie Wiles, su jefa de Gabinete, tiene cáncer de mama: ""Seguirá trabajando"" | Trump anuncia que su jefa de Gabinete y mano derecha, Susie Wiles, padece cáncer de mama",2026-03-17 07:02,2026-03-17 07:02
2026-03-16 18:00:00,La jueza archiva la segunda denuncia por agresión sexual contra Errejón,"20minutos, elpais, infolibre, levante_emv",4,6,0.749,74,La jueza archiva la segunda denuncia contra Errejón al no ratificar la denunciante | La jueza archiva la segunda denuncia contra Errejón por agresión sexual | La jueza archiva la segunda denuncia por agresión sexual | La jueza archiva la segunda denuncia contra Errejón por agresión sexual después de que no fuese ratificada | La jueza archiva la segunda denuncia por agresión sexual contra Errejón,2026-03-17 07:32,2026-03-17 07:32
2026-03-16 08:00:00,El Gobierno presentará esta semana las medidas contra el alza de precios de la energía,"google_news_politica, heraldo_aragon, huffington_es, infolibre",4,5,0.84,84,El Gobierno de España presentará esta semana las medidas contra el alza de precios de la energía - ORAIN | El Gobierno presentará esta semana las medidas contra el alza de precios de la energía | El Gobierno presentará esta semana las medidas contra el alza de precios de la energía provocado por la guerra de Irán | El Gobierno presentará esta semana medidas contra el alza de precios de la energía | El Gobierno presentará este viernes medidas contra el alza de precios de la energía,2026-03-17 08:33,2026-03-17 08:33
2026-03-17 06:00:00,Afganistán acusa a Pakistán del bombardeo al hospital de los adictos a la heroína con 400 muertos y 250 heridos,"elmundo, google_news_internacional, huffington_es",3,4,0.68,50,Afganistán acusa a Pakistán del bombardeo al hospital de los adictos a la heroína con 400 muertos y 250 heridos | Afganistán acusa a Pakistán del bombardeo al hospital de los adictos a la heroína con 400 muertos y 250 heridos - El Mundo | 400 muertos y 250 heridos en el bombardeo al hospital de los adictos a la heroína de Afganistán | Al menos 400 muertos y 250 heridos en el bombardeo de Pakistán contra un hospital de Kabul,2026-03-17 08:33,2026-03-17 08:33
2026-03-14 08:00:00,Corea del Norte lanza diez misiles balísticos hacia el mar de Japón,"20minutos, google_news_es, heraldo_aragon, lavanguardia",4,5,0.467,46,"Corea del Norte lanza diez misiles balísticos hacia el mar de Japón | Corea del Norte lanzó 10 misiles balísticos hacia el mar de Japón, según Seúl | Corea del Norte lanza diez misiles balísticos durante las maniobras entre EE.UU. y Seúl | Corea del Norte lanza diez misiles balísticos durante las maniobras entre EE.UU. y Seúl - La Vanguardia | Corea del Norte lanza 10 misiles hacia el mar de Japón - DW.com",2026-03-17 08:33,2026-03-17 08:33
2026-03-16 08:00:00,"Kallas plantea una misión de la UE para mantener abierto Ormuz pero avisa a Trump: ""Está fuera del ámbito de la OTAN""","20minutos, google_news_es, huffington_es",3,4,0.481,36,"Kallas plantea una misión de la UE para mantener abierto Ormuz pero avisa a Trump: ""Está fuera del ámbito de la OTAN"" | Kallas plantea una misión de la UE para mantener abierto el estrecho de Ormuz | Kallas plantea una misión de la UE para mantener abierto el estrecho de Ormuz, pero España se desmarca | La UE responde a Trump que Ormuz queda fuera del ámbito de la OTAN - elDiario.es",2026-03-17 08:33,2026-03-17 08:33
2026-03-16 16:00:00,Compleja diversificación de la inversión en tiempos de guerra,"elcorreo, expansion, levante_emv",3,3,0.486,36,Última hora de la guerra en Oriente Medio | Bruselas dice que la guerra de Irán «no es la guerra de Europa» | Compleja diversificación de la inversión en tiempos de guerra | La guerra de Irán reaviva los temores a la inflación global,2026-03-17 08:33,2026-03-17 08:33
2026-03-14 08:00:00,"Zelenski denuncia un ataque ruso masivo contra Ucrania que deja siete muertos en varias regiones, cuatro de ellos en Kiev","elmundo_internacional, google_news_internacional, levante_emv",3,3,0.767,57,"Zelenski denuncia un ataque ruso masivo contra Ucrania que deja siete muertos en varias regiones, cuatro de ellos en Kiev | Zelenski denuncia un ataque ruso masivo contra Ucrania que deja siete muertos en varias regiones, cuatro de ellos en Kiev - El Mundo | Zelenski denuncia un ataque ruso masivo contra Ucrania que deja cuatro muertos en Kiev",2026-03-17 09:02,2026-03-17 09:02
2026-03-14 10:00:00,Decretan prisión sin fianza para el detenido por el incendio en el que murieron tres mujeres en Miranda de Ebro (Burgos),"20minutos, elmundo, google_news_es, heraldo_aragon",4,4,0.741,74,Prisión sin fianza para el detenido por el incendio en el que murieron tres mujeres en Miranda | Decretan prisión sin fianza para el detenido por el incendio en el que murieron tres mujeres en Miranda de Ebro (Burgos) | Prisión sin fianza para el detenido por el incendio en el que murieron tres mujeres en Miranda de Ebro | Prisión sin fianza para el acusado de asesinar a tres mujeres y causar varios heridos en Miranda de Ebro tras - LaSexta,2026-03-17 09:33,2026-03-17 09:33
2026-03-14 10:00:00,Se derrumba una torre del castillo de Escalona (Toledo) sin causar daños personales,"eldiario, elmundo, elpais, lavanguardia",4,4,0.551,55,"Se derrumba una torre del castillo de Escalona (Toledo) sin causar daños personales | Se derrumba la torre del Castillo de Escalona, en Toledo | Se derrumba parte del castillo de Escalona sin causar heridos | Se derrumba parte del castillo de Escalona en Toledo, sin heridos",2026-03-17 09:33,2026-03-17 09:33
2026-03-17 06:00:00,Petro denuncia que Colombia está siendo bombardeada desde Ecuador,"elespanol, elmundo, google_news_es, infolibre",4,4,0.543,54,"Petro denuncia que Colombia está siendo bombardeada desde Ecuador | Petro denuncia que Ecuador está bombardeando Colombia en la frontera: hallan una bomba ""tirada desde un avión"" | Colombia denuncia el lanzamiento de una bomba desde Ecuador | Última hora. Gustavo Petro denuncia que Colombia está siendo ""bombardeada desde Ecuador - Euronews.com",2026-03-17 09:33,2026-03-17 09:33
2026-03-14 10:00:00,‘Yo no moriré de amor’ y ‘El jardín que soñamos’ consiguen las Biznagas de Oro del Festival de Málaga,"elmundo, elpais, google_news_es, levante_emv",4,5,0.588,58,"'Yo no moriré de amor' cumple los pronósticos y gana el Festival de Málaga | Yo no moriré de amor, ópera prima de Marta Matute, gana la Biznaga de Oro en un Festival de Málaga con sabor latino | ‘Yo no moriré de amor’ y ‘El jardín que soñamos’ consiguen las Biznagas de Oro del Festival de Málaga | ‘Yo no moriré de amor’ y ‘El jardín que soñamos’ consiguen las Biznagas de Oro del Festival de Málaga - EL PAÍS | ‘Yo no moriré de amor’ y ‘El jardín que soñamos’ consiguen las Biznagas de Oro del festival de Málaga",2026-03-17 10:02,2026-03-17 10:02
2026-03-14 10:00:00,Confinan dos pueblos de Soria por el incendio de un camión con mercancías peligrosas en un accidente con dos heridos,"20minutos, eldiario, okdiario",3,4,0.692,51,Confinan dos pueblos de Soria por el incendio de un camión con mercancías peligrosas en un accidente con dos heridos | Confinan dos pueblos de Soria por el incendio de un camión con mercancías peligrosas | Confinados dos pueblos de Soria por el accidente de un camión con mercancías peligrosas | Confinados de madrugada dos pueblos de Soria por el accidente de un camión con mercancías peligrosas,2026-03-17 10:02,2026-03-17 10:02
2026-03-14 10:00:00,Lotería Nacional de hoy sábado 14 de marzo de 2026 | Resultados y premios,"20minutos, google_news_es, okdiario",3,5,0.599,44,"Comprobar Lotería Nacional: resultados del sábado 14 de marzo de 2026 | Comprobar Lotería Nacional: resultados de hoy, sábado 14 de marzo de 2026 - 20Minutos | Lotería Nacional: comprobar resultado y número premiado hoy, sábado 14 de marzo de 2026 | Lotería Nacional de este sábado 14 de marzo: resultados y premios | Lotería Nacional de hoy sábado 14 de marzo de 2026 | Resultados y premios",2026-03-17 10:02,2026-03-17 10:02
2026-03-17 06:00:00,Los talibanes elevan a 400 los muertos por el bombardeo de Pakistán a un hospital de Kabul,"20minutos, huffington_es, infolibre",3,3,0.579,43,Los talibanes elevan a 400 los muertos por el bombardeo de Pakistán a un hospital de Kabul | Los talibanes elevan a 400 los muertos en el bombardeo a un hospital de Kabul del que culpan a Pakistán | Al menos 400 muertos y 250 heridos en el bombardeo de Pakistán contra un hospital de Kabul,2026-03-17 10:02,2026-03-17 10:02
2026-03-14 10:00:00,"Se derrumba la torre del Castillo de Escalona, en Toledo","eldiario, elmundo, lavanguardia",3,3,0.578,43,"Se derrumba una torre del castillo de Escalona (Toledo) sin causar daños personales | Se derrumba la torre del Castillo de Escalona, en Toledo | Se derrumba parte del castillo de Escalona en Toledo, sin heridos",2026-03-17 10:02,2026-03-17 10:02
2026-03-14 10:00:00,Prisión sin fianza para el detenido por el incendio en el que murieron tres mujeres en Miranda de Ebro,"20minutos, elmundo, heraldo_aragon",3,3,0.898,67,Prisión sin fianza para el detenido por el incendio en el que murieron tres mujeres en Miranda | Decretan prisión sin fianza para el detenido por el incendio en el que murieron tres mujeres en Miranda de Ebro (Burgos) | Prisión sin fianza para el detenido por el incendio en el que murieron tres mujeres en Miranda de Ebro,2026-03-17 10:32,2026-03-17 10:32
2026-03-14 10:00:00,El candidato de Podemos en Castilla y León denuncia una agresión estando con su hijo,"elconfidencial, elpais, huffington_es",3,3,0.738,55,El candidato de Podemos en Castilla y León denuncia una agresión estando con su hijo | El candidato de Podemos en Castilla y León denuncia una agresión en la calle | El candidato de Podemos en Castilla y León denuncia un intento de agresión mientras estaba con su hijo,2026-03-17 10:32,2026-03-17 10:32
2026-03-14 10:00:00,'Torrente presidente' supera los 2 millones de euros en un día y es el mejor estreno español en 15 años,"elcorreo, google_news_es, lavanguardia",3,3,0.632,47,‘Torrente Presidente’ supera todas las expectativas: el mejor estreno en salas de cine de los últimos 15 años | 'Torrente presidente' supera los 2 millones de euros en un día y es el mejor estreno español en 15 años | 'Torrente presidente' supera los 2 millones de euros en un día y es el mejor estreno español en 15 años - El Correo,2026-03-17 10:32,2026-03-17 10:32
2026-03-14 10:00:00,Comprobar Lotería Nacional: resultados del sábado 14 de marzo de 2026,"20minutos, google_news_es, okdiario",3,5,0.573,43,"Comprobar Lotería Nacional: resultados del sábado 14 de marzo de 2026 | Comprobar Lotería Nacional: resultados de hoy, sábado 14 de marzo de 2026 - 20Minutos | Lotería Nacional: comprobar resultado y número premiado hoy, sábado 14 de marzo de 2026 | Lotería Nacional de este sábado 14 de marzo: resultados y premios | Lotería Nacional de hoy sábado 14 de marzo de 2026 | Resultados y premios",2026-03-17 10:32,2026-03-17 10:32
2026-03-16 10:00:00,El Gobierno aprobará el viernes el paquete de medidas por la guerra de Irán,"elcorreo, elespanol, europapress, expansion, google_news_economia, huffington_es",6,6,0.499,74,"El Gobierno aprobará el viernes el paquete de medidas por la guerra de Irán | El Gobierno aprobará el viernes tras el Consejo Europeo el plan anticrisis por Irán | El Gobierno aprobará el paquete de medidas por la guerra de Irán en un Consejo de Ministros extraordinario este viernes | El Gobierno aprobará este viernes medidas de ""respuesta integral"" ante el alza de precios por la guerra en Irán | El Gobierno aprobará el viernes las medidas de respuesta de España a la guerra en Irán - Bolsamania",2026-03-17 11:32,2026-03-17 11:32
2026-03-14 12:00:00,Se derrumba una torre del castillo de Escalona (Toledo) sin causar heridos,"20minutos, levante_emv, okdiario",3,3,0.708,53,"Se derrumba parte del Castillo de Escalona (Toledo) sin causar heridos | Se derrumba una torre del castillo de Escalona, en Toledo, sin causar daños personales | Se derrumba una torre del castillo de Escalona (Toledo) sin causar heridos",2026-03-17 12:02,2026-03-17 12:02
2026-03-14 12:00:00,Marta Matute se hace con el Biznaga de Oro del Festival de Málaga con 'Yo no moriré de amor',"20minutos, eldiario, sur",3,4,0.615,46,'Yo no moriré de amor' y la malagueña 'Ivan & Hadoum' triunfan en el Festival de Málaga 2026 | Marta Matute se hace con el Biznaga de Oro del Festival de Málaga con 'Yo no moriré de amor' | Marta Matute se hace con la Biznaga de Oro del Festival de Málaga con 'Yo no moriré de amor' | Palmarés del Festival de Málaga 2026: 'Yo no moriré de amor' gana la Biznaga de Oro,2026-03-17 12:02,2026-03-17 12:02
2026-03-14 12:00:00,Lotería Nacional: comprobar sorteo del sábado 14 de marzo,"elpais, google_news_es, sur",3,3,0.554,41,"Lotería Nacional del sábado 14 de marzo de 2026: ganadores y resultados | Lotería Nacional: comprobar los resultados del sorteo de hoy, sábado 14 de marzo - Diario AS | Lotería Nacional: comprobar sorteo del sábado 14 de marzo",2026-03-17 12:02,2026-03-17 12:02
2026-03-17 10:00:00,El Tribunal de Cuentas investigará la gestión de Ayuso en los hospitales de Quirón y Ribera,"elconfidencial, europapress, huffington_es, infolibre, levante_emv",5,5,0.66,82,"Tribunal de Cuentas investigará ""posibles irregularidades"" en la gestión y concesión de hospitales en Madrid | El Tribunal de Cuentas investigará si Ayuso perdonó una deuda de 71 millones a Quirón y Ribera Salud | El Tribunal de Cuentas investigará la gestión de Ayuso en los hospitales de Quirón y Ribera | El Tribunal de Cuentas investigará los contratos del Gobierno de Ayuso con Quirón y Ribera Salud | El Tribunal de Cuentas investigará la gestión de Madrid en los hospitales de Quirón y Ribera",2026-03-17 13:32,2026-03-17 13:32
2026-03-14 14:00:00,"LaLiga: Atlético de Madrid - Getafe, en directo","20minutos, google_news_es, levante_emv",3,4,0.495,37,"Atlético de Madrid - Getafe en directo: resultado, ganador y goles del partido de la Liga hoy - ABC | LaLiga: Atlético de Madrid - Getafe, en directo | Atlético de Madrid - Getafe, en directo el partido de la jornada 28 de Liga - RTVE.es | Atlético de Madrid - Getafe de LaLiga, en directo hoy: goles, resultado y última hora de la jornada 28",2026-03-17 13:32,2026-03-17 13:32
2026-03-16 16:00:00,Última hora de la guerra en Oriente Medio | Bruselas dice que la guerra de Irán «no es la guerra de Europa»,"elcorreo, europapress, levante_emv",3,3,0.481,36,"Kallas defiende que la guerra en Oriente Próximo ""no es la guerra de Europa"" | Última hora de la guerra en Oriente Medio | Bruselas dice que la guerra de Irán «no es la guerra de Europa» | Compleja diversificación de la inversión en tiempos de guerra",2026-03-17 13:32,2026-03-17 13:32
2026-03-16 16:00:00,El PSOE evita extrapolar el resultado de las elecciones en Castilla y León a las andaluzas - EL PAÍS,"elmundo, google_news_es, newtral",3,3,0.38,28,"El PSOE evita extrapolar el resultado de las elecciones en Castilla y León a las andaluzas - EL PAÍS | MAPA | ¿Qué han votado tus vecinos? El resultado de las elecciones de Castilla y León, calle a calle | El PP recupera terreno, el PSOE frena su caída y Vox toca techo: radiografía de las elecciones de Castilla y León 2026",2026-03-17 13:32,2026-03-17 13:32
2026-03-14 14:00:00,"Muere a los 96 años Jürgen Habermas, el último gran filósofo de la democracia","elcorreo, elespanol, levante_emv",3,3,0.655,49,"Muere a los 96 años Jürgen Habermas, el último gran filósofo de la democracia | Muere a los 96 años Jürgen Habermas, el último gran filósofo e instancia moral de Alemania | Muere a los 96 años el filósofo Jürgen Habermas, el último gran intelectual de la vieja Alemania",2026-03-17 14:02,2026-03-17 14:02
2026-03-16 20:00:00,Bonoloto: comprobar resultado del sorteo del lunes 16 de marzo de 2026 - El Mundo,"google_news_es, levante_emv, okdiario",3,4,0.571,42,"Bonoloto: Comprueba el resultado del Sorteo del lunes 16 de marzo de 2026 - Ultima Hora | Sorteo Bonoloto del lunes 16 de marzo de 2026 | Bonoloto: comprobar resultado del sorteo del lunes 16 de marzo de 2026 - El Mundo | Bonoloto: comprobar el resultado del sorteo de hoy, lunes 16 de marzo de 2026",2026-03-17 14:02,2026-03-17 14:02
2026-03-14 14:00:00,Trump propone una misión naval internacional para reabrir el estrecho de Ormuz,"europapress, google_news_internacional, heraldo_aragon",3,5,0.78,58,Trump propone una misión naval internacional para reabrir el estrecho de Ormuz - Ultima Hora | Trump propone una misión naval internacional para reabrir Ormuz | Trump propone una misión naval internacional para reabrir el estrecho de Ormuz - El Periódico | Trump propone una misión naval internacional para reabrir el estrecho de Ormuz - Europa Press | Trump propone una misión naval internacional para reabrir el estrecho de Ormuz,2026-03-17 14:32,2026-03-17 14:32
2026-03-14 14:00:00,"Muere el filósofo alemán Jürgen Habermas, a los 96 años","heraldo_aragon, infolibre, okdiario",3,3,0.482,36,"Muere el filósofo alemán Jürgen Habermas, a los 96 años | Muere a los 96 años el filósofo alemán Jürgen Habermas, el último gran intelectual de la vieja Alemania | Muere Jürgen Habermas a los 96 años, el filósofo que combatió la posverdad",2026-03-17 14:32,2026-03-17 14:32
2026-03-17 12:00:00,Zara da un golpe sobre la mesa y ficha a John Galliano para diseñar colecciones especiales,"elmundo, huffington_es, lavanguardia",3,3,0.644,48,Zara da el golpe definitivo: anuncia una colaboración de dos años con John Galliano | Zara da un golpe sobre la mesa y ficha a John Galliano para diseñar colecciones especiales | John Galliano ficha como creativo para Zara,2026-03-17 15:02,2026-03-17 15:02
2026-03-14 16:00:00,Milei se reúne con Abascal en Madrid vestido con un mono de trabajo de la petrolera YPF,"elespanol, google_news_es, heraldo_aragon",3,3,0.626,46,Milei se reúne con Abascal en Madrid vestido con un mono de trabajo de la petrolera YPF - LaSexta | Milei se fotografía en Madrid con Abascal con un mono de trabajo de la petrolera que Argentina expropió a Repsol | Milei se reúne con Abascal en Madrid vestido con un mono de trabajo de la petrolera YPF,2026-03-17 15:32,2026-03-17 15:32
2026-03-17 12:00:00,El exclusivo bolso de Dior que luce Mbappé: un guiño a la literatura por 3.000 euros,"20minutos, elcorreo, eldiario",3,3,0.454,34,El exclusivo bolso de Dior que luce Mbappé: un guiño a la literatura por 3.000 euros | Hacienda abre la solicitud de ayudas de hasta 150.000 euros por los daños del temporal en Andalucía y Extremadura | Detenida por estafar 30.000 euros a una vasca haciéndose pasar por su hijo en apuros,2026-03-17 16:02,2026-03-17 16:02
2026-03-17 14:00:00,Moeve lanza 'Hacemos futuro' para promocionar la colaboración público-privada como motor del desarrollo rural,"20minutos, elcorreo, levante_emv",3,3,0.7,52,Moeve impulsa un programa para promover la colaboración público-privada como motor de desarrollo rural | Moeve lanza 'Hacemos futuro' para promocionar la colaboración público-privada como motor del desarrollo rural | Moeve apuesta por la colaboración público-privada como motor del desarrollo rural,2026-03-17 16:32,2026-03-17 16:32
2026-03-17 12:00:00,«Será mi último club»: Hansi Flick reacciona ante la renovación de contrato anunciada por el FC Barcelona - Goal.com,"google_news_es, lavanguardia, okdiario",3,4,0.392,29,"«Será mi último club»: Hansi Flick reacciona ante la renovación de contrato anunciada por el FC Barcelona - Goal.com | Flick confiesa que se retirará en el Barcelona: «Quiero que sea mi último club» | Flick, sobre su renovación: “No pienso en irme, este será mi último trabajo” | Renovación de Hansi Flick con FC Barcelona luce inminente - es-us.noticias.yahoo.com",2026-03-17 16:32,2026-03-17 16:32
2026-03-14 16:00:00,Muere la actriz Gemma Cuervo a los 91 años,"elpais, google_news_es, heraldo_aragon, huffington_es, levante_emv",5,6,0.677,84,Muere la actriz Gemma Cuervo a los 91 años | Muere a los 91 años la actriz Gemma Cuervo | Muere Gemma Cuervo a los 91 años | Muere la actriz Gemma Cuervo a los 91 años - EL PAÍS | Muere la actriz Gemma Cuervo a los 91 años - RTVE.es,2026-03-17 17:02,2026-03-17 17:02
2026-03-17 14:00:00,"Sheinbaum ve en las palabras del Rey ""un gesto de acercamiento"" pero matiza: ""No es todo lo que hubiéramos querido""","elespanol, elmundo, europapress",3,5,0.674,50,"Sheinbaum reconoce en las palabras del Rey ""un gesto"" pero advierte: ""No es todo lo que hubiéramos querido"" | Sheinbaum ve en las palabras del Rey sobre la Conquista ""un gesto"" pero advierte: ""No es todo lo que hubiéramos querido"" | La presidenta de México ve en las palabras del Rey ""un gesto de acercamiento"" pero ""no es todo lo que hubiéramos querido"" | Sheinbaum ve en las palabras del Rey ""un gesto de acercamiento"" pero ""no es todo lo que hubiéramos querido"" | Sheinbaum ve en las palabras del Rey ""un gesto de acercamiento"" pero matiza: ""No es todo lo que hubiéramos querido""",2026-03-17 17:02,2026-03-17 17:02
2026-03-17 14:00:00,Vicky Foods compra la marca de panadería Panrico,"eldiario, google_news_economia, lavanguardia",3,3,0.548,41,Vicky Foods compra la histórica marca de Panrico y su fábrica portuguesa a Adam Foods | Vicky Foods compra la marca de panadería Panrico | Vicky Foods compra Panrico para seguir su expansión en España y Europa - Diario de Ibiza,2026-03-17 17:02,2026-03-17 17:02
2026-03-16 10:00:00,El Gobierno aprobará el viernes las medidas de respuesta de España a la guerra en Irán - Bolsamania,"elcorreo, elespanol, europapress, expansion, google_news_economia, huffington_es",6,6,0.503,75,"El Gobierno aprobará el viernes el paquete de medidas por la guerra de Irán | El Gobierno aprobará el viernes tras el Consejo Europeo el plan anticrisis por Irán | El Gobierno aprobará el paquete de medidas por la guerra de Irán en un Consejo de Ministros extraordinario este viernes | El Gobierno aprobará este viernes medidas de ""respuesta integral"" ante el alza de precios por la guerra en Irán | El Gobierno aprobará el viernes las medidas de respuesta de España a la guerra en Irán - Bolsamania",2026-03-17 17:32,2026-03-17 17:32
2026-03-14 18:00:00,"Comprobar Bonoloto: resultados de hoy, sábado 14 de marzo de 2026 - 20Minutos","20minutos, google_news_es, okdiario",3,6,0.496,37,"Bonoloto, sorteo de hoy sábado 14 de marzo de 2026 - La Vanguardia | Comprobar Bonoloto: resultados de este sábado 14 de marzo de 2026 | Comprobar Bonoloto: resultados de hoy, sábado 14 de marzo de 2026 - 20Minutos | La Primitiva: comprobar los resultados del sorteo de hoy, sábado 14 de marzo - Diario AS | Comprobar Bonoloto: resultado y número premiado hoy, sábado 14 de marzo de 2026",2026-03-17 17:32,2026-03-17 17:32
2026-03-17 08:00:00,Un terremoto de magnitud 6 sacude Cuba en pleno apagón,"elpais, google_news_internacional, lavanguardia, levante_emv, okdiario",5,5,0.721,90,Un terremoto de magnitud 6 sacude el este de Cuba | Un terremoto de magnitud 6 sacude el este de Cuba - EL PAÍS | Un terremoto de magnitud 6 sacude el este de Cuba en medio del apagón | Un terremoto de magnitud 6 azota el este de Cuba un día después de que la isla sufriera un apagón nacional | Un terremoto de magnitud 6 sacude Cuba en pleno apagón,2026-03-17 18:02,2026-03-17 18:02
2026-03-17 12:00:00,"El Gobierno libera 11,5 millones de barriles de petróleo de sus reservas para relajar precios","elespanol, europapress, expansion",3,3,0.644,48,"El Gobierno libera 11,5 millones barriles de crudo por la guerra en Irán, ""pero no es una crisis energética como la de 2022"" | El Gobierno libera 11,5 millones de barriles de petróleo, procedentes todos de reservas de la industria | El Gobierno libera 11,5 millones de barriles de petróleo de sus reservas para relajar precios",2026-03-17 18:32,2026-03-17 18:32
2026-03-14 18:00:00,Real Madrid - Elche en directo | Carvajal entra en el once titular,"elpais, google_news_es, levante_emv",3,3,0.597,44,"Real Madrid - Elche en directo | Carvajal entra en el once titular | LaLiga: Real Madrid - Elche, en directo | Real Madrid - Elche en directo | Carvajal entra en el once titular - EL PAÍS",2026-03-17 18:32,2026-03-17 18:32
2026-03-17 10:00:00,"Última hora del ataque de Estados Unidos e Israel contra Irán, en directo | Israel afirma haber matado en un ataque a Ali Larijaní, jefe de seguridad de Irán y figura clave del régimen","elpais, google_news_internacional, lavanguardia",3,5,0.532,39,"Guerra en Irán contra EE.UU. e Israel: Israel afirma haber matado a Ali Larijani jefe de segurar de Irán y figura clave del régimen | Última hora del ataque de Estados Unidos e Israel contra Irán, en directo | Israel afirma haber matado en un ataque a Ali Larijaní, jefe de seguridad de Irán y figura clave del régimen - EL PAÍS | Guerra en Irán contra EE.UU. e Israel, en directo | Israel asegura haber matado al jefe de seguridad de Irán, Ali Larijani, y rección de Trump | Guerra en Irán contra Israel y EE.UU.: Israel asegura haber matado al jefe de seguridad de Irán, Larijani, y reacción de Trump en directo | Última hora del ataque de Estados Unidos e Israel contra Irán, en directo | Israel afirma haber matado en un ataque a Ali Larijaní, jefe de seguridad de Irán y figura clave del régimen",2026-03-17 18:32,2026-03-17 18:32
2026-03-14 18:00:00,"LaLiga: Real Madrid - Elche, en directo","elcorreo, elpais, levante_emv",3,3,0.543,40,"Directo | Real Madrid - Elche | Real Madrid - Elche en directo | Carvajal entra en el once titular | LaLiga: Real Madrid - Elche, en directo",2026-03-17 19:02,2026-03-17 19:02
2026-03-14 20:00:00,Bonoloto: Comprobar resultados del sorteo de hoy sábado 14 de marzo de 2026 - La Verdad,"elcorreo, google_news_es, levante_emv, okdiario",4,4,0.496,49,"Sorteo Bonoloto del sábado 14 de marzo de 2026 | Bonoloto: comprobar el resultado del sorteo de hoy, sábado 14 de marzo de 2026 | Bonoloto: Comprobar resultados del sorteo de hoy sábado 14 de marzo de 2026 - La Verdad | La Bonoloto del sábado: comprobar resultados del 14 de marzo",2026-03-17 19:32,2026-03-17 19:32
2026-03-16 12:00:00,Kallas prevé un cambio en la misión de la UE para el estrecho de Ormuz - Euronews.com,"google_news_es, google_news_politica, lavanguardia",3,3,0.49,36,Robles reitera que España no participará en ninguna misión en el Estrecho de Ormuz - Euractiv.es | Kallas prevé un cambio en la misión de la UE para el estrecho de Ormuz - Euronews.com | Un petrolero paquistaní cruza el estrecho de Ormuz con el AIS activado,2026-03-17 20:02,2026-03-17 20:02
2026-03-14 20:00:00,Prisión provisional para los dos hermanos detenidos por la muerte de Francisca Cadenas,"europapress, google_news_es, heraldo_aragon",3,4,0.68,51,Prisión provisional para los dos hermanos detenidos por la desaparición de Francisca Cadenas - Cadena SER | Prisión provisional para los dos hermanos detenidos por la muerte de Francisca Cadenas | Prisión para los dos hermanos detenidos por la muerte de Francisca Cadenas | Decretada la prisión provisional para los dos hermanos detenidos por la muerte de Francisca Cadenas,2026-03-17 20:33,2026-03-17 20:33
2026-03-14 20:00:00,El juez ordena prisión provisional sin fianza para los hermanos detenidos por la muerte de Francisca Cadenas,"eldiario, google_news_es, levante_emv",3,3,0.662,49,Prisión provisional sin fianza para los dos hermanos detenidos por el crimen de Francisca Cadenas en Hornachos | El juez ordena prisión provisional sin fianza para los hermanos detenidos por la muerte de Francisca Cadenas | El juez ordena prisión provisional sin fianza para los hermanos detenidos por la muerte de Francisca Cadenas - elDiario.es,2026-03-17 20:33,2026-03-17 20:33
2026-03-14 20:00:00,"Bonoloto: comprobar el resultado del sorteo de hoy, sábado 14 de marzo de 2026","google_news_es, levante_emv, okdiario",3,3,0.581,43,"Sorteo Bonoloto del sábado 14 de marzo de 2026 | Bonoloto: comprobar el resultado del sorteo de hoy, sábado 14 de marzo de 2026 | Bonoloto: Comprobar resultados del sorteo de hoy sábado 14 de marzo de 2026 - La Verdad",2026-03-17 20:33,2026-03-17 20:33
2026-03-17 14:00:00,Qué ha llevado a Zara a fichar a John Galliano,"elcorreo, elpais, levante_emv",3,3,0.483,36,John Galliano y Zara anuncian una colaboración histórica de dos años | Qué ha llevado a Zara a fichar a John Galliano | Zara ficha a John Galliano y sacude el mundo de la moda con una colaboración inédita,2026-03-17 21:33,2026-03-17 21:33
2026-03-17 12:00:00,España liberará en sólo dos semanas casi 5 millones de barriles de petróleo de sus reservas por la guerra en Oriente Medio - El Periódico,"google_news_economia, google_news_es, levante_emv",3,4,0.915,68,España liberará en sólo dos semanas casi 4 millones de barriles de petróleo de sus reservas por la guerra en Oriente Medio | España liberará en sólo dos semanas casi 5 millones de barriles de petróleo de sus reservas por la guerra en Oriente Medio - INFORMACION | España liberará en sólo dos semanas casi 4 millones de barriles de petróleo de sus reservas por la guerra en Oriente Medio - El Periódico Mediterráneo | España liberará en sólo dos semanas casi 5 millones de barriles de petróleo de sus reservas por la guerra en Oriente Medio - El Periódico,2026-03-17 22:33,2026-03-17 22:33
2026-03-16 12:00:00,"Feijóo pide a Abascal que desbloquee Extremadura, Aragón y Castilla y León: ""Nos corresponde entendernos""","eldiario, levante_emv, okdiario",3,3,0.335,25,"Feijóo pide a Abascal que desbloquee Extremadura, Aragón y Castilla y León: ""Nos corresponde entendernos"" | Feijóo anima a Vox a «dejar de poner excusas»: «Nos corresponde entendernos para poner fin a Sánchez» | Abascal acusa a Feijóo de ""zancadillear"" las negociaciones y asegura que quieren gobernar en Extremadura, Aragón y Castilla y León",2026-03-17 22:33,2026-03-17 22:33
2026-03-17 12:00:00,"El Gobierno liberará 11,5 millones de barriles de las reservas estratégicas de petróleo","elpais, heraldo_aragon, lavanguardia",3,3,0.478,35,"El Gobierno liberará 11,5 millones de barriles de las reservas estratégicas de petróleo | El Gobierno liberará cuatro días de consumo de petróleo de las reservas estratégicas en una primera fase | El Gobierno liberará hasta 11,5 millones de barriles de petróleo para bajar los precios del combustible",2026-03-18 01:32,2026-03-18 01:32
2026-03-17 12:00:00,El exDAO niega haber violado a una policía y el juez rechaza imponerle la prohibición de comunicarse con ella,"elespanol, elpais, lavanguardia",3,3,0.475,35,El exDAO niega haber violado a una policía y el juez rechaza imponerle la prohibición de comunicarse con ella | El juez rechaza dar protección a la policía que denunció al exdao por violación | El juez rechaza la petición de la denunciante de prohibir al antiguo jefe de la Policía Nacional que se comunique con ella,2026-03-18 01:32,2026-03-18 01:32
2026-03-17 12:00:00,Zara da el golpe definitivo: anuncia una colaboración de dos años con John Galliano,"20minutos, elcorreo, elmundo",3,3,0.592,44,Zara apuesta por la alta costura con un John Galliano que vuelve a la moda para una colaboración de dos años | Zara firma con John Galliano por dos años | Zara da el golpe definitivo: anuncia una colaboración de dos años con John Galliano,2026-03-18 02:02,2026-03-18 02:02
2026-03-17 14:00:00,"Última hora del ataque de Estados Unidos e Israel contra Irán, en directo | Dimite el director del centro nacional contra el terrorismo de EE UU: “Irán no suponía una amenaza inminente”","elpais, google_news_es, sur",3,4,0.633,47,"Última hora del ataque de Estados Unidos e Israel contra Irán, en directo | Dimite el director del centro nacional contra el terrorismo de EE UU: “Irán no suponía una amenaza inminente” | Última hora del ataque de Estados Unidos e Israel contra Irán, en directo | Dimite el director del Centro Nacional de Contraterrorismo de EE UU: “Irán no suponía una amenaza inminente” - EL PAÍS | Dimite el director del Centro contra el Terrorismo de EE UU en protesta por la guerra de Irán | Última hora del ataque de Estados Unidos e Israel contra Irán, en directo | Dimite el director del Centro Nacional de Contraterrorismo de EE UU: “Irán no suponía una amenaza inminente”",2026-03-18 03:02,2026-03-18 03:02
2026-03-17 14:00:00,"Dimite el director del Centro contra el Terrorismo de EEUU en protesta por el conflicto en Oriente Próximo y Trump lo llama ""débil""","20minutos, infolibre, levante_emv",3,4,0.634,47,"Dimite el director del Centro contra el Terrorismo de EEUU por su rechazo a la guerra de Irán | Dimite el director del Centro contra el Terrorismo de EEUU en protesta por la guerra de Irán | Dimite el director del Centro contra el Terrorismo de Trump en protesta por el conflicto en Oriente Próximo | Dimite el director del Centro contra el Terrorismo de EEUU en protesta por el conflicto en Oriente Próximo y Trump lo llama ""débil""",2026-03-18 03:02,2026-03-18 03:02
2026-03-15 04:00:00,La incómoda posición de China en la guerra de Irán,"elpais, elpais_internacional, google_news_internacional",3,4,0.528,39,El confuso desenlace de la guerra de Irán | La incómoda posición de China en la guerra de Irán | Cinco lecciones estratégicas de la guerra en Irán | La incómoda posición de China en la guerra de Irán - EL PAÍS,2026-03-18 04:02,2026-03-18 04:02
2026-03-16 16:00:00,"Trump critica la falta de ""entusiasmo"" de aliados de implicarse en una misión ""menor"" en el estrecho de Ormuz","europapress, infolibre, levante_emv",3,4,0.69,51,"Trump critica falta de ""entusiasmo"" de algunos aliados para desbloquear el estrecho de Ormuz | Trump critica la falta de ""entusiasmo"" de aliados de implicarse en una misión ""menor"" en el estrecho de Ormuz | Trump critica falta de ""entusiasmo"" de aliados de implicarse en una misión ""menor"" en el estrecho de Ormuz | Trump critica la falta de ""entusiasmo"" de algunos aliados para desbloquear el estrecho de Ormuz",2026-03-18 05:02,2026-03-18 05:02
2026-03-17 18:00:00,"Irán confirma la muerte de Soleimani, comandante de la milicia paramilitar Basij - elDiario.es","20minutos, google_news_es, infolibre",3,3,0.671,50,"Irán confirma la muerte de Soleimani, comandante de la milicia paramilitar Basij - elDiario.es | Irán confirma la muerte de Soleimani, comandante de la milicia paramilitar Basij | Irán confirma la muerte de Soleimani, líder de la milicia Basij, y de Alí Lariyani, jefe de Seguridad",2026-03-18 05:32,2026-03-18 05:32
2026-03-15 06:00:00,"Elecciones del 15M en Castilla y León 2026, en directo: última hora de la jornada electoral","huffington_es, levante_emv, okdiario",3,3,0.524,39,"Resultado de las elecciones Castilla y León 2026 en directo | Última hora de los votos, escrutinio y resultado de la jornada electoral | Elecciones del 15M en Castilla y León 2026, en directo: última hora de la jornada electoral | Elecciones Castilla y León 2026 en directo: última hora, participación y resultados",2026-03-18 05:32,2026-03-18 05:32
2026-03-17 16:00:00,"Jose Manuel Albesa, nuevo CEO de Puig con Marc Puig como presidente ejecutivo","elpais, google_news_es, lavanguardia",3,3,0.451,33,"Jose Manuel Albesa, nuevo CEO de Puig con Marc Puig como presidente ejecutivo | Puig se reordena: Jose Manuel Albesa, consejero delegado, y Marc Puig, presidente - Modaes | Puig delega en Albesa la dirección del grupo y sigue como presidente ejecutivo",2026-03-18 05:32,2026-03-18 05:32
2026-03-15 06:00:00,"F1 2026, en directo: Carrera del GP de China de Fórmula 1 - LaSexta","elcorreo, google_news_es, levante_emv, okdiario",4,4,0.409,40,"F1 2026, en directo: Carrera del GP de China de Fórmula 1 - LaSexta | F1 2026 en el GP de China: dónde ver gratis online y por televisión en directo la carrera de Fórmula 1 hoy | Directo | GP de China de Fórmula 1 | Sigue en directo la carrera del GP de China",2026-03-18 06:02,2026-03-18 06:02
2026-03-17 14:00:00,Dimite el director del Centro de Contraterrorismo de EEUU por discrepancias con la guerra en Irán,"europapress, google_news_internacional, huffington_es",3,3,0.62,46,Primera gran baja en las &#039;filas&#039; de Trump por la guerra en Irán: dimite el director del Centro de Contraterrorismo de EEUU por su rechazo a la ofensiva | Dimite el director del Centro de Contraterrorismo de EEUU por discrepancias con la guerra en Irán - Europa Press | Dimite el director del Centro de Contraterrorismo de EEUU por discrepancias con la guerra en Irán,2026-03-18 06:32,2026-03-18 06:32
2026-03-17 20:00:00,"Champions League: Manchester City - Real Madrid, en imágenes","elespanol, elpais, levante_emv",3,3,0.451,33,"Champions League: Manchester City - Real Madrid, en imágenes | Manchester City - Real Madrid, fútbol hoy en directo | Gol de Vinicius y Haaland en el partido de octavos de Champions League | Manchester City - Real Madrid en directo | Haaland empata el partido en el Etihad",2026-03-18 07:32,2026-03-18 07:32
2026-03-15 08:00:00,A prisión tres personas por secuestrar y agredir con violencia a un joven en Ejea de los Caballeros (Zaragoza),"elespanol, google_news_es, lavanguardia",3,4,0.693,51,A prisión tres personas por secuestrar y agredir con violencia a un joven en Ejea de los Caballeros (Zaragoza) | A prisión tres personas por secuestrar y agredir con violencia a un joven de 19 años en Ejea de los Caballeros | Detenidas tres personas por secuestrar y agredir a un joven en Ejea de los Caballeros (Zaragoza) - LaSexta | Detenidas tres personas por secuestrar y agredir a un joven en Ejea de los Caballeros (Zaragoza),2026-03-18 08:32,2026-03-18 08:32
2026-03-16 12:00:00,Sin AVE a Málaga en Semana Santa: Adif retrasa la reapertura de la línea hasta la última semana de abril - LaSexta,"expansion, google_news_es, okdiario",3,3,0.522,39,Sin AVE a Málaga en Semana Santa: Adif retrasa la reapertura de la línea hasta la última semana de abril - LaSexta | Puente deja sin AVE a Málaga para Semana Santa: la reparación de la vía no terminará hasta final de abril | Adif retrasa a la última semana de abril la reapertura de la línea de AVE a Málaga,2026-03-18 08:32,2026-03-18 08:32
2026-03-16 12:00:00,Muere una mujer de 53 años en Barbastro (Huesca) por violencia de género a manos de su pareja,"eldiario, elespanol, elmundo",3,3,0.475,35,Muere una mujer de 53 años en Barbastro (Huesca) por violencia de género a manos de su pareja | Ingresa en prisión la pareja de la mujer de 53 años asesinada en Barbastro: se investiga como violencia de género | Asesinada una mujer de 53 años en Barbastro en un presunto caso de violencia machista,2026-03-18 08:32,2026-03-18 08:32
2026-03-17 22:00:00,"Marruecos, proclamado campeón de la Copa de África dos meses después de perder la final con Senegal","elpais, google_news_es, levante_emv",3,3,0.629,47,"¡La CAF declara a Marruecos campeona de la Copa África dos meses después! | Marruecos es proclamado campeón de la Copa África dos meses después de perder la final con Senegal - EL PAÍS | Marruecos, proclamado campeón de la Copa de África dos meses después de perder la final con Senegal",2026-03-18 09:02,2026-03-18 09:02
2026-03-15 10:00:00,"La participación en las elecciones de Castilla y León a las 11.30 sube al 12,58%, un punto por encima de 2022","elcorreo, eldiario, elpais, google_news_es, newtral, okdiario",6,6,0.483,72,"La participación en las elecciones de Castilla y León a las 11.30 sube al 12,58%, un punto por encima de 2022 | Elecciones en Castilla y León 15M, en directo | La participación a las 11.30 sube en más de un punto y se sitúa en el 12,6% | La participación en Castilla y León a las 11:30 se sitúa en el 12,62%: sube un punto respecto a 2022 | La participación en las elecciones de Castilla y León es del 12,6% a las 11.30, hasta1,3 puntos más que en 2022 - RTVE.es | La participación en las elecciones de Castilla y León sube 1,3 puntos a las 11:30 y se sitúa en el 12,6%",2026-03-18 10:02,2026-03-18 10:02
2026-03-15 10:00:00,España reubica temporalmente a sus fuerzas especiales en Irak por la guerra,"20minutos, elespanol, elmundo_espana",3,3,0.523,39,"España reubica temporalmente a sus fuerzas especiales en Irak por la guerra | España reubica temporalmente a su Grupo de Operaciones Especiales en Irak por la inestabilidad en la zona debido a la guerra en Irán | España reubica ""temporalmente"" a las fuerzas especiales destacadas en Irak por la guerra en Irán",2026-03-18 10:02,2026-03-18 10:02
2026-03-15 10:00:00,"Fernando Alonso: «Las vibraciones eran excesivas, no sentía las manos ni los pies»","levante_emv, okdiario, sur",3,3,0.52,38,"Alonso, sobre las vibraciones del Aston Martin: «Me retiré porque no sentía las manos ni los pies» | Alonso, desesperado: ""No me sentía ni manos ni pies"" | Fernando Alonso: «Las vibraciones eran excesivas, no sentía las manos ni los pies»",2026-03-18 10:02,2026-03-18 10:02
2026-03-18 04:00:00,Los dilemas de Vox,"20minutos, heraldo_aragon, lavanguardia",3,3,0.413,30,Los dilemas de Vox | El techo y el sueño de Vox | Confirmada la fecha en la que la exafiliada de Vox Marisa Gaspar se convertirá en concejala en Zaragoza,2026-03-18 10:02,2026-03-18 10:02
2026-03-15 10:00:00,España reubica temporalmente a su Grupo de Operaciones Especiales en Irak por el deterioro de la seguridad,"elmundo_espana, europapress, google_news_es",3,3,0.704,52,España reubica temporalmente a su Grupo de Operaciones Especiales en Irak por la inestabilidad en la zona debido a la guerra en Irán | España reubica temporalmente a su Grupo de Operaciones Especiales en Irak por el deterioro de la seguridad - Europa Press | España reubica temporalmente a su Grupo de Operaciones Especiales en Irak por el deterioro de la seguridad,2026-03-18 10:32,2026-03-18 10:32
2026-03-17 20:00:00,Sorteo Bonoloto del martes 17 de marzo de 2026,"google_news_es, levante_emv, okdiario",3,7,0.495,37,"Bonoloto: comprobar el resultado del sorteo de hoy, martes 17 de marzo de 2026 | Comprobar Euromillones: resultado y números premiados del sorteo hoy martes 17 de marzo de 2026 | Sorteo Bonoloto del martes 17 de marzo de 2026 - El Día | Sorteo Bonoloto del martes 17 de marzo de 2026 | Sorteo Euromillones del martes 17 de marzo de 2026",2026-03-18 10:32,2026-03-18 10:32
2026-03-15 10:00:00,"Elecciones en Castilla y León 15M, en directo | La participación a las 11.30 sube en más de un punto y se sitúa en el 12,6%","eldiario, elpais, newtral",3,3,0.456,34,"Elecciones en Castilla y León 15M, en directo | La participación a las 11.30 sube en más de un punto y se sitúa en el 12,6% | La participación en las elecciones de Castilla y León sube 1,3 puntos a las 11:30 y se sitúa en el 12,6% | La participación en las elecciones de Castilla y León a las 11:30 sube al 12,6%, más de un punto por encima del dato de 2022",2026-03-18 10:32,2026-03-18 10:32
2026-03-17 20:00:00,"ONCE hoy, martes, 17 de marzo de 2026: comprobar el Cupón Diario, Eurojackpot y Super 11","elpais, google_news_es, okdiario",3,3,0.425,31,"ONCE hoy, martes, 17 de marzo de 2026: comprobar el Cupón Diario, Eurojackpot y Super 11 | Comprobar Bonoloto hoy, martes 17 de marzo de 2026 - El Mundo | Cupón diario de la ONCE: comprobar sorteo del martes 17 de marzo",2026-03-18 10:32,2026-03-18 10:32
2026-03-17 10:00:00,La Fiscalía de la Audiencia Nacional cierra las diligencias sobre el 'pendrive' que Leire Díez entregó al PSOE,"elespanol, elmundo, europapress, levante_emv",4,5,0.697,69,La Fiscalía cierra la investigación sobre el 'pendrive' que Leire Díez entregó al PSOE al no hallar novedades con relevancia penal | La Fiscalía de la Audiencia Nacional cierra las diligencias sobre el 'pendrive' que Leire Díez entregó al PSOE | La Fiscalía de la AN cierra las diligencias sobre el 'pendrive' que Leire Díez entregó al PSOE | La Fiscalía de la Audiencia Nacional archiva sus diligencias sobre el 'pendrive' que Leire Díez entregó al PSOE | La Fiscalía de la Audiencia Nacional archiva su investigación sobre el 'pendrive' que Leire Díez entregó al PSOE,2026-03-18 11:02,2026-03-18 11:02
2026-03-17 10:00:00,"Tribunal de Cuentas investigará ""posibles irregularidades"" en la gestión y concesión de hospitales en Madrid","elconfidencial, europapress, infolibre",3,4,0.629,47,"Tribunal de Cuentas investigará ""posibles irregularidades"" en la gestión y concesión de hospitales en Madrid | Tribunal de Cuentas investigará ""posibles irregularidades"" en la gestión de hospitales en la Comunidad de Madrid | El Tribunal de Cuentas investigará la gestión de Ayuso en los hospitales de Quirón y Ribera | El Tribunal de Cuentas investigará la gestión de Madrid en los hospitales de Quirón y Ribera",2026-03-18 11:02,2026-03-18 11:02
2026-03-17 12:00:00,Vox acentúa su distancia con el Rey por la conquista de América,"elcorreo, eldiario, google_news_es",3,3,0.591,44,"El Gobierno ""suscribe las palabras"" del rey sobre la conquista de América y Feijóo cree el revisionismo es ""un disparate"" - RTVE.es | El Gobierno sabía con antelación que el rey iba a hablar sobre la conquista de América: ""Lo compartimos al 100%"" | Vox acentúa su distancia con el Rey por la conquista de América",2026-03-18 11:02,2026-03-18 11:02
2026-03-17 10:00:00,"Guerra en Irán contra EE.UU. e Israel, en directo | Israel asegura haber matado al jefe de seguridad de Irán, Ali Larijani, y rección de Trump","elpais, google_news_internacional, lavanguardia",3,5,0.549,41,"Guerra en Irán contra EE.UU. e Israel: Israel afirma haber matado a Ali Larijani jefe de segurar de Irán y figura clave del régimen | Última hora del ataque de Estados Unidos e Israel contra Irán, en directo | Israel afirma haber matado en un ataque a Ali Larijaní, jefe de seguridad de Irán y figura clave del régimen - EL PAÍS | Guerra en Irán contra EE.UU. e Israel, en directo | Israel asegura haber matado al jefe de seguridad de Irán, Ali Larijani, y rección de Trump | Guerra en Irán contra Israel y EE.UU.: Israel asegura haber matado al jefe de seguridad de Irán, Larijani, y reacción de Trump en directo | Última hora del ataque de Estados Unidos e Israel contra Irán, en directo | Israel afirma haber matado en un ataque a Ali Larijaní, jefe de seguridad de Irán y figura clave del régimen",2026-03-18 11:02,2026-03-18 11:02
2026-03-17 20:00:00,"Israel mata en un ataque a Alí Lariyani, secretario del Consejo Supremo de Seguridad Nacional de Irán y figura clave del régimen","elpais, europapress, heraldo_aragon",3,3,0.371,27,"Israel mata en un ataque a Alí Lariyani, secretario del Consejo Supremo de Seguridad Nacional de Irán y figura clave del régimen | Israel mata a Ali Lariyaní, figura clave del régimen iraní | Irán confirma la muerte de Alí Lariyani, secretario del Consejo Supremo de Seguridad Nacional",2026-03-18 11:02,2026-03-18 11:02
2026-03-17 12:00:00,Vicky Foods compra Panrico para seguir su expansión en España y Europa,"elpais, expansion, levante_emv",3,3,0.676,50,"Vicky Foods, antigua Dulcesol, compra Panrico para reforzarse en el mercado del pan en España y Portugal | Vicky Foods compra Panrico para seguir su expansión en España y Europa | Vicky Foods compra Panrico, que le abre la puerta a fabricar en Portugal",2026-03-18 12:02,2026-03-18 12:02
2026-03-15 12:00:00,"Muere el guitarrista de Motörhead, Phil Campbell, a los 64 años: ""El mundo acaba de perder un inmenso rayo de luz""","elmundo, lavanguardia, levante_emv",3,4,0.68,50,"Muere el guitarrista de Motörhead, Phil Campbell, a los 64 años | Muere el guitarrista de Motörhead, Phil Campbell, a los 64 años: ""El mundo acaba de perder un inmenso rayo de luz"" | Fallece Phil Campbell, guitarrista de Motörhead, a los 64 años | Muere el guitarrista de Motörhead, Phil Campbell, a los 64 años: “El mundo acaba de perder un inmenso rayo de luz”",2026-03-18 12:02,2026-03-18 12:02
2026-03-17 08:00:00,"Israel asegura haber matado a Alí Larijaní, jefe de Seguridad de Irán","elespanol, elmundo_internacional, google_news_es, levante_emv",4,5,0.485,48,"Última hora. Israel asegura haber matado al jefe de seguridad iraní Alí Larijani en un ataque en Teherán - Euronews.com | Israel asegura haber matado a Ali Lariyani, secretario del Consejo Supremo de Seguridad iraní | Israel asegura haber matado a Ali Lariyani, jefe de Seguridad de Irán | Israel asegura haber matado a Alí Larijaní, jefe de Seguridad de Irán | Israel afirma haber matado a Alí Larijani, jefe de Seguridad y 'hombre fuerte' del régimen iraní, en un ataque nocturno",2026-03-18 12:02,2026-03-18 12:02
2026-03-17 08:00:00,"Irán negocia con la FIFA para que México acoja sus partidos del Mundial, en lugar de Estados Unidos","20minutos, elpais, huffington_es",3,3,0.614,46,"Irán negocia con la FIFA para que México acoja sus partidos del Mundial, en lugar de Estados Unidos | Irán negocia con la FIFA para jugar en México sus partidos del Mundial ante el portazo de Trump | Irán asegura que negocia con la FIFA para que México acoja sus partidos del Mundial: ""Trump no puede garantizar la seguridad""",2026-03-18 12:02,2026-03-18 12:02
2026-03-18 08:00:00,Una menor escapa de una agresión sexual por el balcón de un hotel en Torremolinos (Málaga),"elconfidencial, elespanol, huffington_es",3,3,0.592,44,Una menor logra huir de una agresión sexual por el balcón de un hotel en Torremolinos | Detienen a tres jóvenes por retener a una menor en un hotel de Torremolinos: escapó por el balcón de una agresión sexual | Una menor escapa de una agresión sexual por el balcón de un hotel en Torremolinos (Málaga),2026-03-18 12:02,2026-03-18 12:02
2026-03-17 08:00:00,El ex DAO llega «tranquilo» a declarar ante el juez por la acusación de agresión sexual,"europapress, infolibre, okdiario",3,3,0.447,33,"El ex DAO llega «tranquilo» a declarar ante el juez por la acusación de agresión sexual | El exDAO se muestra ""tranquilo"" y ""bien"" a su llegada al juzgado para declarar por presunta agresión sexual | El juez interroga al exjefe policial y a la inspectora que le denunció por agresión sexual",2026-03-18 12:02,2026-03-18 12:02
2026-03-15 12:00:00,Irán usa por primera vez su misil balístico 'Sejil' contra Israel,"google_news_es, google_news_internacional, infolibre",3,3,0.788,59,"Irán usa por primera vez su misil balístico 'Sejil' contra Israel | Irán usa por primera vez su misil balístico 'Sejil' contra Israel - infoLibre | Guerra de Irán y última hora del precio de petróleo, en directo | Irán usa por primera vez su misil balístico 'Sejil' contra Israel - El Mundo",2026-03-18 12:32,2026-03-18 12:32
2026-03-15 12:00:00,El 44% de los empresarios españoles rediseña sus planes de negocio por la guerra de Irán,"google_news_economia, google_news_es, okdiario",3,4,0.642,48,El 44% de los empresarios españoles rediseña sus planes de negocio por la guerra de Irán | El 44% de los empresarios españoles rediseña sus planes de negocio por la guerra de Irán - OkDiario | Casi la mitad de los empresarios españoles rediseña sus planes de negocio ante la incertidumbre geopolítica - PressDigital | Economía.- Casi la mitad de los empresarios españoles rediseña sus planes de negocio ante la incertidumbre geopolítica - Bolsamania,2026-03-18 12:32,2026-03-18 12:32
2026-03-15 12:00:00,Se cancela la 'Finalissima' entre España y Argentina,"elmundo, elpais, lavanguardia",3,4,0.777,58,La Finalissima entre España y Argentina se cancela definitivamente | La Finalissima entre España y Argentina se cancela | Se cancela la 'Finalissima' entre España y Argentina | Se cancela la Finalissima entre España y Argentina,2026-03-18 13:02,2026-03-18 13:02
2026-03-15 12:00:00,"La participación en las elecciones de Castilla y León a las 14.00 sube al 36,7%, dos puntos por encima de 2022","elcorreo, elespanol, elpais",3,3,0.423,31,"La participación en las elecciones de Castilla y León a las 14.00 sube al 36,7%, dos puntos por encima de 2022 | Elecciones en Castilla y León 15M, en directo | La participación a las 14.00 sube 2,2 puntos y se sitúa en el 36,9% | La participación en las elecciones de Castilla y León supera el 36,9% a las 14.00, un 2,2% más que en 2022",2026-03-18 13:02,2026-03-18 13:02
2026-03-18 08:00:00,Detienen a tres jóvenes por retener a una menor en un hotel de Torremolinos: escapó por el balcón de una agresión sexual,"20minutos, elconfidencial, elespanol, huffington_es",4,4,0.613,61,"Una menor logra huir de una agresión sexual por el balcón de un hotel en Torremolinos | Detienen a tres jóvenes por retener a una menor en un hotel de Torremolinos: escapó por el balcón de una agresión sexual | Detenidos tres jóvenes por retener en un hotel a una menor, que escapó de la agresión sexual por el balcón | Una menor escapa de una agresión sexual por el balcón de un hotel en Torremolinos (Málaga)",2026-03-18 14:02,2026-03-18 14:02
2026-03-15 14:00:00,Un 44% de empresarios españoles optan por cambiar su estrategia de crecimiento ante la tensión geopolítica,"elcorreo, google_news_economia, google_news_es",3,8,0.818,61,Un 44% de empresarios españoles optan por cambiar su estrategia de crecimiento ante la tensión geopolítica - El Diario Vasco | Un 44% de empresarios españoles optan por cambiar su estrategia de crecimiento ante la tensión geopolítica | Un 44% de empresarios españoles optan por cambiar su estrategia de crecimiento ante la tensión geopolítica - Las Provincias | Un 44% de empresarios españoles optan por cambiar su estrategia de crecimiento ante la tensión geopolítica - Ideal | Un 44% de empresarios españoles optan por cambiar su estrategia de crecimiento ante la tensión geopolítica - Diario Sur,2026-03-18 14:02,2026-03-18 14:02
2026-03-18 10:00:00,"La Fiscalía noruega pide 7 años de cárcel para Marius Borg, hijo de Mette-Marit","20minutos, elespanol, lavanguardia",3,3,0.703,52,"La Fiscalía noruega pide más de 7 años de cárcel para Marius Borg por violación | La Fiscalía noruega pide 7 años de cárcel para Marius Borg, hijo de la princesa Mette-Marit, por violación a cuatro mujeres | La Fiscalía noruega pide 7 años de cárcel para Marius Borg, hijo de Mette-Marit",2026-03-18 14:02,2026-03-18 14:02
2026-03-17 14:00:00,"Última hora del ataque de Estados Unidos e Israel contra Irán, en directo | Trump, sobre la negativa de sus aliados a sumarse a su ofensiva en Ormuz: “¡No necesitamos la ayuda de nadie!”","elpais, google_news_internacional, huffington_es",3,3,0.639,47,"Trump, ante la negativa de sus aliados a sumarse a una ofensiva en Ormuz: &quot;¡No necesitamos a nadie!&quot; | Última hora del ataque de Estados Unidos e Israel contra Irán, en directo | Trump, sobre la negativa de sus aliados a sumarse a su ofensiva en Ormuz: “¡No necesitamos la ayuda de nadie!” | Última hora del ataque de Estados Unidos e Israel contra Irán, en directo | Trump, sobre la negativa de sus aliados a sumarse a su ofensiva en Ormuz: “¡No necesitamos la ayuda de nadie!” - EL PAÍS",2026-03-18 14:02,2026-03-18 14:02
2026-03-15 14:00:00,Detenido un hombre por el presunto asesinato de su pareja en Pedreña (Cantabria),"elcorreo, elespanol, elpais, lavanguardia",4,4,0.627,62,"La Guardia Civil detiene a un hombre de 52 años por el presunto asesinato de su pareja en Pedreña (Cantabria) | Detenido un hombre por el presunto asesinato de su pareja en Pedreña (Cantabria) | Detenido un hombre por el presunto asesinato de su pareja en Pedreña, Cantabria | La Guardia Civil detiene a un hombre por el presunto asesinato de su pareja en Cantabria",2026-03-18 14:33,2026-03-18 14:33
2026-03-18 08:00:00,"Predicción del horóscopo para Acuario hoy, miércoles 18 de marzo de 2026","google_news_economia, google_news_es, okdiario",3,6,0.705,52,"Bonoloto hoy: comprobar resultado del sorteo del miércoles 18 de marzo de 2026 - MARCA | Predicción del horóscopo para Aries hoy, miércoles 18 de marzo de 2026 | Predicción del horóscopo para Piscis hoy, miércoles 18 de marzo de 2026 | Predicción del horóscopo para Acuario hoy, miércoles 18 de marzo de 2026 | Predicción del horóscopo para Capricornio hoy, miércoles 18 de marzo de 2026",2026-03-18 15:02,2026-03-18 15:02
2026-03-16 08:00:00,UniCredit lanza una opa de 35.000 millones de euros sobre Commerzbank,"20minutos, eldiario, elmundo, expansion, google_news_es, levante_emv, sur",7,8,0.619,100,UniCredit lanza una opa de 35.000 millones de euros sobre Commerzbank | Baile de bancos en Europa: Unicredit lanza una opa de 35.000 millones sobre Commerzbank | Baile de bancos en Europa: Unicredit lanza una opa de 35.000 millones de euros sobre el Commerzbank | Baile de bancos en Europa: Unicredit lanza una opa de 35.000 millones sobre Commerzbank - 20Minutos | UniCredit lanza una OPA de 35.000 millones de euros sobre Commerzbank para superar el 30% de la propiedad,2026-03-18 15:32,2026-03-18 15:32
2026-03-16 08:00:00,Detenido un concejal de de Compromís en Altea por abofetear y causar lesiones a su pareja,"20minutos, elconfidencial, elcorreo, elmundo, heraldo_aragon, huffington_es, infolibre, lavanguardia, levante_emv, okdiario",10,10,0.622,100,"Detenido un concejal de Compromís en Altea (Alicante) por abofetear y causar lesiones a su pareja | Detienen a un concejal de Compromís en Altea por abofetear y causar lesiones a su pareja | Detenido un edil de Compromís de Altea por abofetear y causar lesiones a su pareja | Detenido un concejal de de Compromís en Altea por abofetear y causar lesiones a su pareja | Detenido un concejal de Altea, de Compromís, por abofetear y causar lesiones a su pareja",2026-03-18 15:32,2026-03-18 15:32
2026-03-17 08:00:00,Un terremoto de magnitud 6 sacude el este de Cuba,"elpais, google_news_es, google_news_internacional, lavanguardia, levante_emv",5,5,0.812,100,Un terremoto de magnitud 6 sacude el este de Cuba - Cadena SER | Un terremoto de magnitud 6 sacude el este de Cuba | Un terremoto de magnitud 6 sacude el este de Cuba - EL PAÍS | Un terremoto de magnitud 6 sacude el este de Cuba en medio del apagón | Un terremoto de magnitud 6 sacude Cuba en pleno apagón,2026-03-18 15:32,2026-03-18 15:32
2026-03-16 14:00:00,Felipe VI reconoce que en la conquista de América hubo «mucho abuso»,"elconfidencial, elcorreo, eldiario, elmundo, huffington_es, infolibre, levante_emv, okdiario, sur",9,11,0.497,100,"Felipe VI reconoce que en la conquista de América hubo «mucho abuso» | Felipe VI reconoce que en la conquista de América hubo «mucho abuso y controversias éticas» | Felipe VI admite que hubo ""mucho abuso"" en la conquista de América | Felipe VI reconoce que durante la conquista de América hubo ""muchos abusos"" | Felipe VI reconoce que en la Conquista de América hubo «mucho abuso y controversias éticas»",2026-03-18 15:32,2026-03-18 15:32
2026-03-18 08:00:00,Retrasos en la alta velocidad con origen o destino Madrid por una incidencia,"elcorreo, elespanol, elmundo, elpais, europapress, heraldo_aragon, levante_emv",7,8,0.542,94,"Una incidencia en la señalización provoca «retrasos en los trenes de alta velocidad con origen y destino Madrid» | Retrasos en la alta velocidad con origen o destino Madrid por una incidencia | Un problema en los sistemas de señalización provoca ""retrasos significativos"" en los AVE que entran y salen de Madrid | Retrasos en los trenes de alta velocidad con origen o destino Madrid por una incidencia en las señalizaciones de Adif | Retrasos en los trenes de alta velocidad con origen o destino Madrid por una incidencia de dos horas en las señalizaciones de Adif",2026-03-18 15:32,2026-03-18 15:32
2026-03-15 22:00:00,"Los resultados de las elecciones en Castilla y León, calle a calle","elconfidencial, eldiario, elmundo, elpais, google_news_es",5,5,0.721,90,"Los resultados de las elecciones en Castilla y León, calle a calle | Los resultados de las elecciones en Castilla y León, calle a calle - EL PAÍS | El mapa de los resultados de las elecciones de Castilla y León 2026, calle a calle | MAPA | ¿Qué han votado tus vecinos? Los resultados de las elecciones en Castilla y León 2026, calle a calle | Los resultados de las elecciones del 15-M en Castilla y León, calle a calle",2026-03-18 15:32,2026-03-18 15:32
2026-03-16 18:00:00,La jueza archiva la segunda denuncia contra Errejón por agresión sexual,"20minutos, elpais, infolibre, lavanguardia, levante_emv",5,7,0.698,87,La jueza archiva la segunda denuncia contra Errejón al no ratificar la denunciante | La jueza archiva la segunda denuncia contra Errejón por agresión sexual | La jueza archiva la segunda denuncia por agresión sexual | La jueza archiva la segunda denuncia contra Errejón por agresión sexual después de que no fuese ratificada | La jueza archiva la segunda denuncia por agresión sexual contra Errejón,2026-03-18 15:32,2026-03-18 15:32
2026-03-17 18:00:00,Directo | Manchester City - Real Madrid,"elcorreo, elespanol, elpais, europapress, google_news_es, levante_emv",6,7,0.574,86,"Manchester City - Real Madrid, fútbol hoy en directo | Directo | Manchester City - Real Madrid | Champions League: Manchester City - Real Madrid, en directo | Manchester City - Real Madrid, en directo hoy: sigue el partido de Champions League minuto a minuto | Real Madrid - Manchester City, en directo la vuelta de octavos de final de la Champions - RTVE.es",2026-03-18 15:32,2026-03-18 15:32
2026-03-16 08:00:00,El Gobierno presentará esta semana medidas contra el alza de precios de la energía,"google_news_politica, heraldo_aragon, huffington_es, infolibre",4,5,0.84,84,El Gobierno de España presentará esta semana las medidas contra el alza de precios de la energía - ORAIN | El Gobierno presentará esta semana las medidas contra el alza de precios de la energía | El Gobierno presentará esta semana las medidas contra el alza de precios de la energía provocado por la guerra de Irán | El Gobierno presentará esta semana medidas contra el alza de precios de la energía | El Gobierno presentará este viernes medidas contra el alza de precios de la energía,2026-03-18 15:32,2026-03-18 15:32
2026-03-16 10:00:00,El TSJ rechaza investigar a Mazón por la gestión de la dana,"elcorreo, elespanol, elmundo, elpais, google_news_es, huffington_es, infolibre",7,7,0.473,82,"El TSJ rechaza investigar a Mazón por la gestión de la dana | El TSJ rechaza investigar a Mazón por la gestión de la dana porque no tenía deberes específicos y no está acreditado que participara en el Es-Alert | La Justicia rechaza investigar a Mazón al considerar que los hechos no tienen ""carácter de delito"" | El Tribunal Superior valenciano rechaza investigar a Mazón por la gestión de la dana al no apreciar delito - RTVE.es | El Tribunal Superior valenciano rechaza investigar a Mazón por la gestión de la DANA",2026-03-18 15:32,2026-03-18 15:32
2026-03-16 12:00:00,Adif pospone la reapertura de la línea de AVE entre Madrid y Málaga hasta después de Semana Santa,"20minutos, elconfidencial, elmundo, expansion, google_news_es, huffington_es",6,6,0.55,82,Adif pospone la reapertura de la línea de AVE entre Madrid y Málaga hasta después de Semana Santa | Sin AVE a Málaga en Semana Santa: Adif retrasa la reapertura de la línea hasta la última semana de abril - LaSexta | La reapertura de la línea de AVE Madrid-Málaga se retrasa a después de Semana Santa | Adif retrasa a la última semana de abril la reapertura de la línea de AVE a Málaga | Adif vuelve a retrasar la reapertura de la línea cortada del AVE a Málaga y no estará en funcionamiento en las vacaciones de Semana Santa,2026-03-18 15:32,2026-03-18 15:32
2026-03-15 22:00:00,Lista completa de ganadores de los Premios Oscar 2026,"bbc_mundo, eldiario, google_news_es, huffington_es, levante_emv",5,7,0.617,77,Oscar 2026: esta es la lista de ganadores de los premios de la Academia de Hollywood | Ganadores premios Oscar 2026: lista completa de premiados por categoría | Ganadores de los Premios Oscar 2026: lista de premiados y nominados | Los ganadores de los Premios Oscar 2026 - EL PAÍS | Premios Oscar 2026: lista completa de ganadores,2026-03-18 15:32,2026-03-18 15:32
2026-03-17 06:00:00,"Lectura del mapa político tras las elecciones de Castilla y León: ""España es una excepción internacional, ya que cuando el partido de centroderecha crece, su derecha también lo hace""","google_news_internacional, google_news_politica, levante_emv",3,4,0.99,74,"Lectura del mapa político tras las elecciones de Castilla y León: ""España es una excepción internacional, ya que cuando el partido de centroderecha crece, su derecha también lo hace"" | Lectura del mapa político tras las elecciones de Castilla y León: ""España es una excepción internacional, ya que cuando el partido de centroderecha crece, su derecha también lo hace"" - El Correo Gallego | Lectura del mapa político tras las elecciones de Castilla y León: ""España es una excepción internacional, ya que cuando el partido de centroderecha crece, su derecha también lo hace"" - El Periódico | Lectura del mapa político tras las elecciones de Castilla y León: ""España es una excepción internacional, ya que cuando el partido de centroderecha crece, su derecha también lo hace"" - INFORMACION",2026-03-18 15:32,2026-03-18 15:32
2026-03-16 10:00:00,Zelenski visitará España este miércoles y se reunirá con Sánchez,"20minutos, elmundo_espana, heraldo_aragon, levante_emv",4,6,0.727,72,Zelenski visitará España este miércoles y se reunirá con Sánchez | Zelenski visitará España este miércoles y se reunirá con el presidente Sánchez | Zelenski visitará España el próximo miércoles y se reunirá con Sánchez en La Moncloa | Zelenski visitará España el miércoles y se reunirá con Sánchez en Moncloa | Zelenski visitará España el próximo miércoles y se reunirá con Sánchez,2026-03-18 15:32,2026-03-18 15:32
2026-03-17 14:00:00,"Sheinbaum ve en las palabras del Rey ""un gesto de acercamiento"" pero ""no es todo lo que hubiéramos querido""","20minutos, elespanol, elmundo, europapress, heraldo_aragon",5,8,0.583,72,"Claudia Sheinbaum ve en las palabras del rey Felipe VI ""un gesto de acercamiento"" pero ""no es todo lo que hubiéramos querido"" | La presidenta de México, Claudia Sheinbaum, destaca el ""gesto de acercamiento"" de Felipe VI pero apostilla: ""No es todo lo que hubiéramos querido"" | Sheinbaum reconoce en las palabras del Rey ""un gesto"" pero advierte: ""No es todo lo que hubiéramos querido"" | Sheinbaum ve en las palabras del Rey sobre la Conquista ""un gesto"" pero advierte: ""No es todo lo que hubiéramos querido"" | Sheinbaum ve en las palabras del Rey sobre la conquista ""un gesto"" pero advierte: ""No es todo lo que hubiéramos querido""",2026-03-18 15:32,2026-03-18 15:32
2026-03-16 10:00:00,Armengol pide al Supremo declarar por escrito en el juicio contra Ábalos,"20minutos, elcorreo, elmundo, levante_emv, okdiario",5,5,0.566,70,"Armengol pide al Supremo declarar por escrito en el juicio contra Ábalos | Armengol se acoge al privilegio de declarar por escrito en el juicio de las mascarillas | Armengol se suma a Ángel Víctor Torres y pide declarar por escrito en el juicio a Ábalos | Armengol y Torres piden declarar por escrito para esquivar el interrogatorio en el juicio contra Ábalos, Koldo y Aldama | Armengol pide al Supremo declarar por escrito como testigo en el 'caso Koldo'",2026-03-18 15:32,2026-03-18 15:32
2026-03-17 10:00:00,La Fiscalía de la Audiencia Nacional archiva su investigación sobre el 'pendrive' que Leire Díez entregó al PSOE,"elcorreo, elespanol, elmundo, europapress, levante_emv",5,6,0.562,70,La Fiscalía cierra la investigación sobre el 'pendrive' que Leire Díez entregó al PSOE al no hallar novedades con relevancia penal | La Fiscalía de la Audiencia Nacional cierra las diligencias sobre el 'pendrive' que Leire Díez entregó al PSOE | La Fiscalía de la AN cierra las diligencias sobre el 'pendrive' que Leire Díez entregó al PSOE | La Fiscalía archiva la investigación sobre el pendrive de la 'fontanera' d al no hallar indicios de nuevos delitos | La Fiscalía de la Audiencia Nacional archiva sus diligencias sobre el 'pendrive' que Leire Díez entregó al PSOE,2026-03-18 15:32,2026-03-18 15:32
2026-03-17 12:00:00,España liberará en sólo dos semanas casi 4 millones de barriles de petróleo de sus reservas por la guerra en Oriente Medio,"google_news_economia, google_news_es, levante_emv",3,5,0.925,69,España liberará en sólo dos semanas casi 4 millones de barriles de petróleo de sus reservas por la guerra en Oriente Medio | España liberará en sólo dos semanas casi 5 millones de barriles de petróleo de sus reservas por la guerra en Oriente Medio - INFORMACION | España liberará en sólo dos semanas casi 4 millones de barriles de petróleo de sus reservas por la guerra en Oriente Medio - Faro de Vigo | España liberará en sólo dos semanas casi 4 millones de barriles de petróleo de sus reservas por la guerra en Oriente Medio - El Periódico Mediterráneo | España liberará en sólo dos semanas casi 5 millones de barriles de petróleo de sus reservas por la guerra en Oriente Medio - El Periódico,2026-03-18 15:32,2026-03-18 15:32
2026-03-16 20:00:00,"Trump asegura que sería un ""gran honor"" para él ""tomar Cuba""","elpais, google_news_es, heraldo_aragon, lavanguardia",4,8,0.686,68,"Trump asegura que será “un gran honor” para él “tomar Cuba” | Trump asegura que sería un ""gran honor"" para él ""tomar Cuba"" | Trump asegura que sería un ""gran honor"" para él ""tomar Cuba | Trump asegura que sería un “gran honor” para él “tomar Cuba” | Trump señala que sería ""un gran honor"" para él ""tomar Cuba"" - Euronews.com",2026-03-18 15:32,2026-03-18 15:32
2026-03-17 10:00:00,Renuncia al acta el concejal de Altea (Compromís) denunciado por agredir a su pareja,"elpais, huffington_es, infolibre, lavanguardia",4,4,0.684,68,"Renuncia al acta el concejal de Altea denunciado por abofetear a su pareja | El concejal de Altea, de Compromís, denunciado por abofetear a su pareja, renuncia a su acta | Renuncia al acta el concejal de Compromís denunciado por agredir a su pareja | Renuncia al acta el concejal de Altea (Compromís) denunciado por agredir a su pareja",2026-03-18 15:32,2026-03-18 15:32
2026-03-16 16:00:00,"Susie Wiles, jefa de gabinete de Trump, es diagnosticada con cáncer de mama","20minutos, eldiario, elespanol, heraldo_aragon",4,4,0.673,67,"Susie Wiles, jefa de gabinete de Trump, es diagnosticada con cáncer de mama | Trump anuncia que su jefa de gabinete, Susie Wiles, padece cáncer de mama: ""Melania y yo la apoyamos"" | Trump anuncia que Susie Wiles, su jefa de Gabinete, tiene cáncer de mama: ""Seguirá trabajando"" | Trump anuncia que su jefa de Gabinete y mano derecha, Susie Wiles, padece cáncer de mama",2026-03-18 15:32,2026-03-18 15:32
2026-03-16 04:00:00,El gran negocio de la familia Trump en el golfo Pérsico - EL PAÍS,"elpais, elpais_internacional, google_news_internacional",3,4,0.88,65,"El golfo Pérsico, un gran negocio para la familia Trump | El golfo Pérsico, un gran negocio para la familia Trump - EL PAÍS | El gran negocio de la familia Trump en el golfo Pérsico | El gran negocio de la familia Trump en el golfo Pérsico - EL PAÍS",2026-03-18 15:32,2026-03-18 15:32
2026-03-16 06:00:00,La Fiscalía pide inadmitir y archivar la querella contra la jueza de la dana por la intromisión de su marido,"elconfidencial, eldiario, elespanol, elmundo",4,4,0.66,65,La Fiscalía pide el archivo de la querella presentada contra la jueza de la dana por la presunta intervención de su marido | La Fiscalía pide archivar la querella contra la jueza de la dana y su marido al no ver delito | La Fiscalía pide el archivo de la querella de Rubén Gisbert contra la jueza de la dana | La Fiscalía pide inadmitir y archivar la querella contra la jueza de la dana por la intromisión de su marido,2026-03-18 15:32,2026-03-18 15:32
2026-03-16 08:00:00,Muere al caer por un acantilado cuando intentaba coger unas gafas que se le habían caído,"20minutos, elconfidencial, elmundo, heraldo_aragon",4,6,0.66,65,Muere al caer por un acantilado cuando intentaba coger unas gafas que se le habían caído | Muere al caer por un acantilado al intentar coger unas gafas que se le cayeron | Muere un joven al caer por un acantilado cuando intentaba coger unas gafas que se le habían caído | Muere un joven al caer por un acantilado cuando intentaba coger unas gafas | Muere al caer por un acantilado de Pilar de la Horadada (Alicante) cuando intentaba coger unas gafas que se le habían caído,2026-03-18 15:32,2026-03-18 15:32
2026-03-17 14:00:00,Moeve apuesta por la colaboración público-privada como motor del desarrollo rural,"20minutos, elcorreo, levante_emv",3,3,0.834,62,Moeve impulsa un programa para promover la colaboración público-privada como motor de desarrollo rural | Moeve lanza 'Hacemos futuro' para promocionar la colaboración público-privada como motor del desarrollo rural | Moeve apuesta por la colaboración público-privada como motor del desarrollo rural,2026-03-18 15:32,2026-03-18 15:32
2026-03-18 06:00:00,Errejón pide a la Audiencia de Madrid que expulse a Mouliaá de la causa y la archive,"elconfidencial, google_news_es, heraldo_aragon",3,4,0.835,62,Errejón pide a la Audiencia que expulse a Mouliaá de la causa y la archive | Errejón pide a la Audiencia de Madrid que expulse a Elisa Mouliaá de la causa y la archive - EL PAÍS | Errejón pide a la Audiencia de Madrid que expulse a Mouliaá de la causa y la archive | Errejón pide a la Audiencia de Madrid que expulse a Mouliaá de la causa y la archive - El Confidencial,2026-03-18 15:32,2026-03-18 15:32
2026-03-18 12:00:00,Kiko Matamoros asume su responsabilidad y asegura que ya ha pagado casi todo a Hacienda,"20minutos, elpais, huffington_es, levante_emv",4,4,0.615,61,"Kiko Matamoros y Makoke se reencuentran en los juzgados, donde él asume su responsabilidad y dice que ya ha pagado casi todo lo que debe a Hacienda | Kiko Matamoros asume su responsabilidad y asegura que ya ha pagado casi toda su deuda a Hacienda | Kiko Matamoros asume su responsabilidad y asegura que ya ha pagado casi todo a Hacienda | &quot;Yo quería que terminara esto de una vez&quot;: Kiko Matamoros asume su responsabilidad y dice que ya ha pagado casi todo a Hacienda",2026-03-18 15:32,2026-03-18 15:32
2026-03-16 12:00:00,Adif retrasa a finales de abril la reapertura completa de la línea de alta velocidad Madrid-Málaga,"elpais, google_news_es, levante_emv",3,3,0.825,61,Adif no reabrirá por completo la línea de alta velocidad Madrid-Málaga hasta finales de abril | Adif retrasa a finales de abril la reapertura completa de la línea de alta velocidad Madrid-Málaga | Adif retrasa a finales de abril la reapertura completa de la línea de alta velocidad Madrid-Málaga - EL PAÍS,2026-03-18 15:32,2026-03-18 15:32
2026-03-18 10:00:00,"Estas son los cinco escritores finalistas del premio Aena Narrativa, dotado con un millón de euros","elcorreo, eldiario, elpais, levante_emv",4,4,0.612,61,"Estas son los cinco escritores finalistas del premio Aena Narrativa, dotado con un millón de euros | Estos son los cinco finalistas que optan al millón de euros del premio Aena Narrativa | Una de sus novelas vale un millón de euros: AENA desvela los cinco finalistas de su premio literario | Enrique Vila-Matas y Samantha Schweblin, entre los finalistas al Premio Aena de Narrativa dotado con un millón de euros",2026-03-18 15:32,2026-03-18 15:32
2026-03-16 18:00:00,Un informe técnico sobre el accidente de Adamuz apunta a una caída de tensión compatible con la rotura de la vía 22 horas antes,"20minutos, europapress, levante_emv",3,3,0.793,59,"Un informe técnico apunta a una caída de tensión 22 horas antes del accidente de Adamuz, compatible con la rotura de la vía | Un informe técnico sobre el accidente de Adamuz apunta a una caída de tensión compatible con la rotura de la vía 22 horas antes | Un informe apunta a una caída de tensión compatible con la rotura de la vía 22 horas antes del siniestro de Adamuz",2026-03-18 15:32,2026-03-18 15:32
2026-03-17 14:00:00,Dimite el director del Centro contra el Terrorismo de EEUU en protesta por la guerra de Irán,"20minutos, infolibre, levante_emv, sur",4,4,0.598,59,"Dimite el director del Centro contra el Terrorismo de EEUU por su rechazo a la guerra de Irán | Dimite el director del Centro contra el Terrorismo de EE UU en protesta por la guerra de Irán | Dimite el director del Centro contra el Terrorismo de EEUU en protesta por la guerra de Irán | Dimite el director del Centro contra el Terrorismo de EEUU en protesta por el conflicto en Oriente Próximo y Trump lo llama ""débil""",2026-03-18 15:32,2026-03-18 15:32
2026-03-16 10:00:00,España presentará la candidatura de Luis Planas a la dirección de la FAO,"google_news_economia, huffington_es, lavanguardia, levante_emv",4,5,0.582,58,"Espanya presentarà la candidatura de Luis Planas a la direcció de la FAO | El Gobierno propondrá al ministro Luis Planas para dirigir la FAO | España presentará la candidatura de Luis Planas a la dirección de la FAO | España presentará la candidatura de Luis Planas a la FAO, el organismo de la ONU sobre alimentación y agricultura | España presentará la candidatura de Luis Planas a la dirección de la FAO - El Español",2026-03-18 15:32,2026-03-18 15:32
2026-03-16 10:00:00,La Coruña renuncia a ser sede del Mundial 2030,"eldiario, levante_emv, okdiario",3,3,0.777,58,"A Coruña renuncia a ser sede del mundial de fútbol 2030 y acuerda con Abanca reformar el estadio de Riazor | A Coruña justifica su renuncia a ser sede del Mundial y avisa al Nou Mestalla:  ""FIFA planteó una serie de exigencias que hicieron inviable continuar con la candidatura"" | La Coruña renuncia a ser sede del Mundial 2030",2026-03-18 15:32,2026-03-18 15:32
2026-03-16 10:00:00,El TSJ archiva la querella contra la jueza de la dana y su marido,"elconfidencial, eldiario, lavanguardia",3,3,0.762,57,El TSJ archiva la querella contra la jueza de la dana por la injerencia de su marido | El TSJ archiva la querella contra la jueza de la dana y su marido | El TSJ valenciano rechaza la querella del conspiranoico Rubén Gisbert contra la jueza de la dana y su marido,2026-03-18 15:32,2026-03-18 15:32
2026-03-16 04:00:00,Los 20 chollos que merecen la pena en el último día de la Fiesta de Ofertas de Primavera de Amazon,"elpais, google_news_es, lavanguardia",3,3,0.764,57,"10 chollos imperdibles de hoy lunes, último día de la Fiesta de Ofertas de Primavera de Amazon | Los 20 chollos que merecen la pena en el último día de la Fiesta de Ofertas de Primavera de Amazon - EL PAÍS | Los 20 chollos que merecen la pena en el último día de la Fiesta de Ofertas de Primavera de Amazon",2026-03-18 15:32,2026-03-18 15:32
2026-03-16 08:00:00,La Fiscalía pide archivar la querella contra la jueza de la dana y su marido,"20minutos, elpais, lavanguardia, levante_emv",4,5,0.577,57,"La Fiscalía pide archivar la querella contra la jueza de la dana y su marido | El TSJCV rechaza la querella contra la jueza de la dana y su marido | La Fiscalía pide rechazar la segunda querella contra la magistrada de la dana y su marido, también juez | La Fiscalía rechaza investigar a la jueza de la dana por la presunta participación de su marido en la causa | Fiscalía descarta que exista delito en la actuación de la jueza de la dana y su marido",2026-03-18 15:32,2026-03-18 15:32
2026-03-17 08:00:00,Investigadores españoles descifran los mecanismos cerebrales de la memoria de trabajo,"expansion, google_news_es, lavanguardia",3,3,0.769,57,Descifrados los mecanismos cerebrales de la memoria de trabajo | Investigadores españoles descifran los mecanismos cerebrales de la memoria de trabajo | Investigadores españoles descifran los mecanismos cerebrales de la memoria de trabajo - Expansión,2026-03-18 15:32,2026-03-18 15:32
2026-03-16 10:00:00,El Gobierno aprobará en un Consejo de Ministros extraordinario el viernes medidas para contener el alza de precios por la guerra en Oriente Próximo,"eldiario, elespanol, elmundo, europapress",4,4,0.57,56,"El Gobierno aprobará en un Consejo de Ministros extraordinario el viernes medidas para contener el alza de precios por la guerra en Oriente Próximo | El Gobierno aprobará el paquete de medidas por la guerra de Irán en un Consejo de Ministros extraordinario este viernes | El Gobierno aprobará este viernes medidas de ""respuesta integral"" ante el alza de precios por la guerra en Irán | El Gobierno aprobará las medidas económicas por la guerra en un Consejo de Ministros extraordinario este viernes",2026-03-18 15:32,2026-03-18 15:32
2026-03-17 16:00:00,"Jose Manuel Albesa, nuevo consejero delegado de Puig con Marc Puig como presidente ejecutivo","elpais, expansion, google_news_es, okdiario",4,4,0.562,56,"Puig nombra a José Manuel Albesa nuevo consejero delegado: es el primero ajeno a la familia | Jose Manuel Albesa, nuevo consejero delegado de Puig con Marc Puig como presidente ejecutivo | Jose Manuel Albesa, nuevo consejero delegado de Puig con Marc Puig como presidente ejecutivo - Cinco Días | José Manuel Albesa sustituye a Marc Puig como CEO de Puig",2026-03-18 15:32,2026-03-18 15:32
2026-03-18 06:00:00,"Guerra en Irán, en directo | EEUU lanza bombas antibúnker contra ""emplazamientos reforzados de misiles"" iraníes cerca de Ormuz - 20Minutos","20minutos, europapress, google_news_es",3,3,0.753,56,"Guerra en Irán | Directo: EEUU lanza bombas antibúnker contra emplazamientos de misiles de Irán cerca de Ormuz | EEUU lanza bombas antibúnker contra ""zonas reforzadas de misiles"" iraníes cerca de Ormuz | Guerra en Irán, en directo | EEUU lanza bombas antibúnker contra ""emplazamientos reforzados de misiles"" iraníes cerca de Ormuz - 20Minutos",2026-03-18 15:32,2026-03-18 15:32
2026-03-18 08:00:00,Una menor logra huir de una agresión sexual por el balcón de un hotel en Torremolinos,"20minutos, elconfidencial, elespanol, huffington_es",4,4,0.56,56,"Una menor logra huir de una agresión sexual por el balcón de un hotel en Torremolinos | Detienen a tres jóvenes por retener a una menor en un hotel de Torremolinos: escapó por el balcón de una agresión sexual | Detenidos tres jóvenes por retener a una menor, que escapó de la agresión sexual por el balcón de un hotel | Una menor escapa de una agresión sexual por el balcón de un hotel en Torremolinos (Málaga)",2026-03-18 15:32,2026-03-18 15:32
2026-03-16 20:00:00,Acordonan el centro de Cuenca por una mochila abandonada junto a la Subdelegación del Gobierno,"20minutos, heraldo_aragon, lavanguardia, levante_emv",4,8,0.569,56,Acordonan el centro de Cuenca por una mochila abandonada junto a la Subdelegación del Gobierno | Acordonan el centro de Cuenca por una mochila abandonada | Amplio despliegue por una mochila abandonada junto a la Subdelegación del Gobierno en Cuenca | Amplio dispositivo por una mochila abandonada junto a la Subdelegación del Gobierno en Cuenca | Acordonan el centro de Cuenca al aparecer una mochila junto a la Subdelegación del Gobierno,2026-03-18 15:32,2026-03-18 15:32
2026-03-18 06:00:00,El Gobierno de Cataluña retirará los presupuestos y ERC se compromete a apoyarlos antes del verano,"elconfidencial, heraldo_aragon, infolibre",3,3,0.741,55,Illa anuncia que retira los presupuestos y ERC se compromete a apoyarlos antes del verano | El Gobierno de Cataluña retirará los presupuestos y ERC se compromete a apoyarlos antes del verano | Illa retirará los presupuestos en Cataluña y ERC se compromete a apoyarlos antes del verano,2026-03-18 15:32,2026-03-18 15:32
2026-03-15 22:00:00,"Joan Laporta, reelegido presidente del FC Barcelona para los próximos cinco años","expansion, google_news_es, lavanguardia",3,3,0.74,55,"Joan Laporta, reelegido presidente del FC Barcelona para los próximos cinco años | Joan Laporta, reelegido presidente del FC Barcelona para los próximos cinco años - Expansión | Laporta, reelegido presidente del FC Barcelona con una 'goleada' a Font",2026-03-18 15:32,2026-03-18 15:32
2026-03-15 22:00:00,Javier Bardem luce el lema 'No a la guerra' en la alfombra roja de los premios Oscar,"bbc_mundo, eldiario, google_news_es, lavanguardia, levante_emv",5,6,0.443,55,"Javier Bardem luce el lema 'No a la guerra' en la alfombra roja de los premios Oscar | Javier Bardem aparece con la mítica insignia del 'No a la guerra' en la alfombra roja de los Oscar | Javier Bardem aparece con la mítica insignia del 'No a la guerra' en la alfombra roja de los Oscar - elDiario.es | Las estrellas de Hollywood llegan a la alfombra roja de los premios Oscar 2026 | La espectacular alfombra roja de los Premios Oscar, al completo",2026-03-18 15:32,2026-03-18 15:32
2026-03-18 12:00:00,Aldama entrega al juez del ‘caso Koldo’ el sobre acerca de la presunta financiación irregular del PSOE,"eldiario, elmundo, europapress, okdiario",4,4,0.546,54,Aldama entrega al juez del ‘caso Koldo’ el sobre acerca de la presunta financiación irregular del PSOE | Aldama entrega el sobre al juez y reitera que el PSOE se financió ilegalmente | Aldama aporta al juez del 'caso Koldo' el sobre acerca de la presunta financiación irregular del PSOE | Aldama entrega al juez el supuesto sobre de la petrolera estatal venezolana que vincula con la financiación irregular del PSOE,2026-03-18 15:32,2026-03-18 15:32
2026-03-17 06:00:00,"Petro denuncia que Colombia está siendo bombardeada desde Ecuador: ""Ha aparecido una bomba tirada desde un avión"" - RTVE.es","elespanol, elmundo, google_news_es, infolibre",4,5,0.54,54,"Petro denuncia que Colombia está siendo bombardeada desde Ecuador: ""Ha aparecido una bomba tirada desde un avión"" - RTVE.es | Petro denuncia que Colombia está siendo bombardeada desde Ecuador | Petro denuncia que Ecuador está bombardeando Colombia en la frontera: hallan una bomba ""tirada desde un avión"" | Colombia denuncia el lanzamiento de una bomba desde Ecuador | Última hora. Gustavo Petro denuncia que Colombia está siendo ""bombardeada desde Ecuador - Euronews.com",2026-03-18 15:32,2026-03-18 15:32
2026-03-17 20:00:00,Manchester City - Real Madrid en directo | Vinicius adelanta al Madrid de penalti y el City se queda con diez,"elcorreo, elpais, google_news_es",3,3,0.721,54,Manchester City - Real Madrid en directo | Vinicius adelanta al Madrid de penalti y el City se queda con diez - EL PAÍS | Manchester City - Real Madrid en directo | Vinicius adelanta al Madrid de penalti y el City se queda con diez | Directo | Vinicius adelanta al Real Madrid de penalti,2026-03-18 15:32,2026-03-18 15:32
2026-03-17 12:00:00,"Vicky Foods, antigua Dulcesol, compra Panrico para reforzarse en el mercado del pan en España y Portugal","elpais, expansion, levante_emv",3,3,0.71,53,"Vicky Foods, antigua Dulcesol, compra Panrico para reforzarse en el mercado del pan en España y Portugal | Vicky Foods compra Panrico para seguir su expansión en España y Europa | Vicky Foods compra Panrico, que le abre la puerta a fabricar en Portugal",2026-03-18 15:32,2026-03-18 15:32
2026-03-16 10:00:00,El Gobierno aprobará este viernes un paquete de medidas para paliar los efectos de la guerra en Oriente Próximo,"elpais, expansion, google_news_politica",3,3,0.716,53,El Gobierno aprobará este viernes un paquete de medidas para paliar los efectos de la guerra en Oriente Próximo | El Gobierno aprobará este viernes un paquete de medidas para paliar los efectos de la guerra en Oriente Próximo - EL PAÍS | El Gobierno aprobará el viernes el paquete de medidas por la guerra de Irán,2026-03-18 15:32,2026-03-18 15:32
2026-03-15 16:00:00,"Sueca-Literato Azorín, Ninot Indultat de las Fallas de 2026: la figura, un grito contra la guerra, se salvará de las llamas","elespanol, google_news_es, lavanguardia, levante_emv",4,6,0.521,52,"El ninot indultat de las Fallas 2026 es un alegato contra la guerra de la falla Sueca Literato-Azorín - Cadena SER | Una figura contra la guerra, ninot indultat de las Fallas 2026 | Sueca-Literato Azorín, Ninot Indultat de las Fallas de 2026: ""Onírica"", una crítica a la guerra, se salvará de las llamas | Sueca-Literato Azorín, Ninot Indultat de las Fallas de 2026: la figura, un grito contra la guerra, se salvará de las llamas | Sueca-Literato Azorín, histórico Ninot Indultat 2026 de las fallas de València contra la guerra",2026-03-18 15:32,2026-03-18 15:32
2026-03-16 18:00:00,Cuba sufre un nuevo apagón nacional: es el sexto en año y medio,"20minutos, elcorreo, levante_emv",3,4,0.698,52,"Cuba sufre un nuevo apagón en plena crisis energética | Cuba sufre un nuevo apagón nacional: es el sexto en año y medio | Cuba sufre un nuevo apagón nacional: es el sexto que registra en año y medio | Cuba sufre un nuevo apagón nacional, el sexto en año y medio",2026-03-18 15:32,2026-03-18 15:32
2026-03-17 10:00:00,"Feijóo, tras las declaraciones del Rey sobre la Conquista de América: “Hacer ahora un examen de las cosas que ocurrieron en el siglo XV es un disparate”","elpais, google_news_es, google_news_politica",3,4,0.696,52,"Feijóo, tras las declaraciones del Rey sobre la Conquista de América: “Hacer ahora un examen de las cosas que ocurrieron en el siglo XV es un disparate” | Feijóo, tras las declaraciones del Rey sobre la Conquista de América: “Hacer ahora un examen de las cosas que ocurrieron en el siglo XV es un disparate” - EL PAÍS | Feijóo dice que es un «disparate» reevaluar ahora «cosas que ocurrieron en el siglo XV» - The Objective | Última hora de la actualidad política | Feijóo, tras las declaraciones del Rey sobre la Conquista de América: “Hacer ahora un examen de las cosas que ocurrieron en el siglo XV es un disparate”",2026-03-18 15:32,2026-03-18 15:32
2026-03-17 10:00:00,Dos detenidos tras el secuestro exprés de un empresario en Madrid para robarle sus criptomonedas,"20minutos, elmundo, lavanguardia",3,3,0.702,52,Dos detenidos por intentar un secuestro exprés a un empresario en Madrid: querían robar las claves de sus criptomonedas | Dos detenidos por el secuestro exprés de un empresario canadiense en el barrio de Salamanca de Madrid | Dos detenidos tras el secuestro exprés de un empresario en Madrid para robarle sus criptomonedas,2026-03-18 15:32,2026-03-18 15:32
2026-03-18 08:00:00,"Predicción del horóscopo para Aries hoy, miércoles 18 de marzo de 2026","google_news_economia, google_news_es, okdiario",3,6,0.705,52,"Bonoloto hoy: comprobar resultado del sorteo del miércoles 18 de marzo de 2026 - MARCA | Predicción del horóscopo para Aries hoy, miércoles 18 de marzo de 2026 | Predicción del horóscopo para Piscis hoy, miércoles 18 de marzo de 2026 | Predicción del horóscopo para Acuario hoy, miércoles 18 de marzo de 2026 | Predicción del horóscopo para Capricornio hoy, miércoles 18 de marzo de 2026",2026-03-18 15:32,2026-03-18 15:32
2026-03-17 12:00:00,"El Gobierno libera 11,5 millones de barriles de petróleo, procedentes todos de reservas de la industria","elpais, europapress, expansion, google_news_economia",4,5,0.52,51,"España libera 11,5 millones barriles reservas petróleo - ANSA Latina | El Gobierno liberará 11,5 millones de barriles de las reservas estratégicas de petróleo | El Gobierno libera 11,5 millones de barriles de petróleo procedentes de reservas industriales - The Objective | El Gobierno libera 11,5 millones de barriles de petróleo, procedentes todos de reservas de la industria | El Gobierno libera 11,5 millones de barriles de petróleo de sus reservas para relajar precios",2026-03-18 15:32,2026-03-18 15:32
2026-03-15 16:00:00,"La participación electoral en Castilla y León rozaba el 53,2% a las 18:00 horas, un punto y medio más","elcorreo, eldiario, elmundo, elpais",4,5,0.518,51,"La participación electoral en Castilla y León rozaba el 53,2% a las 18:00 horas, un punto y medio más | Elecciones en Castilla y León 15M, en directo | La participación a las 18.00 sube un punto y medio y se sitúa en el 53,18% | La participación a las 18.00 horas en Castilla y León se sitúa en el 53%, un punto y medio más que en 2022 | La participación electoral en Castilla y León llega al 52,7% a las 18:00 horas, un punto más | La participación en Castilla y León a las 18.00 horas supera el 53%, un punto y medio más que en 2022",2026-03-18 15:32,2026-03-18 15:32
2026-03-16 22:00:00,"Un acertante de La Primitiva se lleva más de 126 millones, cifra récord en la historia del sorteo","elcorreo, elmundo, google_news_es",3,4,0.682,51,"Un acertante de La Primitiva se lleva más de 126 millones, cifra récord en la historia del sorteo | Un acertante de La Primitiva se lleva más de 126 millones, cifra récord en la historia del sorteo - Salamancahoy | Un acertante de La Primitiva se lleva más de 126 millones, cifra récord en la historia del sorteo - BURGOSconecta | Un acertante de 'La Primitiva' gana más de 126 millones de euros, el mayor premio en la historia del sorteo",2026-03-18 15:32,2026-03-18 15:32
2026-03-16 16:00:00,"Trump critica falta de ""entusiasmo"" de algunos aliados para desbloquear el estrecho de Ormuz","europapress, infolibre, levante_emv",3,4,0.69,51,"Trump critica falta de ""entusiasmo"" de algunos aliados para desbloquear el estrecho de Ormuz | Trump critica la falta de ""entusiasmo"" de aliados de implicarse en una misión ""menor"" en el estrecho de Ormuz | Trump critica falta de ""entusiasmo"" de aliados de implicarse en una misión ""menor"" en el estrecho de Ormuz | Trump critica la falta de ""entusiasmo"" de algunos aliados para desbloquear el estrecho de Ormuz",2026-03-18 15:32,2026-03-18 15:32
2026-03-18 10:00:00,"La Fiscalía noruega pide 7 años de cárcel para Marius Borg, hijo de la princesa Mette-Marit, por violación a cuatro mujeres","20minutos, elespanol, lavanguardia",3,4,0.677,50,"La Fiscalía noruega pide más de 7 años de cárcel para Marius Borg por violación | La Fiscalía noruega pide 7 años de cárcel para Marius Borg, hijo de la princesa Mette-Marit, por violación a cuatro mujeres | La Fiscalía noruega pide 7 años de cárcel para Marius Borg, hijo de Mette-Marit | La Fiscalía pide siete años de cárcel para Marius Borg, hijo de la princesa Mette-Marit, por delitos de violación",2026-03-18 15:32,2026-03-18 15:32
2026-03-17 14:00:00,"Última hora del ataque de Estados Unidos e Israel contra Irán, en directo | Dimite el director del Centro Nacional de Contraterrorismo de EE UU: “Irán no suponía una amenaza inminente”","elpais, google_news_es, lavanguardia",3,3,0.671,50,"Última hora del ataque de Estados Unidos e Israel contra Irán, en directo | Dimite el director del Centro Nacional de Contraterrorismo de EE UU: “Irán no suponía una amenaza inminente” - EL PAÍS | Última hora del ataque de Estados Unidos e Israel contra Irán, en directo | Dimite el director del Centro Nacional de Contraterrorismo de EE UU: “Irán no suponía una amenaza inminente” | El director de Contraterrorismo de EE.UU. dimite: “Irán no suponía una amenaza inminente”",2026-03-18 15:32,2026-03-18 15:32
2026-03-15 18:00:00,"Premios Oscar 2026 | La alfombra roja, en fotos","20minutos, google_news_es, heraldo_aragon, lavanguardia",4,4,0.504,50,"Premios Oscar 2026 | La alfombra roja, en fotos | La alfombra roja de los Premios Oscar - EL PAÍS | Premios Oscar 2026, en directo: ganadores, alfombra roja y última hora de la gran gala de Hollywood | Premios Oscar 2026: sigue aquí la última hora de la alfombra roja, los nominados y los favoritos",2026-03-18 15:32,2026-03-18 15:32
2026-03-17 12:00:00,"Botafumeiros, confesionarios y un aquelarre: así fue el arranque del 'Lux Tour' de Rosalía - ABC","elcorreo, google_news_es, levante_emv",3,4,0.672,50,"Rosalía, el baile y la puesta en escena del 'Lux tour': entre la pureza del ballet al nervio de la danza urbana y contemporánea | Rosalía abre su ‘LUX TOUR’ con una escenografía monumental y un imaginario cargado de referencias históricas - Vogue España | Botafumeiros, confesionarios y un aquelarre: así fue el arranque del 'Lux Tour' de Rosalía - ABC | Un confesionario, alas de ángel y una ausencia que duele a los fans: así arranca Rosalía el 'Lux Tour' en Lyon",2026-03-18 15:32,2026-03-18 15:32
2026-03-18 12:00:00,Senegal pide una investigación internacional por corrupción de la CAF tras quitarle el título de la Copa África,"elespanol, google_news_es, google_news_internacional",3,3,0.654,49,"Senegal pide investigar ""sospechas de corrupción"" en la decisión de retirarles la Copa África - France 24 | Senegal pide una investigación internacional por corrupción de la CAF tras quitarle el título de la Copa África | Senegal pide una investigación internacional por corrupción de la CAF tras quitarle el título de la Copa África - El Español",2026-03-18 15:32,2026-03-18 15:32
2026-03-17 08:00:00,Más de 400 muertos en el bombardeo de un hospital en Kabul,"eldiario, google_news_es, levante_emv",3,3,0.654,49,Bombardean el hospital de drogodependientes de Afganistán dejando 400 muertos | Más de 400 muertos en el bombardeo de un hospital en Kabul | Más de 400 muertos en el bombardeo de un hospital en Kabul - elDiario.es,2026-03-18 15:32,2026-03-18 15:32
2026-03-17 14:00:00,"Israel asegura haber matado a Ali Larijani, el jefe de seguridad del gobierno de Irán considerado una figura clave del régimen","bbc_mundo, france24_es, google_news_es",3,3,0.66,49,"Israel asegura haber matado a Ali Larijani, el jefe de seguridad del gobierno de Irán considerado una figura clave del régimen - BBC | Israel asegura haber matado a Ali Larijani, el jefe de seguridad del gobierno de Irán considerado una figura clave del régimen | Israel asegura haber asesinado a Alí Larijani, jefe de seguridad de Irán y líder clave del régimen",2026-03-18 15:32,2026-03-18 15:32
2026-03-16 10:00:00,El Gobierno aprobará el viernes su plan de medidas para hacer frente a la guerra de Irán,"elcorreo, google_news_economia, google_news_politica, huffington_es",4,4,0.494,49,El Gobierno aprobará el viernes tras el Consejo Europeo el plan anticrisis por Irán | El Gobierno aprobará el viernes las medidas de respuesta de España a la guerra en Irán - Bolsamania | El Gobierno aprobará el viernes el plan de respuesta a los efectos del ataque contra Irán - ElPlural.com | El Gobierno aprobará el viernes su plan de medidas para hacer frente a la guerra de Irán,2026-03-18 15:32,2026-03-18 15:32
2026-03-18 08:00:00,"Espinosa, Ortega Smith y otros críticos de Vox piden un congreso extraordinario para debatir el futuro del partido","20minutos, eldiario, elespanol",3,3,0.642,48,"Críticos de Vox liderados por Espinosa de los Monteros piden un congreso para ""abrir el debate sobre el futuro"" del partido | Espinosa, Ortega Smith y otros críticos de Vox piden un congreso extraordinario para debatir el futuro del partido | Espinosa, Monasterio, Ortega Smith y otros críticos de Vox piden un congreso para debatir el futuro del partido",2026-03-18 15:32,2026-03-18 15:32
2026-03-17 20:00:00,Zapatero regresa a Venezuela para apoyar el proceso de amnistía,"20minutos, elespanol, sur",3,4,0.644,48,"Rodríguez Zapatero regresa a Venezuela para seguir de cerca el proceso de amnistía | Zapatero regresa a Venezuela para apoyar el ""proceso de amnistía"" y reunirse con el chavista Jorge Rodríguez | Zapatero regresa a Venezuela para apoyar el proceso de amnistía | Zapatero regresa a Venezuela para apoyar el proceso de amnistía a presos políticos",2026-03-18 15:32,2026-03-18 15:32
2026-03-16 12:00:00,Investigan el asesinato de una mujer en Huesca como posible caso de violencia machista,"elconfidencial, elpais, heraldo_aragon",3,3,0.642,48,Investigan un asesinato en Huesca como un posible caso de violencia machista | Investigan la muerte de una mujer por un posible caso de violencia de género en Huesca | Investigan el asesinato de una mujer en Huesca como posible caso de violencia machista,2026-03-18 15:32,2026-03-18 15:32
2026-03-16 14:00:00,España cambia la Finalissima por un amistoso contra Serbia en La Cerámica,"elpais, google_news_es, okdiario",3,3,0.642,48,España cambia la Finalissima por un amistoso contra Serbia en La Cerámica | España cambia la Finalissima por un amistoso contra Serbia en La Cerámica - EL PAÍS | España jugará un amistoso contra Serbia el 27 de marzo en lugar de la Finalissima,2026-03-18 15:32,2026-03-18 15:32
2026-03-17 10:00:00,El Tribunal de Cuentas investigará la gestión de Madrid en los hospitales de Quirón y Ribera,"elconfidencial, europapress, infolibre",3,4,0.646,48,"Tribunal de Cuentas investigará ""posibles irregularidades"" en la gestión y concesión de hospitales en Madrid | Tribunal de Cuentas investigará ""posibles irregularidades"" en la gestión de hospitales en la Comunidad de Madrid | El Tribunal de Cuentas investigará la gestión de Ayuso en los hospitales de Quirón y Ribera | El Tribunal de Cuentas investigará la gestión de Madrid en los hospitales de Quirón y Ribera",2026-03-18 15:32,2026-03-18 15:32
2026-03-17 10:00:00,"Israel asegura haber matado a Ali Larijani, secretario del Consejo Supremo de Seguridad iraní, y al al líder de los Basij de la Guardia Revolucionaria","elmundo, google_news_internacional, infolibre",3,4,0.627,47,"Israel asegura haber matado a Ali Lariyani, secretario Consejo Supremo de Seguridad iraní | Irán confirma la muerte de Ali Lariyani, secretario del Consejo Supremo de Seguridad iraní | Israel asegura haber matado a Ali Larijani, secretario del Consejo Supremo de Seguridad iraní, y al al líder de los Basij de la Guardia Revolucionaria | Israel asegura haber matado a Ali Larijani, secretario del Consejo Supremo de Seguridad iraní, y al al líder de los Basij de la Guardia Revolucionaria - El Mundo",2026-03-18 15:32,2026-03-18 15:32
2026-03-18 10:00:00,Senegal arde en llamas por la «decisión injusta» de la CAF de darle la Copa África a Marruecos,"elcorreo, google_news_es, okdiario",3,3,0.64,47,Senegal se niega a darle la Copa África a Marruecos y recurre al TAS: «Es injusto e inaceptable» | Senegal apelará la decisión de la CAF de declarar a Marruecos campeón de la Copa de África - Cadena SER | Senegal arde en llamas por la «decisión injusta» de la CAF de darle la Copa África a Marruecos,2026-03-18 15:32,2026-03-18 15:32
2026-03-18 08:00:00,Sánchez pide a Feijóo que se desmarque de la guerra y el líder del PP insta al Gobierno a bajar impuestos,"eldiario, google_news_es, infolibre",3,3,0.635,47,"Sánchez reclama a Feijóo que se desmarque de la guerra y el líder del PP le acusa de ""no hacer nada"" | Sánchez pide a Feijóo que se desmarque de la guerra y el líder del PP insta al Gobierno a bajar impuestos | Sánchez pide a Feijóo que se desmarque de la guerra y el líder del PP insta al Gobierno a bajar impuestos - elDiario.es",2026-03-18 15:32,2026-03-18 15:32
2026-03-15 22:00:00,"Carlos Martínez, a Mañueco: ""Mucho me temo que nos vamos a ver dentro de poco""","20minutos, google_news_politica, levante_emv",3,3,0.638,47,"Carlos Martínez, a Mañueco: ""Mucho me temo que nos vamos a ver dentro de poco"" | Carlos Martínez, emocionado, vaticina nuevas elecciones: ""Mucho me temo que nos vamos a ver dentro de poco"" - Libertad Digital | Avisa a Mañueco: ""Quedamos justitos, nos vamos a ver dentro de poco""",2026-03-18 15:32,2026-03-18 15:32
2026-03-17 06:00:00,Los talibanes elevan a 400 los muertos en el bombardeo a un hospital de Kabul del que culpan a Pakistán,"20minutos, huffington_es, infolibre",3,6,0.636,47,Los talibanes elevan a 400 los muertos por el bombardeo de Pakistán a un hospital de Kabul | Los talibanes elevan a 400 los muertos en el bombardeo a un hospital de Kabul del que culpan a Pakistán | Los talibanes elevan a 400 los muertos por el bombardeo a un hospital de Kabul del que culpan a Pakistán | Los talibanes elevan a 400 el número de muertos por el bombardeo a un hospital de Kabul y culpan a Pakistán | Los talibanes elevan a 400 el número de fallecidos por el bombardeo a un hospital de Kabul y culpan a Pakistán,2026-03-18 15:32,2026-03-18 15:32
2026-03-16 12:00:00,Dos detenidos por un asesinato machista en enero en Huesca,"elconfidencial, eldiario, elpais, levante_emv",4,4,0.471,47,Dos detenidos por un asesinato machista en enero en Huesca | Dos detenidos por un posible asesinato machista en Huesca | La jueza envía a prisión a uno de los dos detenidos por el presunto asesinato machista de Barbastro | Tres detenidos por el asesinato machista de una mujer en enero en Colungo (Huesca),2026-03-18 15:32,2026-03-18 15:32
2026-03-17 16:00:00,"Israel asegura haber matado a Ali Larijani, secretario del Consejo Supremo de Seguridad iraní, y al líder de los Basij de la Guardia Revolucionaria","bbc_mundo, elmundo, google_news_internacional",3,3,0.637,47,"Israel asegura haber matado a Ali Larijani, secretario del Consejo Supremo de Seguridad iraní, y al líder de los Basij de la Guardia Revolucionaria | Israel asegura haber matado a Ali Larijani, secretario del Consejo Supremo de Seguridad iraní, y al líder de los Basij de la Guardia Revolucionaria - El Mundo | Israel asegura haber matado a Ali Larijani, jefe de seguridad del gobierno de Irán y figura clave del régimen",2026-03-18 15:32,2026-03-18 15:32
2026-03-17 12:00:00,Zara firma con John Galliano por dos años,"20minutos, elcorreo, elmundo",3,3,0.637,47,Zara apuesta por la alta costura con un John Galliano que vuelve a la moda para una colaboración de dos años | Zara firma con John Galliano por dos años | Zara da el golpe definitivo: anuncia una colaboración de dos años con John Galliano,2026-03-18 15:32,2026-03-18 15:32
2026-03-17 12:00:00,"El Gobierno ""suscribe las palabras"" del rey sobre la conquista de América y Feijóo cree el revisionismo es ""un disparate"" - RTVE.es","elcorreo, eldiario, google_news_es",3,3,0.625,46,"El Gobierno ""suscribe las palabras"" del rey sobre la conquista de América y Feijóo cree el revisionismo es ""un disparate"" - RTVE.es | El Gobierno sabía con antelación que el rey iba a hablar sobre la conquista de América: ""Lo compartimos al 100%"" | Vox acentúa su distancia con el Rey por la conquista de América",2026-03-18 15:32,2026-03-18 15:32
2026-03-15 14:00:00,Barcelona - Sevilla en directo | Dos goles de penalti de Raphinha dan ventaja al Barça,"elcorreo, elpais, google_news_es",3,3,0.622,46,Barcelona - Sevilla en directo | Dos goles de penalti de Raphinha dan ventaja al Barça - EL PAÍS | Barcelona - Sevilla en directo | Dos goles de penalti de Raphinha dan ventaja al Barça | El Barcelona manda con dos goles de penalti de Raphinha,2026-03-18 15:32,2026-03-18 15:32
2026-03-17 08:00:00,"Irán asegura que negocia con la FIFA para que México acoja sus partidos del Mundial: ""Trump no puede garantizar la seguridad""","20minutos, elpais, huffington_es",3,3,0.616,46,"Irán negocia con la FIFA para que México acoja sus partidos del Mundial, en lugar de Estados Unidos | Irán negocia con la FIFA para jugar en México sus partidos del Mundial ante el portazo de Trump | Irán asegura que negocia con la FIFA para que México acoja sus partidos del Mundial: ""Trump no puede garantizar la seguridad""",2026-03-18 15:32,2026-03-18 15:32
2026-03-16 08:00:00,"Mbappé y Bellingham se apuntan a Manchester, aunque arrancarán en el banquillo","elcorreo, lavanguardia, levante_emv",3,3,0.624,46,"Mbappé y Bellingham se apuntan a Manchester, aunque arrancarán en el banquillo | Mbappé y Bellingham, novedades del Madrid para viajar a Manchester | Mbappé y Bellingham se apuntan al duelo con el City",2026-03-18 15:32,2026-03-18 15:32
2026-03-18 10:00:00,Benifairó de les Valls vibra con las fallas,"elcorreo, elpais, levante_emv",3,4,0.611,45,Grapejar les lletres catalanes | Benifairó de les Valls vibra con las fallas | Las fallas de Les Moreretes y Sant Doménch se imponen en Castelló | Vinicius se burla de la afición del City y les pide que dejen de llorar,2026-03-18 15:32,2026-03-18 15:32
2026-03-16 06:00:00,"Guerra en Irán, en directo | Trump amenaza a la OTAN con ""un futuro muy malo"" si los aliados no ayudan a EEUU en Ormuz","20minutos, google_news_es, levante_emv",3,3,0.613,45,"Trump avisa a la OTAN de ""un futuro muy malo"" si los aliados no ayudan a EEUU en Irán | Guerra en Irán, en directo | Trump amenaza a la OTAN con ""un futuro muy malo"" si los aliados no ayudan a EEUU en Ormuz | Trump amenaza a la OTAN con sufrir ""un futuro muy malo"" si los aliados no le ayudan a liberar el estrecho de - LaSexta",2026-03-18 15:32,2026-03-18 15:32
2026-03-15 22:00:00,Sinner doblega a un combativo Medvedev y gana su primer Indian Wells,"elmundo, elpais, okdiario",3,3,0.613,45,"Sinner frena a Medvedev y conquista su primer Indian Wells | Medvedev - Sinner, en directo | Sinner gana su primer Indian Wells tras superar a Medvedev en dos ‘tie-break’ (6-7(6) y 6-7(4) | Sinner doblega a un combativo Medvedev y gana su primer Indian Wells",2026-03-18 15:32,2026-03-18 15:32
2026-03-16 20:00:00,Sorteo Bonoloto del lunes 16 de marzo de 2026,"google_news_es, levante_emv, okdiario",3,5,0.597,44,"Bonoloto: Comprueba el resultado del Sorteo del lunes 16 de marzo de 2026 - Ultima Hora | Sorteo Bonoloto del lunes 16 de marzo de 2026 | Sorteo Bonoloto del lunes 16 de marzo de 2026 - Levante-EMV | Bonoloto: comprobar resultado del sorteo del lunes 16 de marzo de 2026 - El Mundo | Bonoloto: comprobar el resultado del sorteo de hoy, lunes 16 de marzo de 2026",2026-03-18 15:32,2026-03-18 15:32
2026-03-16 00:00:00,Sean Penn gana un histórico Oscar de mejor actor de reparto por 'Una batalla tras otra'... y no va a recogerlo,"20minutos, elpais, lavanguardia",3,5,0.597,44,"Sean Penn gana un histórico Oscar de mejor actor de reparto por 'Una batalla tras otra'... y no va a recogerlo | Sean Penn gana un histórico Oscar por 'Una batalla tras otra'... y no va a recogerlo | Sean Penn gana como mejor actor de reparto por 'Una batalla tras otra'... y no va a recogerlo | Los Premios Oscar 2026, en vivo | Sean Penn gana como mejor actor de reparto por ‘Una batalla tras otra’ | Sean Penn gana el Oscar a mejor actor de reparto pero no acude a recogerlo",2026-03-18 15:32,2026-03-18 15:32
2026-03-17 08:00:00,Última hora. Israel asegura haber matado al jefe de seguridad iraní Alí Larijani en un ataque en Teherán - Euronews.com,"elespanol, elmundo_internacional, google_news_es, levante_emv",4,4,0.441,44,"Última hora. Israel asegura haber matado al jefe de seguridad iraní Alí Larijani en un ataque en Teherán - Euronews.com | Israel asegura haber matado a Ali Lariyani, secretario del Consejo Supremo de Seguridad iraní | Israel asegura haber matado a Alí Larijaní, jefe de Seguridad de Irán | Israel afirma haber matado a Alí Larijani, jefe de Seguridad y 'hombre fuerte' del régimen iraní, en un ataque nocturno",2026-03-18 15:32,2026-03-18 15:32
2026-03-18 06:00:00,Nuevo día caótico en Renfe: todos los trenes de alta velocidad con origen y destino Madrid están parados,"eldiario, google_news_es, okdiario",3,4,0.592,44,Nuevo día caótico en Renfe: todos los trenes de alta velocidad con origen y destino Madrid están parados | Nuevo día caótico en Renfe: los trenes de alta velocidad con origen y destino Madrid se paran - OkDiario | Nuevo día caótico en Renfe: todos los trenes de alta velocidad con destino Madrid están parados | Una incidencia de Adif paraliza y provoca retrasos en los trenes de alta velocidad con origen o destino Madrid,2026-03-18 15:32,2026-03-18 15:32
2026-03-16 12:00:00,"Ni euforia ni capitulación: el bitcoin está ""en una fase de asimilación""","20minutos, expansion, okdiario",3,4,0.59,44,"Ni microondas ni horno: según cocineros esta es la mejor forma de recalentar la pizza | Jesús Álvarez desvela que no puede llamar ni Majestad ni Señora a la reina Letizia | Ni de vaca ni de avena: esta es la leche que debes usar para hacer unas torrijas cremosas, según el chef José Andrés | Ni euforia ni capitulación: el bitcoin está ""en una fase de asimilación""",2026-03-18 15:32,2026-03-18 15:32
2026-03-16 12:00:00,La UCO detecta que el expresidente de la Diputación de Almería habría pagado una hipoteca con dinero «de origen desconocido»,"elcorreo, elpais, infolibre",3,3,0.598,44,La UCO eleva a 43 los investigados en el 'caso Mascarillas' de la Diputación de Almería | La UCO detecta que el expresidente de la Diputación de Almería habría pagado una hipoteca con dinero «de origen desconocido» | La UCO concluye que el expresidente de la Diputación de Almería pagaba una hipoteca con dinero de las mordidas,2026-03-18 15:32,2026-03-18 15:32
2026-03-18 06:00:00,Salvador Illa retira los presupuestos tras pactar con ERC darse más tiempo para negociar,"eldiario, elpais, europapress",3,4,0.588,44,Salvador Illa retira el proyecto de presupuestos para darse más tiempo para negociar con ERC | Salvador Illa retira los Presupuestos y ERC flexibiliza la exigencia del IRPF | Illa retira los Presupuestos tras pactar con ERC darse más tiempo para negociar | Salvador Illa retira los presupuestos tras pactar con ERC darse más tiempo para negociar,2026-03-18 15:32,2026-03-18 15:32
2026-03-16 18:00:00,Cuba sufre un apagón total del sistema eléctrico,"eldiario, europapress, france24_es",3,3,0.594,44,"Cuba sufre un apagón nacional por la desconexión total de su sistema eléctrico | Cuba sufre un apagón total del sistema eléctrico | Cuba reporta un apagón total de su sistema eléctrico nacional, el sexto en año y medio",2026-03-18 15:32,2026-03-18 15:32
2026-03-17 20:00:00,"Irán confirma la muerte de Ali Lariyani, jefe de seguridad, a manos de Israel - La Vanguardia","france24_es, google_news_internacional, lavanguardia",3,3,0.597,44,"Irán confirma la muerte de Ali Lariyani, jefe de seguridad, a manos de Israel - La Vanguardia | Irán confirma que Israel ha matado a Ali Lariyani, jefe de seguridad | Irán confirma la muerte del jefe de seguridad nacional, Ali Larijani",2026-03-18 15:32,2026-03-18 15:32
2026-03-16 08:00:00,El Ibex pierde los 17.000 puntos con el petróleo,"expansion, google_news_es, levante_emv",3,3,0.592,44,"El Ibex pierde los 17.000 puntos con el petróleo | El Ibex 35 pierde un 0,1% pero se aferra a los 17.000 puntos mientras el petróleo sigue al alza | El Ibex 35 abre con un retroceso del 0,1% pero conserva los 17.000 puntos, con el petróleo rozando los 106 dólares - democrata.es",2026-03-18 15:32,2026-03-18 15:32
2026-03-17 12:00:00,"Hansi Flick 'aparca' su renovación y desvela los secretos de la carta que le entregó Joan Laporta en su llegada al Barcelona: ""El Barça será mi último club"" - DAZN","google_news_es, lavanguardia, okdiario",3,4,0.579,43,"Hansi Flick 'aparca' su renovación y desvela los secretos de la carta que le entregó Joan Laporta en su llegada al Barcelona: ""El Barça será mi último club"" - DAZN | «Será mi último club»: Hansi Flick reacciona ante la renovación de contrato anunciada por el FC Barcelona - Goal.com | Flick confiesa que se retirará en el Barcelona: «Quiero que sea mi último club» | Flick, sobre su renovación: “No pienso en irme, este será mi último trabajo”",2026-03-18 15:32,2026-03-18 15:32
2026-03-16 02:00:00,Jessie Buckley gana el Oscar 2026 a la mejor actriz por 'Hamnet',"20minutos, elespanol, okdiario",3,3,0.575,43,"Jessie Buckley gana el Oscar 2026 a la mejor actriz por 'Hamnet' | Jessie Buckley, premio a mejor actriz en los Oscar 2026 | Jessie Buckley gana el Oscar de mejor actriz protagonista por 'Hamnet'",2026-03-18 15:32,2026-03-18 15:32
2026-03-15 20:00:00,Gordo de la Primitiva: sorteo del domingo 15 de marzo,"elcorreo, elpais, google_news_es, okdiario",4,5,0.433,43,"Gordo de la Primitiva: sorteo del domingo 15 de marzo | Comprobar El Gordo de la Primitiva hoy: resultado y números premiados del sorteo hoy, domingo 15 de marzo de 2026 | Sueldazo de la ONCE: comprobar sorteo del domingo 15 de marzo - EL PAÍS | Bonoloto: comprobar sorteo del domingo 15 de marzo - EL PAÍS | El Gordo de la Primitiva del domingo: comprobar resultados del 15 de marzo",2026-03-18 15:32,2026-03-18 15:32
2026-03-16 20:00:00,La juez archiva la segunda denuncia contra Errejón por agresión sexual al no ser ratificada por la víctima,"elcorreo, google_news_es, okdiario",3,3,0.581,43,"La juez archiva la segunda denuncia contra Errejón por agresión sexual al no ser ratificada por la víctima | Última hora política, en directo | La jueza archiva la segunda denuncia presentada contra Errejón por agresión sexual - El Español | La jueza archiva la segunda denuncia contra Errejón al no ser ratificada por la víctima",2026-03-18 15:32,2026-03-18 15:32
2026-03-16 18:00:00,La jueza comunica a Errejón que ha archivado la segunda denuncia contra él por agresión sexual,"eldiario, elpais, lavanguardia",3,3,0.561,42,La jueza comunica a Errejón que ha archivado la segunda denuncia contra él por agresión sexual | Archivada la segunda denuncia contra Íñigo Errejón por agresión sexual | La jueza comunica a Errejón que archiva la segunda denuncia presentada contra él por agresión sexual,2026-03-18 15:32,2026-03-18 15:32
2026-03-17 12:00:00,John Galliano ficha como creativo para Zara,"heraldo_aragon, huffington_es, lavanguardia",3,3,0.56,42,Zara da un golpe sobre la mesa y ficha a John Galliano para diseñar colecciones especiales | John Galliano ficha como creativo para Zara | Terremoto en el mundo de la moda: Zara ficha a John Galliano,2026-03-18 15:32,2026-03-18 15:32
2026-03-18 10:00:00,Muere un excursionista que quedó atrapado el lunes en un alud en Lleida,"20minutos, elcorreo, elpais",3,3,0.556,41,Muere un excursionista que quedó atrapado el lunes en un alud en Lleida | Muere un excursionista que quedó atrapado el lunes en un alud en el Pallars Sobirà (Lleida) | Muere un excursionista tras quedar atrapado por un alud en Lleida,2026-03-18 15:32,2026-03-18 15:32
2026-03-18 10:00:00,El CIS de Tezanos reduce dos puntos la distancia del PSOE sobre el PP y ve una caída de Vox,"elmundo, elpais, expansion",3,3,0.541,40,El CIS de Tezanos reduce dos puntos la distancia del PSOE sobre el PP y ve una caída de Vox | El CIS de Tezanos reduce dos puntos la distancia del PSOE sobre el PP y registra un retroceso de Vox en marzo | El CIS detecta una caída de Vox de más de dos puntos en el barómetro de marzo,2026-03-18 15:32,2026-03-18 15:32
2026-03-15 18:00:00,La AIE anuncia la liberación inmediata de las primeras reservas estratégicas de petróleo,"elcorreo, elmundo, elpais",3,3,0.545,40,"La AIE liberará «de forma inmediata» sus primeras reservas de petróleo | La AIE anuncia la liberación ""inmediata"" de las primeras reservas de petróleo para frenar la escalada de precios ante la guerra en Oriente Próximo | La AIE anuncia la liberación inmediata de las primeras reservas estratégicas de petróleo",2026-03-18 15:32,2026-03-18 15:32
2026-03-16 08:00:00,El precio de la bombona de butano sube un 5% y presiona más a los hogares en plena guerra de Irán,"20minutos, huffington_es, lavanguardia",3,3,0.538,40,El precio de la bombona de butano sube un 5% y presiona más a los hogares en plena guerra de Irán | Confirmado por el BOE: el precio de la bombona de butano sube y con fuerza | La guerra en Irán empuja al alza el precio de la bombona de butano: así sube su coste desde este martes,2026-03-18 15:32,2026-03-18 15:32
2026-03-16 20:00:00,"Un acertante de La Primitiva gana más de 126 millones de euros, el bote más grande de la historia del sorteo","20minutos, elcorreo, google_news_es",3,3,0.537,40,"Un acertante de La Primitiva gana más de 126 millones de euros, el bote más grande de la historia del sorteo | Un acertante de la Primitiva gana 126 millones de euros: comprobar resultados del 16 de marzo | Un acertante en La Primitiva se lleva 126 millones de euros este lunes, el bote más grande de su historia - Hoy",2026-03-18 15:32,2026-03-18 15:32
2026-03-17 18:00:00,El Euromillones del martes: comprobar resultados del 17 de marzo,"elcorreo, google_news_es, okdiario",3,4,0.539,40,El Euromillones del martes: comprobar resultados del 17 de marzo | La Bonoloto del martes: comprobar resultados del 17 de marzo | Comprobar Bonoloto: resultados del martes 17 de marzo de 2026 - El Economista | Euromillones: comprobar el resultado del sorteo de hoy martes 17 de marzo de 2026,2026-03-18 15:32,2026-03-18 15:32
2026-03-16 12:00:00,Guardiola cancela el entreno y concede fiesta al Manchester City un día antes de medirse al Real Madrid,"google_news_es, lavanguardia, sur",3,3,0.54,40,Guardiola da descanso a sus futbolistas el día antes de recibir al Real Madrid | Pep Guardiola cancela el entrenamiento previo al City-Real Madrid y da el día libre a la plantilla - Cadena SER | Guardiola cancela el entreno y concede fiesta al Manchester City un día antes de medirse al Real Madrid,2026-03-18 15:32,2026-03-18 15:32
2026-03-16 10:00:00,El TSJ valenciano rechaza investigar a Mazón porque no hay indicios de que influyese en el ES-Alert,"elconfidencial, google_news_es, lavanguardia",3,3,0.528,39,El TSJ valenciano rechaza investigar a Mazón porque no hay indicios de que influyese en el ES-Alert | El TSJ valenciano rechaza investigar a Mazón por la dana al no apreciar indicios de delito | El TSJ valenciano rechaza investigar a Mazón porque no tenía «deberes específicos» en la dana - ABC,2026-03-18 15:32,2026-03-18 15:32
2026-03-17 10:00:00,Guerra en Irán contra EE.UU. e Israel: Israel afirma haber matado a Ali Larijani jefe de segurar de Irán y figura clave del régimen,"elpais, google_news_internacional, lavanguardia",3,5,0.526,39,"Guerra en Irán contra EE.UU. e Israel: Israel afirma haber matado a Ali Larijani jefe de segurar de Irán y figura clave del régimen | Última hora del ataque de Estados Unidos e Israel contra Irán, en directo | Israel afirma haber matado en un ataque a Ali Larijaní, jefe de seguridad de Irán y figura clave del régimen - EL PAÍS | Guerra en Irán contra EE.UU. e Israel, en directo | Israel asegura haber matado al jefe de seguridad de Irán, Ali Larijani, y rección de Trump | Guerra en Irán contra Israel y EE.UU.: Israel asegura haber matado al jefe de seguridad de Irán, Larijani, y reacción de Trump en directo | Última hora del ataque de Estados Unidos e Israel contra Irán, en directo | Israel afirma haber matado en un ataque a Ali Larijaní, jefe de seguridad de Irán y figura clave del régimen",2026-03-18 15:32,2026-03-18 15:32
2026-03-16 12:00:00,"Feijóo apremia a Vox a entenderse para formar la ""mayoría alternativa"" a Sánchez: ""Solo se han puesto excusas y ya está bien""","20minutos, elpais, google_news_es",3,4,0.524,39,"Feijóo presiona a Vox para llegar a un acuerdo: “Solo han puesto excusas y ya está bien” | Feijóo apremia a Vox a entenderse para formar la ""mayoría alternativa"" a Sánchez: ""Solo se han puesto excusas y ya está bien"" | Resultados y reacciones políticas tras las elecciones de Castilla y León, en directo | Feijóo, a Vox: “Hasta ahora, solo se han puesto excusas, ya está bien de bloqueo” | Feijóo abronca a Abascal: ""Se le han acabado las excusas para no apoyar al PP. Ya está bien"" - El Independiente",2026-03-18 15:32,2026-03-18 15:32
2026-03-18 12:00:00,"Abad Faciolince, Samanta Schweblin y Vila-Matas, entre los finalistas del Premio AENA de Narrativa, dotado con un millón","20minutos, elmundo, sur",3,3,0.517,38,"Abad Faciolince, Samanta Schweblin y Vila-Matas, entre los finalistas del Premio AENA de Narrativa, dotado con un millón | Los finalistas del premio literario del millón de euros de Aena: Schweblin, Giralt Torrente, Vila-Matas, Abad Faciolince y Nona Fernández | Estos son los cinco escritores finalistas del premio Aena Narrativa, dotado con un millón de euros",2026-03-18 15:32,2026-03-18 15:32
2026-03-18 10:00:00,Israel asegura haber “eliminado” al ministro de Inteligencia de Irán,"huffington_es, lavanguardia, sur",3,3,0.517,38,Israel asegura haber “eliminado” al ministro de Inteligencia de Irán | Israel asegura haber asesinado al ministro de Inteligencia de Irán | Sigue en directo la última hora de la guerra de Oriente Medio | Israel afirma haber eliminado al ministro de Inteligencia de Irán,2026-03-18 15:32,2026-03-18 15:32
2026-03-16 18:00:00,Von der Leyen sugiere retrasar el cierre de las centrales nucleares,"20minutos, elcorreo, lavanguardia",3,3,0.507,38,Von der Leyen sugiere retrasar el cierre de las centrales nucleares | Von der Leyen pide evitar el cierre prematuro de las nucleares como Almaraz | Von der Leyen pide a la UE que se retrase el cierre de las centrales nucleares por el impacto económico del conflicto en Oriente Próximo,2026-03-18 15:32,2026-03-18 15:32
2026-03-16 12:00:00,"El Chelsea, sancionado con más de 11 millones de euros y un año sin fichar por irregularidades de la era Abramovich","elcorreo, elespanol, lavanguardia",3,3,0.519,38,"El Chelsea, sancionado con más de 11 millones de euros y un año sin fichar por irregularidades de la era Abramovich | La delicada situación financiera de Bertín Osborne con una deuda de más de cuatro millones de euros | Los empresarios dicen que Málaga ya ha perdido 1.300 millones de euros por la falta del AVE y seguirá subiendo",2026-03-18 15:32,2026-03-18 15:32
2026-03-18 10:00:00,"Aldama entrega al juez Moreno el sobre de PDVSA que el empresario relaciona ""con la financiación ilegal del PSOE""","elcorreo, elespanol, elpais",3,3,0.508,38,"Aldama entrega al juez Moreno el sobre de PDVSA que el empresario relaciona ""con la financiación ilegal del PSOE"" | Aldama entrega al juez el sobre de Delcy que asegura que contiene pruebas de supuesta financiación irregular del PSOE | Aldama entrega en secreto el sobre de PDVSA que le reclamó el juez que investiga los pagos en metálico del PSOE",2026-03-18 15:32,2026-03-18 15:32
2026-03-15 18:00:00,¿Quién ha ganado las elecciones en Castilla y León 2026?,"20minutos, europapress, okdiario",3,5,0.501,37,"Resultados de las elecciones en Castilla y León 2026 en directo hoy | Quién ha ganado, mayoría absoluta y escrutinio | ¿Quién ha ganado las elecciones en Castilla y León 2026? | Resultados de León en las elecciones de Castilla y León 2026: consulta quién ha ganado | Resultados de las elecciones autonómicas de Castilla y León 2026 en directo | Escrutinio, sondeos y ganador | Quién ha ganado las elecciones de Castilla y León 2026",2026-03-18 15:32,2026-03-18 15:32
2026-03-16 14:00:00,Felipe VI dice que hubo &quot;mucho abuso&quot; en la conquista de América,"elmundo, heraldo_aragon, huffington_es",3,4,0.504,37,"Felipe VI reconoce que hubo &quot;mucho abuso&quot; en la Conquista de América: Xabier Fortes cuenta lo que le pasó por decir lo mismo | Felipe VI dice que hubo &quot;mucho abuso y controversias éticas&quot; en la conquista de América que &quot;no pueden hacernos sentirnos orgullosos&quot; | Felipe VI dice que hubo &quot;mucho abuso&quot; en la conquista de América | Felipe VI reconoce que hubo ""mucho abuso"" durante la conquista de América",2026-03-18 15:32,2026-03-18 15:32
2026-03-15 20:00:00,"ONCE hoy, domingo, 15 de marzo de 2026: comprobar el Sueldazo y Super 11","elcorreo, google_news_es, okdiario",3,3,0.496,37,"ONCE hoy, domingo, 15 de marzo de 2026: comprobar el Sueldazo y Super 11 | Sueldazo de la ONCE: comprobar resultado del sorteo de hoy domingo 15 de marzo de 2026 - La Razón | Comprobar el Sueldazo de la ONCE: resultados del domingo 15 de marzo",2026-03-18 15:32,2026-03-18 15:32
2026-03-17 08:00:00,"El Ibex 35 cae levemente en la apertura pero sujeta los 17.000 puntos, con el petróleo Brent en 103 dólares - Valencia Plaza","google_news_es, levante_emv, okdiario",3,4,0.495,37,"El Ibex 35 cae levemente en la apertura pero sujeta los 17.000 puntos, con el petróleo Brent en 103 dólares - Valencia Plaza | El Ibex 35 inicia la jornada con altibajos y con el petróleo Brent en 103 dólares | El Ibex 35 abre plano (-0,04%) pero mantiene los 17.000 puntos, con el petróleo subiendo un 4% | El Ibex 35 abre con leve retroceso pero defiende los 17.000 puntos mientras el Brent escala a 103 dólares - democrata.es",2026-03-18 15:32,2026-03-18 15:32
2026-03-17 20:00:00,"Bonoloto: comprobar el resultado del sorteo de hoy, martes 17 de marzo de 2026","google_news_es, levante_emv, okdiario",3,8,0.506,37,"Bonoloto: comprobar el resultado del sorteo de hoy, martes 17 de marzo de 2026 | Comprobar Bonoloto hoy, martes 17 de marzo de 2026 - El Mundo | Comprobar Euromillones: resultado y números premiados del sorteo hoy martes 17 de marzo de 2026 | Sorteo Bonoloto del martes 17 de marzo de 2026 - El Día | Sorteo Bonoloto del martes 17 de marzo de 2026",2026-03-18 15:32,2026-03-18 15:32
2026-03-16 10:00:00,Robles insiste en que España no estará en una misión internacional en el estrecho de Ormuz - Infodefensa,"europapress, google_news_es, google_news_internacional",3,3,0.501,37,Robles insiste en que España no estará en una misión internacional en el estrecho de Ormuz - Infodefensa | España se desmarca de la misión de la UE para mantener abierto el estrecho de Ormuz que plantea Kallas | España se opone a que la UE envíe una misión al estrecho de Ormuz con apoyo de la ONU - ABC,2026-03-18 15:32,2026-03-18 15:32
2026-03-15 22:00:00,El alma bipartidista de Castilla y León,"20minutos, elmundo, expansion, levante_emv",4,4,0.365,36,"El alma bipartidista de Castilla y León | Pedro Sánchez, tras las elecciones en Castilla y León: ""Nuestro partido es la única alternativa para el cambio en Castilla y León"" | Castilla y León reclama un gobierno estable | Mayoría absoluta del 'no a Sánchez' en Castilla y León",2026-03-18 15:32,2026-03-18 15:32
2026-03-16 12:00:00,Ingresa en prisión la pareja de la mujer de 53 años asesinada en Barbastro: se investiga como violencia de género,"eldiario, elespanol, elmundo",3,3,0.49,36,Muere una mujer de 53 años en Barbastro (Huesca) por violencia de género a manos de su pareja | Ingresa en prisión la pareja de la mujer de 53 años asesinada en Barbastro: se investiga como violencia de género | Asesinada una mujer de 53 años en Barbastro en un presunto caso de violencia machista,2026-03-18 15:32,2026-03-18 15:32
2026-03-17 10:00:00,Indra se desploma en bolsa en pleno pulso entre Escribano y Moncloa,"20minutos, eldiario, okdiario",3,3,0.493,36,Indra se desploma en bolsa en pleno pulso entre Escribano y Moncloa | Indra se desploma un 8% en Bolsa por la guerra entre el Gobierno y Escribano por la presidencia de la compañía | Indra se desploma un 8%: los accionistas penalizan que Moncloa quiera echar a Ángel Escribano,2026-03-18 15:32,2026-03-18 15:32
2026-03-17 14:00:00,John Galliano y Zara anuncian una colaboración histórica de dos años,"elcorreo, elpais, levante_emv",3,3,0.453,34,John Galliano y Zara anuncian una colaboración histórica de dos años | Qué ha llevado a Zara a fichar a John Galliano | Zara ficha a John Galliano y sacude el mundo de la moda con una colaboración inédita,2026-03-18 15:32,2026-03-18 15:32
2026-03-15 18:00:00,Mapa de resultados de las elecciones de Castilla y León 2026 por municipios,"europapress, google_news_es, levante_emv",3,3,0.456,34,Mapa de resultados de las elecciones de Castilla y León 2026 por municipios | ¿Cómo ha sido el voto en las elecciones de Castilla y León 2026? Mapa de resultados por provincias y municipios | Elecciones en Castilla y León: mapa de los resultados por municipio - RTVE.es,2026-03-18 15:32,2026-03-18 15:32
2026-03-15 18:00:00,"El PP ganaría las elecciones, pero dependería más de un Vox que crece con fuerza, según los sondeos","eldiario, expansion, lavanguardia",3,3,0.462,34,"El PP ganaría las elecciones, pero dependería más de un Vox que crece con fuerza, según los sondeos | El PP ganaría las elecciones en Castilla y León pero necesitaría el apoyo de un Vox crecido, según los sondeos | El PP ganaría las elecciones con entre 30 y 32 escaños y seguiría necesitando a Vox, según los sondeos",2026-03-18 15:32,2026-03-18 15:32
2026-03-16 08:00:00,Israel inicia su invasión terrestre en el sur del Líbano para acabar con «bastiones clave de Hezbolá»,"elcorreo, google_news_es, okdiario",3,3,0.457,34,"Israel inicia su invasión terrestre en el sur del Líbano para acabar con «bastiones clave de Hezbolá» | Israel lanza una «operación terrestre selectiva» al sur del Líbano | El ejército israelí dice que inició ""operaciones terrestres limitadas"" contra Hezbolá en el sur de Líbano - SWI swissinfo.ch",2026-03-18 15:32,2026-03-18 15:32
2026-03-16 14:00:00,¿Qué deja la primera vuelta de las elecciones municipales en Francia?,"eldiario, france24_es, okdiario",3,3,0.456,34,"¿Qué deja la primera vuelta de las elecciones municipales en Francia? | Claves de las elecciones municipales en Francia: el avance de la ultraderecha, el duelo en la izquierda y la batalla por París | El centro de Macron es devorado en las elecciones municipales",2026-03-18 15:32,2026-03-18 15:32
2026-03-16 12:00:00,Irán asegura haber lanzado nuevos bombardeos contra Israel y bases de EE.UU,"google_news_es, lavanguardia, levante_emv",3,3,0.451,33,"Irán asegura haber lanzado nuevos bombardeos contra Israel y bases de EE.UU | La ofensiva de EE UU e Israel contra Irán y sus represalias | Fotos | Internacional - EL PAÍS | Guerra de Irán y los ataques de EE.UU e Israel, en directo: última hora sobre los bombardeos en Irán y Líbano",2026-03-18 15:32,2026-03-18 15:32
2026-03-16 10:00:00,Paul Thomas Anderson: ¿dónde podemos ver online las mejores películas del gran ganador de los Oscar 2026?,"lavanguardia, levante_emv, okdiario",3,3,0.42,31,Paul Thomas Anderson: ¿dónde podemos ver online las mejores películas del gran ganador de los Oscar 2026? | ¿Dónde ver las películas ganadoras de los Oscar 2026? | ¿Por qué ha ganado 'Una batalla tras otra' en los Oscar 2026? Cinco claves del triunfo de Paul Thomas Anderson,2026-03-18 15:32,2026-03-18 15:32
2026-03-18 10:00:00,"Quién es Pablo Bustinduy, el candidato a la izquierda del PSOE que se autodescarta para liderar Sumar","elconfidencial, elpais, infolibre",3,3,0.41,30,"Quién es Pablo Bustinduy, el candidato a la izquierda del PSOE que se autodescarta para liderar Sumar | Bustinduy se descarta para liderar el espacio a la izquierda del PSOE, que sigue buscando líder | Bustinduy insiste en que se ha descartado “muchísimas veces ya” como candidato a liderar el futuro Sumar",2026-03-18 15:32,2026-03-18 15:32
2026-03-16 02:00:00,Michael B Jordan gana como mejor actor y Paul Thomas Anderson como mejor director en los Oscar 2026,"bbc_mundo, elespanol, okdiario",3,3,0.393,29,"Michael B Jordan gana como mejor actor y Paul Thomas Anderson como mejor director en los Oscar 2026 | Michael B. Jordan gana el Oscar 2026 al mejor actor por 'Los pecadores' | Paul Thomas Anderson, premio a mejor director en los Oscar 2026",2026-03-18 15:32,2026-03-18 15:32
