cluster,cluster_label,count,last_update,cycle
8,así años deportivo españa mundo,483,2026-03-18 08:30:00+00:00,2026-03-18 08:30
12,2026 día mujer padre vida,700,2026-03-18 08:30:00+00:00,2026-03-18 08:30
7,100 dólares ibex petróleo primera,874,2026-03-18 09:00:00+00:00,2026-03-18 09:00
9,2026 amazon años mejores vida,478,2026-03-18 09:00:00+00:00,2026-03-18 09:00
3,2026 dos españa gobierno trump,21985,2026-03-18 09:30:00+00:00,2026-03-18 09:30
7,cuba dónde partido trump ver,516,2026-03-18 09:30:00+00:00,2026-03-18 09:30
13,2026 internacional mejor oscar premios,1257,2026-03-18 09:30:00+00:00,2026-03-18 09:30
1,euros internacional madrid trump zaragoza,21408,2026-03-18 10:00:00+00:00,2026-03-18 10:00
7,gobierno guerra medidas oriente sánchez,1394,2026-03-18 10:00:00+00:00,2026-03-18 10:00
8,españa guerra irán sánchez trump,1584,2026-03-18 10:00:00+00:00,2026-03-18 10:00
12,barça font joan laporta vuelve,486,2026-03-18 10:00:00+00:00,2026-03-18 10:00
2,2026 directo elecciones oscar premios,1289,2026-03-18 10:30:00+00:00,2026-03-18 10:30
6,000 100 euros menos personas,747,2026-03-18 10:30:00+00:00,2026-03-18 10:30
11,castilla dos gobierno león vox,20829,2026-03-18 10:30:00+00:00,2026-03-18 10:30
12,city madrid real tras zaragoza,2076,2026-03-18 10:30:00+00:00,2026-03-18 10:30
14,039 españa guerra irán si,707,2026-03-18 10:30:00+00:00,2026-03-18 10:30
0,dos gobierno internacional nuevo vox,21362,2026-03-18 11:00:00+00:00,2026-03-18 11:00
1,euros gobierno internacional millones nuevo,21442,2026-03-18 11:31:00+00:00,2026-03-18 11:31
2,cómo guerra irán puede si,841,2026-03-18 11:31:00+00:00,2026-03-18 11:31
9,conquista felipe maría rey vi,340,2026-03-18 11:31:00+00:00,2026-03-18 11:31
1,2026 com día internacional trump,857,2026-03-18 12:00:00+00:00,2026-03-18 12:00
2,2026 años gobierno tras zaragoza,23931,2026-03-18 12:00:00+00:00,2026-03-18 12:00
3,así años ia millones uso,253,2026-03-18 12:00:00+00:00,2026-03-18 12:00
9,historia irán primera tras vez,349,2026-03-18 12:00:00+00:00,2026-03-18 12:00
5,dos euros gobierno internacional millones,22244,2026-03-18 12:30:00+00:00,2026-03-18 12:30
6,españa gobierno madrid trump zaragoza,22729,2026-03-18 13:01:00+00:00,2026-03-18 13:01
2,2026 gobierno nuevo si trump,21664,2026-03-18 13:31:00+00:00,2026-03-18 13:31
8,españa guerra nueva sánchez trump,955,2026-03-18 13:31:00+00:00,2026-03-18 13:31
10,com día festival internacional trump,908,2026-03-18 13:31:00+00:00,2026-03-18 13:31
14,españa guerra irán país personas,703,2026-03-18 13:31:00+00:00,2026-03-18 13:31
6,internacional irán millones nuevo zaragoza,22389,2026-03-18 14:00:00+00:00,2026-03-18 14:00
7,años irán nuevo ser tras,1333,2026-03-18 14:00:00+00:00,2026-03-18 14:00
13,2026 barcelona mejor oscar premios,1400,2026-03-18 14:00:00+00:00,2026-03-18 14:00
1,directo guerra hora irán sigue,238,2026-03-18 14:30:00+00:00,2026-03-18 14:30
11,dos internacional madrid millones trump,23156,2026-03-18 14:30:00+00:00,2026-03-18 14:30
0,detenidos dos día internacional tras,1506,2026-03-18 15:00:00+00:00,2026-03-18 15:00
1,gobierno nuevo tras vox zaragoza,22083,2026-03-18 15:00:00+00:00,2026-03-18 15:00
1,2026 directo mejor oscar premios,1001,2026-03-18 15:30:00+00:00,2026-03-18 15:30
6,2026 edad elecciones león quién,210,2026-03-18 15:30:00+00:00,2026-03-18 15:30
10,así nuevo si trump zaragoza,21508,2026-03-18 15:30:00+00:00,2026-03-18 15:30
0,dos madrid nuevo real zaragoza,22198,2026-03-18 16:00:00+00:00,2026-03-18 16:00
4,dólares ibex petróleo santa semana,878,2026-03-18 16:00:00+00:00,2026-03-18 16:00
5,cómo gobierno guerra medidas plan,1022,2026-03-18 16:00:00+00:00,2026-03-18 16:00
3,españa guerra medio oriente trump,1790,2026-03-18 16:30:00+00:00,2026-03-18 16:30
4,dos españa euros gobierno millones,23310,2026-03-18 16:30:00+00:00,2026-03-18 16:30
6,dos irán ser tras tres,1280,2026-03-18 16:30:00+00:00,2026-03-18 16:30
3,así euros nueva trump vox,20625,2026-03-18 17:01:00+00:00,2026-03-18 17:01
11,españa guerra medio oriente si,1445,2026-03-18 17:01:00+00:00,2026-03-18 17:01
0,ataques eeuu guerra irán israel,1468,2026-03-18 17:31:00+00:00,2026-03-18 17:31
2,años españa millones nuevo tras,23936,2026-03-18 17:31:00+00:00,2026-03-18 17:31
5,años detenidos dos gobierno tras,1450,2026-03-18 17:31:00+00:00,2026-03-18 17:31
14,2026 así directo fallas valència,1515,2026-03-18 17:31:00+00:00,2026-03-18 17:31
4,8m feijóo guerra sánchez vox,402,2026-03-18 18:01:00+00:00,2026-03-18 18:01
7,años euros gobierno millones zaragoza,23699,2026-03-18 18:01:00+00:00,2026-03-18 18:01
9,españa guerra millones sánchez trump,1602,2026-03-18 18:01:00+00:00,2026-03-18 18:01
13,000 año ia millones velada,582,2026-03-18 18:01:00+00:00,2026-03-18 18:01
0,2026 años gobierno internacional tras,23569,2026-03-18 18:31:00+00:00,2026-03-18 18:31
5,2026 españa gran tras trump,413,2026-03-18 18:31:00+00:00,2026-03-18 18:31
0,ley nueva pp propiedad si,208,2026-03-18 19:01:00+00:00,2026-03-18 19:01
3,2026 dos españa internacional trump,23890,2026-03-18 19:01:00+00:00,2026-03-18 19:01
7,100 dólares petróleo santa semana,966,2026-03-18 19:01:00+00:00,2026-03-18 19:01
8,españa gobierno guerra sánchez trump,1237,2026-03-18 19:01:00+00:00,2026-03-18 19:01
1,guerra medio oriente próximo sánchez,1077,2026-03-18 19:31:00+00:00,2026-03-18 19:31
6,dos irán nuevo ser tras,1260,2026-03-18 19:31:00+00:00,2026-03-18 19:31
0,cadena incendio mujeres ser tres,913,2026-03-18 20:01:00+00:00,2026-03-18 20:01
2,2026 dos internacional trump zaragoza,22316,2026-03-18 20:01:00+00:00,2026-03-18 20:01
7,000 así euros millones oscar,2188,2026-03-18 20:01:00+00:00,2026-03-18 20:01
11,local madrid nacional policía tras,274,2026-03-18 20:01:00+00:00,2026-03-18 20:01
14,años city madrid muere real,1964,2026-03-18 20:01:00+00:00,2026-03-18 20:01
0,2026 directo dónde hora ver,623,2026-03-18 20:30:00+00:00,2026-03-18 20:30
9,guerra irán ormuz sánchez trump,1476,2026-03-18 20:30:00+00:00,2026-03-18 20:30
10,2026 dos españa gobierno internacional,23544,2026-03-18 20:30:00+00:00,2026-03-18 20:30
13,8m blanca casa día mujer,719,2026-03-18 20:30:00+00:00,2026-03-18 20:30
6,2026 años dos trump zaragoza,22647,2026-03-18 21:01:00+00:00,2026-03-18 21:01
8,champions city directo madrid real,1040,2026-03-18 21:01:00+00:00,2026-03-18 21:01
11,mujer pide pp ser vox,1654,2026-03-18 21:01:00+00:00,2026-03-18 21:01
0,barcelona canarias gobierno obliga peste,137,2026-03-18 21:30:00+00:00,2026-03-18 21:30
5,españa gobierno nuevo vox zaragoza,23762,2026-03-18 21:30:00+00:00,2026-03-18 21:30
6,españa guerra pedro sánchez trump,721,2026-03-18 21:30:00+00:00,2026-03-18 21:30
7,directo dónde hoy partido ver,619,2026-03-18 21:30:00+00:00,2026-03-18 21:30
12,city directo madrid manchester real,1023,2026-03-18 21:30:00+00:00,2026-03-18 21:30
7,cadenas detenidos día francisca mujer,600,2026-03-18 22:00:00+00:00,2026-03-18 22:00
0,one piece segunda serie temporada,115,2026-03-18 22:30:00+00:00,2026-03-18 22:30
2,años internacional madrid tras trump,24982,2026-03-18 22:30:00+00:00,2026-03-18 22:30
4,fin millones málaga santa semana,1125,2026-03-18 22:30:00+00:00,2026-03-18 22:30
8,000 10 100 euros millones,1036,2026-03-18 22:30:00+00:00,2026-03-18 22:30
9,agresión barça newcastle san sexual,448,2026-03-18 22:30:00+00:00,2026-03-18 22:30
11,2026 mejor mujer oscar premios,858,2026-03-18 22:30:00+00:00,2026-03-18 22:30
6,2026 dos hoy marzo zaragoza,23759,2026-03-18 23:00:00+00:00,2026-03-18 23:00
0,empresas españa euros irán millones,182,2026-03-18 23:30:00+00:00,2026-03-18 23:30
1,así detenidos dos francisca zaragoza,1266,2026-03-18 23:30:00+00:00,2026-03-18 23:30
9,cómo guerra irán puede ver,511,2026-03-18 23:30:00+00:00,2026-03-18 23:30
14,2026 millones nuevo trump zaragoza,23429,2026-03-18 23:30:00+00:00,2026-03-18 23:30
3,2026 cómo fallas valencia valència,794,2026-03-19 00:01:00+00:00,2026-03-19 00:01
5,dos internacional millones nuevo zaragoza,23814,2026-03-19 00:01:00+00:00,2026-03-19 00:01
2,dos españa gobierno si trump,23806,2026-03-19 00:30:00+00:00,2026-03-19 00:30
0,errejón general huelga médicos segunda,372,2026-03-19 01:00:00+00:00,2026-03-19 01:00
9,años dos internacional trump zaragoza,24274,2026-03-19 01:00:00+00:00,2026-03-19 01:00
12,dana fiscalía jueza mazón tsj,207,2026-03-19 01:00:00+00:00,2026-03-19 01:00
2,años millones nuevo trump vox,22827,2026-03-19 01:30:00+00:00,2026-03-19 01:30
4,2026 así blanca casa sido,991,2026-03-19 01:30:00+00:00,2026-03-19 01:30
9,años blanca casa mujer tras,768,2026-03-19 02:00:00+00:00,2026-03-19 02:00
12,dos españa gobierno millones trump,24191,2026-03-19 02:00:00+00:00,2026-03-19 02:00
4,así años blanca casa sido,949,2026-03-19 02:30:00+00:00,2026-03-19 02:30
6,años detenidos dos día internacional,1616,2026-03-19 02:30:00+00:00,2026-03-19 02:30
11,000 2026 años millones trump,23515,2026-03-19 02:30:00+00:00,2026-03-19 02:30
1,30 confirma horas marzo todas,571,2026-03-19 03:00:00+00:00,2026-03-19 03:00
2,cada irán primera según vez,628,2026-03-19 03:00:00+00:00,2026-03-19 03:00
5,dos internacional madrid nuevo trump,23292,2026-03-19 03:00:00+00:00,2026-03-19 03:00
9,años españa guerra irán mundo,553,2026-03-19 03:00:00+00:00,2026-03-19 03:00
11,alonso china gana gp rtve,664,2026-03-19 03:00:00+00:00,2026-03-19 03:00
7,años cómo puede ser vida,603,2026-03-19 03:30:00+00:00,2026-03-19 03:30
12,años cinco días horas marzo,518,2026-03-19 03:30:00+00:00,2026-03-19 03:30
7,directo guerra irán israel uu,2596,2026-03-19 04:00:00+00:00,2026-03-19 04:00
10,años deportivo españa irán mundo,551,2026-03-19 04:30:00+00:00,2026-03-19 04:30
14,alcaraz carlos da vez wells,639,2026-03-19 04:30:00+00:00,2026-03-19 04:30
4,años blanca casa guerra si,897,2026-03-19 05:00:00+00:00,2026-03-19 05:00
7,años historia mayor mujer mundo,950,2026-03-19 05:00:00+00:00,2026-03-19 05:00
12,años dos gobierno vox zaragoza,22680,2026-03-19 05:00:00+00:00,2026-03-19 05:00
13,ayuntamiento denuncia errejón san segunda,507,2026-03-19 05:00:00+00:00,2026-03-19 05:00
6,100 dólares petróleo puede ser,1195,2026-03-19 05:30:00+00:00,2026-03-19 05:30
3,2026 internacional madrid nuevo zaragoza,24452,2026-03-19 06:00:00+00:00,2026-03-19 06:00
0,años gobierno nueva nuevo si,22203,2026-03-19 06:30:00+00:00,2026-03-19 06:30
6,2026 castilla elecciones león oscar,1162,2026-03-19 06:30:00+00:00,2026-03-19 06:30
12,barcelona barça cómo directo newcastle,1094,2026-03-19 06:30:00+00:00,2026-03-19 06:30
0,ave festival huesca málaga semana,346,2026-03-19 07:00:00+00:00,2026-03-19 07:00
3,guerra medio oriente pedro sánchez,1314,2026-03-19 07:00:00+00:00,2026-03-19 07:00
4,gobierno internacional millones vox zaragoza,23494,2026-03-19 07:00:00+00:00,2026-03-19 07:00
5,com españa guerra millones trump,1815,2026-03-19 07:00:00+00:00,2026-03-19 07:00
9,2026 elecciones horóscopo hoy marzo,964,2026-03-19 07:00:00+00:00,2026-03-19 07:00
11,city directo madrid real tras,2181,2026-03-19 07:00:00+00:00,2026-03-19 07:00
4,años españa millones nuevo trump,25183,2026-03-19 07:31:00+00:00,2026-03-19 07:31
0,gobierno huelga médicos pública sanidad,104,2026-03-19 08:00:00+00:00,2026-03-19 08:00
2,cómo españa guerra irán puede,511,2026-03-19 08:00:00+00:00,2026-03-19 08:00
10,años gobierno millones trump zaragoza,25017,2026-03-19 08:00:00+00:00,2026-03-19 08:00
3,atlético city directo madrid real,1146,2026-03-19 08:30:00+00:00,2026-03-19 08:30
8,cadena pp psoe ser vox,1121,2026-03-19 08:30:00+00:00,2026-03-19 08:30
12,100 dólares historia petróleo reservas,844,2026-03-19 08:30:00+00:00,2026-03-19 08:30
2,atlético city dos madrid real,1623,2026-03-19 09:00:00+00:00,2026-03-19 09:00
3,2026 día mujeres padre tres,852,2026-03-19 09:00:00+00:00,2026-03-19 09:00
4,felipe josé maría rey vi,525,2026-03-19 09:00:00+00:00,2026-03-19 09:00
12,2026 euros millones nuevo zaragoza,23691,2026-03-19 09:00:00+00:00,2026-03-19 09:00
2,años cuatro muertos riesgo tres,432,2026-03-19 09:31:00+00:00,2026-03-19 09:31
3,años irán oscar ser tras,1402,2026-03-19 09:31:00+00:00,2026-03-19 09:31
5,años gobierno nuevo trump zaragoza,23651,2026-03-19 09:31:00+00:00,2026-03-19 09:31
7,barcelona directo día internacional newcastle,1410,2026-03-19 09:31:00+00:00,2026-03-19 09:31
0,ataques directo guerra irán israel,830,2026-03-19 10:01:00+00:00,2026-03-19 10:01
3,2026 ayuntamiento día internacional madrid,263,2026-03-19 10:01:00+00:00,2026-03-19 10:01
7,años gala madrid moda mundo,100,2026-03-19 10:01:00+00:00,2026-03-19 10:01
1,dos gobierno trump vox zaragoza,24006,2026-03-19 10:30:00+00:00,2026-03-19 10:30
3,2026 especial falla fallas infantil,200,2026-03-19 10:30:00+00:00,2026-03-19 10:30
4,guerra medio oriente santa semana,918,2026-03-19 10:30:00+00:00,2026-03-19 10:30
2,años españa gobierno quot si,24864,2026-03-19 11:01:00+00:00,2026-03-19 11:01
9,039 casademont quot real zaragoza,864,2026-03-19 11:01:00+00:00,2026-03-19 11:01
12,años irán quot ser tras,1414,2026-03-19 11:01:00+00:00,2026-03-19 11:01
1,barcelona irán nuevo tras zaragoza,22429,2026-03-19 11:30:00+00:00,2026-03-19 11:30
6,años después dos españa tras,3211,2026-03-19 11:30:00+00:00,2026-03-19 11:30
12,2026 gran irán tras trump,430,2026-03-19 11:30:00+00:00,2026-03-19 11:30
14,feijóo gobierno pp si vox,1729,2026-03-19 11:30:00+00:00,2026-03-19 11:30
1,alimentos españa guerra inflación irán,153,2026-03-19 12:00:00+00:00,2026-03-19 12:00
7,hora irán israel unidos última,362,2026-03-19 12:00:00+00:00,2026-03-19 12:00
12,ciudad internacional madrid nacional sistema,229,2026-03-19 12:00:00+00:00,2026-03-19 12:00
14,dos internacional madrid tras zaragoza,28277,2026-03-19 12:00:00+00:00,2026-03-19 12:00
7,dos gobierno si trump zaragoza,23503,2026-03-19 12:30:00+00:00,2026-03-19 12:30
13,años después dos internacional muere,1978,2026-03-19 12:30:00+00:00,2026-03-19 12:30
2,2026 españa gobierno madrid trump,25569,2026-03-19 13:00:00+00:00,2026-03-19 13:00
11,así cadena españa puede ser,1063,2026-03-19 13:00:00+00:00,2026-03-19 13:00
14,bolsamania economía españa española guerra,367,2026-03-19 13:00:00+00:00,2026-03-19 13:00
1,2026 internacional madrid millones nuevo,25509,2026-03-19 13:31:00+00:00,2026-03-19 13:31
5,com españa millones sánchez trump,1853,2026-03-19 13:31:00+00:00,2026-03-19 13:31
0,aborto ayuso justicia objetores registro,147,2026-03-19 14:00:00+00:00,2026-03-19 14:00
1,dos madrid ser tras tres,1446,2026-03-19 14:00:00+00:00,2026-03-19 14:00
0,2026 dos españa tras zaragoza,26286,2026-03-19 14:31:00+00:00,2026-03-19 14:31
7,fotos horas marzo ofrenda todas,232,2026-03-19 14:31:00+00:00,2026-03-19 14:31
10,euros incendio millones miranda tres,957,2026-03-19 14:31:00+00:00,2026-03-19 14:31
3,dos euros internacional millones zaragoza,25438,2026-03-19 15:01:00+00:00,2026-03-19 15:01
0,años después dos tras vuelve,533,2026-03-19 15:31:00+00:00,2026-03-19 15:31
9,años cárcel dos muere tras,1129,2026-03-19 15:31:00+00:00,2026-03-19 15:31
11,dos gobierno internacional tras trump,26153,2026-03-19 15:31:00+00:00,2026-03-19 15:31
12,com españa guerra sánchez trump,1753,2026-03-19 15:31:00+00:00,2026-03-19 15:31
0,así barcelona gobierno internacional zaragoza,24112,2026-03-19 16:01:00+00:00,2026-03-19 16:01
1,com dw elplural españa vida,743,2026-03-19 16:01:00+00:00,2026-03-19 16:01
11,000 día euros guerra millones,1946,2026-03-19 16:01:00+00:00,2026-03-19 16:01
5,dos euros millones tras zaragoza,25767,2026-03-19 16:31:00+00:00,2026-03-19 16:31
8,día españa guerra pedro sánchez,1068,2026-03-19 16:31:00+00:00,2026-03-19 16:31
3,2026 así casademont real zaragoza,1224,2026-03-19 17:01:00+00:00,2026-03-19 17:01
4,años españa gobierno millones trump,25905,2026-03-19 17:01:00+00:00,2026-03-19 17:01
0,gobierno internacional irán nuevo zaragoza,25369,2026-03-19 17:30:00+00:00,2026-03-19 17:30
1,amazon mejores ofertas precio primavera,636,2026-03-19 17:30:00+00:00,2026-03-19 17:30
7,casa estrecho irán ormuz trump,1334,2026-03-19 17:30:00+00:00,2026-03-19 17:30
13,039 españa nueva york zaragoza,760,2026-03-19 17:30:00+00:00,2026-03-19 17:30
0,control cuentas gobierno guerra tribunal,183,2026-03-19 18:01:00+00:00,2026-03-19 18:01
2,eeuu guerra irán oriente sánchez,2359,2026-03-19 18:01:00+00:00,2026-03-19 18:01
7,2026 dos madrid nuevo tras,25698,2026-03-19 18:01:00+00:00,2026-03-19 18:01
10,cadena nueva puede ser tras,995,2026-03-19 18:01:00+00:00,2026-03-19 18:01
0,cómo directo guerra irán ver,542,2026-03-19 18:30:00+00:00,2026-03-19 18:30
4,com día españa internacional trump,2605,2026-03-19 18:30:00+00:00,2026-03-19 18:30
5,dos irán madrid tras trump,25608,2026-03-19 18:30:00+00:00,2026-03-19 18:30
11,2026 así nuevo sido zaragoza,698,2026-03-19 18:30:00+00:00,2026-03-19 18:30
6,así irán nuevo tras vox,24458,2026-03-19 19:00:00+00:00,2026-03-19 19:00
2,años después dos hace meses,645,2026-03-19 20:01:00+00:00,2026-03-19 20:01
4,españa gobierno nuevo si trump,24518,2026-03-19 20:01:00+00:00,2026-03-19 20:01
8,batalla detenidos dos oscar tras,2036,2026-03-19 20:01:00+00:00,2026-03-19 20:01
9,años cárcel españa muere tras,1145,2026-03-19 20:01:00+00:00,2026-03-19 20:01
14,barcelona cómo directo newcastle partido,997,2026-03-19 20:01:00+00:00,2026-03-19 20:01
0,años dos internacional nuevo zaragoza,26019,2026-03-19 20:31:00+00:00,2026-03-19 20:31
11,directo guerra irán sánchez trump,1764,2026-03-19 20:31:00+00:00,2026-03-19 20:31
1,2026 años hoy internacional marzo,26143,2026-03-19 21:01:00+00:00,2026-03-19 21:01
10,ave festival marzo málaga semana,406,2026-03-19 21:01:00+00:00,2026-03-19 21:01
11,años cadena mujer ser tras,912,2026-03-19 21:01:00+00:00,2026-03-19 21:01
12,ataque confirma eeuu irán muertos,1060,2026-03-19 21:01:00+00:00,2026-03-19 21:01
0,2026 gobierno internacional tras zaragoza,25703,2026-03-19 21:31:00+00:00,2026-03-19 21:31
4,000 barcelona directo euros millones,2045,2026-03-19 21:31:00+00:00,2026-03-19 21:31
12,guerra irán israel ormuz trump,2029,2026-03-19 21:31:00+00:00,2026-03-19 21:31
0,dos irán millones nuevo zaragoza,25398,2026-03-19 22:01:00+00:00,2026-03-19 22:01
14,crisis energética gobierno guerra irán,351,2026-03-19 22:01:00+00:00,2026-03-19 22:01
4,000 así cómo euros millones,1909,2026-03-19 22:31:00+00:00,2026-03-19 22:31
10,dos madrid nuevo trump zaragoza,25098,2026-03-19 22:31:00+00:00,2026-03-19 22:31
0,gobierno guerra irán medidas millones,928,2026-03-19 23:02:00+00:00,2026-03-19 23:02
8,detenidos dos león ser tras,2094,2026-03-19 23:02:00+00:00,2026-03-19 23:02
13,000 millones trump vox zaragoza,25350,2026-03-19 23:02:00+00:00,2026-03-19 23:02
10,039 españa guerra quot zaragoza,245,2026-03-19 23:30:00+00:00,2026-03-19 23:30
13,barcelona españa internacional sánchez trump,26088,2026-03-19 23:30:00+00:00,2026-03-19 23:30
6,casa irán puede si trump,1241,2026-03-20 00:01:00+00:00,2026-03-20 00:01
0,000 euros gobierno millones trump,25082,2026-03-20 00:30:00+00:00,2026-03-20 00:30
6,castilla dos irán ser tras,1429,2026-03-20 01:01:00+00:00,2026-03-20 01:01
0,cómo puede ser toda vida,628,2026-03-20 02:01:00+00:00,2026-03-20 02:01
8,der internacional leyen ue von,171,2026-03-20 02:01:00+00:00,2026-03-20 02:01
10,000 10 año guerra millones,1112,2026-03-20 02:01:00+00:00,2026-03-20 02:01
2,dos irán madrid nuevo zaragoza,25579,2026-03-20 02:30:00+00:00,2026-03-20 02:30
7,así incendio miranda mujeres tres,1132,2026-03-20 02:30:00+00:00,2026-03-20 02:30
8,2026 barcelona diario día internacional,1557,2026-03-20 02:30:00+00:00,2026-03-20 02:30
14,directo dónde horario partido ver,553,2026-03-20 02:30:00+00:00,2026-03-20 02:30
5,000 españa euros millones nueva,1236,2026-03-20 03:00:00+00:00,2026-03-20 03:00
6,2026 así gobierno nuevo zaragoza,25120,2026-03-20 03:00:00+00:00,2026-03-20 03:00
7,economía españa guerra sánchez trump,1764,2026-03-20 03:00:00+00:00,2026-03-20 03:00
10,directo dónde presidente torrente ver,795,2026-03-20 03:00:00+00:00,2026-03-20 03:00
0,barcelona dos león madrid vox,25204,2026-03-20 03:31:00+00:00,2026-03-20 03:31
9,100 dólares ibex nueva petróleo,1018,2026-03-20 03:31:00+00:00,2026-03-20 03:31
0,irán líder nueva nuevo supremo,1210,2026-03-20 04:00:00+00:00,2026-03-20 04:00
3,as diario huelga internacional médicos,431,2026-03-20 04:00:00+00:00,2026-03-20 04:00
8,barcelona gobierno internacional si zaragoza,24832,2026-03-20 04:00:00+00:00,2026-03-20 04:00
0,españoles irán pruebas pueden ser,137,2026-03-20 04:31:00+00:00,2026-03-20 04:31
2,000 euros guerra millones oriente,1571,2026-03-20 04:31:00+00:00,2026-03-20 04:31
3,dos irán ser tras trump,1527,2026-03-20 04:31:00+00:00,2026-03-20 04:31
5,dos internacional nuevo trump zaragoza,25411,2026-03-20 04:31:00+00:00,2026-03-20 04:31
8,alcaraz directo dónde partido ver,800,2026-03-20 04:31:00+00:00,2026-03-20 04:31
0,30 calle marzo paz rodríguez,251,2026-03-20 05:01:00+00:00,2026-03-20 05:01
7,2026 así nueva sido zaragoza,1097,2026-03-20 05:01:00+00:00,2026-03-20 05:01
12,dos euros gobierno millones zaragoza,25009,2026-03-20 05:01:00+00:00,2026-03-20 05:01
2,guerra líder medio nuevo oriente,1741,2026-03-20 05:30:00+00:00,2026-03-20 05:30
7,2026 así irán queda sido,716,2026-03-20 05:30:00+00:00,2026-03-20 05:30
4,barcelona directo día madrid real,2040,2026-03-20 06:00:00+00:00,2026-03-20 06:00
6,irán nuevo ser tras trump,1368,2026-03-20 06:00:00+00:00,2026-03-20 06:00
7,2026 internacional millones trump zaragoza,25858,2026-03-20 06:00:00+00:00,2026-03-20 06:00
12,2026 así irán sido zaragoza,756,2026-03-20 06:00:00+00:00,2026-03-20 06:00
13,champions copa cuartos final league,321,2026-03-20 06:00:00+00:00,2026-03-20 06:00
14,así guerra oriente sánchez trump,1513,2026-03-20 06:30:00+00:00,2026-03-20 06:30
6,años dos madrid trump zaragoza,26783,2026-03-20 07:00:00+00:00,2026-03-20 07:00
6,años después dos españa millones,2875,2026-03-20 07:31:00+00:00,2026-03-20 07:31
13,españa guerra irán oriente sánchez,1728,2026-03-20 07:31:00+00:00,2026-03-20 07:31
6,años escritor hombre muere tras,289,2026-03-20 08:00:00+00:00,2026-03-20 08:00
9,2026 así años gobierno zaragoza,26090,2026-03-20 08:00:00+00:00,2026-03-20 08:00
0,científicos crédito dan descubren privado,203,2026-03-20 08:31:00+00:00,2026-03-20 08:31
2,2026 años españa gobierno tras,26717,2026-03-20 08:31:00+00:00,2026-03-20 08:31
4,2026 así dos oscar tras,1939,2026-03-20 08:31:00+00:00,2026-03-20 08:31
14,2026 años cómo españa mundo,996,2026-03-20 08:31:00+00:00,2026-03-20 08:31
9,2026 así gobierno madrid trump,26218,2026-03-20 09:00:00+00:00,2026-03-20 09:00
4,2026 españa gobierno internacional trump,26710,2026-03-20 10:00:00+00:00,2026-03-20 10:00
6,2026 así mejor oscar película,1056,2026-03-20 10:00:00+00:00,2026-03-20 10:00
7,000 10 españa euros millones,820,2026-03-20 10:00:00+00:00,2026-03-20 10:00
10,día españa euros internacional millones,1242,2026-03-20 10:00:00+00:00,2026-03-20 10:00
12,irán real tras tres zaragoza,1989,2026-03-20 10:00:00+00:00,2026-03-20 10:00
8,44 crecimiento empresarios estrategia internacional,84,2026-03-20 10:30:00+00:00,2026-03-20 10:30
10,adiós cuervo españa hola siempre,116,2026-03-20 10:30:00+00:00,2026-03-20 10:30
11,2025 inditex millones nuevo récord,194,2026-03-20 10:30:00+00:00,2026-03-20 10:30
14,años dos internacional madrid tras,30152,2026-03-20 10:30:00+00:00,2026-03-20 10:30
0,clave irán israel régimen salud,323,2026-03-20 11:01:00+00:00,2026-03-20 11:01
9,gobierno internacional tras trump zaragoza,26835,2026-03-20 11:01:00+00:00,2026-03-20 11:01
10,españa fin guerra santa semana,560,2026-03-20 11:01:00+00:00,2026-03-20 11:01
12,años irán primera tras vez,414,2026-03-20 11:01:00+00:00,2026-03-20 11:01
8,dos gobierno madrid nuevo tras,26522,2026-03-20 11:31:00+00:00,2026-03-20 11:31
3,cómo gobierno guerra medidas mundo,1492,2026-03-20 12:01:00+00:00,2026-03-20 12:01
4,cómo irán puede ser trump,429,2026-03-20 12:01:00+00:00,2026-03-20 12:01
5,barcelona dos nuevo vox zaragoza,24570,2026-03-20 12:01:00+00:00,2026-03-20 12:01
3,2026 años dos internacional zaragoza,26147,2026-03-20 12:31:00+00:00,2026-03-20 12:31
3,dos gobierno internacional nuevo zaragoza,26108,2026-03-20 13:01:00+00:00,2026-03-20 13:01
8,comprobar hoy marzo nueva sánchez,1426,2026-03-20 13:01:00+00:00,2026-03-20 13:01
12,2026 castilla elecciones león tras,1878,2026-03-20 13:01:00+00:00,2026-03-20 13:01
13,000 2026 euros millones oscar,1236,2026-03-20 13:01:00+00:00,2026-03-20 13:01
1,feijóo mañueco pp psoe vox,773,2026-03-20 13:30:00+00:00,2026-03-20 13:30
2,2026 internacional millones nuevo zaragoza,27700,2026-03-20 13:30:00+00:00,2026-03-20 13:30
2,ciencia energía internacional nuclear razón,348,2026-03-20 14:01:00+00:00,2026-03-20 14:01
4,000 euros líder millones nuevo,1507,2026-03-20 14:01:00+00:00,2026-03-20 14:01
5,2026 así años fallas trump,24157,2026-03-20 14:01:00+00:00,2026-03-20 14:01
7,000 barcelona casa directo euros,1467,2026-03-20 14:01:00+00:00,2026-03-20 14:01
10,gobierno guerra pp sánchez vox,1918,2026-03-20 14:01:00+00:00,2026-03-20 14:01
12,2026 años real tras zaragoza,2110,2026-03-20 14:01:00+00:00,2026-03-20 14:01
0,2026 cómo mejor oscar premios,995,2026-03-20 14:31:00+00:00,2026-03-20 14:31
8,irán madrid nuevo ser tras,1456,2026-03-20 14:31:00+00:00,2026-03-20 14:31
13,8m años día mujer tras,426,2026-03-20 14:31:00+00:00,2026-03-20 14:31
1,blanca cadena casa puede ser,943,2026-03-20 15:31:00+00:00,2026-03-20 15:31
9,2026 frente internacional premio primer,496,2026-03-20 15:31:00+00:00,2026-03-20 15:31
11,000 gobierno internacional madrid millones,25890,2026-03-20 15:31:00+00:00,2026-03-20 15:31
2,años barcelona dos internacional nuevo,25993,2026-03-20 16:31:00+00:00,2026-03-20 16:31
10,iraní israel país presidente torrente,1040,2026-03-20 16:31:00+00:00,2026-03-20 16:31
5,años dos día internacional padre,1498,2026-03-20 17:01:00+00:00,2026-03-20 17:01
14,directo guerra irán oriente sánchez,1851,2026-03-20 17:01:00+00:00,2026-03-20 17:01
2,españa madrid millones nuevo zaragoza,27229,2026-03-20 17:31:00+00:00,2026-03-20 17:31
5,guerra medio mundo oriente próximo,1107,2026-03-20 17:31:00+00:00,2026-03-20 17:31
9,años detenido hombre muere tras,342,2026-03-20 17:31:00+00:00,2026-03-20 17:31
10,directo dónde horario menos ver,835,2026-03-20 17:31:00+00:00,2026-03-20 17:31
13,com diario españa festival internacional,1211,2026-03-20 17:31:00+00:00,2026-03-20 17:31
0,españa gobierno internacional madrid trump,27672,2026-03-20 18:01:00+00:00,2026-03-20 18:01
4,2026 gala oscar premios tras,501,2026-03-20 18:01:00+00:00,2026-03-20 18:01
6,000 españa euros millones nuevo,2359,2026-03-20 18:01:00+00:00,2026-03-20 18:01
7,irán madrid ser tras trump,1496,2026-03-20 18:01:00+00:00,2026-03-20 18:01
9,casa com dw elplural españa,949,2026-03-20 18:01:00+00:00,2026-03-20 18:01
12,españa internacional mejor oscar película,460,2026-03-20 18:01:00+00:00,2026-03-20 18:01
14,2026 dónde fallas valencia valència,1199,2026-03-20 18:01:00+00:00,2026-03-20 18:01
11,gobierno guerra irán medio oriente,1581,2026-03-20 18:31:00+00:00,2026-03-20 18:31
13,2026 así queda sido zaragoza,781,2026-03-20 18:31:00+00:00,2026-03-20 18:31
12,2026 amazon día mejores ofertas,269,2026-03-20 19:01:00+00:00,2026-03-20 19:01
13,000 200 año euros millones,1605,2026-03-20 19:01:00+00:00,2026-03-20 19:01
6,dos españa gobierno nuevo trump,27433,2026-03-20 19:30:00+00:00,2026-03-20 19:30
10,dos españa irán ser tras,1503,2026-03-20 19:30:00+00:00,2026-03-20 19:30
13,com día españa festival internacional,1321,2026-03-20 19:30:00+00:00,2026-03-20 19:30
1,guerra internacional nuevo tras zaragoza,27246,2026-03-20 20:01:00+00:00,2026-03-20 20:01
13,guerra irán primera tras vez,421,2026-03-20 20:01:00+00:00,2026-03-20 20:01
13,dos gobierno millones tras zaragoza,27729,2026-03-20 20:30:00+00:00,2026-03-20 20:30
14,así guerra mundo pedro sánchez,1673,2026-03-20 20:30:00+00:00,2026-03-20 20:30
5,000 dos millones nuevo zaragoza,26496,2026-03-20 21:01:00+00:00,2026-03-20 21:01
10,estrecho internacional irán ormuz trump,1916,2026-03-20 21:01:00+00:00,2026-03-20 21:01
0,000 dos euros gobierno millones,26038,2026-03-20 21:31:00+00:00,2026-03-20 21:31
2,así años toda tras vida,382,2026-03-20 21:31:00+00:00,2026-03-20 21:31
9,guerra irán líder nuevo sánchez,1418,2026-03-20 21:31:00+00:00,2026-03-20 21:31
13,dos internacional millones nuevo trump,27221,2026-03-20 22:01:00+00:00,2026-03-20 22:01
6,000 2026 millones trump zaragoza,25833,2026-03-20 22:31:00+00:00,2026-03-20 22:31
10,2026 fallas guerra sánchez valència,1169,2026-03-20 22:31:00+00:00,2026-03-20 22:31
0,años dos internacional millones tras,28868,2026-03-20 23:01:00+00:00,2026-03-20 23:01
3,años nueva toda tras vida,382,2026-03-20 23:01:00+00:00,2026-03-20 23:01
13,039 años españa primera vez,554,2026-03-20 23:01:00+00:00,2026-03-20 23:01
3,2026 dos españa gobierno zaragoza,27567,2026-03-20 23:31:00+00:00,2026-03-20 23:31
4,día españa internacional irán nuevo,1919,2026-03-20 23:31:00+00:00,2026-03-20 23:31
6,gasolina luz marzo precio va,611,2026-03-20 23:31:00+00:00,2026-03-20 23:31
8,2026 guerra hoy irán marzo,3507,2026-03-20 23:31:00+00:00,2026-03-20 23:31
10,estrecho ormuz país tres trump,1380,2026-03-20 23:31:00+00:00,2026-03-20 23:31
11,años blanca casa padres tras,502,2026-03-20 23:31:00+00:00,2026-03-20 23:31
2,ayuntamiento internacional plaza valència zaragoza,166,2026-03-21 00:01:00+00:00,2026-03-21 00:01
11,dónde edad irán pareja quién,227,2026-03-21 00:01:00+00:00,2026-03-21 00:01
14,barça directo elecciones laporta newcastle,286,2026-03-21 00:01:00+00:00,2026-03-21 00:01
1,españa gobierno guerra irán medidas,1051,2026-03-21 00:31:00+00:00,2026-03-21 00:31
8,batalla nuevo oscar ser tras,1933,2026-03-21 00:31:00+00:00,2026-03-21 00:31
10,2026 así barcelona madrid si,26003,2026-03-21 00:31:00+00:00,2026-03-21 00:31
5,dos gobierno internacional nuevo trump,27024,2026-03-21 01:01:00+00:00,2026-03-21 01:01
12,campo frenar jóvenes petróleo tierra,395,2026-03-21 01:01:00+00:00,2026-03-21 01:01
5,2026 día fallas padre valència,1578,2026-03-21 01:31:00+00:00,2026-03-21 01:31
1,nuevo presidente santiago segura torrente,412,2026-03-21 02:01:00+00:00,2026-03-21 02:01
2,así gobierno nuevo si zaragoza,25831,2026-03-21 02:01:00+00:00,2026-03-21 02:01
9,centro ebro incendio miranda tres,491,2026-03-21 02:01:00+00:00,2026-03-21 02:01
1,así internacional si tras zaragoza,26469,2026-03-21 02:31:00+00:00,2026-03-21 02:31
5,dos gobierno tras trump zaragoza,27400,2026-03-21 03:01:00+00:00,2026-03-21 03:01
7,barcelona directo fc laporta newcastle,639,2026-03-21 03:01:00+00:00,2026-03-21 03:01
10,2026 cf fallas tras valencia,309,2026-03-21 03:01:00+00:00,2026-03-21 03:01
3,guerra irán mundo si trump,1072,2026-03-21 03:31:00+00:00,2026-03-21 03:31
6,000 madrid millones trump vox,26340,2026-03-21 03:31:00+00:00,2026-03-21 03:31
11,2026 historia mejor oscar película,745,2026-03-21 03:31:00+00:00,2026-03-21 03:31
13,com españa guerra millones sánchez,1941,2026-03-21 03:31:00+00:00,2026-03-21 03:31
10,años irán madrid ser tras,1529,2026-03-21 04:01:00+00:00,2026-03-21 04:01
12,000 años madrid millones nuevo,27193,2026-03-21 04:01:00+00:00,2026-03-21 04:01
2,años gobierno nuevo tras vox,27805,2026-03-21 04:30:00+00:00,2026-03-21 04:30
3,años irán quot si zaragoza,1170,2026-03-21 04:30:00+00:00,2026-03-21 04:30
5,com diario día españa internacional,1336,2026-03-21 04:30:00+00:00,2026-03-21 04:30
10,2026 cómo mejor oscar ver,867,2026-03-21 04:30:00+00:00,2026-03-21 04:30
3,000 años dos gobierno millones,27260,2026-03-21 05:00:00+00:00,2026-03-21 05:00
10,2026 castilla directo elecciones león,1503,2026-03-21 05:00:00+00:00,2026-03-21 05:00
3,años dos gobierno tras zaragoza,28769,2026-03-21 05:31:00+00:00,2026-03-21 05:31
7,000 dos españa miles personas,415,2026-03-21 05:31:00+00:00,2026-03-21 05:31
4,2026 años dos marzo tras,28090,2026-03-21 06:00:00+00:00,2026-03-21 06:00
8,2026 casa día mujer padre,1006,2026-03-21 06:00:00+00:00,2026-03-21 06:00
11,euros millones nueva santa semana,1301,2026-03-21 06:00:00+00:00,2026-03-21 06:00
13,2026 así años real zaragoza,1321,2026-03-21 06:00:00+00:00,2026-03-21 06:00
10,así años gobierno nuevo trump,26367,2026-03-21 06:31:00+00:00,2026-03-21 06:31
7,dos irán muerte ser tras,1564,2026-03-21 07:01:00+00:00,2026-03-21 07:01
14,incendio irán mujeres mundo tres,856,2026-03-21 07:01:00+00:00,2026-03-21 07:01
5,así barcelona españa nueva sánchez,25370,2026-03-21 07:31:00+00:00,2026-03-21 07:31
8,039 así casademont real zaragoza,812,2026-03-21 07:31:00+00:00,2026-03-21 07:31
13,españa gobierno irán líder nuevo,1619,2026-03-21 07:31:00+00:00,2026-03-21 07:31
0,irán nunca ormuz si trump,189,2026-03-21 08:00:00+00:00,2026-03-21 08:00
1,españoles guerra irak irán militares,228,2026-03-21 08:00:00+00:00,2026-03-21 08:00
5,civil forestalia guardia guerra quot,191,2026-03-21 08:00:00+00:00,2026-03-21 08:00
9,irán israel jefe larijani seguridad,291,2026-03-21 08:00:00+00:00,2026-03-21 08:00
11,dónde edad media pareja quién,189,2026-03-21 08:00:00+00:00,2026-03-21 08:00
12,2026 españa gobierno madrid tras,32698,2026-03-21 08:00:00+00:00,2026-03-21 08:00
1,dólares españa ibex país petróleo,1117,2026-03-21 08:30:00+00:00,2026-03-21 08:30
5,años dos euros gobierno millones,26532,2026-03-21 08:30:00+00:00,2026-03-21 08:30
13,2026 com españa festival internacional,1201,2026-03-21 08:30:00+00:00,2026-03-21 08:30
0,gobierno madrid quot tras vox,26257,2026-03-21 09:01:00+00:00,2026-03-21 09:01
4,000 euros millones nuevo tras,2193,2026-03-21 09:01:00+00:00,2026-03-21 09:01
6,estrecho irán ormuz quot trump,1282,2026-03-21 09:01:00+00:00,2026-03-21 09:01
7,barça font joan laporta seis,456,2026-03-21 09:01:00+00:00,2026-03-21 09:01
9,incendio mujeres mundo quot tres,894,2026-03-21 09:01:00+00:00,2026-03-21 09:01
13,2026 así nueva nuevo sido,1165,2026-03-21 09:01:00+00:00,2026-03-21 09:01
7,039 españa irán si trump,887,2026-03-21 09:31:00+00:00,2026-03-21 09:31
10,2026 com españa millones sánchez,1952,2026-03-21 09:31:00+00:00,2026-03-21 09:31
12,ahora der leyen ue von,600,2026-03-21 09:31:00+00:00,2026-03-21 09:31
14,dos gobierno madrid millones nuevo,27231,2026-03-21 09:31:00+00:00,2026-03-21 09:31
0,2026 dos españa nuevo tras,27262,2026-03-21 10:01:00+00:00,2026-03-21 10:01
6,españa gobierno nueva tras tres,1828,2026-03-21 10:01:00+00:00,2026-03-21 10:01
7,cadena cómo puede ser si,1469,2026-03-21 10:30:00+00:00,2026-03-21 10:30
10,gobierno guerra tras vox zaragoza,25671,2026-03-21 10:30:00+00:00,2026-03-21 10:30
12,aragón confirma gasolina petróleo precio,886,2026-03-21 10:30:00+00:00,2026-03-21 10:30
13,españa guerra irán país tras,611,2026-03-21 10:30:00+00:00,2026-03-21 10:30
0,20 2026 años marzo viernes,297,2026-03-21 11:01:00+00:00,2026-03-21 11:01
10,2026 gobierno madrid nuevo zaragoza,28538,2026-03-21 11:01:00+00:00,2026-03-21 11:01
12,caso civil forestalia guardia juez,320,2026-03-21 11:01:00+00:00,2026-03-21 11:01
0,2026 economía españa guerra sánchez,2060,2026-03-21 11:31:00+00:00,2026-03-21 11:31
10,amazon fiesta mejores ofertas primavera,246,2026-03-21 11:31:00+00:00,2026-03-21 11:31
13,barcelona directo día newcastle padre,1021,2026-03-21 11:31:00+00:00,2026-03-21 11:31
3,años día españa internacional tras,2680,2026-03-21 12:01:00+00:00,2026-03-21 12:01
4,000 españa millones nueva zaragoza,1787,2026-03-21 12:01:00+00:00,2026-03-21 12:01
6,españa país primera trump vez,902,2026-03-21 12:01:00+00:00,2026-03-21 12:01
8,años españa gobierno madrid trump,26596,2026-03-21 12:01:00+00:00,2026-03-21 12:01
9,2026 así cómo españa sido,1142,2026-03-21 12:01:00+00:00,2026-03-21 12:01
9,españa europa guerra internacional press,498,2026-03-21 12:31:00+00:00,2026-03-21 12:31
11,feijóo mujer pp psoe vox,1095,2026-03-21 12:31:00+00:00,2026-03-21 12:31
13,españa gobierno millones nuevo tras,28923,2026-03-21 12:31:00+00:00,2026-03-21 12:31
2,com españa guerra irán sánchez,1962,2026-03-21 13:01:00+00:00,2026-03-21 13:01
8,irán líder mojtaba nuevo supremo,911,2026-03-21 13:01:00+00:00,2026-03-21 13:01
13,así dos si vox zaragoza,25692,2026-03-21 13:01:00+00:00,2026-03-21 13:01
4,años detenidos dos gobierno medidas,1587,2026-03-21 13:31:00+00:00,2026-03-21 13:31
6,años españa fiscalía país pide,955,2026-03-21 13:31:00+00:00,2026-03-21 13:31
7,así años madrid nuevo zaragoza,26600,2026-03-21 13:31:00+00:00,2026-03-21 13:31
8,estrecho irán mundo ormuz trump,1482,2026-03-21 13:31:00+00:00,2026-03-21 13:31
0,gasolina guerra irán petróleo precio,400,2026-03-21 14:01:00+00:00,2026-03-21 14:01
1,gobierno madrid millones nuevo vox,26920,2026-03-21 14:01:00+00:00,2026-03-21 14:01
5,dólares historia ibex mundo petróleo,1227,2026-03-21 14:01:00+00:00,2026-03-21 14:01
0,2026 españa fecha palma sánchez,222,2026-03-21 14:30:00+00:00,2026-03-21 14:30
8,dos gobierno madrid trump zaragoza,27138,2026-03-21 14:30:00+00:00,2026-03-21 14:30
10,2025 déficit españa euros millones,291,2026-03-21 14:30:00+00:00,2026-03-21 14:30
0,años dos gobierno trump zaragoza,27154,2026-03-21 15:00:00+00:00,2026-03-21 15:00
1,ataque cinco deja heridos muertos,914,2026-03-21 15:00:00+00:00,2026-03-21 15:00
2,2026 com españa guerra sánchez,1951,2026-03-21 15:00:00+00:00,2026-03-21 15:00
10,feijóo guerra nueva pedro sánchez,1083,2026-03-21 15:31:00+00:00,2026-03-21 15:31
11,gobierno irán ser tras trump,1475,2026-03-21 15:31:00+00:00,2026-03-21 15:31
1,2026 así nuevo trump zaragoza,26259,2026-03-21 16:01:00+00:00,2026-03-21 16:01
11,años detenidos dos españa tras,1071,2026-03-21 16:01:00+00:00,2026-03-21 16:01
13,000 100 200 euros millones,1547,2026-03-21 16:01:00+00:00,2026-03-21 16:01
7,cómo españa guerra puede si,1106,2026-03-21 16:30:00+00:00,2026-03-21 16:30
8,2026 día fallas internacional valència,1190,2026-03-21 16:30:00+00:00,2026-03-21 16:30
9,der españa leyen ue von,471,2026-03-21 16:30:00+00:00,2026-03-21 16:30
13,dos españa gobierno internacional tras,29304,2026-03-21 16:30:00+00:00,2026-03-21 16:30
13,2026 así fallas valencia valència,1196,2026-03-21 17:01:00+00:00,2026-03-21 17:01
4,000 dos gobierno millones zaragoza,25858,2026-03-21 17:31:00+00:00,2026-03-21 17:31
8,estrecho mundo ormuz tres trump,1343,2026-03-21 17:31:00+00:00,2026-03-21 17:31
11,blanca casa irán si trump,1048,2026-03-21 17:31:00+00:00,2026-03-21 17:31
0,científicos energía guerra internacional nuclear,254,2026-03-21 18:00:00+00:00,2026-03-21 18:00
4,años cadena puede ser tras,679,2026-03-21 18:00:00+00:00,2026-03-21 18:00
6,2026 años gobierno nuevo zaragoza,26978,2026-03-21 18:00:00+00:00,2026-03-21 18:00
8,feijóo pide pp psoe vox,1104,2026-03-21 18:00:00+00:00,2026-03-21 18:00
2,gran guerra medio oriente próximo,962,2026-03-21 18:31:00+00:00,2026-03-21 18:31
3,2026 dos españa sánchez tras,3214,2026-03-21 18:31:00+00:00,2026-03-21 18:31
10,festival incendio mujeres málaga tres,736,2026-03-21 18:31:00+00:00,2026-03-21 18:31
11,30 ahora calle horas siempre,476,2026-03-21 18:31:00+00:00,2026-03-21 18:31
2,000 euros gobierno millones nuevo,25604,2026-03-21 19:01:00+00:00,2026-03-21 19:01
4,años después hace madrid muere,2019,2026-03-21 19:01:00+00:00,2026-03-21 19:01
6,city madrid manchester real si,1025,2026-03-21 19:01:00+00:00,2026-03-21 19:01
8,com españa guerra irán millones,2192,2026-03-21 19:01:00+00:00,2026-03-21 19:01
9,gobierno guerra internacional irán sánchez,2625,2026-03-21 19:01:00+00:00,2026-03-21 19:01
2,000 madrid millones nuevo zaragoza,26714,2026-03-21 19:31:00+00:00,2026-03-21 19:31
7,batalla castilla oscar ser tras,1523,2026-03-21 19:31:00+00:00,2026-03-21 19:31
14,2026 cómo guerra irán ver,601,2026-03-21 19:31:00+00:00,2026-03-21 19:31
4,dos gobierno nuevo tras vox,26322,2026-03-21 20:01:00+00:00,2026-03-21 20:01
4,gobierno internacional nuevo trump vox,25958,2026-03-21 20:30:00+00:00,2026-03-21 20:30
5,años irán león ser tras,1588,2026-03-21 20:30:00+00:00,2026-03-21 20:30
11,años detenidos dos guerra tras,1024,2026-03-21 20:30:00+00:00,2026-03-21 20:30
5,2026 españa nueva oscar premios,1010,2026-03-21 21:00:00+00:00,2026-03-21 21:00
6,80 años guerra millones parece,195,2026-03-21 21:00:00+00:00,2026-03-21 21:00
9,gobierno internacional madrid tras zaragoza,28308,2026-03-21 21:00:00+00:00,2026-03-21 21:00
11,30 horas marzo ofrenda todas,341,2026-03-21 21:00:00+00:00,2026-03-21 21:00
9,2026 así día internacional padre,1235,2026-03-21 21:30:00+00:00,2026-03-21 21:30
14,años historia mayor millones petróleo,390,2026-03-21 21:30:00+00:00,2026-03-21 21:30
0,años dos españa gobierno madrid,28342,2026-03-21 22:00:00+00:00,2026-03-21 22:00
4,100 dólares guerra irán petróleo,684,2026-03-21 22:00:00+00:00,2026-03-21 22:00
11,guerra medidas medio oriente sánchez,1038,2026-03-21 22:00:00+00:00,2026-03-21 22:00
12,cadena estrecho ormuz ser trump,1344,2026-03-21 22:00:00+00:00,2026-03-21 22:00
0,2026 día internacional millones zaragoza,26377,2026-03-21 22:30:00+00:00,2026-03-21 22:30
2,ataque directo irán israel última,538,2026-03-21 22:30:00+00:00,2026-03-21 22:30
5,incendio miranda mujeres país tres,913,2026-03-21 22:30:00+00:00,2026-03-21 22:30
13,ataques guerra irán israel trump,2976,2026-03-21 22:30:00+00:00,2026-03-21 22:30
14,2026 así oscar premios tras,2251,2026-03-21 22:30:00+00:00,2026-03-21 22:30
0,dólares oriente petróleo tensión tras,127,2026-03-21 23:00:00+00:00,2026-03-21 23:00
2,años gobierno internacional madrid zaragoza,26693,2026-03-21 23:00:00+00:00,2026-03-21 23:00
0,2026 así años dos zaragoza,26749,2026-03-21 23:30:00+00:00,2026-03-21 23:30
0,2026 día internacional mujer padre,763,2026-03-22 00:00:00+00:00,2026-03-22 00:00
2,feijóo guerra pp sánchez vox,1371,2026-03-22 00:00:00+00:00,2026-03-22 00:00
7,así españa gobierno madrid nuevo,24905,2026-03-22 00:00:00+00:00,2026-03-22 00:00
8,cuba hacer puede ser trump,816,2026-03-22 00:00:00+00:00,2026-03-22 00:00
11,000 barcelona dos euros millones,2821,2026-03-22 00:00:00+00:00,2026-03-22 00:00
2,dos españa gobierno sánchez vox,25942,2026-03-22 00:30:00+00:00,2026-03-22 00:30
7,dos irán león ser tras,1519,2026-03-22 00:30:00+00:00,2026-03-22 00:30
7,000 100 casa euros millones,1166,2026-03-22 01:00:00+00:00,2026-03-22 01:00
12,000 dólares ibex millones petróleo,1225,2026-03-22 01:00:00+00:00,2026-03-22 01:00
0,eeuu guerra irán oriente trump,2617,2026-03-22 01:30:00+00:00,2026-03-22 01:30
1,atlético comunidad directo internacional madrid,940,2026-03-22 01:30:00+00:00,2026-03-22 01:30
8,2026 así hoy marzo nuevo,25158,2026-03-22 01:30:00+00:00,2026-03-22 01:30
11,casa city madrid real zaragoza,917,2026-03-22 01:30:00+00:00,2026-03-22 01:30
14,españa guerra irán rtve tras,281,2026-03-22 01:30:00+00:00,2026-03-22 01:30
4,aragón castilla extremadura pp vox,383,2026-03-22 02:00:00+00:00,2026-03-22 02:00
8,dos españa gobierno millones zaragoza,27925,2026-03-22 02:00:00+00:00,2026-03-22 02:00
9,dos españa menos muertos personas,720,2026-03-22 02:00:00+00:00,2026-03-22 02:00
11,2026 directo dónde horario ver,468,2026-03-22 02:00:00+00:00,2026-03-22 02:00
14,2026 elecciones fallas oscar premios,1320,2026-03-22 02:00:00+00:00,2026-03-22 02:00
0,2026 dos gobierno madrid zaragoza,26962,2026-03-22 02:30:00+00:00,2026-03-22 02:30
7,denuncia errejón segunda sexual temporada,314,2026-03-22 02:30:00+00:00,2026-03-22 02:30
2,2026 gobierno hoy internacional marzo,26584,2026-03-22 03:00:00+00:00,2026-03-22 03:00
3,años denuncia después segunda sexual,559,2026-03-22 03:00:00+00:00,2026-03-22 03:00
10,alcaraz dónde indian partido ver,767,2026-03-22 03:00:00+00:00,2026-03-22 03:00
13,000 años euros millones muere,1836,2026-03-22 03:00:00+00:00,2026-03-22 03:00
0,000 anuncia españa millones sánchez,352,2026-03-22 03:30:00+00:00,2026-03-22 03:30
14,cadena mejor puede ser tras,1096,2026-03-22 03:30:00+00:00,2026-03-22 03:30
3,2026 dos gobierno tras vox,26616,2026-03-22 04:00:00+00:00,2026-03-22 04:00
5,años después edad quién vuelve,540,2026-03-22 04:00:00+00:00,2026-03-22 04:00
6,000 100 euros gobierno millones,1536,2026-03-22 04:00:00+00:00,2026-03-22 04:00
13,2026 así mejor oscar premios,1172,2026-03-22 04:00:00+00:00,2026-03-22 04:00
14,2026 cómo día hoy padre,998,2026-03-22 04:00:00+00:00,2026-03-22 04:00
0,agresión denuncia errejón segunda sexual,340,2026-03-22 04:30:00+00:00,2026-03-22 04:30
1,000 años dos españa millones,27706,2026-03-22 04:30:00+00:00,2026-03-22 04:30
11,líder nuevo real supremo zaragoza,1458,2026-03-22 04:30:00+00:00,2026-03-22 04:30
9,000 2026 millones nuevo tras,26776,2026-03-22 05:00:00+00:00,2026-03-22 05:00
0,españa gobierno guerra irán plan,946,2026-03-22 05:30:00+00:00,2026-03-22 05:30
3,000 2026 millones nuevo zaragoza,25923,2026-03-22 05:30:00+00:00,2026-03-22 05:30
9,cadena cómo puede ser tras,977,2026-03-22 05:30:00+00:00,2026-03-22 05:30
13,detenidos dos oscar tras tres,2139,2026-03-22 05:30:00+00:00,2026-03-22 05:30
0,españa guerra nueva oriente sánchez,1497,2026-03-22 06:00:00+00:00,2026-03-22 06:00
1,2026 españa hoy madrid marzo,26886,2026-03-22 06:00:00+00:00,2026-03-22 06:00
4,2026 irán líder nuevo oscar,1150,2026-03-22 06:00:00+00:00,2026-03-22 06:00
5,batalla españa oscar ser tras,1438,2026-03-22 06:00:00+00:00,2026-03-22 06:00
10,directo dónde horario huelga ver,750,2026-03-22 06:00:00+00:00,2026-03-22 06:00
1,años batalla dos irán tras,1595,2026-03-22 06:30:00+00:00,2026-03-22 06:30
2,2026 españa gobierno nuevo zaragoza,26454,2026-03-22 06:30:00+00:00,2026-03-22 06:30
6,000 200 españa euros millones,1524,2026-03-22 06:30:00+00:00,2026-03-22 06:30
11,años después españa millones muere,3038,2026-03-22 07:00:00+00:00,2026-03-22 07:00
12,estrecho gobierno guerra ormuz trump,1816,2026-03-22 07:00:00+00:00,2026-03-22 07:00
0,crudo dólares ibex irán ruso,75,2026-03-22 07:30:00+00:00,2026-03-22 07:30
1,000 años millones vox zaragoza,26387,2026-03-22 07:30:00+00:00,2026-03-22 07:30
8,caso juez local nacional policía,508,2026-03-22 07:30:00+00:00,2026-03-22 07:30
6,cómo españa gran madrid país,1229,2026-03-22 08:00:00+00:00,2026-03-22 08:00
11,españa internacional madrid millones zaragoza,27070,2026-03-22 08:00:00+00:00,2026-03-22 08:00
3,000 euros gobierno millones tras,2224,2026-03-22 08:30:00+00:00,2026-03-22 08:30
11,2026 día internacional oscar premios,1874,2026-03-22 08:30:00+00:00,2026-03-22 08:30
14,así barcelona tras trump zaragoza,24915,2026-03-22 08:30:00+00:00,2026-03-22 08:30
2,años madrid muere real tras,3555,2026-03-22 09:00:00+00:00,2026-03-22 09:00
4,eeuu irán israel petróleo trump,2157,2026-03-22 09:00:00+00:00,2026-03-22 09:00
10,cómo hacer ia puede ser,811,2026-03-22 09:00:00+00:00,2026-03-22 09:00
12,000 dos euros millones zaragoza,23957,2026-03-22 09:00:00+00:00,2026-03-22 09:00
0,2026 dos gobierno internacional millones,26214,2026-03-22 09:30:00+00:00,2026-03-22 09:30
12,andalucía barcelona caso internacional sevilla,549,2026-03-22 09:30:00+00:00,2026-03-22 09:30
10,acuerdo falta tras trump vox,309,2026-03-22 10:00:00+00:00,2026-03-22 10:00
12,2026 así años dos nuevo,26189,2026-03-22 10:00:00+00:00,2026-03-22 10:00
11,dos gobierno madrid millones zaragoza,25736,2026-03-22 10:30:00+00:00,2026-03-22 10:30
0,accidente adamuz dos jueza vía,309,2026-03-22 11:00:00+00:00,2026-03-22 11:00
1,años com economía españa sánchez,2034,2026-03-22 11:00:00+00:00,2026-03-22 11:00
13,guerra irán puede ser trump,413,2026-03-22 11:00:00+00:00,2026-03-22 11:00
0,dos españa internacional nuevo zaragoza,26299,2026-03-22 11:30:00+00:00,2026-03-22 11:30
7,000 año españa euros millones,1563,2026-03-22 11:30:00+00:00,2026-03-22 11:30
8,castilla guerra irán león trump,1989,2026-03-22 11:30:00+00:00,2026-03-22 11:30
12,dos españa ser tras vox,1486,2026-03-22 11:30:00+00:00,2026-03-22 11:30
0,8m calles día guerra mujeres,92,2026-03-22 12:00:00+00:00,2026-03-22 12:00
3,batalla irán oscar ser tras,1423,2026-03-22 12:00:00+00:00,2026-03-22 12:00
4,barcelona gobierno nuevo si trump,24188,2026-03-22 12:00:00+00:00,2026-03-22 12:00
8,ataque directo hora irán israel,518,2026-03-22 12:00:00+00:00,2026-03-22 12:00
0,cadena españa puede ser tras,635,2026-03-22 12:30:00+00:00,2026-03-22 12:30
1,eeuu guerra irán sánchez trump,2548,2026-03-22 12:30:00+00:00,2026-03-22 12:30
7,000 españa millones tras trump,25669,2026-03-22 12:30:00+00:00,2026-03-22 12:30
9,039 casademont dos real zaragoza,781,2026-03-22 12:30:00+00:00,2026-03-22 12:30
10,city españa gobierno madrid real,1907,2026-03-22 12:30:00+00:00,2026-03-22 12:30
4,incendio miranda mujeres tras tres,615,2026-03-22 13:00:00+00:00,2026-03-22 13:00
7,batalla dos gobierno ser tras,1420,2026-03-22 13:00:00+00:00,2026-03-22 13:00
12,2026 dos mejor oscar premios,1463,2026-03-22 13:00:00+00:00,2026-03-22 13:00
14,100 dólares irán petróleo reservas,664,2026-03-22 13:00:00+00:00,2026-03-22 13:00
2,000 así años euros millones,1272,2026-03-22 13:30:00+00:00,2026-03-22 13:30
5,años barcelona dos internacional trump,25780,2026-03-22 13:30:00+00:00,2026-03-22 13:30
6,euros gobierno guerra medidas millones,1418,2026-03-22 13:30:00+00:00,2026-03-22 13:30
1,cadenas francisca incendio personas tres,903,2026-03-22 14:00:00+00:00,2026-03-22 14:00
7,gobierno guerra irán oriente sánchez,1797,2026-03-22 14:00:00+00:00,2026-03-22 14:00
8,años gobierno internacional millones nuevo,26488,2026-03-22 14:00:00+00:00,2026-03-22 14:00
14,2026 comprobar hoy marzo resultados,1914,2026-03-22 14:00:00+00:00,2026-03-22 14:00
0,así gobierno si trump zaragoza,23580,2026-03-22 14:30:00+00:00,2026-03-22 14:30
1,irán líder nuevo supremo tras,1946,2026-03-22 14:30:00+00:00,2026-03-22 14:30
7,años cárcel hace muere tras,1229,2026-03-22 14:30:00+00:00,2026-03-22 14:30
9,dólares guerra medio oriente petróleo,1061,2026-03-22 14:30:00+00:00,2026-03-22 14:30
13,años después dos meses vuelve,351,2026-03-22 14:30:00+00:00,2026-03-22 14:30
1,años detenidos dos ser tras,2269,2026-03-22 15:00:00+00:00,2026-03-22 15:00
3,guerra irán medio oriente sánchez,1756,2026-03-22 15:00:00+00:00,2026-03-22 15:00
5,años madrid millones nuevo zaragoza,25633,2026-03-22 15:00:00+00:00,2026-03-22 15:00
6,as diario españa internacional marzo,357,2026-03-22 15:00:00+00:00,2026-03-22 15:00
10,años después madrid tras vuelve,612,2026-03-22 15:00:00+00:00,2026-03-22 15:00
14,así años españa toda vida,352,2026-03-22 15:00:00+00:00,2026-03-22 15:00
6,000 100 años euros mundo,1299,2026-03-22 15:30:00+00:00,2026-03-22 15:30
11,años gobierno si vox zaragoza,25165,2026-03-22 15:30:00+00:00,2026-03-22 15:30
14,años com economía españa nueva,1807,2026-03-22 15:30:00+00:00,2026-03-22 15:30
2,años blanca casa horrores tras,464,2026-03-22 16:00:00+00:00,2026-03-22 16:00
9,2026 años barcelona gobierno si,24033,2026-03-22 16:00:00+00:00,2026-03-22 16:00
11,ataque irán israel nuevo trump,2089,2026-03-22 16:00:00+00:00,2026-03-22 16:00
0,2026 años dos gobierno zaragoza,26034,2026-03-22 16:30:00+00:00,2026-03-22 16:30
7,2026 así barcelona directo newcastle,1164,2026-03-22 16:30:00+00:00,2026-03-22 16:30
9,gobierno pp psoe si vox,1281,2026-03-22 16:30:00+00:00,2026-03-22 16:30
14,2026 fallas horóscopo hoy marzo,1003,2026-03-22 17:00:00+00:00,2026-03-22 17:00
0,años gobierno internacional tras trump,26485,2026-03-22 17:30:00+00:00,2026-03-22 17:30
6,irán jamenei líder nuevo supremo,356,2026-03-22 17:30:00+00:00,2026-03-22 17:30
9,españa internacional madrid nuevo tras,765,2026-03-22 17:30:00+00:00,2026-03-22 17:30
7,2026 así dos gobierno zaragoza,25634,2026-03-22 18:00:00+00:00,2026-03-22 18:00
9,dos gobierno irán tras tres,1394,2026-03-22 18:00:00+00:00,2026-03-22 18:00
13,cine edición festival internacional málaga,189,2026-03-22 18:00:00+00:00,2026-03-22 18:00
13,ataque der leyen ue von,660,2026-03-22 18:30:00+00:00,2026-03-22 18:30
14,cadena internacional irán mundo ser,972,2026-03-22 18:30:00+00:00,2026-03-22 18:30
3,000 así barcelona millones nuevo,23959,2026-03-22 19:00:00+00:00,2026-03-22 19:00
9,detenidos dos pp psoe vox,1226,2026-03-22 19:00:00+00:00,2026-03-22 19:00
10,champions city gobierno madrid real,1742,2026-03-22 19:00:00+00:00,2026-03-22 19:00
0,así barcelona dos gobierno si,23466,2026-03-22 19:30:00+00:00,2026-03-22 19:30
1,años españa gobierno internacional trump,25787,2026-03-22 20:00:00+00:00,2026-03-22 20:00
5,blanca casa españa nueva york,932,2026-03-22 20:00:00+00:00,2026-03-22 20:00
6,city líder madrid nuevo real,1689,2026-03-22 20:00:00+00:00,2026-03-22 20:00
7,años batalla irán oscar tras,1486,2026-03-22 20:00:00+00:00,2026-03-22 20:00
8,2026 año españa gran internacional,753,2026-03-22 20:00:00+00:00,2026-03-22 20:00
0,huesca málaga oltra partido sd,170,2026-03-22 20:30:00+00:00,2026-03-22 20:30
3,años irán líder nuevo tras,2021,2026-03-22 20:30:00+00:00,2026-03-22 20:30
7,así años gobierno si zaragoza,24851,2026-03-22 20:30:00+00:00,2026-03-22 20:30
12,frente guerra hacer sánchez trump,280,2026-03-22 20:30:00+00:00,2026-03-22 20:30
0,in new objective of the,238,2026-03-22 21:00:00+00:00,2026-03-22 21:00
2,huelga internacional málaga santa semana,437,2026-03-22 21:00:00+00:00,2026-03-22 21:00
5,comprobar lotería marzo nacional policía,262,2026-03-22 21:00:00+00:00,2026-03-22 21:00
6,fin guerra irán semana tras,283,2026-03-22 21:00:00+00:00,2026-03-22 21:00
10,2026 años internacional marzo tras,29559,2026-03-22 21:00:00+00:00,2026-03-22 21:00
14,guerra irán quiere si trump,195,2026-03-22 21:00:00+00:00,2026-03-22 21:00
0,barcelona dos gobierno madrid trump,24438,2026-03-22 21:30:00+00:00,2026-03-22 21:30
3,futuro nacional policía premio primer,663,2026-03-22 21:30:00+00:00,2026-03-22 21:30
4,irán líder nuevo si supremo,1278,2026-03-22 21:30:00+00:00,2026-03-22 21:30
12,años dos gobierno internacional millones,25922,2026-03-22 22:00:00+00:00,2026-03-22 22:00
2,2026 gobierno millones tras zaragoza,26278,2026-03-22 22:30:00+00:00,2026-03-22 22:30
3,da debate españa paso tras,273,2026-03-22 22:30:00+00:00,2026-03-22 22:30
0,fin incendio santa semana tres,952,2026-03-22 23:00:00+00:00,2026-03-22 23:00
2,000 barcelona madrid millones tras,25011,2026-03-22 23:00:00+00:00,2026-03-22 23:00
0,grande irán mundo parque problemas,172,2026-03-22 23:30:00+00:00,2026-03-22 23:30
1,estrecho mejor mundo ormuz trump,1675,2026-03-22 23:30:00+00:00,2026-03-22 23:30
2,2026 dos internacional madrid zaragoza,26837,2026-03-22 23:30:00+00:00,2026-03-22 23:30
14,dólares guerra irán petróleo reservas,682,2026-03-22 23:30:00+00:00,2026-03-22 23:30
1,años después hace quot tras,1230,2026-03-23 00:00:00+00:00,2026-03-23 00:00
4,039 años casademont quot zaragoza,753,2026-03-23 00:00:00+00:00,2026-03-23 00:00
5,barcelona gobierno internacional quot trump,24401,2026-03-23 00:00:00+00:00,2026-03-23 00:00
10,atlético internacional madrid quot si,1420,2026-03-23 00:00:00+00:00,2026-03-23 00:00
11,irán líder nuevo quot tras,1953,2026-03-23 00:00:00+00:00,2026-03-23 00:00
14,años hombre muere norris tras,315,2026-03-23 00:00:00+00:00,2026-03-23 00:00
7,com economía españa guerra irán,1950,2026-03-23 00:30:00+00:00,2026-03-23 00:30
9,barcelona gobierno nuevo quot tras,24778,2026-03-23 00:30:00+00:00,2026-03-23 00:30
13,cadena puede quot ser tras,651,2026-03-23 00:30:00+00:00,2026-03-23 00:30
0,2026 años internacional madrid tras,30734,2026-03-23 01:00:00+00:00,2026-03-23 01:00
6,copa final marruecos senegal áfrica,125,2026-03-23 01:00:00+00:00,2026-03-23 01:00
8,felipe mundial méxico rey vi,127,2026-03-23 01:00:00+00:00,2026-03-23 01:00
1,años dos francisca piden vecinos,249,2026-03-23 01:30:00+00:00,2026-03-23 01:30
2,gobierno guerra irán sánchez trump,1807,2026-03-23 01:30:00+00:00,2026-03-23 01:30
4,barcelona directo incendio newcastle tres,1110,2026-03-23 01:30:00+00:00,2026-03-23 01:30
8,años gas irán mayor mundo,607,2026-03-23 01:30:00+00:00,2026-03-23 01:30
10,2026 años dos gobierno tras,26842,2026-03-23 01:30:00+00:00,2026-03-23 01:30
0,años casa hijo hijos madre,297,2026-03-23 02:00:00+00:00,2026-03-23 02:00
3,dólares ee irán petróleo uu,927,2026-03-23 02:00:00+00:00,2026-03-23 02:00
6,años gobierno nuevo tras zaragoza,25591,2026-03-23 02:00:00+00:00,2026-03-23 02:00
1,000 barcelona dos internacional millones,24413,2026-03-23 02:30:00+00:00,2026-03-23 02:30
4,2026 día fallas internacional oscar,1779,2026-03-23 02:30:00+00:00,2026-03-23 02:30
11,guerra medidas oriente sánchez trump,1333,2026-03-23 02:30:00+00:00,2026-03-23 02:30
14,batalla dos irán ser tras,1403,2026-03-23 02:30:00+00:00,2026-03-23 02:30
0,años dos españa millones muere,2998,2026-03-23 03:00:00+00:00,2026-03-23 03:00
1,000 dos gobierno madrid millones,24400,2026-03-23 03:00:00+00:00,2026-03-23 03:00
6,dinero españa guerra josé luis,278,2026-03-23 03:00:00+00:00,2026-03-23 03:00
10,2026 así fallas oscar premios,1718,2026-03-23 03:00:00+00:00,2026-03-23 03:00
3,barcelona dos gobierno nuevo vox,23527,2026-03-23 03:30:00+00:00,2026-03-23 03:30
10,2026 así españa nuevo sido,744,2026-03-23 03:30:00+00:00,2026-03-23 03:30
11,cadena fin santa semana ser,934,2026-03-23 03:30:00+00:00,2026-03-23 03:30
12,batalla castilla dos oscar tras,1503,2026-03-23 03:30:00+00:00,2026-03-23 03:30
13,2026 cómo guerra irán puede,555,2026-03-23 03:30:00+00:00,2026-03-23 03:30
0,guerra hijos irán israel mientras,387,2026-03-23 04:00:00+00:00,2026-03-23 04:00
4,economía españa guerra millones sánchez,1885,2026-03-23 04:00:00+00:00,2026-03-23 04:00
8,millones nuevo quot tras vox,25440,2026-03-23 04:00:00+00:00,2026-03-23 04:00
12,ali irán israel jefe seguridad,308,2026-03-23 04:00:00+00:00,2026-03-23 04:00
3,2026 dos internacional nuevo zaragoza,25561,2026-03-23 04:30:00+00:00,2026-03-23 04:30
6,2026 celebra día internacional padre,658,2026-03-23 04:30:00+00:00,2026-03-23 04:30
10,cadenas civil confirma francisca guardia,566,2026-03-23 04:30:00+00:00,2026-03-23 04:30
0,2026 así especial falla infantil,240,2026-03-23 05:00:00+00:00,2026-03-23 05:00
3,000 2026 dos madrid millones,25245,2026-03-23 05:00:00+00:00,2026-03-23 05:00
14,2026 fallas marzo valencia valència,550,2026-03-23 05:00:00+00:00,2026-03-23 05:00
5,alta madrid retrasos trenes velocidad,128,2026-03-23 05:30:00+00:00,2026-03-23 05:30
6,2026 españa madrid marzo tras,29634,2026-03-23 05:30:00+00:00,2026-03-23 05:30
7,españa fao josé luis planas,119,2026-03-23 05:30:00+00:00,2026-03-23 05:30
10,huesca machista málaga partido sd,159,2026-03-23 05:30:00+00:00,2026-03-23 05:30
12,festival internacional mérida principal teatro,73,2026-03-23 05:30:00+00:00,2026-03-23 05:30
14,2026 españa mejor oscar película,461,2026-03-23 05:30:00+00:00,2026-03-23 05:30
13,000 dos madrid millones zaragoza,24761,2026-03-23 06:00:00+00:00,2026-03-23 06:00
0,aemet españa estudio irán según,308,2026-03-23 06:30:00+00:00,2026-03-23 06:30
2,españa internacional ley nueva york,562,2026-03-23 06:30:00+00:00,2026-03-23 06:30
3,directo eeuu irán israel trump,1555,2026-03-23 06:30:00+00:00,2026-03-23 06:30
13,2026 años dos gobierno madrid,25908,2026-03-23 06:30:00+00:00,2026-03-23 06:30
1,2026 años gobierno madrid zaragoza,24136,2026-03-23 07:00:00+00:00,2026-03-23 07:00
2,000 años dos euros millones,1836,2026-03-23 07:00:00+00:00,2026-03-23 07:00
4,guerra irán oriente ormuz trump,1600,2026-03-23 07:00:00+00:00,2026-03-23 07:00
9,años batalla dos ser tras,1558,2026-03-23 07:00:00+00:00,2026-03-23 07:00
11,fin málaga santa semana si,1292,2026-03-23 07:00:00+00:00,2026-03-23 07:00
0,000 dos madrid millones nuevo,25072,2026-03-23 07:30:00+00:00,2026-03-23 07:30
3,ahora años irán trump ue,297,2026-03-23 07:30:00+00:00,2026-03-23 07:30
8,2026 com españa internacional millones,2953,2026-03-23 07:30:00+00:00,2026-03-23 07:30
10,batalla dos oscar ser tras,1406,2026-03-23 07:30:00+00:00,2026-03-23 07:30
0,cinco dos días españa tres,290,2026-03-23 08:00:00+00:00,2026-03-23 08:00
1,2026 así gobierno nuevo si,24076,2026-03-23 08:00:00+00:00,2026-03-23 08:00
4,2026 batalla real tras zaragoza,1926,2026-03-23 08:00:00+00:00,2026-03-23 08:00
1,guerra pp psoe sánchez vox,1181,2026-03-23 08:30:00+00:00,2026-03-23 08:30
7,años dos muere tras zaragoza,2538,2026-03-23 08:30:00+00:00,2026-03-23 08:30
8,barcelona gobierno si tras trump,23001,2026-03-23 08:30:00+00:00,2026-03-23 08:30
10,aragón burgos hombre pueblo zaragoza,169,2026-03-23 08:30:00+00:00,2026-03-23 08:30
0,años dos gobierno nuevo si,23727,2026-03-23 09:00:00+00:00,2026-03-23 09:00
12,ayuntamiento hace huelga médicos policía,841,2026-03-23 09:00:00+00:00,2026-03-23 09:00
5,castilla león pp psoe vox,876,2026-03-23 09:30:00+00:00,2026-03-23 09:30
9,2026 año cómo dónde ver,1057,2026-03-23 09:30:00+00:00,2026-03-23 09:30
10,barcelona champions directo laporta newcastle,627,2026-03-23 09:30:00+00:00,2026-03-23 09:30
11,años castilla elecciones león muere,1452,2026-03-23 09:30:00+00:00,2026-03-23 09:30
3,000 años dos millones zaragoza,25422,2026-03-23 10:00:00+00:00,2026-03-23 10:00
5,economía españa fmi guerra millones,1765,2026-03-23 10:00:00+00:00,2026-03-23 10:00
2,dos gobierno madrid nuevo zaragoza,25089,2026-03-23 10:30:00+00:00,2026-03-23 10:30
3,2026 día madrid padre vida,782,2026-03-23 10:30:00+00:00,2026-03-23 10:30
7,000 año españa millones velada,449,2026-03-23 10:30:00+00:00,2026-03-23 10:30
0,empresa escribano indra millones tras,148,2026-03-23 11:00:00+00:00,2026-03-23 11:00
1,2026 años gobierno internacional millones,25208,2026-03-23 11:00:00+00:00,2026-03-23 11:00
4,años blanca casa horrores padres,437,2026-03-23 11:00:00+00:00,2026-03-23 11:00
8,así años detenidos dos españa,1386,2026-03-23 11:00:00+00:00,2026-03-23 11:00
11,gas guerra irán mayor mundo,591,2026-03-23 11:00:00+00:00,2026-03-23 11:00
13,años irán pide si trump,923,2026-03-23 11:00:00+00:00,2026-03-23 11:00
7,gobierno medidas pp psoe vox,1358,2026-03-23 11:30:00+00:00,2026-03-23 11:30
11,barcelona dos día internacional madrid,22547,2026-03-23 11:30:00+00:00,2026-03-23 11:30
13,2026 fallas oscar premios zaragoza,1645,2026-03-23 11:30:00+00:00,2026-03-23 11:30
0,2026 amazon españa mejores primavera,236,2026-03-23 12:00:00+00:00,2026-03-23 12:00
1,2026 fallas hoy marzo oscar,1314,2026-03-23 12:00:00+00:00,2026-03-23 12:00
2,barcelona dos euros millones nuevo,23723,2026-03-23 12:00:00+00:00,2026-03-23 12:00
7,años después dos hace tras,2249,2026-03-23 12:00:00+00:00,2026-03-23 12:00
12,17 dólares ibex marzo petróleo,1082,2026-03-23 12:00:00+00:00,2026-03-23 12:00
4,dos españa euros si solo,218,2026-03-23 12:30:00+00:00,2026-03-23 12:30
0,incendio miranda mujeres nueva tres,876,2026-03-23 13:00:00+00:00,2026-03-23 13:00
1,2026 barcelona dos madrid si,22645,2026-03-23 13:00:00+00:00,2026-03-23 13:00
9,dos gobierno guerra medidas tras,1920,2026-03-23 13:00:00+00:00,2026-03-23 13:00
13,estrecho irán ormuz petróleo trump,1040,2026-03-23 13:00:00+00:00,2026-03-23 13:00
0,años barcelona dos españa trump,23883,2026-03-23 13:30:00+00:00,2026-03-23 13:30
6,2026 así españa irán sido,703,2026-03-23 13:30:00+00:00,2026-03-23 13:30
9,españa gobierno guerra si tres,1730,2026-03-23 13:30:00+00:00,2026-03-23 13:30
4,años dos gobierno madrid millones,24226,2026-03-23 14:00:00+00:00,2026-03-23 14:00
9,así irán líder nuevo supremo,1155,2026-03-23 14:00:00+00:00,2026-03-23 14:00
13,irán pedro si sánchez trump,1054,2026-03-23 14:00:00+00:00,2026-03-23 14:00
14,2026 años mejor mundo oscar,830,2026-03-23 14:00:00+00:00,2026-03-23 14:00
0,así nueva nuevo si vox,20758,2026-03-23 14:30:00+00:00,2026-03-23 14:30
2,años después españa muere tras,2664,2026-03-23 14:30:00+00:00,2026-03-23 14:30
3,gobierno guerra irán medidas tras,3331,2026-03-23 14:30:00+00:00,2026-03-23 14:30
5,años dos real tras zaragoza,1562,2026-03-23 14:30:00+00:00,2026-03-23 14:30
11,039 presidente primera torrente vez,603,2026-03-23 14:30:00+00:00,2026-03-23 14:30
0,confirma eeuu irán muerte supremo,349,2026-03-23 15:00:00+00:00,2026-03-23 15:00
2,2026 dos gobierno internacional quot,24870,2026-03-23 15:00:00+00:00,2026-03-23 15:00
10,años batalla dos quot tras,1537,2026-03-23 15:00:00+00:00,2026-03-23 15:00
11,años muere quot real zaragoza,1939,2026-03-23 15:00:00+00:00,2026-03-23 15:00
13,feijóo pp psoe quot vox,618,2026-03-23 15:00:00+00:00,2026-03-23 15:00
1,000 barcelona gobierno millones nuevo,22704,2026-03-23 15:30:00+00:00,2026-03-23 15:30
7,cadena irán mundo ser tras,946,2026-03-23 15:30:00+00:00,2026-03-23 15:30
9,detenidos dos irán tras tres,1895,2026-03-23 15:30:00+00:00,2026-03-23 15:30
3,000 2026 dos euros millones,23739,2026-03-23 16:00:00+00:00,2026-03-23 16:00
5,dos irán líder nuevo tras,1829,2026-03-23 16:00:00+00:00,2026-03-23 16:00
0,estrecho irán israel ormuz trump,1978,2026-03-23 16:30:00+00:00,2026-03-23 16:30
3,000 gobierno madrid millones zaragoza,23757,2026-03-23 16:30:00+00:00,2026-03-23 16:30
13,años después hombre muere tras,2305,2026-03-23 16:30:00+00:00,2026-03-23 16:30
11,así día internacional si trump,22278,2026-03-23 17:00:00+00:00,2026-03-23 17:00
13,detenidos dos gobierno guerra medidas,1442,2026-03-23 17:00:00+00:00,2026-03-23 17:00
0,agresión denuncia español segunda sexual,396,2026-03-23 17:30:00+00:00,2026-03-23 17:30
1,gobierno internacional nuevo trump zaragoza,22957,2026-03-23 17:30:00+00:00,2026-03-23 17:30
2,día internacional padre santa semana,1027,2026-03-23 17:30:00+00:00,2026-03-23 17:30
5,2026 castilla hoy león marzo,2170,2026-03-23 17:30:00+00:00,2026-03-23 17:30
8,años cárcel después hace tras,1069,2026-03-23 17:30:00+00:00,2026-03-23 17:30
1,2026 españa gobierno internacional nuevo,24911,2026-03-23 18:00:00+00:00,2026-03-23 18:00
3,batalla españa irán oscar tras,1240,2026-03-23 18:00:00+00:00,2026-03-23 18:00
6,años españa fiscalía guerra pide,456,2026-03-23 18:00:00+00:00,2026-03-23 18:00
6,2026 dos gobierno si zaragoza,23128,2026-03-23 19:00:00+00:00,2026-03-23 19:00
7,américa conquista felipe rey vi,247,2026-03-23 19:00:00+00:00,2026-03-23 19:00
0,años cadenas familia francisca tras,183,2026-03-23 19:30:00+00:00,2026-03-23 19:30
1,año fin málaga santa semana,825,2026-03-23 19:30:00+00:00,2026-03-23 19:30
5,años dos gobierno internacional zaragoza,24660,2026-03-23 19:30:00+00:00,2026-03-23 19:30
6,años dos gobierno irán tras,1402,2026-03-23 19:30:00+00:00,2026-03-23 19:30
14,años chuck hombre muere tras,304,2026-03-23 19:30:00+00:00,2026-03-23 19:30
1,así barcelona león nuevo vox,21774,2026-03-23 20:00:00+00:00,2026-03-23 20:00
3,euros gobierno millones nueva trump,2009,2026-03-23 20:00:00+00:00,2026-03-23 20:00
10,batalla castilla irán león tras,1294,2026-03-23 20:00:00+00:00,2026-03-23 20:00
11,anticrisis gobierno guerra irán medidas,386,2026-03-23 20:00:00+00:00,2026-03-23 20:00
5,diésel gasolina guerra luz precio,367,2026-03-23 20:30:00+00:00,2026-03-23 20:30
6,2026 españa guerra irán mundial,324,2026-03-23 21:00:00+00:00,2026-03-23 21:00
8,cómo guerra irán si trump,951,2026-03-23 21:00:00+00:00,2026-03-23 21:00
14,falla historia mayor primera vez,730,2026-03-23 21:00:00+00:00,2026-03-23 21:00
3,años gobierno madrid si zaragoza,23222,2026-03-23 21:30:00+00:00,2026-03-23 21:30
8,2026 años oscar premios tras,1674,2026-03-23 21:30:00+00:00,2026-03-23 21:30
5,der internacional leyen pide von,556,2026-03-23 22:00:00+00:00,2026-03-23 22:00
10,años día internacional mujer tras,285,2026-03-23 22:00:00+00:00,2026-03-23 22:00
11,detenidos dos incendio tras tres,1155,2026-03-23 22:00:00+00:00,2026-03-23 22:00
12,barcelona gobierno madrid tras vox,23122,2026-03-23 22:00:00+00:00,2026-03-23 22:00
0,guerra irán oriente sánchez trump,1567,2026-03-23 22:30:00+00:00,2026-03-23 22:30
1,000 euros millones nuevo zaragoza,22195,2026-03-23 22:30:00+00:00,2026-03-23 22:30
4,com dw mundial primera vez,804,2026-03-23 22:30:00+00:00,2026-03-23 22:30
5,directo ee guerra irán israel,1447,2026-03-23 22:30:00+00:00,2026-03-23 22:30
6,castilla detenidos dos león tras,1957,2026-03-23 22:30:00+00:00,2026-03-23 22:30
1,000 2026 cómo euros menos,890,2026-03-23 23:00:00+00:00,2026-03-23 23:00
8,así nuevo tras trump zaragoza,21901,2026-03-23 23:00:00+00:00,2026-03-23 23:00
9,2026 castilla elecciones internacional león,1851,2026-03-23 23:00:00+00:00,2026-03-23 23:00
14,gobierno guerra irán medidas si,1332,2026-03-23 23:00:00+00:00,2026-03-23 23:00
4,gobierno medidas real tras zaragoza,1343,2026-03-23 23:30:00+00:00,2026-03-23 23:30
5,000 100 17 euros menos,784,2026-03-23 23:30:00+00:00,2026-03-23 23:30
7,así madrid nuevo si trump,21515,2026-03-23 23:30:00+00:00,2026-03-23 23:30
8,com economía españa sánchez trump,1788,2026-03-23 23:30:00+00:00,2026-03-23 23:30
2,2026 barcelona dos gobierno madrid,23020,2026-03-24 00:00:00+00:00,2026-03-24 00:00
4,batalla dos gobierno oscar tras,1325,2026-03-24 00:00:00+00:00,2026-03-24 00:00
5,2026 barcelona dos gobierno trump,22340,2026-03-24 00:30:00+00:00,2026-03-24 00:30
8,irán líder mundo nuevo si,1439,2026-03-24 00:30:00+00:00,2026-03-24 00:30
0,crisis guerra irán petróleo precio,612,2026-03-24 01:00:00+00:00,2026-03-24 01:00
1,gobierno madrid real trump zaragoza,21558,2026-03-24 01:00:00+00:00,2026-03-24 01:00
7,años castilla elecciones león tras,2654,2026-03-24 01:00:00+00:00,2026-03-24 01:00
12,amenaza guerra irán si trump,655,2026-03-24 01:00:00+00:00,2026-03-24 01:00
4,gobierno millones nuevo tras zaragoza,23400,2026-03-24 01:30:00+00:00,2026-03-24 01:30
2,ataques eeuu irán israel trump,1283,2026-03-24 02:00:00+00:00,2026-03-24 02:00
6,españa historia mayor millones país,753,2026-03-24 02:00:00+00:00,2026-03-24 02:00
12,gobierno guerra irán medidas trump,1604,2026-03-24 02:00:00+00:00,2026-03-24 02:00
13,der europa internacional leyen von,532,2026-03-24 02:00:00+00:00,2026-03-24 02:00
14,años detenido hombre incendio tras,448,2026-03-24 02:00:00+00:00,2026-03-24 02:00
6,barcelona directo dos newcastle tras,1668,2026-03-24 02:30:00+00:00,2026-03-24 02:30
10,historia lotería mayor nacional policía,605,2026-03-24 02:30:00+00:00,2026-03-24 02:30
11,españa gobierno guerra medidas málaga,1210,2026-03-24 02:30:00+00:00,2026-03-24 02:30
13,incendio miranda mujeres tres vida,756,2026-03-24 02:30:00+00:00,2026-03-24 02:30
12,gobierno león tras vox zaragoza,22007,2026-03-24 03:00:00+00:00,2026-03-24 03:00
2,años dos internacional madrid zaragoza,23443,2026-03-24 03:30:00+00:00,2026-03-24 03:30
7,2026 fallas oscar premios tras,2343,2026-03-24 03:30:00+00:00,2026-03-24 03:30
9,guerra irán puede ser si,362,2026-03-24 03:30:00+00:00,2026-03-24 03:30
13,años com economía españa millones,1804,2026-03-24 03:30:00+00:00,2026-03-24 03:30
8,españa guerra mundo pedro sánchez,1015,2026-03-24 04:00:00+00:00,2026-03-24 04:00
11,años después días meses vuelve,323,2026-03-24 04:00:00+00:00,2026-03-24 04:00
12,dos gobierno león tras vox,22163,2026-03-24 04:00:00+00:00,2026-03-24 04:00
13,000 dólares euros ibex petróleo,1168,2026-03-24 04:00:00+00:00,2026-03-24 04:00
0,años españa gobierno millones tras,24998,2026-03-24 04:30:00+00:00,2026-03-24 04:30
10,años guerra quot si zaragoza,914,2026-03-24 04:30:00+00:00,2026-03-24 04:30
14,039 años españa quot zaragoza,190,2026-03-24 04:30:00+00:00,2026-03-24 04:30
3,batalla dos oscar quot tras,1280,2026-03-24 05:00:00+00:00,2026-03-24 05:00
6,españa internacional nueva quot york,517,2026-03-24 05:00:00+00:00,2026-03-24 05:00
12,dos gobierno internacional madrid quot,23297,2026-03-24 05:00:00+00:00,2026-03-24 05:00
14,así casademont quot real zaragoza,819,2026-03-24 05:00:00+00:00,2026-03-24 05:00
0,así disparo haber marzo sido,147,2026-03-24 05:30:00+00:00,2026-03-24 05:30
1,barcelona dos gobierno madrid zaragoza,21958,2026-03-24 05:30:00+00:00,2026-03-24 05:30
12,dos gobierno ser tras tres,1293,2026-03-24 05:30:00+00:00,2026-03-24 05:30
2,barcelona españa nuevo trump zaragoza,22258,2026-03-24 06:00:00+00:00,2026-03-24 06:00
10,2026 detenidos dos oscar premios,1159,2026-03-24 06:00:00+00:00,2026-03-24 06:00
0,dos españa euros solo trump,220,2026-03-24 06:30:00+00:00,2026-03-24 06:30
13,2026 com españa guerra millones,1833,2026-03-24 06:30:00+00:00,2026-03-24 06:30
6,guerra medio oriente si trump,1172,2026-03-24 07:00:00+00:00,2026-03-24 07:00
8,españa europa internacional país press,770,2026-03-24 07:00:00+00:00,2026-03-24 07:00
14,com españa fmi guerra irán,1668,2026-03-24 07:00:00+00:00,2026-03-24 07:00
2,2026 hoy marzo millones zaragoza,22710,2026-03-24 07:30:00+00:00,2026-03-24 07:30
4,champions city dos madrid real,1528,2026-03-24 07:30:00+00:00,2026-03-24 07:30
5,2026 batalla dos oscar tras,1234,2026-03-24 07:30:00+00:00,2026-03-24 07:30
2,castilla irán león ser tras,1302,2026-03-24 08:00:00+00:00,2026-03-24 08:00
3,diario día internacional madrid real,1900,2026-03-24 08:00:00+00:00,2026-03-24 08:00
6,000 gobierno millones nuevo zaragoza,21985,2026-03-24 08:00:00+00:00,2026-03-24 08:00
8,barça champions league madrid partido,646,2026-03-24 08:00:00+00:00,2026-03-24 08:00
13,barcelona directo elecciones laporta sevilla,543,2026-03-24 08:00:00+00:00,2026-03-24 08:00
0,2026 dos gobierno nuevo zaragoza,22274,2026-03-24 08:26:00+00:00,2026-03-24 08:26
4,city dos madrid real tras,2019,2026-03-24 08:26:00+00:00,2026-03-24 08:26
8,2026 com españa guerra irán,1805,2026-03-24 08:26:00+00:00,2026-03-24 08:26
12,así guerra medidas oriente sánchez,1287,2026-03-24 08:26:00+00:00,2026-03-24 08:26
9,españa frente guerra irán medidas,263,2026-03-24 08:30:00+00:00,2026-03-24 08:30
11,2026 comprobar hoy marzo zaragoza,1533,2026-03-24 08:30:00+00:00,2026-03-24 08:30
14,años barcelona dos gobierno madrid,22683,2026-03-24 08:30:00+00:00,2026-03-24 08:30
7,2026 dos gobierno nuevo trump,21765,2026-03-24 09:00:00+00:00,2026-03-24 09:00
12,2026 así cómo nueva york,770,2026-03-24 09:00:00+00:00,2026-03-24 09:00
2,dos españa gobierno irán tras,1285,2026-03-24 09:30:00+00:00,2026-03-24 09:30
6,detenidos dos real tres zaragoza,1321,2026-03-24 09:30:00+00:00,2026-03-24 09:30
9,gas irán israel mayor mundo,534,2026-03-24 09:30:00+00:00,2026-03-24 09:30
11,barcelona españa gobierno internacional si,22356,2026-03-24 09:30:00+00:00,2026-03-24 09:30
13,estrecho irán nuevo ormuz trump,1060,2026-03-24 09:30:00+00:00,2026-03-24 09:30
0,años internacional león nuevo vox,21521,2026-03-24 10:00:00+00:00,2026-03-24 10:00
1,años dos irán león tras,1390,2026-03-24 10:00:00+00:00,2026-03-24 10:00
4,años detenidos dos real zaragoza,1399,2026-03-24 10:00:00+00:00,2026-03-24 10:00
5,años irán país puede ser,659,2026-03-24 10:00:00+00:00,2026-03-24 10:00
9,2026 españa gran internacional tras,402,2026-03-24 10:00:00+00:00,2026-03-24 10:00
2,000 año euros gobierno millones,1346,2026-03-24 10:30:00+00:00,2026-03-24 10:30
4,2026 dos hoy internacional marzo,22609,2026-03-24 10:30:00+00:00,2026-03-24 10:30
7,cadena casa cómo puede ser,1053,2026-03-24 10:30:00+00:00,2026-03-24 10:30
9,confirma cuba eeuu irán trump,813,2026-03-24 10:30:00+00:00,2026-03-24 10:30
12,2026 día internacional marzo padre,639,2026-03-24 10:30:00+00:00,2026-03-24 10:30
14,em escribano fusión gobierno indra,182,2026-03-24 10:30:00+00:00,2026-03-24 10:30
3,2026 españa madrid si trump,22206,2026-03-24 11:00:00+00:00,2026-03-24 11:00
6,barcelona directo líder newcastle nuevo,1116,2026-03-24 11:00:00+00:00,2026-03-24 11:00
10,2026 batalla españa oscar tras,1184,2026-03-24 11:00:00+00:00,2026-03-24 11:00
0,años ganar gonzález oscar tras,179,2026-03-24 11:30:00+00:00,2026-03-24 11:30
2,000 100 euros menos millones,1027,2026-03-24 11:30:00+00:00,2026-03-24 11:30
6,barriles ia ley millones puede,987,2026-03-24 11:30:00+00:00,2026-03-24 11:30
8,años dos gobierno madrid tras,22489,2026-03-24 11:30:00+00:00,2026-03-24 11:30
12,general huelga médicos sanidad semana,245,2026-03-24 11:30:00+00:00,2026-03-24 11:30
1,2026 así barcelona dos madrid,21934,2026-03-24 12:00:00+00:00,2026-03-24 12:00
2,casa dólares ibex petróleo reservas,787,2026-03-24 12:00:00+00:00,2026-03-24 12:00
7,2026 día internacional madrid padre,626,2026-03-24 12:00:00+00:00,2026-03-24 12:00
5,brote irán meningitis reino unido,129,2026-03-24 12:30:00+00:00,2026-03-24 12:30
9,castilla elecciones león vox zaragoza,1213,2026-03-24 12:30:00+00:00,2026-03-24 12:30
10,2026 años barcelona dos nuevo,21524,2026-03-24 12:30:00+00:00,2026-03-24 12:30
9,dos gobierno madrid vox zaragoza,21505,2026-03-24 13:00:00+00:00,2026-03-24 13:00
13,ataques directo eeuu irán israel,1134,2026-03-24 13:00:00+00:00,2026-03-24 13:00
14,castilla dos gobierno león tras,1256,2026-03-24 13:00:00+00:00,2026-03-24 13:00
0,congreso feijóo pp psoe vox,589,2026-03-24 13:30:00+00:00,2026-03-24 13:30
5,años dos gobierno nuevo zaragoza,21339,2026-03-24 13:30:00+00:00,2026-03-24 13:30
6,2026 así especial fallas valència,1008,2026-03-24 13:30:00+00:00,2026-03-24 13:30
10,años españa ryugu toda vida,303,2026-03-24 13:30:00+00:00,2026-03-24 13:30
13,barcelona champions directo madrid real,1508,2026-03-24 13:30:00+00:00,2026-03-24 13:30
0,dos gobierno internacional tras zaragoza,21821,2026-03-24 14:00:00+00:00,2026-03-24 14:00
5,gobierno guerra pedro si sánchez,940,2026-03-24 14:00:00+00:00,2026-03-24 14:00
8,años cuatro heridos muertos tres,277,2026-03-24 14:00:00+00:00,2026-03-24 14:00
1,así dos gobierno nuevo zaragoza,21430,2026-03-24 14:30:00+00:00,2026-03-24 14:30
2,cadena guerra irán puede ser,645,2026-03-24 14:30:00+00:00,2026-03-24 14:30
9,000 17 españa euros millones,721,2026-03-24 14:30:00+00:00,2026-03-24 14:30
10,años incendio miranda mujeres tres,559,2026-03-24 14:30:00+00:00,2026-03-24 14:30
11,com economía españa fmi guerra,1617,2026-03-24 14:30:00+00:00,2026-03-24 14:30
14,barriles españa euros millones petróleo,637,2026-03-24 14:30:00+00:00,2026-03-24 14:30
8,dos gobierno madrid nuevo trump,21007,2026-03-24 15:00:00+00:00,2026-03-24 15:00
14,barcelona champions directo newcastle sevilla,572,2026-03-24 15:00:00+00:00,2026-03-24 15:00
1,000 euros hoy marzo millones,1671,2026-03-24 15:30:00+00:00,2026-03-24 15:30
5,así barcelona gobierno trump zaragoza,20551,2026-03-24 15:30:00+00:00,2026-03-24 15:30
9,gasolina luz marzo petróleo precio,484,2026-03-24 15:30:00+00:00,2026-03-24 15:30
13,2026 castilla elecciones león marzo,1499,2026-03-24 15:30:00+00:00,2026-03-24 15:30
3,años dos gobierno millones tras,22859,2026-03-24 16:00:00+00:00,2026-03-24 16:00
5,españa guerra irán israel país,490,2026-03-24 16:00:00+00:00,2026-03-24 16:00
0,españa gobierno guerra irán si,549,2026-03-24 16:30:00+00:00,2026-03-24 16:30
2,2026 día hoy internacional marzo,2614,2026-03-24 16:30:00+00:00,2026-03-24 16:30
6,dos gobierno nuevo tras zaragoza,21408,2026-03-24 16:30:00+00:00,2026-03-24 16:30
12,gas internacional irán mayor mundo,498,2026-03-24 16:30:00+00:00,2026-03-24 16:30
13,irán israel nuevo ormuz trump,2163,2026-03-24 17:00:00+00:00,2026-03-24 17:00
0,2026 gobierno internacional quot zaragoza,21246,2026-03-24 17:30:00+00:00,2026-03-24 17:30
2,fin internacional málaga santa semana,519,2026-03-24 17:30:00+00:00,2026-03-24 17:30
4,años después muere quot tras,1165,2026-03-24 17:30:00+00:00,2026-03-24 17:30
6,champions cuartos final league seis,419,2026-03-24 17:30:00+00:00,2026-03-24 17:30
7,dos guerra medidas oriente sánchez,1742,2026-03-24 17:30:00+00:00,2026-03-24 17:30
9,gas irán mayor mundo quot,535,2026-03-24 17:30:00+00:00,2026-03-24 17:30
12,batalla nuevo oscar quot tras,1654,2026-03-24 17:30:00+00:00,2026-03-24 17:30
14,años blanca cadenas casa madrid,365,2026-03-24 17:30:00+00:00,2026-03-24 17:30
0,años después día internacional muere,1966,2026-03-24 18:00:00+00:00,2026-03-24 18:00
6,2026 fallas hoy marzo zaragoza,20892,2026-03-24 18:00:00+00:00,2026-03-24 18:00
13,españa historia mayor país petróleo,680,2026-03-24 18:00:00+00:00,2026-03-24 18:00
0,2026 comprobar hoy internacional marzo,2012,2026-03-24 18:30:00+00:00,2026-03-24 18:30
1,com españa gobierno millones tras,2545,2026-03-24 18:30:00+00:00,2026-03-24 18:30
2,2026 cremà falla fallas fuego,183,2026-03-24 18:30:00+00:00,2026-03-24 18:30
6,000 barcelona gobierno madrid millones,20319,2026-03-24 18:30:00+00:00,2026-03-24 18:30
8,cadenas detenidos dos francisca tras,986,2026-03-24 18:30:00+00:00,2026-03-24 18:30
14,barcelona españa premio primer según,514,2026-03-24 18:30:00+00:00,2026-03-24 18:30
6,años blanca casa hombre madrid,354,2026-03-24 19:00:00+00:00,2026-03-24 19:00
11,gobierno internacional millones nuevo zaragoza,21704,2026-03-24 19:00:00+00:00,2026-03-24 19:00
14,detenidos dos muerte tras tres,1806,2026-03-24 19:00:00+00:00,2026-03-24 19:00
1,gobierno presidente santiago segura torrente,377,2026-03-24 19:30:00+00:00,2026-03-24 19:30
5,estrecho irán ormuz si trump,937,2026-03-24 19:30:00+00:00,2026-03-24 19:30
9,barcelona gobierno madrid nuevo zaragoza,20627,2026-03-24 19:30:00+00:00,2026-03-24 19:30
0,dólares historia ibex petróleo reservas,747,2026-03-24 20:00:00+00:00,2026-03-24 20:00
1,2026 así dos gobierno nuevo,21509,2026-03-24 20:00:00+00:00,2026-03-24 20:00
9,atlético champions city madrid real,924,2026-03-24 20:00:00+00:00,2026-03-24 20:00
1,feijóo pp psoe si vox,976,2026-03-24 20:30:00+00:00,2026-03-24 20:30
3,fin málaga nueva santa semana,802,2026-03-24 20:30:00+00:00,2026-03-24 20:30
5,000 años gobierno millones zaragoza,20504,2026-03-24 20:30:00+00:00,2026-03-24 20:30
7,años cadenas dos francisca tras,2041,2026-03-24 20:30:00+00:00,2026-03-24 20:30
12,da españa luz paso verde,261,2026-03-24 20:30:00+00:00,2026-03-24 20:30
2,aemet día lluvias prevé viento,119,2026-03-24 21:00:00+00:00,2026-03-24 21:00
4,años españa internacional madrid tras,26154,2026-03-24 21:00:00+00:00,2026-03-24 21:00
6,años fiscalía guerra irán pide,426,2026-03-24 21:00:00+00:00,2026-03-24 21:00
8,2026 amazon día españa mejores,211,2026-03-24 21:00:00+00:00,2026-03-24 21:00
10,2026 ciudades españa grandes premios,142,2026-03-24 21:00:00+00:00,2026-03-24 21:00
11,asteroide años madrid toda vida,291,2026-03-24 21:00:00+00:00,2026-03-24 21:00
3,así barcelona nuevo trump zaragoza,19808,2026-03-24 21:30:00+00:00,2026-03-24 21:30
12,años blanca casa hombre vida,600,2026-03-24 21:30:00+00:00,2026-03-24 21:30
0,avión años irak seis tras,213,2026-03-24 22:00:00+00:00,2026-03-24 22:00
1,dos españa irán tras tres,1177,2026-03-24 22:00:00+00:00,2026-03-24 22:00
4,años blanca cadenas casa francisca,346,2026-03-24 22:00:00+00:00,2026-03-24 22:00
13,2026 hoy madrid marzo zaragoza,21540,2026-03-24 22:00:00+00:00,2026-03-24 22:00
14,cadena guerra mundo puede ser,758,2026-03-24 22:00:00+00:00,2026-03-24 22:00
0,cuándo entra españa guerra vigor,63,2026-03-24 22:30:00+00:00,2026-03-24 22:30
1,ee irán israel mundo uu,1027,2026-03-24 22:30:00+00:00,2026-03-24 22:30
11,000 año años euros millones,1297,2026-03-24 22:30:00+00:00,2026-03-24 22:30
1,años muere presidente segura torrente,564,2026-03-24 23:00:00+00:00,2026-03-24 23:00
14,años después españa hace tras,945,2026-03-24 23:00:00+00:00,2026-03-24 23:00
0,2026 años dos tras zaragoza,22100,2026-03-24 23:30:00+00:00,2026-03-24 23:30
1,crisis irán mundial puede ser,641,2026-03-24 23:30:00+00:00,2026-03-24 23:30
3,feijóo pp psoe sánchez vox,994,2026-03-24 23:30:00+00:00,2026-03-24 23:30
5,abre cinco días españa puerta,407,2026-03-24 23:30:00+00:00,2026-03-24 23:30
6,alonso china f1 fórmula gp,239,2026-03-24 23:30:00+00:00,2026-03-24 23:30
9,cadena día gran padre ser,1079,2026-03-24 23:30:00+00:00,2026-03-24 23:30
12,2026 ayuntamiento día internacional zaragoza,205,2026-03-24 23:30:00+00:00,2026-03-24 23:30
6,años detenidos dos hace muere,1462,2026-03-25 00:00:00+00:00,2026-03-25 00:00
7,gobierno madrid millones nuevo zaragoza,20809,2026-03-25 00:00:00+00:00,2026-03-25 00:00
9,ahora quiere redes sociales sánchez,470,2026-03-25 00:00:00+00:00,2026-03-25 00:00
14,000 año años después millones,580,2026-03-25 00:00:00+00:00,2026-03-25 00:00
0,detenidos dos real tras zaragoza,1283,2026-03-25 00:30:00+00:00,2026-03-25 00:30
4,000 barcelona internacional millones tras,20737,2026-03-25 00:30:00+00:00,2026-03-25 00:30
11,2026 mejor oscar película vida,605,2026-03-25 00:30:00+00:00,2026-03-25 00:30
12,2026 así internacional nueva sido,894,2026-03-25 00:30:00+00:00,2026-03-25 00:30
2,000 2026 años millones zaragoza,21287,2026-03-25 01:00:00+00:00,2026-03-25 01:00
11,años españa irán ser tras,1173,2026-03-25 01:00:00+00:00,2026-03-25 01:00
14,escribano gobierno indra presidente torrente,507,2026-03-25 01:00:00+00:00,2026-03-25 01:00
9,com economía españa millones sánchez,1693,2026-03-25 01:30:00+00:00,2026-03-25 01:30
10,gobierno madrid medidas plan tras,1262,2026-03-25 01:30:00+00:00,2026-03-25 01:30
11,000 dos españa personas tres,335,2026-03-25 01:30:00+00:00,2026-03-25 01:30
12,león tras trump vox zaragoza,20305,2026-03-25 01:30:00+00:00,2026-03-25 01:30
2,gobierno internacional millones nuevo trump,20770,2026-03-25 02:00:00+00:00,2026-03-25 02:00
4,2026 así españa sido zaragoza,643,2026-03-25 02:00:00+00:00,2026-03-25 02:00
8,años detenidos dos tras tres,820,2026-03-25 02:00:00+00:00,2026-03-25 02:00
10,ave casa málaga santa semana,628,2026-03-25 02:00:00+00:00,2026-03-25 02:00
12,castilla león pp tras vox,1936,2026-03-25 02:00:00+00:00,2026-03-25 02:00
0,economía españa española guerra selección,205,2026-03-25 02:30:00+00:00,2026-03-25 02:30
5,castilla elecciones león madrid real,1463,2026-03-25 02:30:00+00:00,2026-03-25 02:30
7,000 así millones nuevo zaragoza,20263,2026-03-25 02:30:00+00:00,2026-03-25 02:30
8,años gobierno indra medidas tras,1724,2026-03-25 02:30:00+00:00,2026-03-25 02:30
10,años día festival internacional muere,2040,2026-03-25 02:30:00+00:00,2026-03-25 02:30
1,españa gobierno internacional madrid zaragoza,22268,2026-03-25 03:00:00+00:00,2026-03-25 03:00
2,2026 batalla irán oscar tras,1130,2026-03-25 03:00:00+00:00,2026-03-25 03:00
4,españa gobierno guerra medidas sánchez,1243,2026-03-25 03:00:00+00:00,2026-03-25 03:00
5,com españa internacional santa semana,808,2026-03-25 03:00:00+00:00,2026-03-25 03:00
9,años después españa hace muere,1054,2026-03-25 03:00:00+00:00,2026-03-25 03:00
13,defensa denuncia dinero errejón ministro,444,2026-03-25 03:00:00+00:00,2026-03-25 03:00
0,cadenas civil francisca guardia guerra,158,2026-03-25 03:30:00+00:00,2026-03-25 03:30
2,000 españa euros guerra millones,750,2026-03-25 03:30:00+00:00,2026-03-25 03:30
4,2026 dos gobierno tras trump,21456,2026-03-25 03:30:00+00:00,2026-03-25 03:30
8,000 100 euros ibex menos,720,2026-03-25 03:30:00+00:00,2026-03-25 03:30
10,2026 años comprobar hoy marzo,1813,2026-03-25 03:30:00+00:00,2026-03-25 03:30
11,así años dos real zaragoza,675,2026-03-25 03:30:00+00:00,2026-03-25 03:30
1,barcelona incendio miranda mujeres tres,912,2026-03-25 04:00:00+00:00,2026-03-25 04:00
2,directo gobierno guerra irán trump,1462,2026-03-25 04:00:00+00:00,2026-03-25 04:00
5,ataques ee irán israel uu,955,2026-03-25 04:00:00+00:00,2026-03-25 04:00
11,años hace huelga médicos país,768,2026-03-25 04:00:00+00:00,2026-03-25 04:00
12,guerra irán medio oriente próximo,456,2026-03-25 04:00:00+00:00,2026-03-25 04:00
13,2026 com economía españa sánchez,1674,2026-03-25 04:00:00+00:00,2026-03-25 04:00
3,gobierno guerra irán medidas oriente,1379,2026-03-25 04:30:00+00:00,2026-03-25 04:30
8,así españa internacional nueva york,475,2026-03-25 04:30:00+00:00,2026-03-25 04:30
1,cadena internacional puede ser tras,506,2026-03-25 05:00:00+00:00,2026-03-25 05:00
2,000 años madrid millones zaragoza,21328,2026-03-25 05:00:00+00:00,2026-03-25 05:00
3,años españa hombre irán tras,1128,2026-03-25 05:00:00+00:00,2026-03-25 05:00
14,alcaraz carlos indian medvedev wells,225,2026-03-25 05:00:00+00:00,2026-03-25 05:00
0,barcelona gobierno nuevo tras trump,20551,2026-03-25 05:30:00+00:00,2026-03-25 05:30
2,000 año euros millones petróleo,1239,2026-03-25 05:30:00+00:00,2026-03-25 05:30
4,crisis gobierno irán malaga to,380,2026-03-25 05:30:00+00:00,2026-03-25 05:30
14,directo hora irán israel última,549,2026-03-25 05:30:00+00:00,2026-03-25 05:30
0,barcelona nuevo tras trump zaragoza,19869,2026-03-25 06:00:00+00:00,2026-03-25 06:00
1,000 euros gobierno guerra millones,1814,2026-03-25 06:00:00+00:00,2026-03-25 06:00
7,españa guerra irán pedro sánchez,604,2026-03-25 06:00:00+00:00,2026-03-25 06:00
9,historia mayor riesgo solo tiempo,620,2026-03-25 06:00:00+00:00,2026-03-25 06:00
14,asteroide años españa toda vida,289,2026-03-25 06:00:00+00:00,2026-03-25 06:00
3,años muere real tras zaragoza,1439,2026-03-25 06:30:00+00:00,2026-03-25 06:30
5,así barcelona madrid tras trump,19754,2026-03-25 06:30:00+00:00,2026-03-25 06:30
6,españa internacional israel nueva york,465,2026-03-25 06:30:00+00:00,2026-03-25 06:30
9,gobierno guerra irán medidas sánchez,1174,2026-03-25 06:30:00+00:00,2026-03-25 06:30
12,2026 internacional mejor oscar película,410,2026-03-25 06:30:00+00:00,2026-03-25 06:30
13,000 100 año euros millones,1224,2026-03-25 06:30:00+00:00,2026-03-25 06:30
14,ebro incendio miranda mujeres tres,529,2026-03-25 06:30:00+00:00,2026-03-25 06:30
2,2026 comprobar españa hoy marzo,2162,2026-03-25 07:00:00+00:00,2026-03-25 07:00
5,2026 dos oscar premios tras,1483,2026-03-25 07:00:00+00:00,2026-03-25 07:00
6,2026 barcelona dos madrid zaragoza,19011,2026-03-25 07:00:00+00:00,2026-03-25 07:00
8,2026 así guerra si zaragoza,944,2026-03-25 07:00:00+00:00,2026-03-25 07:00
12,2026 día mejor oscar padre,753,2026-03-25 07:00:00+00:00,2026-03-25 07:00
0,cuba eeuu isla medio trump,277,2026-03-25 07:30:00+00:00,2026-03-25 07:30
1,eeuu guerra irán israel trump,1967,2026-03-25 07:30:00+00:00,2026-03-25 07:30
2,dos internacional tras vox zaragoza,20637,2026-03-25 07:30:00+00:00,2026-03-25 07:30
3,barcelona directo hora irán última,1011,2026-03-25 07:30:00+00:00,2026-03-25 07:30
6,000 españa euros millones petróleo,775,2026-03-25 07:30:00+00:00,2026-03-25 07:30
10,así irán líder nuevo tras,1051,2026-03-25 07:30:00+00:00,2026-03-25 07:30
11,2026 directo hoy marzo mundial,586,2026-03-25 07:30:00+00:00,2026-03-25 07:30
14,com economía españa guerra sánchez,1609,2026-03-25 07:30:00+00:00,2026-03-25 07:30
0,ana milán rosa rosalía torroja,64,2026-03-25 08:00:00+00:00,2026-03-25 08:00
1,2026 dos gobierno tras zaragoza,21548,2026-03-25 08:00:00+00:00,2026-03-25 08:00
3,ataque cuatro deja denuncia muertos,814,2026-03-25 08:00:00+00:00,2026-03-25 08:00
8,2026 barcelona directo mejor oscar,764,2026-03-25 08:00:00+00:00,2026-03-25 08:00
12,detenido hombre miranda mujer pareja,270,2026-03-25 08:00:00+00:00,2026-03-25 08:00
3,2026 así cómo falla sido,837,2026-03-25 08:30:00+00:00,2026-03-25 08:30
7,2026 años gobierno hoy marzo,20840,2026-03-25 08:30:00+00:00,2026-03-25 08:30
7,años incendio mujeres tras tres,488,2026-03-25 09:00:00+00:00,2026-03-25 09:00
8,2026 dos gobierno oscar tras,20239,2026-03-25 09:00:00+00:00,2026-03-25 09:00
11,años caso forestalia mujer tras,398,2026-03-25 09:00:00+00:00,2026-03-25 09:00
13,city día internacional madrid real,1901,2026-03-25 09:00:00+00:00,2026-03-25 09:00
3,000 así trump vox zaragoza,18970,2026-03-25 09:30:00+00:00,2026-03-25 09:30
9,barcelona directo día internacional padre,999,2026-03-25 09:30:00+00:00,2026-03-25 09:30
12,guerra medio oriente sánchez trump,1056,2026-03-25 09:30:00+00:00,2026-03-25 09:30
13,batalla castilla españa león tras,1143,2026-03-25 09:30:00+00:00,2026-03-25 09:30
0,000 años hace irán millones,290,2026-03-25 10:00:00+00:00,2026-03-25 10:00
2,2026 día gobierno internacional nuevo,19937,2026-03-25 10:00:00+00:00,2026-03-25 10:00
4,años después muere real zaragoza,1338,2026-03-25 10:00:00+00:00,2026-03-25 10:00
12,años gobierno irán ser tras,1172,2026-03-25 10:00:00+00:00,2026-03-25 10:00
14,españa guerra internacional nueva si,869,2026-03-25 10:00:00+00:00,2026-03-25 10:00
2,barcelona si tras trump zaragoza,18874,2026-03-25 10:30:00+00:00,2026-03-25 10:30
8,detenidos dos gobierno medidas tras,1344,2026-03-25 10:30:00+00:00,2026-03-25 10:30
4,000 2026 economía españa millones,1609,2026-03-25 11:00:00+00:00,2026-03-25 11:00
6,2026 así barcelona nuevo zaragoza,20071,2026-03-25 11:00:00+00:00,2026-03-25 11:00
12,años batalla dos oscar tras,1213,2026-03-25 11:00:00+00:00,2026-03-25 11:00
13,dólares ibex irán petróleo reservas,498,2026-03-25 11:00:00+00:00,2026-03-25 11:00
0,escribano indra irán líder seguir,81,2026-03-25 11:30:00+00:00,2026-03-25 11:30
5,años después dos hace muere,1522,2026-03-25 11:30:00+00:00,2026-03-25 11:30
8,2026 directo fallas oscar premios,1094,2026-03-25 11:30:00+00:00,2026-03-25 11:30
11,gobierno madrid trump vox zaragoza,18804,2026-03-25 11:30:00+00:00,2026-03-25 11:30
12,años castilla dos león tras,1290,2026-03-25 11:30:00+00:00,2026-03-25 11:30
13,ave fin málaga santa semana,688,2026-03-25 11:30:00+00:00,2026-03-25 11:30
3,dos gobierno nuevo trump zaragoza,18374,2026-03-25 12:00:00+00:00,2026-03-25 12:00
8,irán mundo presidente segura torrente,708,2026-03-25 12:00:00+00:00,2026-03-25 12:00
10,com dos españa guerra tras,2481,2026-03-25 12:00:00+00:00,2026-03-25 12:00
11,barcelona cadena directo ser tras,792,2026-03-25 12:00:00+00:00,2026-03-25 12:00
0,años dos gobierno si zaragoza,18856,2026-03-25 12:30:00+00:00,2026-03-25 12:30
1,castilla elecciones león tras vox,1669,2026-03-25 12:30:00+00:00,2026-03-25 12:30
3,eeuu irán israel ormuz trump,1623,2026-03-25 12:30:00+00:00,2026-03-25 12:30
4,atlético barcelona directo madrid sevilla,1075,2026-03-25 12:30:00+00:00,2026-03-25 12:30
5,city madrid manchester real zaragoza,432,2026-03-25 12:30:00+00:00,2026-03-25 12:30
7,barcelona día internacional premio primer,263,2026-03-25 12:30:00+00:00,2026-03-25 12:30
13,000 2026 así euros oscar,1673,2026-03-25 12:30:00+00:00,2026-03-25 12:30
0,años españa primera tras vez,313,2026-03-25 13:00:00+00:00,2026-03-25 13:00
1,2026 años gobierno internacional zaragoza,20719,2026-03-25 13:00:00+00:00,2026-03-25 13:00
3,años cadenas detenidos dos tras,799,2026-03-25 13:00:00+00:00,2026-03-25 13:00
4,guerra medio oriente próximo trump,893,2026-03-25 13:00:00+00:00,2026-03-25 13:00
5,años batalla oscar ser tras,1158,2026-03-25 13:00:00+00:00,2026-03-25 13:00
11,ataque ataques iraní irán israel,650,2026-03-25 13:00:00+00:00,2026-03-25 13:00
7,dos gobierno irán ser tras,1052,2026-03-25 13:30:00+00:00,2026-03-25 13:30
9,2026 dos día gobierno internacional,20075,2026-03-25 13:30:00+00:00,2026-03-25 13:30
10,cuba eeuu isla trump uu,280,2026-03-25 13:30:00+00:00,2026-03-25 13:30
11,000 euros guerra millones petróleo,1190,2026-03-25 13:30:00+00:00,2026-03-25 13:30
0,barcelona dos gobierno nuevo zaragoza,18599,2026-03-25 14:00:00+00:00,2026-03-25 14:00
1,com economía españa europa millones,1585,2026-03-25 14:00:00+00:00,2026-03-25 14:00
2,city diario internacional madrid real,1741,2026-03-25 14:00:00+00:00,2026-03-25 14:00
9,2026 españa gran internacional vida,533,2026-03-25 14:00:00+00:00,2026-03-25 14:00
14,directo ee irán israel uu,1103,2026-03-25 14:00:00+00:00,2026-03-25 14:00
1,años casademont dos real zaragoza,650,2026-03-25 14:30:00+00:00,2026-03-25 14:30
2,2026 así españa falla sido,575,2026-03-25 14:30:00+00:00,2026-03-25 14:30
5,años dos gobierno ser tras,1187,2026-03-25 14:30:00+00:00,2026-03-25 14:30
7,000 100 euros millones petróleo,1210,2026-03-25 14:30:00+00:00,2026-03-25 14:30
8,feijóo nueva pp psoe vox,821,2026-03-25 14:30:00+00:00,2026-03-25 14:30
9,años fiscalía gobierno guerra pide,377,2026-03-25 14:30:00+00:00,2026-03-25 14:30
12,años dos gobierno madrid nuevo,19081,2026-03-25 14:30:00+00:00,2026-03-25 14:30
13,2026 fallas mejor oscar premios,998,2026-03-25 14:30:00+00:00,2026-03-25 14:30
14,gobierno guerra irán oriente trump,1351,2026-03-25 14:30:00+00:00,2026-03-25 14:30
1,dos españa madrid nuevo zaragoza,19563,2026-03-25 15:00:00+00:00,2026-03-25 15:00
2,denuncia español política segunda sexual,588,2026-03-25 15:00:00+00:00,2026-03-25 15:00
4,españa guerra irán oriente trump,1370,2026-03-25 15:00:00+00:00,2026-03-25 15:00
5,estrecho irán ormuz otan trump,901,2026-03-25 15:00:00+00:00,2026-03-25 15:00
9,batalla dos españa oscar tras,1139,2026-03-25 15:00:00+00:00,2026-03-25 15:00
10,2026 alcaraz dónde horario ver,437,2026-03-25 15:00:00+00:00,2026-03-25 15:00
0,ave festival málaga santa semana,373,2026-03-25 15:30:00+00:00,2026-03-25 15:30
2,2026 españa gran internacional trump,351,2026-03-25 15:30:00+00:00,2026-03-25 15:30
3,directo eeuu guerra irán israel,1123,2026-03-25 15:30:00+00:00,2026-03-25 15:30
4,2026 gobierno internacional madrid zaragoza,21049,2026-03-25 15:30:00+00:00,2026-03-25 15:30
8,guerra irán medidas oriente trump,1404,2026-03-25 15:30:00+00:00,2026-03-25 15:30
9,barcelona cómo directo laporta sevilla,760,2026-03-25 15:30:00+00:00,2026-03-25 15:30
10,2026 batalla oscar ser tras,1071,2026-03-25 15:30:00+00:00,2026-03-25 15:30
0,bolsamania economía españa guerra irán,202,2026-03-25 16:00:00+00:00,2026-03-25 16:00
2,000 gobierno millones tras zaragoza,19640,2026-03-25 16:00:00+00:00,2026-03-25 16:00
5,champions city madrid real zaragoza,951,2026-03-25 16:00:00+00:00,2026-03-25 16:00
7,2026 españa fmi guerra sánchez,1525,2026-03-25 16:00:00+00:00,2026-03-25 16:00
10,cadenas detenidos francisca hermanos restos,205,2026-03-25 16:00:00+00:00,2026-03-25 16:00
12,españa irán líder nuevo supremo,646,2026-03-25 16:00:00+00:00,2026-03-25 16:00
0,cuándo datos declaración pueden renta,340,2026-03-25 16:30:00+00:00,2026-03-25 16:30
2,2026 dos madrid nuevo trump,18771,2026-03-25 16:30:00+00:00,2026-03-25 16:30
4,españa guerra irán si trump,510,2026-03-25 16:30:00+00:00,2026-03-25 16:30
7,2026 así madrid sido zaragoza,564,2026-03-25 16:30:00+00:00,2026-03-25 16:30
9,años después dos muere tras,1937,2026-03-25 16:30:00+00:00,2026-03-25 16:30
11,000 euros millones real zaragoza,1582,2026-03-25 16:30:00+00:00,2026-03-25 16:30
13,ataques españa internacional nueva york,425,2026-03-25 16:30:00+00:00,2026-03-25 16:30
2,2026 directo dónde personas ver,660,2026-03-25 16:50:00+00:00,2026-03-25 16:50
3,2026 así falla sido zaragoza,569,2026-03-25 16:50:00+00:00,2026-03-25 16:50
7,años com economía españa guerra,1618,2026-03-25 16:50:00+00:00,2026-03-25 16:50
9,000 100 años euros millones,1191,2026-03-25 16:50:00+00:00,2026-03-25 16:50
0,2026 bosques día internacional padre,546,2026-03-25 17:00:00+00:00,2026-03-25 17:00
2,2026 años dos oscar tras,19767,2026-03-25 17:00:00+00:00,2026-03-25 17:00
5,gas irán mayor mundo trump,468,2026-03-25 17:00:00+00:00,2026-03-25 17:00
6,city directo madrid real zaragoza,949,2026-03-25 17:00:00+00:00,2026-03-25 17:00
8,2026 com diario festival internacional,1153,2026-03-25 17:00:00+00:00,2026-03-25 17:00
9,000 100 euros millones nuevo,1661,2026-03-25 17:00:00+00:00,2026-03-25 17:00
13,2026 cómo españa guerra irán,395,2026-03-25 17:00:00+00:00,2026-03-25 17:00
0,2026 años madrid nuevo zaragoza,19254,2026-03-25 17:03:00+00:00,2026-03-25 17:03
2,guerra irán medio oriente trump,1317,2026-03-25 17:03:00+00:00,2026-03-25 17:03
3,2026 com economía españa millones,1529,2026-03-25 17:03:00+00:00,2026-03-25 17:03
4,2026 años batalla oscar tras,1092,2026-03-25 17:03:00+00:00,2026-03-25 17:03
8,abascal feijóo pp psoe vox,468,2026-03-25 17:03:00+00:00,2026-03-25 17:03
9,años cadenas detenidos dos francisca,854,2026-03-25 17:03:00+00:00,2026-03-25 17:03
10,000 2026 así euros millones,1632,2026-03-25 17:03:00+00:00,2026-03-25 17:03
0,años meses personas tras tres,434,2026-03-25 17:08:00+00:00,2026-03-25 17:08
1,2026 com día festival internacional,1214,2026-03-25 17:08:00+00:00,2026-03-25 17:08
2,directo españa hora política última,165,2026-03-25 17:08:00+00:00,2026-03-25 17:08
4,000 dos gobierno millones nuevo,19706,2026-03-25 17:08:00+00:00,2026-03-25 17:08
5,almería casademont dos real zaragoza,624,2026-03-25 17:08:00+00:00,2026-03-25 17:08
7,batalla dos irán oscar tras,1128,2026-03-25 17:08:00+00:00,2026-03-25 17:08
11,2026 comprobar hoy marzo sorteo,1144,2026-03-25 17:08:00+00:00,2026-03-25 17:08
13,city españa madrid millones real,2179,2026-03-25 17:08:00+00:00,2026-03-25 17:08
0,así años casademont real zaragoza,710,2026-03-25 17:24:00+00:00,2026-03-25 17:24
2,city economía españa madrid real,2310,2026-03-25 17:24:00+00:00,2026-03-25 17:24
4,años barcelona dos nuevo trump,20006,2026-03-25 17:24:00+00:00,2026-03-25 17:24
6,100 dólares ibex irán petróleo,472,2026-03-25 17:24:00+00:00,2026-03-25 17:24
9,000 años cada primera vez,624,2026-03-25 17:24:00+00:00,2026-03-25 17:24
10,2026 mejor oscar premios tras,520,2026-03-25 17:24:00+00:00,2026-03-25 17:24
11,españa guerra ser tras va,233,2026-03-25 17:24:00+00:00,2026-03-25 17:24
12,gobierno guerra irán medidas plan,839,2026-03-25 17:24:00+00:00,2026-03-25 17:24
14,2026 comprobar fallas hoy marzo,1214,2026-03-25 17:24:00+00:00,2026-03-25 17:24
0,com diario día festival internacional,1313,2026-03-25 17:28:00+00:00,2026-03-25 17:28
1,2026 comprobar hoy marzo oscar,1240,2026-03-25 17:28:00+00:00,2026-03-25 17:28
2,dos gobierno millones nuevo tras,20846,2026-03-25 17:28:00+00:00,2026-03-25 17:28
4,barcelona directo laporta newcastle sevilla,526,2026-03-25 17:28:00+00:00,2026-03-25 17:28
5,2026 especial fallas valencia valència,460,2026-03-25 17:28:00+00:00,2026-03-25 17:28
8,champions city madrid manchester real,903,2026-03-25 17:28:00+00:00,2026-03-25 17:28
9,2026 economía españa guerra millones,1724,2026-03-25 17:28:00+00:00,2026-03-25 17:28
10,confirma estudio muerte según vida,675,2026-03-25 17:28:00+00:00,2026-03-25 17:28
11,gana internacional mejor oscar premio,206,2026-03-25 17:28:00+00:00,2026-03-25 17:28
12,castilla elecciones león pp vox,639,2026-03-25 17:28:00+00:00,2026-03-25 17:28
14,así casademont dos real zaragoza,710,2026-03-25 17:28:00+00:00,2026-03-25 17:28
1,años dos irán ser tras,1211,2026-03-25 17:31:00+00:00,2026-03-25 17:31
2,ataque drones tras ucrania varios,204,2026-03-25 17:31:00+00:00,2026-03-25 17:31
4,estrecho guerra irán ormuz trump,932,2026-03-25 17:31:00+00:00,2026-03-25 17:31
6,2026 diario día festival internacional,1321,2026-03-25 17:31:00+00:00,2026-03-25 17:31
8,2026 castilla elecciones león vox,632,2026-03-25 17:31:00+00:00,2026-03-25 17:31
9,directo guerra irán oriente trump,1557,2026-03-25 17:31:00+00:00,2026-03-25 17:31
10,gobierno guerra irán iva medidas,817,2026-03-25 17:31:00+00:00,2026-03-25 17:31
11,2026 bolsamania economía españa millones,1656,2026-03-25 17:31:00+00:00,2026-03-25 17:31
13,extremadura feijóo pp psoe vox,542,2026-03-25 17:31:00+00:00,2026-03-25 17:31
14,2026 fallas oscar premios valència,1339,2026-03-25 17:31:00+00:00,2026-03-25 17:31
0,conquista españoles felipe rey vi,375,2026-03-25 17:37:00+00:00,2026-03-25 17:37
1,039 años quot si zaragoza,797,2026-03-25 17:37:00+00:00,2026-03-25 17:37
3,2026 com economía españa guerra,1650,2026-03-25 17:37:00+00:00,2026-03-25 17:37
4,españa fin málaga santa semana,485,2026-03-25 17:37:00+00:00,2026-03-25 17:37
5,2026 gobierno madrid nuevo trump,19811,2026-03-25 17:37:00+00:00,2026-03-25 17:37
7,2026 castilla león oscar tras,1941,2026-03-25 17:37:00+00:00,2026-03-25 17:37
9,años detenidos dos francisca tras,784,2026-03-25 17:37:00+00:00,2026-03-25 17:37
10,000 100 euros guerra millones,1219,2026-03-25 17:37:00+00:00,2026-03-25 17:37
11,ee guerra irán israel uu,551,2026-03-25 17:37:00+00:00,2026-03-25 17:37
12,almería así casademont real zaragoza,635,2026-03-25 17:37:00+00:00,2026-03-25 17:37
13,años meses mujeres tras tres,460,2026-03-25 17:37:00+00:00,2026-03-25 17:37
0,casademont mirandés real santo zaragoza,312,2026-04-06 21:49:56+00:00,2026-04-06 21:49:56+00:00
1,2026 abril comprobar horóscopo hoy,528,2026-04-06 21:49:56+00:00,2026-04-06 21:49:56+00:00
2,ee eeuu guerra irán uu,971,2026-04-06 21:49:56+00:00,2026-04-06 21:49:56+00:00
3,2026 com día infobae internacional,1103,2026-04-06 21:49:56+00:00,2026-04-06 21:49:56+00:00
4,000 años com dos euros,10271,2026-04-06 21:49:56+00:00,2026-04-06 21:49:56+00:00
5,artemis astronautas ii luna misión,488,2026-04-06 21:49:56+00:00,2026-04-06 21:49:56+00:00
6,años com dos tras trump,654,2026-04-06 21:49:56+00:00,2026-04-06 21:49:56+00:00
7,españa internacional málaga santa semana,643,2026-04-06 21:49:56+00:00,2026-04-06 21:49:56+00:00
8,com egipto españa impuesto millones,1267,2026-04-06 21:49:56+00:00,2026-04-06 21:49:56+00:00
9,039 años quot si trump,207,2026-04-06 21:49:56+00:00,2026-04-06 21:49:56+00:00
10,atlético barcelona liga madrid real,486,2026-04-06 21:49:56+00:00,2026-04-06 21:49:56+00:00
11,años com españa internacional nueva,272,2026-04-06 21:49:56+00:00,2026-04-06 21:49:56+00:00
12,eeuu irán ormuz otan trump,766,2026-04-06 21:49:56+00:00,2026-04-06 21:49:56+00:00
13,escribano indra presidente simón ángel,138,2026-04-06 21:49:56+00:00,2026-04-06 21:49:56+00:00
14,directo guerra hora irán última,295,2026-04-06 21:49:56+00:00,2026-04-06 21:49:56+00:00
0,casademont mirandés real santo zaragoza,312,2026-04-06 21:52:39+00:00,2026-04-06 21:52:39+00:00
1,2026 abril comprobar horóscopo hoy,528,2026-04-06 21:52:39+00:00,2026-04-06 21:52:39+00:00
2,ee eeuu guerra irán uu,971,2026-04-06 21:52:39+00:00,2026-04-06 21:52:39+00:00
3,2026 com día infobae internacional,1103,2026-04-06 21:52:39+00:00,2026-04-06 21:52:39+00:00
4,000 años com dos euros,10271,2026-04-06 21:52:39+00:00,2026-04-06 21:52:39+00:00
5,artemis astronautas ii luna misión,488,2026-04-06 21:52:39+00:00,2026-04-06 21:52:39+00:00
6,años com dos tras trump,654,2026-04-06 21:52:39+00:00,2026-04-06 21:52:39+00:00
7,españa internacional málaga santa semana,643,2026-04-06 21:52:39+00:00,2026-04-06 21:52:39+00:00
8,com egipto españa impuesto millones,1267,2026-04-06 21:52:39+00:00,2026-04-06 21:52:39+00:00
9,039 años quot si trump,207,2026-04-06 21:52:39+00:00,2026-04-06 21:52:39+00:00
10,atlético barcelona liga madrid real,486,2026-04-06 21:52:39+00:00,2026-04-06 21:52:39+00:00
11,años com españa internacional nueva,272,2026-04-06 21:52:39+00:00,2026-04-06 21:52:39+00:00
12,eeuu irán ormuz otan trump,766,2026-04-06 21:52:39+00:00,2026-04-06 21:52:39+00:00
13,escribano indra presidente simón ángel,138,2026-04-06 21:52:39+00:00,2026-04-06 21:52:39+00:00
14,directo guerra hora irán última,295,2026-04-06 21:52:39+00:00,2026-04-06 21:52:39+00:00
0,alerta com españa internacional marca,371,2026-04-06 22:01:16+00:00,2026-04-06 22:01:16+00:00
1,dónde gratis horario tv ver,301,2026-04-06 22:01:16+00:00,2026-04-06 22:01:16+00:00
2,com economía españa guerra millones,2370,2026-04-06 22:01:16+00:00,2026-04-06 22:01:16+00:00
3,arcadi carlos cuerpo españa hacienda,498,2026-04-06 22:01:16+00:00,2026-04-06 22:01:16+00:00
4,000 años gobierno trump zaragoza,21558,2026-04-06 22:01:16+00:00,2026-04-06 22:01:16+00:00
5,castillo eutanasia joven noelia tras,290,2026-04-06 22:01:16+00:00,2026-04-06 22:01:16+00:00
6,artemis astronautas ii luna misión,576,2026-04-06 22:01:16+00:00,2026-04-06 22:01:16+00:00
7,barcelona internacional madrid real rosalía,888,2026-04-06 22:01:16+00:00,2026-04-06 22:01:16+00:00
8,2026 abril comprobar hoy marzo,969,2026-04-06 22:01:16+00:00,2026-04-06 22:01:16+00:00
9,directo guerra irán israel trump,2618,2026-04-06 22:01:16+00:00,2026-04-06 22:01:16+00:00
10,así españa internacional irán nuevo,663,2026-04-06 22:01:16+00:00,2026-04-06 22:01:16+00:00
11,2026 españa málaga santa semana,1190,2026-04-06 22:01:16+00:00,2026-04-06 22:01:16+00:00
12,años detenido dos ser tras,1907,2026-04-06 22:01:16+00:00,2026-04-06 22:01:16+00:00
13,2026 com diario día internacional,2184,2026-04-06 22:01:16+00:00,2026-04-06 22:01:16+00:00
14,039 años españa quot si,455,2026-04-06 22:01:16+00:00,2026-04-06 22:01:16+00:00
0,2026 com día españa internacional,2192,2026-04-06 22:31:02+00:00,2026-04-06 22:31:02+00:00
1,directo guerra irán israel trump,1991,2026-04-06 22:31:02+00:00,2026-04-06 22:31:02+00:00
2,atlético barcelona internacional madrid real,896,2026-04-06 22:31:02+00:00,2026-04-06 22:31:02+00:00
3,estrecho irán ormuz país trump,769,2026-04-06 22:31:02+00:00,2026-04-06 22:31:02+00:00
4,039 años españa quot si,455,2026-04-06 22:31:02+00:00,2026-04-06 22:31:02+00:00
5,casademont dos real viento zaragoza,689,2026-04-06 22:31:02+00:00,2026-04-06 22:31:02+00:00
6,2026 españa málaga santa semana,1196,2026-04-06 22:31:02+00:00,2026-04-06 22:31:02+00:00
7,arcadi com cuerpo economía españa,2465,2026-04-06 22:31:02+00:00,2026-04-06 22:31:02+00:00
8,2026 abril comprobar hoy marzo,929,2026-04-06 22:31:02+00:00,2026-04-06 22:31:02+00:00
9,años dos españa muere tras,1202,2026-04-06 22:31:02+00:00,2026-04-06 22:31:02+00:00
10,com españa internacional nueva york,581,2026-04-06 22:31:02+00:00,2026-04-06 22:31:02+00:00
11,españa ia menos muertos puede,707,2026-04-06 22:31:02+00:00,2026-04-06 22:31:02+00:00
12,artemis astronautas ii luna misión,572,2026-04-06 22:31:02+00:00,2026-04-06 22:31:02+00:00
13,000 com dos gobierno tras,20833,2026-04-06 22:31:02+00:00,2026-04-06 22:31:02+00:00
14,directo españa guerra irán oriente,1446,2026-04-06 22:31:02+00:00,2026-04-06 22:31:02+00:00
0,españa irán ser tras trump,1252,2026-04-06 23:00:59+00:00,2026-04-06 23:00:59+00:00
1,com dw elplural españa irán,1055,2026-04-06 23:00:59+00:00,2026-04-06 23:00:59+00:00
2,039 años españa quot si,454,2026-04-06 23:00:59+00:00,2026-04-06 23:00:59+00:00
3,años dos meses tras tres,475,2026-04-06 23:00:59+00:00,2026-04-06 23:00:59+00:00
4,así españa luna sido tras,604,2026-04-06 23:00:59+00:00,2026-04-06 23:00:59+00:00
5,años después dos muere tras,1131,2026-04-06 23:00:59+00:00,2026-04-06 23:00:59+00:00
6,españa internacional maduro nueva york,557,2026-04-06 23:00:59+00:00,2026-04-06 23:00:59+00:00
7,000 2025 españa euros millones,1190,2026-04-06 23:00:59+00:00,2026-04-06 23:00:59+00:00
8,2026 com diario día internacional,2110,2026-04-06 23:00:59+00:00,2026-04-06 23:00:59+00:00
9,arcadi cuerpo economía españa hacienda,2238,2026-04-06 23:00:59+00:00,2026-04-06 23:00:59+00:00
10,directo guerra irán israel trump,2529,2026-04-06 23:00:59+00:00,2026-04-06 23:00:59+00:00
11,internacional madrid real rosalía zaragoza,895,2026-04-06 23:00:59+00:00,2026-04-06 23:00:59+00:00
12,2026 españa málaga santa semana,1189,2026-04-06 23:00:59+00:00,2026-04-06 23:00:59+00:00
13,atlético barcelona internacional madrid tras,375,2026-04-06 23:00:59+00:00,2026-04-06 23:00:59+00:00
14,2026 abril gobierno hoy trump,20889,2026-04-06 23:00:59+00:00,2026-04-06 23:00:59+00:00
0,2026 abril comprobar hoy marzo,883,2026-04-06 23:31:03+00:00,2026-04-06 23:31:03+00:00
1,2026 españa málaga santa semana,1175,2026-04-06 23:31:03+00:00,2026-04-06 23:31:03+00:00
2,com elplural españa guerra irán,1031,2026-04-06 23:31:03+00:00,2026-04-06 23:31:03+00:00
3,000 años euros millones quot,1846,2026-04-06 23:31:03+00:00,2026-04-06 23:31:03+00:00
4,castilla china japón león xiv,428,2026-04-06 23:31:03+00:00,2026-04-06 23:31:03+00:00
5,arcadi cuerpo españa hacienda millones,2407,2026-04-06 23:31:03+00:00,2026-04-06 23:31:03+00:00
6,directo guerra irán israel última,2022,2026-04-06 23:31:03+00:00,2026-04-06 23:31:03+00:00
7,jueves procesiones santo sepulcro viernes,273,2026-04-06 23:31:03+00:00,2026-04-06 23:31:03+00:00
8,casademont dos real viento zaragoza,672,2026-04-06 23:31:03+00:00,2026-04-06 23:31:03+00:00
9,eeuu guerra irán ormuz trump,1355,2026-04-06 23:31:03+00:00,2026-04-06 23:31:03+00:00
10,gobierno madrid nuevo quot si,19922,2026-04-06 23:31:03+00:00,2026-04-06 23:31:03+00:00
11,años detenido dos ser tras,1753,2026-04-06 23:31:03+00:00,2026-04-06 23:31:03+00:00
12,2026 com diario día internacional,2283,2026-04-06 23:31:03+00:00,2026-04-06 23:31:03+00:00
13,años internacional irán quot vida,334,2026-04-06 23:31:03+00:00,2026-04-06 23:31:03+00:00
14,artemis astronautas ii luna misión,584,2026-04-06 23:31:03+00:00,2026-04-06 23:31:03+00:00
0,años españa primera tras vez,446,2026-04-07 00:01:03+00:00,2026-04-07 00:01:03+00:00
1,2026 com diario día internacional,2185,2026-04-07 00:01:03+00:00,2026-04-07 00:01:03+00:00
2,directo guerra irán israel trump,2636,2026-04-07 00:01:03+00:00,2026-04-07 00:01:03+00:00
3,arcadi españa hacienda ministro nuevo,672,2026-04-07 00:01:03+00:00,2026-04-07 00:01:03+00:00
4,000 2025 españa euros millones,1255,2026-04-07 00:01:03+00:00,2026-04-07 00:01:03+00:00
5,arcadi com cuerpo economía españa,2474,2026-04-07 00:01:03+00:00,2026-04-07 00:01:03+00:00
6,casademont partido real viento zaragoza,665,2026-04-07 00:01:03+00:00,2026-04-07 00:01:03+00:00
7,cadena irán puede ser tras,625,2026-04-07 00:01:03+00:00,2026-04-07 00:01:03+00:00
8,2026 abril comprobar hoy marzo,943,2026-04-07 00:01:03+00:00,2026-04-07 00:01:03+00:00
9,2026 españa málaga santa semana,1191,2026-04-07 00:01:03+00:00,2026-04-07 00:01:03+00:00
10,años españa hace muere tras,1197,2026-04-07 00:01:03+00:00,2026-04-07 00:01:03+00:00
11,españa internacional maduro nueva york,576,2026-04-07 00:01:03+00:00,2026-04-07 00:01:03+00:00
12,gobierno madrid quot tras trump,20848,2026-04-07 00:01:03+00:00,2026-04-07 00:01:03+00:00
13,artemis astronautas ii luna misión,589,2026-04-07 00:01:03+00:00,2026-04-07 00:01:03+00:00
14,feijóo gobierno pp psoe vox,701,2026-04-07 00:01:03+00:00,2026-04-07 00:01:03+00:00
0,000 100 españa euros millones,954,2026-04-07 00:31:03+00:00,2026-04-07 00:31:03+00:00
1,españa europa guerra internacional press,375,2026-04-07 00:31:03+00:00,2026-04-07 00:31:03+00:00
2,españa irán ser tras trump,1309,2026-04-07 00:31:03+00:00,2026-04-07 00:31:03+00:00
3,2026 españa málaga santa semana,1193,2026-04-07 00:31:03+00:00,2026-04-07 00:31:03+00:00
4,com elplural españa internacional irán,1294,2026-04-07 00:31:03+00:00,2026-04-07 00:31:03+00:00
5,2026 abril comprobar gobierno hoy,1149,2026-04-07 00:31:03+00:00,2026-04-07 00:31:03+00:00
6,2026 diario día internacional onefootball,1852,2026-04-07 00:31:03+00:00,2026-04-07 00:31:03+00:00
7,2026 comprobar horóscopo hoy marzo,751,2026-04-07 00:31:03+00:00,2026-04-07 00:31:03+00:00
8,dos madrid quot trump zaragoza,20702,2026-04-07 00:31:03+00:00,2026-04-07 00:31:03+00:00
9,arcadi españa hacienda ministro nuevo,706,2026-04-07 00:31:03+00:00,2026-04-07 00:31:03+00:00
10,directo guerra irán israel trump,2509,2026-04-07 00:31:03+00:00,2026-04-07 00:31:03+00:00
11,años hace muere quot tras,1250,2026-04-07 00:31:03+00:00,2026-04-07 00:31:03+00:00
12,arcadi cuerpo economía egipto españa,2131,2026-04-07 00:31:03+00:00,2026-04-07 00:31:03+00:00
13,españa guerra internacional primer trimestre,377,2026-04-07 00:31:03+00:00,2026-04-07 00:31:03+00:00
14,años españa luna primera vez,467,2026-04-07 00:31:03+00:00,2026-04-07 00:31:03+00:00
0,17 35 ibex puntos temporada,287,2026-04-07 01:01:04+00:00,2026-04-07 01:01:04+00:00
1,así gobierno nuevo quot trump,20288,2026-04-07 01:01:04+00:00,2026-04-07 01:01:04+00:00
2,000 euros millones ser tras,1851,2026-04-07 01:01:04+00:00,2026-04-07 01:01:04+00:00
3,años deportivo españa internacional mundo,595,2026-04-07 01:01:04+00:00,2026-04-07 01:01:04+00:00
4,arcadi carlos cuerpo españa hacienda,501,2026-04-07 01:01:04+00:00,2026-04-07 01:01:04+00:00
5,2026 españa málaga santa semana,1198,2026-04-07 01:01:04+00:00,2026-04-07 01:01:04+00:00
6,2026 diario día infobae internacional,1915,2026-04-07 01:01:04+00:00,2026-04-07 01:01:04+00:00
7,casademont dos real viento zaragoza,706,2026-04-07 01:01:04+00:00,2026-04-07 01:01:04+00:00
8,economía egipto españa guerra millones,2147,2026-04-07 01:01:04+00:00,2026-04-07 01:01:04+00:00
9,ee guerra irán trump uu,485,2026-04-07 01:01:04+00:00,2026-04-07 01:01:04+00:00
10,años dos muere quot tras,1626,2026-04-07 01:01:04+00:00,2026-04-07 01:01:04+00:00
11,atlético barcelona internacional madrid real,906,2026-04-07 01:01:04+00:00,2026-04-07 01:01:04+00:00
12,directo guerra irán israel trump,2339,2026-04-07 01:01:04+00:00,2026-04-07 01:01:04+00:00
13,com elplural españa internacional irán,1283,2026-04-07 01:01:04+00:00,2026-04-07 01:01:04+00:00
14,2026 abril comprobar hoy marzo,901,2026-04-07 01:01:04+00:00,2026-04-07 01:01:04+00:00
0,escribano indra presidente simón ángel,205,2026-04-07 01:31:10+00:00,2026-04-07 01:31:10+00:00
1,000 dos gobierno madrid quot,21514,2026-04-07 01:31:10+00:00,2026-04-07 01:31:10+00:00
2,arcadi com economía españa millones,2498,2026-04-07 01:31:10+00:00,2026-04-07 01:31:10+00:00
3,2026 abril comprobar hoy marzo,934,2026-04-07 01:31:10+00:00,2026-04-07 01:31:10+00:00
4,directo eeuu guerra irán trump,2517,2026-04-07 01:31:10+00:00,2026-04-07 01:31:10+00:00
5,com españa ser tras trump,1309,2026-04-07 01:31:10+00:00,2026-04-07 01:31:10+00:00
6,artemis astronautas ii luna misión,614,2026-04-07 01:31:10+00:00,2026-04-07 01:31:10+00:00
7,2026 com diario españa internacional,2108,2026-04-07 01:31:10+00:00,2026-04-07 01:31:10+00:00
8,madrid mallorca partido real zaragoza,504,2026-04-07 01:31:10+00:00,2026-04-07 01:31:10+00:00
9,ayuntamiento día internacional mundial visibilidad,485,2026-04-07 01:31:10+00:00,2026-04-07 01:31:10+00:00
10,años dos hace muere tras,1262,2026-04-07 01:31:10+00:00,2026-04-07 01:31:10+00:00
11,2026 españa málaga santa semana,1220,2026-04-07 01:31:10+00:00,2026-04-07 01:31:10+00:00
12,blanca casa españa salón trump,377,2026-04-07 01:31:10+00:00,2026-04-07 01:31:10+00:00
13,cuerpo españa gobierno pedro sánchez,766,2026-04-07 01:31:10+00:00,2026-04-07 01:31:10+00:00
14,directo guerra hora irán israel,776,2026-04-07 01:31:10+00:00,2026-04-07 01:31:10+00:00
0,com dos madrid quot trump,20536,2026-04-07 02:01:04+00:00,2026-04-07 02:01:04+00:00
1,artemis astronautas ii luna misión,613,2026-04-07 02:01:04+00:00,2026-04-07 02:01:04+00:00
2,ee guerra irán trump uu,485,2026-04-07 02:01:04+00:00,2026-04-07 02:01:04+00:00
3,directo guerra irán israel trump,2476,2026-04-07 02:01:04+00:00,2026-04-07 02:01:04+00:00
4,000 100 españa euros millones,939,2026-04-07 02:01:04+00:00,2026-04-07 02:01:04+00:00
5,2026 com diario día internacional,2274,2026-04-07 02:01:04+00:00,2026-04-07 02:01:04+00:00
6,039 cinco días españa quot,365,2026-04-07 02:01:04+00:00,2026-04-07 02:01:04+00:00
7,arcadi com economía españa hacienda,2454,2026-04-07 02:01:04+00:00,2026-04-07 02:01:04+00:00
8,años dos hace muere tras,1275,2026-04-07 02:01:04+00:00,2026-04-07 02:01:04+00:00
9,así casademont nuevo real zaragoza,1085,2026-04-07 02:01:04+00:00,2026-04-07 02:01:04+00:00
10,com españa ser tras trump,1323,2026-04-07 02:01:04+00:00,2026-04-07 02:01:04+00:00
11,2026 abril comprobar hoy marzo,951,2026-04-07 02:01:04+00:00,2026-04-07 02:01:04+00:00
12,com cuerpo españa gobierno sánchez,880,2026-04-07 02:01:04+00:00,2026-04-07 02:01:04+00:00
13,in malaga of the to,249,2026-04-07 02:01:04+00:00,2026-04-07 02:01:04+00:00
14,2026 españa málaga santa semana,1192,2026-04-07 02:01:04+00:00,2026-04-07 02:01:04+00:00
0,años muere ser tras tres,2079,2026-04-07 02:31:03+00:00,2026-04-07 02:31:03+00:00
1,com dw elplural españa internacional,1259,2026-04-07 02:31:03+00:00,2026-04-07 02:31:03+00:00
2,000 euros gobierno internacional nuevo,21170,2026-04-07 02:31:03+00:00,2026-04-07 02:31:03+00:00
3,eeuu irán ormuz otan trump,1255,2026-04-07 02:31:03+00:00,2026-04-07 02:31:03+00:00
4,directo guerra irán israel última,2130,2026-04-07 02:31:03+00:00,2026-04-07 02:31:03+00:00
5,así españa irán nuevo tras,592,2026-04-07 02:31:03+00:00,2026-04-07 02:31:03+00:00
6,artemis astronautas ii luna misión,598,2026-04-07 02:31:03+00:00,2026-04-07 02:31:03+00:00
7,casademont partido real viento zaragoza,678,2026-04-07 02:31:03+00:00,2026-04-07 02:31:03+00:00
8,años dos españa irán tras,747,2026-04-07 02:31:03+00:00,2026-04-07 02:31:03+00:00
9,2026 españa málaga santa semana,1198,2026-04-07 02:31:03+00:00,2026-04-07 02:31:03+00:00
10,atlético barcelona internacional madrid real,892,2026-04-07 02:31:03+00:00,2026-04-07 02:31:03+00:00
11,españa internacional maduro nueva york,567,2026-04-07 02:31:03+00:00,2026-04-07 02:31:03+00:00
12,039 años españa quot si,455,2026-04-07 02:31:03+00:00,2026-04-07 02:31:03+00:00
13,2026 abril comprobar hoy marzo,1022,2026-04-07 02:31:03+00:00,2026-04-07 02:31:03+00:00
14,arcadi cuerpo españa hacienda millones,2469,2026-04-07 02:31:03+00:00,2026-04-07 02:31:03+00:00
0,dice guerra irán quot trump,271,2026-04-07 03:01:04+00:00,2026-04-07 03:01:04+00:00
1,arcadi com cuerpo economía españa,2642,2026-04-07 03:01:04+00:00,2026-04-07 03:01:04+00:00
2,años dos hace quot tras,1245,2026-04-07 03:01:04+00:00,2026-04-07 03:01:04+00:00
3,atlético barcelona internacional madrid real,916,2026-04-07 03:01:04+00:00,2026-04-07 03:01:04+00:00
4,casademont dos real viento zaragoza,704,2026-04-07 03:01:04+00:00,2026-04-07 03:01:04+00:00
5,ee estrecho irán ormuz uu,789,2026-04-07 03:01:04+00:00,2026-04-07 03:01:04+00:00
6,blanca casa españa salón trump,374,2026-04-07 03:01:04+00:00,2026-04-07 03:01:04+00:00
7,2026 españa málaga santa semana,1202,2026-04-07 03:01:04+00:00,2026-04-07 03:01:04+00:00
8,artemis astronautas ii luna misión,621,2026-04-07 03:01:04+00:00,2026-04-07 03:01:04+00:00
9,2026 com día españa internacional,2271,2026-04-07 03:01:04+00:00,2026-04-07 03:01:04+00:00
10,colon cáncer hoy previsión tiempo,384,2026-04-07 03:01:04+00:00,2026-04-07 03:01:04+00:00
11,000 dos gobierno quot tras,22083,2026-04-07 03:01:04+00:00,2026-04-07 03:01:04+00:00
12,directo guerra hora irán última,537,2026-04-07 03:01:04+00:00,2026-04-07 03:01:04+00:00
13,2026 abril comprobar hoy marzo,880,2026-04-07 03:01:04+00:00,2026-04-07 03:01:04+00:00
14,eeuu guerra irán israel trump,2207,2026-04-07 03:01:04+00:00,2026-04-07 03:01:04+00:00
0,000 com dos tras zaragoza,21289,2026-04-07 03:31:04+00:00,2026-04-07 03:31:04+00:00
1,com cuerpo españa gobierno sánchez,842,2026-04-07 03:31:04+00:00,2026-04-07 03:31:04+00:00
2,eeuu guerra irán ormuz trump,2619,2026-04-07 03:31:04+00:00,2026-04-07 03:31:04+00:00
3,2026 españa málaga santa semana,1200,2026-04-07 03:31:04+00:00,2026-04-07 03:31:04+00:00
4,atlético barcelona madrid quot real,1183,2026-04-07 03:31:04+00:00,2026-04-07 03:31:04+00:00
5,años dos hace muere tras,1198,2026-04-07 03:31:04+00:00,2026-04-07 03:31:04+00:00
6,arcadi españa hacienda ministro nuevo,719,2026-04-07 03:31:04+00:00,2026-04-07 03:31:04+00:00
7,arcadi com economía españa guerra,2352,2026-04-07 03:31:04+00:00,2026-04-07 03:31:04+00:00
8,000 2025 españa euros millones,748,2026-04-07 03:31:04+00:00,2026-04-07 03:31:04+00:00
9,españa internacional maduro nueva york,574,2026-04-07 03:31:04+00:00,2026-04-07 03:31:04+00:00
10,ahora españa guerra podemos tras,198,2026-04-07 03:31:04+00:00,2026-04-07 03:31:04+00:00
11,2026 com diario día internacional,2187,2026-04-07 03:31:04+00:00,2026-04-07 03:31:04+00:00
12,artemis astronautas ii luna misión,616,2026-04-07 03:31:04+00:00,2026-04-07 03:31:04+00:00
13,directo guerra hora irán última,586,2026-04-07 03:31:04+00:00,2026-04-07 03:31:04+00:00
14,2026 abril comprobar hoy marzo,913,2026-04-07 03:31:04+00:00,2026-04-07 03:31:04+00:00
0,harry netflix nueva potter serie,121,2026-04-07 04:01:07+00:00,2026-04-07 04:01:07+00:00
1,039 años españa quot si,456,2026-04-07 04:01:07+00:00,2026-04-07 04:01:07+00:00
2,caso juicio kitchen pp ábalos,207,2026-04-07 04:01:07+00:00,2026-04-07 04:01:07+00:00
3,2026 com día españa internacional,2247,2026-04-07 04:01:07+00:00,2026-04-07 04:01:07+00:00
4,aéreo espacio españa guerra irán,182,2026-04-07 04:01:07+00:00,2026-04-07 04:01:07+00:00
5,com elplural pp sánchez vox,1282,2026-04-07 04:01:07+00:00,2026-04-07 04:01:07+00:00
6,eeuu guerra irán ormuz trump,1370,2026-04-07 04:01:07+00:00,2026-04-07 04:01:07+00:00
7,2026 españa málaga santa semana,1201,2026-04-07 04:01:07+00:00,2026-04-07 04:01:07+00:00
8,casademont dos real viento zaragoza,710,2026-04-07 04:01:07+00:00,2026-04-07 04:01:07+00:00
9,atlético barcelona internacional madrid real,921,2026-04-07 04:01:07+00:00,2026-04-07 04:01:07+00:00
10,años dos españa muere tras,1237,2026-04-07 04:01:07+00:00,2026-04-07 04:01:07+00:00
11,arcadi com cuerpo economía españa,2652,2026-04-07 04:01:07+00:00,2026-04-07 04:01:07+00:00
12,2026 españa internacional italia mundial,418,2026-04-07 04:01:07+00:00,2026-04-07 04:01:07+00:00
13,000 2026 abril hoy tras,22213,2026-04-07 04:01:07+00:00,2026-04-07 04:01:07+00:00
14,directo guerra irán israel última,2073,2026-04-07 04:01:07+00:00,2026-04-07 04:01:07+00:00
0,directo guerra irán israel última,2007,2026-04-07 04:31:00+00:00,2026-04-07 04:31:00+00:00
1,2026 abril gobierno hoy madrid,22017,2026-04-07 04:31:00+00:00,2026-04-07 04:31:00+00:00
2,años deportivo españa internacional mundo,578,2026-04-07 04:31:00+00:00,2026-04-07 04:31:00+00:00
3,2026 com diario día internacional,2244,2026-04-07 04:31:00+00:00,2026-04-07 04:31:00+00:00
4,cadena irán puede ser tras,627,2026-04-07 04:31:00+00:00,2026-04-07 04:31:00+00:00
5,arcadi com cuerpo economía españa,2570,2026-04-07 04:31:00+00:00,2026-04-07 04:31:00+00:00
6,2026 españa málaga santa semana,1206,2026-04-07 04:31:00+00:00,2026-04-07 04:31:00+00:00
7,artemis astronautas ii luna misión,613,2026-04-07 04:31:00+00:00,2026-04-07 04:31:00+00:00
8,039 años españa quot si,456,2026-04-07 04:31:00+00:00,2026-04-07 04:31:00+00:00
9,andalucía elecciones iu podemos sumar,381,2026-04-07 04:31:00+00:00,2026-04-07 04:31:00+00:00
10,años dos españa muere tras,1176,2026-04-07 04:31:00+00:00,2026-04-07 04:31:00+00:00
11,directo guerra irán medio oriente,404,2026-04-07 04:31:00+00:00,2026-04-07 04:31:00+00:00
12,com dos españa indra tras,1253,2026-04-07 04:31:00+00:00,2026-04-07 04:31:00+00:00
13,casademont dos real viento zaragoza,712,2026-04-07 04:31:00+00:00,2026-04-07 04:31:00+00:00
14,eeuu estrecho irán ormuz trump,1191,2026-04-07 04:31:00+00:00,2026-04-07 04:31:00+00:00
0,000 años dos gobierno zaragoza,21667,2026-04-07 05:01:07+00:00,2026-04-07 05:01:07+00:00
1,directo guerra irán israel última,2107,2026-04-07 05:01:07+00:00,2026-04-07 05:01:07+00:00
2,españa hacienda internacional ministro nuevo,710,2026-04-07 05:01:07+00:00,2026-04-07 05:01:07+00:00
3,2026 abril comprobar hoy marzo,945,2026-04-07 05:01:07+00:00,2026-04-07 05:01:07+00:00
4,años detenido hombre pareja tras,404,2026-04-07 05:01:07+00:00,2026-04-07 05:01:07+00:00
5,2026 españa málaga santa semana,1210,2026-04-07 05:01:07+00:00,2026-04-07 05:01:07+00:00
6,2026 com diario día internacional,2212,2026-04-07 05:01:07+00:00,2026-04-07 05:01:07+00:00
7,arcadi com economía españa millones,2439,2026-04-07 05:01:07+00:00,2026-04-07 05:01:07+00:00
8,039 años españa quot si,459,2026-04-07 05:01:07+00:00,2026-04-07 05:01:07+00:00
9,años españa madrid mejor mundo,341,2026-04-07 05:01:07+00:00,2026-04-07 05:01:07+00:00
10,años dos españa ser tras,1388,2026-04-07 05:01:07+00:00,2026-04-07 05:01:07+00:00
11,eeuu guerra irán ormuz trump,1318,2026-04-07 05:01:07+00:00,2026-04-07 05:01:07+00:00
12,atlético barcelona internacional madrid real,903,2026-04-07 05:01:07+00:00,2026-04-07 05:01:07+00:00
13,artemis astronautas ii luna misión,622,2026-04-07 05:01:07+00:00,2026-04-07 05:01:07+00:00
14,cuerpo españa gobierno pedro sánchez,756,2026-04-07 05:01:07+00:00,2026-04-07 05:01:07+00:00
0,acuerdo gobierno irán trump víctimas,302,2026-04-07 05:31:06+00:00,2026-04-07 05:31:06+00:00
1,com españa ser tras trump,1357,2026-04-07 05:31:06+00:00,2026-04-07 05:31:06+00:00
2,directo eeuu guerra irán trump,2319,2026-04-07 05:31:06+00:00,2026-04-07 05:31:06+00:00
3,2026 españa málaga santa semana,1207,2026-04-07 05:31:06+00:00,2026-04-07 05:31:06+00:00
4,así españa internacional nuevo zaragoza,1042,2026-04-07 05:31:06+00:00,2026-04-07 05:31:06+00:00
5,2026 com día españa internacional,2230,2026-04-07 05:31:06+00:00,2026-04-07 05:31:06+00:00
6,españa guerra irán quot si,565,2026-04-07 05:31:06+00:00,2026-04-07 05:31:06+00:00
7,cadena dos irán mujer ser,1030,2026-04-07 05:31:06+00:00,2026-04-07 05:31:06+00:00
8,000 com gobierno quot zaragoza,20499,2026-04-07 05:31:06+00:00,2026-04-07 05:31:06+00:00
9,2026 abril comprobar hoy marzo,973,2026-04-07 05:31:06+00:00,2026-04-07 05:31:06+00:00
10,ee guerra irán trump uu,471,2026-04-07 05:31:06+00:00,2026-04-07 05:31:06+00:00
11,atlético barcelona internacional madrid real,933,2026-04-07 05:31:06+00:00,2026-04-07 05:31:06+00:00
12,arcadi com cuerpo economía españa,2560,2026-04-07 05:31:06+00:00,2026-04-07 05:31:06+00:00
13,directo guerra hora irán israel,728,2026-04-07 05:31:06+00:00,2026-04-07 05:31:06+00:00
14,años dos hace muere tras,1302,2026-04-07 05:31:06+00:00,2026-04-07 05:31:06+00:00
0,2026 abril comprobar hoy marzo,930,2026-04-07 06:01:07+00:00,2026-04-07 06:01:07+00:00
1,así com dos nuevo zaragoza,20030,2026-04-07 06:01:07+00:00,2026-04-07 06:01:07+00:00
2,cómo españa guerra irán ver,469,2026-04-07 06:01:07+00:00,2026-04-07 06:01:07+00:00
3,arcadi cuerpo españa gobierno sánchez,1321,2026-04-07 06:01:07+00:00,2026-04-07 06:01:07+00:00
4,2026 españa málaga santa semana,1200,2026-04-07 06:01:07+00:00,2026-04-07 06:01:07+00:00
5,eeuu guerra irán ormuz trump,2547,2026-04-07 06:01:07+00:00,2026-04-07 06:01:07+00:00
6,com españa ser tras trump,1373,2026-04-07 06:01:07+00:00,2026-04-07 06:01:07+00:00
7,años dos españa muere tras,1232,2026-04-07 06:01:07+00:00,2026-04-07 06:01:07+00:00
8,2026 com diario día internacional,2270,2026-04-07 06:01:07+00:00,2026-04-07 06:01:07+00:00
9,artemis astronautas ii luna misión,628,2026-04-07 06:01:07+00:00,2026-04-07 06:01:07+00:00
10,arcadi com economía españa guerra,2399,2026-04-07 06:01:07+00:00,2026-04-07 06:01:07+00:00
11,000 2025 españa euros millones,1173,2026-04-07 06:01:07+00:00,2026-04-07 06:01:07+00:00
12,atlético barcelona madrid real zaragoza,996,2026-04-07 06:01:07+00:00,2026-04-07 06:01:07+00:00
13,directo guerra hora irán última,560,2026-04-07 06:01:07+00:00,2026-04-07 06:01:07+00:00
14,039 años españa quot si,458,2026-04-07 06:01:07+00:00,2026-04-07 06:01:07+00:00
0,así eeuu otan trump unidos,1131,2026-04-07 06:31:06+00:00,2026-04-07 06:31:06+00:00
1,artemis años com gobierno zaragoza,20653,2026-04-07 06:31:06+00:00,2026-04-07 06:31:06+00:00
2,atlético barcelona internacional madrid real,900,2026-04-07 06:31:06+00:00,2026-04-07 06:31:06+00:00
3,directo guerra irán israel trump,2578,2026-04-07 06:31:06+00:00,2026-04-07 06:31:06+00:00
4,arcadi españa hacienda ministro nuevo,723,2026-04-07 06:31:06+00:00,2026-04-07 06:31:06+00:00
5,039 años españa quot si,458,2026-04-07 06:31:06+00:00,2026-04-07 06:31:06+00:00
6,andalucía elecciones iu podemos sumar,373,2026-04-07 06:31:06+00:00,2026-04-07 06:31:06+00:00
7,000 2025 españa euros millones,1246,2026-04-07 06:31:06+00:00,2026-04-07 06:31:06+00:00
8,2026 abril comprobar hoy marzo,899,2026-04-07 06:31:06+00:00,2026-04-07 06:31:06+00:00
9,años dos españa irán tras,816,2026-04-07 06:31:06+00:00,2026-04-07 06:31:06+00:00
10,2026 españa málaga santa semana,1199,2026-04-07 06:31:06+00:00,2026-04-07 06:31:06+00:00
11,cadena irán puede ser tras,650,2026-04-07 06:31:06+00:00,2026-04-07 06:31:06+00:00
12,años com españa tras trump,1387,2026-04-07 06:31:06+00:00,2026-04-07 06:31:06+00:00
13,arcadi com cuerpo economía españa,2437,2026-04-07 06:31:06+00:00,2026-04-07 06:31:06+00:00
14,2026 com diario día internacional,2203,2026-04-07 06:31:06+00:00,2026-04-07 06:31:06+00:00
0,guerra irán paz plan trump,251,2026-04-07 07:01:03+00:00,2026-04-07 07:01:03+00:00
1,artemis astronautas ii luna misión,639,2026-04-07 07:01:03+00:00,2026-04-07 07:01:03+00:00
2,com dw elplural españa internacional,1215,2026-04-07 07:01:03+00:00,2026-04-07 07:01:03+00:00
3,directo guerra hora irán última,618,2026-04-07 07:01:03+00:00,2026-04-07 07:01:03+00:00
4,2026 diario día españa internacional,2040,2026-04-07 07:01:03+00:00,2026-04-07 07:01:03+00:00
5,cuerpo españa gobierno pp sánchez,887,2026-04-07 07:01:03+00:00,2026-04-07 07:01:03+00:00
6,madrid quot santa semana zaragoza,21853,2026-04-07 07:01:03+00:00,2026-04-07 07:01:03+00:00
7,arcadi cuerpo economía españa hacienda,2178,2026-04-07 07:01:03+00:00,2026-04-07 07:01:03+00:00
8,años dos hace muere tras,1281,2026-04-07 07:01:03+00:00,2026-04-07 07:01:03+00:00
9,estrecho guerra irán ormuz trump,1395,2026-04-07 07:01:03+00:00,2026-04-07 07:01:03+00:00
10,accidente dos españa ser tras,1291,2026-04-07 07:01:03+00:00,2026-04-07 07:01:03+00:00
11,000 100 españa euros millones,987,2026-04-07 07:01:03+00:00,2026-04-07 07:01:03+00:00
12,basket oltra the valencia vuelve,631,2026-04-07 07:01:03+00:00,2026-04-07 07:01:03+00:00
13,españa guerra inflación irán oriente,1359,2026-04-07 07:01:03+00:00,2026-04-07 07:01:03+00:00
14,2026 abril comprobar hoy marzo,1093,2026-04-07 07:01:03+00:00,2026-04-07 07:01:03+00:00
0,2026 abril dos hoy tras,21071,2026-04-07 07:31:04+00:00,2026-04-07 07:31:04+00:00
1,2026 diario día españa internacional,1949,2026-04-07 07:31:04+00:00,2026-04-07 07:31:04+00:00
2,directo guerra hora irán última,564,2026-04-07 07:31:04+00:00,2026-04-07 07:31:04+00:00
3,039 años españa quot si,461,2026-04-07 07:31:04+00:00,2026-04-07 07:31:04+00:00
4,arcadi españa hacienda ministro nuevo,710,2026-04-07 07:31:04+00:00,2026-04-07 07:31:04+00:00
5,eeuu guerra irán ormuz trump,2584,2026-04-07 07:31:04+00:00,2026-04-07 07:31:04+00:00
6,años dos hace muere tras,1201,2026-04-07 07:31:04+00:00,2026-04-07 07:31:04+00:00
7,arcadi cuerpo economía españa millones,2330,2026-04-07 07:31:04+00:00,2026-04-07 07:31:04+00:00
8,000 así euros millones sánchez,1749,2026-04-07 07:31:04+00:00,2026-04-07 07:31:04+00:00
9,com elplural españa internacional irán,1334,2026-04-07 07:31:04+00:00,2026-04-07 07:31:04+00:00
10,atlético barcelona internacional madrid real,904,2026-04-07 07:31:04+00:00,2026-04-07 07:31:04+00:00
11,artemis astronautas ii luna misión,644,2026-04-07 07:31:04+00:00,2026-04-07 07:31:04+00:00
12,casademont dos real viento zaragoza,699,2026-04-07 07:31:04+00:00,2026-04-07 07:31:04+00:00
13,2026 españa málaga santa semana,1209,2026-04-07 07:31:04+00:00,2026-04-07 07:31:04+00:00
14,baile blanca casa salón trump,372,2026-04-07 07:31:04+00:00,2026-04-07 07:31:04+00:00
0,artemis astronautas ii luna misión,644,2026-04-07 08:01:04+00:00,2026-04-07 08:01:04+00:00
1,com españa indra ser tras,1260,2026-04-07 08:01:04+00:00,2026-04-07 08:01:04+00:00
2,atlético barcelona internacional madrid real,917,2026-04-07 08:01:04+00:00,2026-04-07 08:01:04+00:00
3,eeuu guerra irán ormuz trump,1336,2026-04-07 08:01:04+00:00,2026-04-07 08:01:04+00:00
4,arcadi com economía españa millones,2473,2026-04-07 08:01:04+00:00,2026-04-07 08:01:04+00:00
5,000 euros gobierno nuevo zaragoza,20956,2026-04-07 08:01:04+00:00,2026-04-07 08:01:04+00:00
6,2026 españa málaga santa semana,1203,2026-04-07 08:01:04+00:00,2026-04-07 08:01:04+00:00
7,039 años españa quot si,461,2026-04-07 08:01:04+00:00,2026-04-07 08:01:04+00:00
8,cuerpo españa gobierno pedro sánchez,738,2026-04-07 08:01:04+00:00,2026-04-07 08:01:04+00:00
9,feijóo gobierno pp psoe vox,650,2026-04-07 08:01:04+00:00,2026-04-07 08:01:04+00:00
10,2026 abril comprobar hoy marzo,916,2026-04-07 08:01:04+00:00,2026-04-07 08:01:04+00:00
11,años hace muere tras tres,1133,2026-04-07 08:01:04+00:00,2026-04-07 08:01:04+00:00
12,años dos españa irán tras,805,2026-04-07 08:01:04+00:00,2026-04-07 08:01:04+00:00
13,directo guerra irán israel última,2093,2026-04-07 08:01:04+00:00,2026-04-07 08:01:04+00:00
14,2026 com día españa internacional,2272,2026-04-07 08:01:04+00:00,2026-04-07 08:01:04+00:00
0,2026 com diario día internacional,2192,2026-04-07 08:31:06+00:00,2026-04-07 08:31:06+00:00
1,años deportivo españa internacional mundo,576,2026-04-07 08:31:06+00:00,2026-04-07 08:31:06+00:00
2,años dos españa ser tras,1459,2026-04-07 08:31:06+00:00,2026-04-07 08:31:06+00:00
3,artemis astronautas ii luna misión,638,2026-04-07 08:31:06+00:00,2026-04-07 08:31:06+00:00
4,2026 españa málaga santa semana,1217,2026-04-07 08:31:06+00:00,2026-04-07 08:31:06+00:00
5,arcadi com economía españa millones,2473,2026-04-07 08:31:06+00:00,2026-04-07 08:31:06+00:00
6,000 dos gobierno madrid zaragoza,21092,2026-04-07 08:31:06+00:00,2026-04-07 08:31:06+00:00
7,canaria españa gran internacional premio,426,2026-04-07 08:31:06+00:00,2026-04-07 08:31:06+00:00
8,eeuu guerra irán ormuz trump,1305,2026-04-07 08:31:06+00:00,2026-04-07 08:31:06+00:00
9,2026 abril comprobar hoy marzo,915,2026-04-07 08:31:06+00:00,2026-04-07 08:31:06+00:00
10,años dos hace muere quot,1397,2026-04-07 08:31:06+00:00,2026-04-07 08:31:06+00:00
11,cómo españa guerra irán ver,471,2026-04-07 08:31:06+00:00,2026-04-07 08:31:06+00:00
12,cadena gobierno pedro ser sánchez,1011,2026-04-07 08:31:06+00:00,2026-04-07 08:31:06+00:00
13,arcadi españa hacienda ministro nuevo,728,2026-04-07 08:31:06+00:00,2026-04-07 08:31:06+00:00
14,directo guerra irán israel última,2036,2026-04-07 08:31:06+00:00,2026-04-07 08:31:06+00:00
0,000 años gobierno madrid quot,21119,2026-04-07 09:01:06+00:00,2026-04-07 09:01:06+00:00
1,años cada españa primera vez,528,2026-04-07 09:01:06+00:00,2026-04-07 09:01:06+00:00
2,años dos meses tras tres,511,2026-04-07 09:01:06+00:00,2026-04-07 09:01:06+00:00
3,eeuu guerra irán ormuz trump,1399,2026-04-07 09:01:06+00:00,2026-04-07 09:01:06+00:00
4,años real ser tras zaragoza,1779,2026-04-07 09:01:06+00:00,2026-04-07 09:01:06+00:00
5,feijóo gobierno pp psoe vox,721,2026-04-07 09:01:06+00:00,2026-04-07 09:01:06+00:00
6,arcadi com cuerpo economía españa,2603,2026-04-07 09:01:06+00:00,2026-04-07 09:01:06+00:00
7,así españa irán puedes tras,610,2026-04-07 09:01:06+00:00,2026-04-07 09:01:06+00:00
8,directo guerra irán israel última,2125,2026-04-07 09:01:06+00:00,2026-04-07 09:01:06+00:00
9,años dos españa irán tras,773,2026-04-07 09:01:06+00:00,2026-04-07 09:01:06+00:00
10,2026 españa málaga santa semana,1198,2026-04-07 09:01:06+00:00,2026-04-07 09:01:06+00:00
11,2026 com día españa internacional,2323,2026-04-07 09:01:06+00:00,2026-04-07 09:01:06+00:00
12,artemis astronautas ii luna misión,640,2026-04-07 09:01:06+00:00,2026-04-07 09:01:06+00:00
13,2026 abril comprobar hoy marzo,972,2026-04-07 09:01:06+00:00,2026-04-07 09:01:06+00:00
14,arcadi españa hacienda ministro nuevo,712,2026-04-07 09:01:06+00:00,2026-04-07 09:01:06+00:00
0,com elplural españa guerra irán,1052,2026-04-07 09:31:10+00:00,2026-04-07 09:31:10+00:00
1,arcadi cuerpo economía españa hacienda,2358,2026-04-07 09:31:10+00:00,2026-04-07 09:31:10+00:00
2,artemis astronautas ii luna misión,652,2026-04-07 09:31:10+00:00,2026-04-07 09:31:10+00:00
3,eeuu guerra irán ormuz trump,1371,2026-04-07 09:31:10+00:00,2026-04-07 09:31:10+00:00
4,años dos hace muere tras,1287,2026-04-07 09:31:10+00:00,2026-04-07 09:31:10+00:00
5,000 internacional miles personas tres,348,2026-04-07 09:31:10+00:00,2026-04-07 09:31:10+00:00
6,dos españa indra ser tras,1324,2026-04-07 09:31:10+00:00,2026-04-07 09:31:10+00:00
7,2026 abril comprobar horóscopo hoy,660,2026-04-07 09:31:10+00:00,2026-04-07 09:31:10+00:00
8,directo guerra irán israel última,1816,2026-04-07 09:31:10+00:00,2026-04-07 09:31:10+00:00
9,000 dos gobierno madrid quot,21717,2026-04-07 09:31:10+00:00,2026-04-07 09:31:10+00:00
10,casademont dos real viento zaragoza,726,2026-04-07 09:31:10+00:00,2026-04-07 09:31:10+00:00
11,2026 españa málaga santa semana,1216,2026-04-07 09:31:10+00:00,2026-04-07 09:31:10+00:00
12,2026 com diario día internacional,2280,2026-04-07 09:31:10+00:00,2026-04-07 09:31:10+00:00
13,guerra historia medio oriente sánchez,784,2026-04-07 09:31:10+00:00,2026-04-07 09:31:10+00:00
14,2026 comprobar horóscopo hoy marzo,516,2026-04-07 09:31:10+00:00,2026-04-07 09:31:10+00:00
0,bolsamania com economía españa guerra,371,2026-04-07 10:01:05+00:00,2026-04-07 10:01:05+00:00
1,2026 abril comprobar hoy marzo,1231,2026-04-07 10:01:05+00:00,2026-04-07 10:01:05+00:00
2,directo guerra irán israel trump,2472,2026-04-07 10:01:05+00:00,2026-04-07 10:01:05+00:00
3,arcadi cuerpo españa gobierno sánchez,1297,2026-04-07 10:01:05+00:00,2026-04-07 10:01:05+00:00
4,arcadi com egipto españa guerra,2234,2026-04-07 10:01:05+00:00,2026-04-07 10:01:05+00:00
5,atlético barcelona internacional madrid real,927,2026-04-07 10:01:05+00:00,2026-04-07 10:01:05+00:00
6,2026 españa málaga santa semana,1204,2026-04-07 10:01:05+00:00,2026-04-07 10:01:05+00:00
7,000 2025 españa euros millones,750,2026-04-07 10:01:05+00:00,2026-04-07 10:01:05+00:00
8,así españa nuevo sido tras,626,2026-04-07 10:01:05+00:00,2026-04-07 10:01:05+00:00
9,eeuu guerra irán israel trump,588,2026-04-07 10:01:05+00:00,2026-04-07 10:01:05+00:00
10,años com internacional quot zaragoza,22636,2026-04-07 10:01:05+00:00,2026-04-07 10:01:05+00:00
11,años dos irán tras tres,806,2026-04-07 10:01:05+00:00,2026-04-07 10:01:05+00:00
12,años com ser tras trump,1417,2026-04-07 10:01:05+00:00,2026-04-07 10:01:05+00:00
13,años españa internacional mujer primer,569,2026-04-07 10:01:05+00:00,2026-04-07 10:01:05+00:00
14,000 años cómo euros quot,1100,2026-04-07 10:01:05+00:00,2026-04-07 10:01:05+00:00
0,años dos irán tras tres,829,2026-04-07 10:31:01+00:00,2026-04-07 10:31:01+00:00
1,000 gobierno quot trump zaragoza,21971,2026-04-07 10:31:01+00:00,2026-04-07 10:31:01+00:00
2,2026 abril comprobar hoy marzo,956,2026-04-07 10:31:01+00:00,2026-04-07 10:31:01+00:00
3,2026 com día españa internacional,2219,2026-04-07 10:31:01+00:00,2026-04-07 10:31:01+00:00
4,directo guerra irán israel trump,2627,2026-04-07 10:31:01+00:00,2026-04-07 10:31:01+00:00
5,años hace muere quot tras,1141,2026-04-07 10:31:01+00:00,2026-04-07 10:31:01+00:00
6,2026 españa málaga santa semana,1209,2026-04-07 10:31:01+00:00,2026-04-07 10:31:01+00:00
7,aday años hace historia mara,309,2026-04-07 10:31:01+00:00,2026-04-07 10:31:01+00:00
8,años deportivo españa internacional mundo,593,2026-04-07 10:31:01+00:00,2026-04-07 10:31:01+00:00
9,com españa irán tras trump,1312,2026-04-07 10:31:01+00:00,2026-04-07 10:31:01+00:00
10,cadena irán puede ser tras,664,2026-04-07 10:31:01+00:00,2026-04-07 10:31:01+00:00
11,arcadi españa hacienda ministro nuevo,739,2026-04-07 10:31:01+00:00,2026-04-07 10:31:01+00:00
12,atlético barcelona madrid real rosalía,914,2026-04-07 10:31:01+00:00,2026-04-07 10:31:01+00:00
13,arcadi com economía españa millones,2493,2026-04-07 10:31:01+00:00,2026-04-07 10:31:01+00:00
14,2025 confirma españa irán pascua,364,2026-04-07 10:31:01+00:00,2026-04-07 10:31:01+00:00
0,000 100 españa euros millones,1021,2026-04-07 11:01:03+00:00,2026-04-07 11:01:03+00:00
1,2026 com diario día internacional,2310,2026-04-07 11:01:03+00:00,2026-04-07 11:01:03+00:00
2,2026 abril comprobar hoy marzo,954,2026-04-07 11:01:03+00:00,2026-04-07 11:01:03+00:00
3,cuerpo españa gobierno pedro sánchez,780,2026-04-07 11:01:03+00:00,2026-04-07 11:01:03+00:00
4,2026 españa málaga santa semana,1211,2026-04-07 11:01:03+00:00,2026-04-07 11:01:03+00:00
5,directo guerra irán israel última,2072,2026-04-07 11:01:03+00:00,2026-04-07 11:01:03+00:00
6,años com gobierno madrid quot,21093,2026-04-07 11:01:03+00:00,2026-04-07 11:01:03+00:00
7,artemis astronautas ii luna misión,661,2026-04-07 11:01:03+00:00,2026-04-07 11:01:03+00:00
8,años dos españa irán tras,821,2026-04-07 11:01:03+00:00,2026-04-07 11:01:03+00:00
9,eeuu guerra irán ormuz trump,1360,2026-04-07 11:01:03+00:00,2026-04-07 11:01:03+00:00
10,así españa puedes quot si,961,2026-04-07 11:01:03+00:00,2026-04-07 11:01:03+00:00
11,años deportivo españa internacional mundo,587,2026-04-07 11:01:03+00:00,2026-04-07 11:01:03+00:00
12,arcadi com economía españa guerra,2500,2026-04-07 11:01:03+00:00,2026-04-07 11:01:03+00:00
13,años com españa ser tras,1415,2026-04-07 11:01:03+00:00,2026-04-07 11:01:03+00:00
14,casademont partido real viento zaragoza,700,2026-04-07 11:01:03+00:00,2026-04-07 11:01:03+00:00
0,españa internacional maduro nueva york,597,2026-04-07 12:01:11+00:00,2026-04-07 12:01:11+00:00
1,2026 españa málaga santa semana,1228,2026-04-07 12:01:11+00:00,2026-04-07 12:01:11+00:00
2,cuerpo españa gobierno sánchez vasco,896,2026-04-07 12:01:11+00:00,2026-04-07 12:01:11+00:00
3,2026 abril comprobar hoy marzo,975,2026-04-07 12:01:11+00:00,2026-04-07 12:01:11+00:00
4,eeuu estrecho irán ormuz trump,1241,2026-04-07 12:01:11+00:00,2026-04-07 12:01:11+00:00
5,años dos irán tras tres,825,2026-04-07 12:01:11+00:00,2026-04-07 12:01:11+00:00
6,artemis astronautas ii luna misión,660,2026-04-07 12:01:11+00:00,2026-04-07 12:01:11+00:00
7,años madrid quot tras zaragoza,22790,2026-04-07 12:01:11+00:00,2026-04-07 12:01:11+00:00
8,directo guerra irán medio oriente,441,2026-04-07 12:01:11+00:00,2026-04-07 12:01:11+00:00
9,arcadi economía españa hacienda millones,2341,2026-04-07 12:01:11+00:00,2026-04-07 12:01:11+00:00
10,cómo españa guerra irán ver,484,2026-04-07 12:01:11+00:00,2026-04-07 12:01:11+00:00
11,directo guerra irán israel última,1951,2026-04-07 12:01:11+00:00,2026-04-07 12:01:11+00:00
12,com dw elplural españa irán,1021,2026-04-07 12:01:11+00:00,2026-04-07 12:01:11+00:00
13,castillo eutanasia noelia si vida,1012,2026-04-07 12:01:11+00:00,2026-04-07 12:01:11+00:00
14,2026 com diario día internacional,2295,2026-04-07 12:01:11+00:00,2026-04-07 12:01:11+00:00
0,000 años gobierno quot zaragoza,22506,2026-04-07 12:31:06+00:00,2026-04-07 12:31:06+00:00
1,años cómo españa quot solo,266,2026-04-07 12:31:06+00:00,2026-04-07 12:31:06+00:00
2,artemis astronautas ii luna misión,669,2026-04-07 12:31:06+00:00,2026-04-07 12:31:06+00:00
3,arcadi com cuerpo españa millones,2736,2026-04-07 12:31:06+00:00,2026-04-07 12:31:06+00:00
4,2026 com día españa internacional,2305,2026-04-07 12:31:06+00:00,2026-04-07 12:31:06+00:00
5,2026 españa málaga santa semana,1225,2026-04-07 12:31:06+00:00,2026-04-07 12:31:06+00:00
6,directo guerra irán israel última,2012,2026-04-07 12:31:06+00:00,2026-04-07 12:31:06+00:00
7,comunidad internacional madrid real rosalía,895,2026-04-07 12:31:06+00:00,2026-04-07 12:31:06+00:00
8,cadena irán puede ser tras,662,2026-04-07 12:31:06+00:00,2026-04-07 12:31:06+00:00
9,accidente años detenido dos tras,1919,2026-04-07 12:31:06+00:00,2026-04-07 12:31:06+00:00
10,2026 españa internacional italia mundial,428,2026-04-07 12:31:06+00:00,2026-04-07 12:31:06+00:00
11,ee guerra irán trump uu,497,2026-04-07 12:31:06+00:00,2026-04-07 12:31:06+00:00
12,atlético barcelona internacional liga madrid,412,2026-04-07 12:31:06+00:00,2026-04-07 12:31:06+00:00
13,2026 abril comprobar hoy marzo,991,2026-04-07 12:31:06+00:00,2026-04-07 12:31:06+00:00
14,eeuu guerra irán ormuz trump,1341,2026-04-07 12:31:06+00:00,2026-04-07 12:31:06+00:00
0,000 100 españa euros millones,1003,2026-04-07 13:01:07+00:00,2026-04-07 13:01:07+00:00
1,com economía españa guerra millones,2341,2026-04-07 13:01:07+00:00,2026-04-07 13:01:07+00:00
2,feijóo pp psoe tras vox,672,2026-04-07 13:01:07+00:00,2026-04-07 13:01:07+00:00
3,ayuntamiento día internacional mundial visibilidad,506,2026-04-07 13:01:07+00:00,2026-04-07 13:01:07+00:00
4,directo guerra irán israel trump,2808,2026-04-07 13:01:07+00:00,2026-04-07 13:01:07+00:00
5,2026 españa málaga santa semana,1206,2026-04-07 13:01:07+00:00,2026-04-07 13:01:07+00:00
6,artemis astronautas ii luna misión,685,2026-04-07 13:01:07+00:00,2026-04-07 13:01:07+00:00
7,2026 abril comprobar hoy marzo,1007,2026-04-07 13:01:07+00:00,2026-04-07 13:01:07+00:00
8,2026 com diario españa internacional,2120,2026-04-07 13:01:07+00:00,2026-04-07 13:01:07+00:00
9,españa hacienda internacional ministro nuevo,738,2026-04-07 13:01:07+00:00,2026-04-07 13:01:07+00:00
10,cuerpo españa gobierno pedro sánchez,766,2026-04-07 13:01:07+00:00,2026-04-07 13:01:07+00:00
11,atlético barcelona madrid real rosalía,933,2026-04-07 13:01:07+00:00,2026-04-07 13:01:07+00:00
12,dos quot tras trump zaragoza,22120,2026-04-07 13:01:07+00:00,2026-04-07 13:01:07+00:00
13,com cuerpo españa gobierno vasco,790,2026-04-07 13:01:07+00:00,2026-04-07 13:01:07+00:00
14,años dos españa hace tras,1283,2026-04-07 13:01:07+00:00,2026-04-07 13:01:07+00:00
0,años españa internacional primera vez,475,2026-04-07 13:31:07+00:00,2026-04-07 13:31:07+00:00
1,casademont madrid partido real zaragoza,1006,2026-04-07 13:31:07+00:00,2026-04-07 13:31:07+00:00
2,castillo día eutanasia internacional noelia,747,2026-04-07 13:31:07+00:00,2026-04-07 13:31:07+00:00
3,2026 abril comprobar hoy marzo,950,2026-04-07 13:31:07+00:00,2026-04-07 13:31:07+00:00
4,directo guerra irán israel trump,2742,2026-04-07 13:31:07+00:00,2026-04-07 13:31:07+00:00
5,años dos gobierno madrid trump,21541,2026-04-07 13:31:07+00:00,2026-04-07 13:31:07+00:00
6,2026 com diario españa internacional,2181,2026-04-07 13:31:07+00:00,2026-04-07 13:31:07+00:00
7,años deportivo mundo país trump,979,2026-04-07 13:31:07+00:00,2026-04-07 13:31:07+00:00
8,2026 españa málaga santa semana,1207,2026-04-07 13:31:07+00:00,2026-04-07 13:31:07+00:00
9,años españa ser tras trump,1518,2026-04-07 13:31:07+00:00,2026-04-07 13:31:07+00:00
10,039 años españa irán quot,466,2026-04-07 13:31:07+00:00,2026-04-07 13:31:07+00:00
11,artemis astronautas ii luna misión,663,2026-04-07 13:31:07+00:00,2026-04-07 13:31:07+00:00
12,cuerpo españa gobierno pedro sánchez,761,2026-04-07 13:31:07+00:00,2026-04-07 13:31:07+00:00
13,000 2025 españa euros millones,1331,2026-04-07 13:31:07+00:00,2026-04-07 13:31:07+00:00
14,arcadi com economía españa guerra,2493,2026-04-07 13:31:07+00:00,2026-04-07 13:31:07+00:00
0,años dos españa irán tras,847,2026-04-07 14:01:04+00:00,2026-04-07 14:01:04+00:00
1,arcadi com economía españa guerra,2437,2026-04-07 14:01:04+00:00,2026-04-07 14:01:04+00:00
2,com españa ser tras trump,1398,2026-04-07 14:01:04+00:00,2026-04-07 14:01:04+00:00
3,directo guerra irán israel trump,2738,2026-04-07 14:01:04+00:00,2026-04-07 14:01:04+00:00
4,casademont real santo viento zaragoza,709,2026-04-07 14:01:04+00:00,2026-04-07 14:01:04+00:00
5,directo dónde españa partido ver,622,2026-04-07 14:01:04+00:00,2026-04-07 14:01:04+00:00
6,2026 españa málaga santa semana,1215,2026-04-07 14:01:04+00:00,2026-04-07 14:01:04+00:00
7,2026 com diario día internacional,2312,2026-04-07 14:01:04+00:00,2026-04-07 14:01:04+00:00
8,2026 abril comprobar hoy marzo,1024,2026-04-07 14:01:04+00:00,2026-04-07 14:01:04+00:00
9,cuerpo españa gobierno pedro sánchez,777,2026-04-07 14:01:04+00:00,2026-04-07 14:01:04+00:00
10,com gobierno madrid nuevo trump,21782,2026-04-07 14:01:04+00:00,2026-04-07 14:01:04+00:00
11,039 años españa irán quot,467,2026-04-07 14:01:04+00:00,2026-04-07 14:01:04+00:00
12,000 100 españa euros millones,1004,2026-04-07 14:01:04+00:00,2026-04-07 14:01:04+00:00
13,años hace muere tras tres,1152,2026-04-07 14:01:04+00:00,2026-04-07 14:01:04+00:00
14,artemis astronautas ii luna misión,693,2026-04-07 14:01:04+00:00,2026-04-07 14:01:04+00:00
0,2026 abril hoy internacional marzo,2640,2026-04-07 14:31:04+00:00,2026-04-07 14:31:04+00:00
1,directo guerra irán israel última,2086,2026-04-07 14:31:04+00:00,2026-04-07 14:31:04+00:00
2,así nueva nuevo ser si,20128,2026-04-07 14:31:04+00:00,2026-04-07 14:31:04+00:00
3,039 años españa irán quot,469,2026-04-07 14:31:04+00:00,2026-04-07 14:31:04+00:00
4,cuerpo españa gobierno pp sánchez,920,2026-04-07 14:31:04+00:00,2026-04-07 14:31:04+00:00
5,años dos meses tras tres,519,2026-04-07 14:31:04+00:00,2026-04-07 14:31:04+00:00
6,2026 españa málaga santa semana,1203,2026-04-07 14:31:04+00:00,2026-04-07 14:31:04+00:00
7,accidente años españa ser tras,1394,2026-04-07 14:31:04+00:00,2026-04-07 14:31:04+00:00
8,años después dos hace muere,1574,2026-04-07 14:31:04+00:00,2026-04-07 14:31:04+00:00
9,eeuu guerra irán ormuz trump,1364,2026-04-07 14:31:04+00:00,2026-04-07 14:31:04+00:00
10,com dw elplural españa internacional,1258,2026-04-07 14:31:04+00:00,2026-04-07 14:31:04+00:00
11,atlético barcelona internacional madrid real,946,2026-04-07 14:31:04+00:00,2026-04-07 14:31:04+00:00
12,arcadi cuerpo economía españa hacienda,2313,2026-04-07 14:31:04+00:00,2026-04-07 14:31:04+00:00
13,artemis astronautas ii luna misión,685,2026-04-07 14:31:04+00:00,2026-04-07 14:31:04+00:00
14,000 euros millones real zaragoza,1777,2026-04-07 14:31:04+00:00,2026-04-07 14:31:04+00:00
0,andalucía elecciones podemos quot si,848,2026-04-07 15:01:05+00:00,2026-04-07 15:01:05+00:00
1,gobierno madrid quot tras zaragoza,23115,2026-04-07 15:01:05+00:00,2026-04-07 15:01:05+00:00
2,cadena irán puede ser tras,677,2026-04-07 15:01:05+00:00,2026-04-07 15:01:05+00:00
3,arcadi carlos cuerpo españa hacienda,484,2026-04-07 15:01:05+00:00,2026-04-07 15:01:05+00:00
4,2026 abril comprobar hoy marzo,1066,2026-04-07 15:01:05+00:00,2026-04-07 15:01:05+00:00
5,eeuu guerra irán ormuz trump,1396,2026-04-07 15:01:05+00:00,2026-04-07 15:01:05+00:00
6,años españa luna primera vez,519,2026-04-07 15:01:05+00:00,2026-04-07 15:01:05+00:00
7,50 años hace muere tras,1194,2026-04-07 15:01:05+00:00,2026-04-07 15:01:05+00:00
8,años dos españa irán tras,848,2026-04-07 15:01:05+00:00,2026-04-07 15:01:05+00:00
9,2026 españa málaga santa semana,1224,2026-04-07 15:01:05+00:00,2026-04-07 15:01:05+00:00
10,2026 diario día internacional madrid,2045,2026-04-07 15:01:05+00:00,2026-04-07 15:01:05+00:00
11,com dw elplural españa internacional,1296,2026-04-07 15:01:05+00:00,2026-04-07 15:01:05+00:00
12,directo guerra irán israel última,2111,2026-04-07 15:01:05+00:00,2026-04-07 15:01:05+00:00
13,economía egipto españa guerra millones,2197,2026-04-07 15:01:05+00:00,2026-04-07 15:01:05+00:00
14,años internacional quot toda vida,350,2026-04-07 15:01:05+00:00,2026-04-07 15:01:05+00:00
0,blanca casa españa salón trump,404,2026-04-07 15:31:11+00:00,2026-04-07 15:31:11+00:00
1,feijóo partido pp psoe vox,488,2026-04-07 15:31:11+00:00,2026-04-07 15:31:11+00:00
2,artemis astronautas ii luna misión,701,2026-04-07 15:31:11+00:00,2026-04-07 15:31:11+00:00
3,casademont dos real viento zaragoza,747,2026-04-07 15:31:11+00:00,2026-04-07 15:31:11+00:00
4,arcadi com economía españa millones,2542,2026-04-07 15:31:11+00:00,2026-04-07 15:31:11+00:00
5,2026 com día españa internacional,2409,2026-04-07 15:31:11+00:00,2026-04-07 15:31:11+00:00
6,directo guerra irán israel última,2322,2026-04-07 15:31:11+00:00,2026-04-07 15:31:11+00:00
7,000 dos euros madrid quot,21764,2026-04-07 15:31:11+00:00,2026-04-07 15:31:11+00:00
8,2026 españa málaga santa semana,1214,2026-04-07 15:31:11+00:00,2026-04-07 15:31:11+00:00
9,años dos hace quot tras,1275,2026-04-07 15:31:11+00:00,2026-04-07 15:31:11+00:00
10,arcadi españa hacienda ministro nuevo,755,2026-04-07 15:31:11+00:00,2026-04-07 15:31:11+00:00
11,cuerpo españa gobierno sánchez vasco,895,2026-04-07 15:31:11+00:00,2026-04-07 15:31:11+00:00
12,2026 abril comprobar hoy marzo,1027,2026-04-07 15:31:11+00:00,2026-04-07 15:31:11+00:00
13,cadena irán puede ser tras,687,2026-04-07 15:31:11+00:00,2026-04-07 15:31:11+00:00
14,eeuu irán ormuz tras trump,2265,2026-04-07 15:31:11+00:00,2026-04-07 15:31:11+00:00
0,años dos españa ser tras,1479,2026-04-07 16:01:05+00:00,2026-04-07 16:01:05+00:00
1,eeuu estrecho irán ormuz trump,915,2026-04-07 16:01:05+00:00,2026-04-07 16:01:05+00:00
2,directo guerra hora irán última,1453,2026-04-07 16:01:05+00:00,2026-04-07 16:01:05+00:00
3,com dw elplural españa internacional,1272,2026-04-07 16:01:05+00:00,2026-04-07 16:01:05+00:00
4,años dos madrid quot zaragoza,22287,2026-04-07 16:01:05+00:00,2026-04-07 16:01:05+00:00
5,eeuu guerra irán otan trump,1188,2026-04-07 16:01:05+00:00,2026-04-07 16:01:05+00:00
6,castillo eutanasia gobierno noelia si,1309,2026-04-07 16:01:05+00:00,2026-04-07 16:01:05+00:00
7,000 años españa euros millones,1071,2026-04-07 16:01:05+00:00,2026-04-07 16:01:05+00:00
8,cuerpo españa gobierno pedro sánchez,772,2026-04-07 16:01:05+00:00,2026-04-07 16:01:05+00:00
9,2026 españa málaga santa semana,1224,2026-04-07 16:01:05+00:00,2026-04-07 16:01:05+00:00
10,2026 abril comprobar hoy marzo,1010,2026-04-07 16:01:05+00:00,2026-04-07 16:01:05+00:00
11,artemis astronautas ii luna misión,698,2026-04-07 16:01:05+00:00,2026-04-07 16:01:05+00:00
12,ee guerra irán trump uu,499,2026-04-07 16:01:05+00:00,2026-04-07 16:01:05+00:00
13,2026 diario día españa internacional,2078,2026-04-07 16:01:05+00:00,2026-04-07 16:01:05+00:00
14,arcadi economía egipto españa millones,2336,2026-04-07 16:01:05+00:00,2026-04-07 16:01:05+00:00
0,carlos cuerpo españa juan primer,616,2026-04-07 16:31:06+00:00,2026-04-07 16:31:06+00:00
1,años deportivo españa internacional mundo,600,2026-04-07 16:31:06+00:00,2026-04-07 16:31:06+00:00
2,años dos heridos irán tras,860,2026-04-07 16:31:06+00:00,2026-04-07 16:31:06+00:00
3,arcadi españa hacienda ministro nuevo,756,2026-04-07 16:31:06+00:00,2026-04-07 16:31:06+00:00
4,2026 abril gobierno hoy tras,22798,2026-04-07 16:31:06+00:00,2026-04-07 16:31:06+00:00
5,50 años muere tras tres,1163,2026-04-07 16:31:06+00:00,2026-04-07 16:31:06+00:00
6,2026 com diario día internacional,2311,2026-04-07 16:31:06+00:00,2026-04-07 16:31:06+00:00
7,000 2025 españa euros millones,1308,2026-04-07 16:31:06+00:00,2026-04-07 16:31:06+00:00
8,casademont madrid partido real zaragoza,971,2026-04-07 16:31:06+00:00,2026-04-07 16:31:06+00:00
9,2026 españa málaga santa semana,1215,2026-04-07 16:31:06+00:00,2026-04-07 16:31:06+00:00
10,eeuu guerra irán ormuz trump,1433,2026-04-07 16:31:06+00:00,2026-04-07 16:31:06+00:00
11,directo guerra irán israel última,2175,2026-04-07 16:31:06+00:00,2026-04-07 16:31:06+00:00
12,arcadi com cuerpo economía españa,2577,2026-04-07 16:31:06+00:00,2026-04-07 16:31:06+00:00
13,039 años españa irán quot,472,2026-04-07 16:31:06+00:00,2026-04-07 16:31:06+00:00
14,andalucía elecciones iu podemos sumar,450,2026-04-07 16:31:06+00:00,2026-04-07 16:31:06+00:00
0,000 artemis gobierno quot zaragoza,21979,2026-04-07 17:01:05+00:00,2026-04-07 17:01:05+00:00
1,estrecho irán ormuz países trump,466,2026-04-07 17:01:05+00:00,2026-04-07 17:01:05+00:00
2,años dos españa heridos tras,877,2026-04-07 17:01:05+00:00,2026-04-07 17:01:05+00:00
3,arcadi com economía españa millones,2634,2026-04-07 17:01:05+00:00,2026-04-07 17:01:05+00:00
4,2026 españa málaga santa semana,1216,2026-04-07 17:01:05+00:00,2026-04-07 17:01:05+00:00
5,eeuu irán otan tras trump,1199,2026-04-07 17:01:05+00:00,2026-04-07 17:01:05+00:00
6,barcelona madrid real ser tras,2030,2026-04-07 17:01:05+00:00,2026-04-07 17:01:05+00:00
7,arcadi españa hacienda ministro nuevo,759,2026-04-07 17:01:05+00:00,2026-04-07 17:01:05+00:00
8,2026 abril comprobar hoy marzo,1061,2026-04-07 17:01:05+00:00,2026-04-07 17:01:05+00:00
9,2026 com día españa internacional,2376,2026-04-07 17:01:05+00:00,2026-04-07 17:01:05+00:00
10,directo guerra hora irán israel,792,2026-04-07 17:01:05+00:00,2026-04-07 17:01:05+00:00
11,directo guerra irán trump última,1863,2026-04-07 17:01:05+00:00,2026-04-07 17:01:05+00:00
12,feijóo gobierno pp psoe vox,771,2026-04-07 17:01:05+00:00,2026-04-07 17:01:05+00:00
13,años hace muere quot tras,1236,2026-04-07 17:01:05+00:00,2026-04-07 17:01:05+00:00
14,años cómo españa irán ver,519,2026-04-07 17:01:05+00:00,2026-04-07 17:01:05+00:00
0,039 españa quot sánchez trump,98,2026-04-07 17:31:03+00:00,2026-04-07 17:31:03+00:00
1,dos irán quot tras trump,1652,2026-04-07 17:31:03+00:00,2026-04-07 17:31:03+00:00
2,arcadi cuerpo economía españa millones,2403,2026-04-07 17:31:03+00:00,2026-04-07 17:31:03+00:00
3,000 dos gobierno madrid trump,21979,2026-04-07 17:31:03+00:00,2026-04-07 17:31:03+00:00
4,artemis astronautas ii luna misión,703,2026-04-07 17:31:03+00:00,2026-04-07 17:31:03+00:00
5,directo guerra irán israel trump,2705,2026-04-07 17:31:03+00:00,2026-04-07 17:31:03+00:00
6,com elplural españa internacional irán,1414,2026-04-07 17:31:03+00:00,2026-04-07 17:31:03+00:00
7,cadena irán mundo ser tras,1051,2026-04-07 17:31:03+00:00,2026-04-07 17:31:03+00:00
8,2026 abril comprobar hoy marzo,1007,2026-04-07 17:31:03+00:00,2026-04-07 17:31:03+00:00
9,in malaga of the to,272,2026-04-07 17:31:03+00:00,2026-04-07 17:31:03+00:00
10,años dos real tras zaragoza,1859,2026-04-07 17:31:03+00:00,2026-04-07 17:31:03+00:00
11,españa internacional nueva tras york,612,2026-04-07 17:31:03+00:00,2026-04-07 17:31:03+00:00
12,2026 diario día españa internacional,2069,2026-04-07 17:31:03+00:00,2026-04-07 17:31:03+00:00
13,2026 españa málaga santa semana,1226,2026-04-07 17:31:03+00:00,2026-04-07 17:31:03+00:00
14,arcadi españa hacienda ministro nuevo,785,2026-04-07 17:31:03+00:00,2026-04-07 17:31:03+00:00
0,bolsamania com economía españa guerra,369,2026-04-07 18:01:03+00:00,2026-04-07 18:01:03+00:00
1,000 100 españa euros millones,1050,2026-04-07 18:01:03+00:00,2026-04-07 18:01:03+00:00
2,cadena irán puede ser tras,688,2026-04-07 18:01:03+00:00,2026-04-07 18:01:03+00:00
3,accidente detenido dos heridos tras,1844,2026-04-07 18:01:03+00:00,2026-04-07 18:01:03+00:00
4,años después hace muere tras,1255,2026-04-07 18:01:03+00:00,2026-04-07 18:01:03+00:00
5,com dw españa internacional irán,1298,2026-04-07 18:01:03+00:00,2026-04-07 18:01:03+00:00
6,2026 abril hoy madrid zaragoza,23010,2026-04-07 18:01:03+00:00,2026-04-07 18:01:03+00:00
7,egipto españa guerra impuesto millones,2056,2026-04-07 18:01:03+00:00,2026-04-07 18:01:03+00:00
8,2026 españa málaga santa semana,1211,2026-04-07 18:01:03+00:00,2026-04-07 18:01:03+00:00
9,españa irán país trump vasco,632,2026-04-07 18:01:03+00:00,2026-04-07 18:01:03+00:00
10,feijóo gobierno pp psoe vox,709,2026-04-07 18:01:03+00:00,2026-04-07 18:01:03+00:00
11,guerra irán quot si trump,625,2026-04-07 18:01:03+00:00,2026-04-07 18:01:03+00:00
12,arcadi carlos cuerpo españa hacienda,466,2026-04-07 18:01:03+00:00,2026-04-07 18:01:03+00:00
13,2026 diario día españa internacional,2094,2026-04-07 18:01:03+00:00,2026-04-07 18:01:03+00:00
14,directo guerra irán israel trump,2600,2026-04-07 18:01:03+00:00,2026-04-07 18:01:03+00:00
0,años dos hace muere tras,1243,2026-04-07 18:31:02+00:00,2026-04-07 18:31:02+00:00
1,arcadi cuerpo españa hacienda millones,2451,2026-04-07 18:31:02+00:00,2026-04-07 18:31:02+00:00
2,com elplural españa internacional irán,1362,2026-04-07 18:31:02+00:00,2026-04-07 18:31:02+00:00
3,2026 diario día españa internacional,2061,2026-04-07 18:31:02+00:00,2026-04-07 18:31:02+00:00
4,educación especial granada internacional lidera,75,2026-04-07 18:31:02+00:00,2026-04-07 18:31:02+00:00
5,años deportivo españa internacional mundo,593,2026-04-07 18:31:02+00:00,2026-04-07 18:31:02+00:00
6,españa internacional maduro nueva york,613,2026-04-07 18:31:02+00:00,2026-04-07 18:31:02+00:00
7,artemis astronautas ii luna misión,714,2026-04-07 18:31:02+00:00,2026-04-07 18:31:02+00:00
8,directo guerra hora irán última,613,2026-04-07 18:31:02+00:00,2026-04-07 18:31:02+00:00
9,ee guerra irán ormuz trump,2606,2026-04-07 18:31:02+00:00,2026-04-07 18:31:02+00:00
10,000 2025 españa euros millones,1139,2026-04-07 18:31:02+00:00,2026-04-07 18:31:02+00:00
11,españa guerra irán quot si,601,2026-04-07 18:31:02+00:00,2026-04-07 18:31:02+00:00
12,2026 hoy madrid tras zaragoza,24060,2026-04-07 18:31:02+00:00,2026-04-07 18:31:02+00:00
13,eeuu guerra irán israel trump,617,2026-04-07 18:31:02+00:00,2026-04-07 18:31:02+00:00
14,2026 españa málaga santa semana,1226,2026-04-07 18:31:02+00:00,2026-04-07 18:31:02+00:00
0,directo guerra hora irán última,664,2026-04-07 19:01:09+00:00,2026-04-07 19:01:09+00:00
1,eeuu guerra irán ormuz trump,1766,2026-04-07 19:01:09+00:00,2026-04-07 19:01:09+00:00
2,000 com dos gobierno nuevo,22214,2026-04-07 19:01:09+00:00,2026-04-07 19:01:09+00:00
3,atlético barcelona internacional madrid real,985,2026-04-07 19:01:09+00:00,2026-04-07 19:01:09+00:00
4,2026 abril comprobar hoy marzo,1017,2026-04-07 19:01:09+00:00,2026-04-07 19:01:09+00:00
5,com españa guerra inflación irán,1403,2026-04-07 19:01:09+00:00,2026-04-07 19:01:09+00:00
6,coi femeninas mujeres santa semana,205,2026-04-07 19:01:09+00:00,2026-04-07 19:01:09+00:00
7,2026 com día españa internacional,2457,2026-04-07 19:01:09+00:00,2026-04-07 19:01:09+00:00
8,2026 españa málaga santa semana,1193,2026-04-07 19:01:09+00:00,2026-04-07 19:01:09+00:00
9,000 2025 españa euros millones,815,2026-04-07 19:01:09+00:00,2026-04-07 19:01:09+00:00
10,arcadi com cuerpo españa hacienda,2521,2026-04-07 19:01:09+00:00,2026-04-07 19:01:09+00:00
11,artemis astronautas ii luna misión,703,2026-04-07 19:01:09+00:00,2026-04-07 19:01:09+00:00
12,años irán quot ser tras,1826,2026-04-07 19:01:09+00:00,2026-04-07 19:01:09+00:00
13,años dos muere real zaragoza,1749,2026-04-07 19:01:09+00:00,2026-04-07 19:01:09+00:00
14,cómo españa guerra irán ver,502,2026-04-07 19:01:09+00:00,2026-04-07 19:01:09+00:00
0,años españa tras trump vuelve,311,2026-04-07 19:31:03+00:00,2026-04-07 19:31:03+00:00
1,2026 españa málaga santa semana,1212,2026-04-07 19:31:03+00:00,2026-04-07 19:31:03+00:00
2,000 com gobierno madrid trump,22732,2026-04-07 19:31:03+00:00,2026-04-07 19:31:03+00:00
3,años dos irán tras tres,844,2026-04-07 19:31:03+00:00,2026-04-07 19:31:03+00:00
4,años deportivo españa internacional mundo,610,2026-04-07 19:31:03+00:00,2026-04-07 19:31:03+00:00
5,españoles espinosa monteros partido vox,375,2026-04-07 19:31:03+00:00,2026-04-07 19:31:03+00:00
6,039 años españa irán quot,475,2026-04-07 19:31:03+00:00,2026-04-07 19:31:03+00:00
7,arcadi com cuerpo españa millones,2868,2026-04-07 19:31:03+00:00,2026-04-07 19:31:03+00:00
8,directo guerra irán israel trump,2830,2026-04-07 19:31:03+00:00,2026-04-07 19:31:03+00:00
9,2026 abril comprobar hoy marzo,1068,2026-04-07 19:31:03+00:00,2026-04-07 19:31:03+00:00
10,andalucía elecciones iu podemos sumar,373,2026-04-07 19:31:03+00:00,2026-04-07 19:31:03+00:00
11,2026 com día españa internacional,2471,2026-04-07 19:31:03+00:00,2026-04-07 19:31:03+00:00
12,casademont madrid partido real zaragoza,1026,2026-04-07 19:31:03+00:00,2026-04-07 19:31:03+00:00
13,gobierno pp psoe sánchez vox,573,2026-04-07 19:31:03+00:00,2026-04-07 19:31:03+00:00
14,años hombre muere ser tras,2290,2026-04-07 19:31:03+00:00,2026-04-07 19:31:03+00:00
0,españa gobierno guerra pide pp,391,2026-04-07 20:01:05+00:00,2026-04-07 20:01:05+00:00
1,años com gobierno madrid zaragoza,22591,2026-04-07 20:01:05+00:00,2026-04-07 20:01:05+00:00
2,años detenido dos ser tras,2059,2026-04-07 20:01:05+00:00,2026-04-07 20:01:05+00:00
3,cómo españa internacional irán ver,499,2026-04-07 20:01:05+00:00,2026-04-07 20:01:05+00:00
4,arcadi com cuerpo economía españa,2743,2026-04-07 20:01:05+00:00,2026-04-07 20:01:05+00:00
5,abril barcelona hoy madrid marzo,1019,2026-04-07 20:01:05+00:00,2026-04-07 20:01:05+00:00
6,000 100 españa euros millones,1092,2026-04-07 20:01:05+00:00,2026-04-07 20:01:05+00:00
7,2026 abril horóscopo hoy marzo,917,2026-04-07 20:01:05+00:00,2026-04-07 20:01:05+00:00
8,eeuu guerra irán israel trump,600,2026-04-07 20:01:05+00:00,2026-04-07 20:01:05+00:00
9,directo guerra irán israel trump,2648,2026-04-07 20:01:05+00:00,2026-04-07 20:01:05+00:00
10,2026 com día españa internacional,2512,2026-04-07 20:01:05+00:00,2026-04-07 20:01:05+00:00
11,2026 españa málaga santa semana,1224,2026-04-07 20:01:05+00:00,2026-04-07 20:01:05+00:00
12,039 años irán quot si,470,2026-04-07 20:01:05+00:00,2026-04-07 20:01:05+00:00
13,así españa nuevo puedes tras,625,2026-04-07 20:01:05+00:00,2026-04-07 20:01:05+00:00
14,artemis astronautas ii luna misión,703,2026-04-07 20:01:05+00:00,2026-04-07 20:01:05+00:00
0,españa futuro guerra ia internacional,169,2026-04-07 20:31:05+00:00,2026-04-07 20:31:05+00:00
1,directo guerra irán israel última,2283,2026-04-07 20:31:05+00:00,2026-04-07 20:31:05+00:00
2,así españa irán puedes tras,632,2026-04-07 20:31:05+00:00,2026-04-07 20:31:05+00:00
3,años españa primera valencia vez,778,2026-04-07 20:31:05+00:00,2026-04-07 20:31:05+00:00
4,arcadi com economía españa millones,2684,2026-04-07 20:31:05+00:00,2026-04-07 20:31:05+00:00
5,2026 españa málaga santa semana,1229,2026-04-07 20:31:05+00:00,2026-04-07 20:31:05+00:00
6,artemis astronautas ii luna misión,691,2026-04-07 20:31:05+00:00,2026-04-07 20:31:05+00:00
7,000 años gobierno madrid quot,22990,2026-04-07 20:31:05+00:00,2026-04-07 20:31:05+00:00
8,2026 abril comprobar hoy marzo,1090,2026-04-07 20:31:05+00:00,2026-04-07 20:31:05+00:00
9,arcadi españa hacienda ministro nuevo,736,2026-04-07 20:31:05+00:00,2026-04-07 20:31:05+00:00
10,2026 com diario día internacional,2423,2026-04-07 20:31:05+00:00,2026-04-07 20:31:05+00:00
11,años com españa ser tras,1458,2026-04-07 20:31:05+00:00,2026-04-07 20:31:05+00:00
12,eeuu guerra irán ormuz trump,1410,2026-04-07 20:31:05+00:00,2026-04-07 20:31:05+00:00
13,años dos españa heridos tras,866,2026-04-07 20:31:05+00:00,2026-04-07 20:31:05+00:00
14,casademont partido real viento zaragoza,731,2026-04-07 20:31:05+00:00,2026-04-07 20:31:05+00:00
0,cuerpo españa gobierno pp sánchez,934,2026-04-07 21:01:06+00:00,2026-04-07 21:01:06+00:00
1,2026 diario día españa internacional,2131,2026-04-07 21:01:06+00:00,2026-04-07 21:01:06+00:00
2,directo guerra irán israel última,2144,2026-04-07 21:01:06+00:00,2026-04-07 21:01:06+00:00
3,2026 españa málaga santa semana,1211,2026-04-07 21:01:06+00:00,2026-04-07 21:01:06+00:00
4,2026 abril comprobar hoy marzo,1051,2026-04-07 21:01:06+00:00,2026-04-07 21:01:06+00:00
5,años cada españa primera vez,546,2026-04-07 21:01:06+00:00,2026-04-07 21:01:06+00:00
6,eeuu guerra irán ormuz trump,1436,2026-04-07 21:01:06+00:00,2026-04-07 21:01:06+00:00
7,arcadi economía españa hacienda millones,2401,2026-04-07 21:01:06+00:00,2026-04-07 21:01:06+00:00
8,artemis astronautas ii luna misión,680,2026-04-07 21:01:06+00:00,2026-04-07 21:01:06+00:00
9,así años dos madrid tras,23536,2026-04-07 21:01:06+00:00,2026-04-07 21:01:06+00:00
10,casademont dos real viento zaragoza,742,2026-04-07 21:01:06+00:00,2026-04-07 21:01:06+00:00
11,cómo españa internacional irán ver,503,2026-04-07 21:01:06+00:00,2026-04-07 21:01:06+00:00
12,000 100 españa euros millones,1077,2026-04-07 21:01:06+00:00,2026-04-07 21:01:06+00:00
13,com dw elplural españa internacional,1313,2026-04-07 21:01:06+00:00,2026-04-07 21:01:06+00:00
14,039 años irán quot si,471,2026-04-07 21:01:06+00:00,2026-04-07 21:01:06+00:00
0,andalucía elecciones iu podemos sumar,408,2026-04-07 21:31:07+00:00,2026-04-07 21:31:07+00:00
1,años dos madrid tras zaragoza,24043,2026-04-07 21:31:07+00:00,2026-04-07 21:31:07+00:00
2,españa hacienda internacional ministro nuevo,763,2026-04-07 21:31:07+00:00,2026-04-07 21:31:07+00:00
3,2025 declaración españa millones renta,457,2026-04-07 21:31:07+00:00,2026-04-07 21:31:07+00:00
4,directo guerra irán israel última,2207,2026-04-07 21:31:07+00:00,2026-04-07 21:31:07+00:00
5,arcadi com economía españa guerra,2549,2026-04-07 21:31:07+00:00,2026-04-07 21:31:07+00:00
6,artemis astronautas ii luna misión,720,2026-04-07 21:31:07+00:00,2026-04-07 21:31:07+00:00
7,2026 españa málaga santa semana,1227,2026-04-07 21:31:07+00:00,2026-04-07 21:31:07+00:00
8,039 años irán quot si,472,2026-04-07 21:31:07+00:00,2026-04-07 21:31:07+00:00
9,eeuu guerra irán ormuz trump,1450,2026-04-07 21:31:07+00:00,2026-04-07 21:31:07+00:00
10,años internacional mundo primera vez,910,2026-04-07 21:31:07+00:00,2026-04-07 21:31:07+00:00
11,2026 abril comprobar hoy marzo,1110,2026-04-07 21:31:07+00:00,2026-04-07 21:31:07+00:00
12,2026 com diario día internacional,2419,2026-04-07 21:31:07+00:00,2026-04-07 21:31:07+00:00
13,feijóo gobierno pp psoe vox,715,2026-04-07 21:31:07+00:00,2026-04-07 21:31:07+00:00
14,cuerpo españa gobierno pedro sánchez,761,2026-04-07 21:31:07+00:00,2026-04-07 21:31:07+00:00
0,años cada españa primera vez,561,2026-04-07 22:01:31+00:00,2026-04-07 22:01:31+00:00
1,000 años dos gobierno zaragoza,22546,2026-04-07 22:01:31+00:00,2026-04-07 22:01:31+00:00
2,artemis astronautas ii luna misión,691,2026-04-07 22:01:31+00:00,2026-04-07 22:01:31+00:00
3,atlético barcelona madrid real zaragoza,1092,2026-04-07 22:01:31+00:00,2026-04-07 22:01:31+00:00
4,españa málaga procesiones santa semana,1222,2026-04-07 22:01:31+00:00,2026-04-07 22:01:31+00:00
5,directo guerra irán israel última,2207,2026-04-07 22:01:31+00:00,2026-04-07 22:01:31+00:00
6,estrecho irán ormuz quot trump,1557,2026-04-07 22:01:31+00:00,2026-04-07 22:01:31+00:00
7,2026 com diario día internacional,2332,2026-04-07 22:01:31+00:00,2026-04-07 22:01:31+00:00
8,años dos españa ser tras,1509,2026-04-07 22:01:31+00:00,2026-04-07 22:01:31+00:00
9,cuerpo españa gobierno pedro sánchez,752,2026-04-07 22:01:31+00:00,2026-04-07 22:01:31+00:00
10,arcadi economía egipto españa millones,2289,2026-04-07 22:01:31+00:00,2026-04-07 22:01:31+00:00
11,españa hacienda internacional ministro nuevo,753,2026-04-07 22:01:31+00:00,2026-04-07 22:01:31+00:00
12,años deportivo internacional irán mundo,605,2026-04-07 22:01:31+00:00,2026-04-07 22:01:31+00:00
13,com dw elplural españa irán,1107,2026-04-07 22:01:31+00:00,2026-04-07 22:01:31+00:00
14,2026 abril comprobar hoy marzo,1023,2026-04-07 22:01:31+00:00,2026-04-07 22:01:31+00:00
0,españa internacional maduro nueva york,618,2026-04-07 22:31:10+00:00,2026-04-07 22:31:10+00:00
1,arcadi cuerpo españa guerra hacienda,2473,2026-04-07 22:31:10+00:00,2026-04-07 22:31:10+00:00
2,eeuu guerra irán ormuz trump,2729,2026-04-07 22:31:10+00:00,2026-04-07 22:31:10+00:00
3,artemis astronautas ii luna misión,732,2026-04-07 22:31:10+00:00,2026-04-07 22:31:10+00:00
4,directo guerra hora irán última,625,2026-04-07 22:31:10+00:00,2026-04-07 22:31:10+00:00
5,dos españa ser tras trump,1421,2026-04-07 22:31:10+00:00,2026-04-07 22:31:10+00:00
6,com elplural españa internacional irán,1363,2026-04-07 22:31:10+00:00,2026-04-07 22:31:10+00:00
7,años dos hace muere tras,1311,2026-04-07 22:31:10+00:00,2026-04-07 22:31:10+00:00
8,2026 diario día españa internacional,2112,2026-04-07 22:31:10+00:00,2026-04-07 22:31:10+00:00
9,dos gobierno madrid quot zaragoza,22437,2026-04-07 22:31:10+00:00,2026-04-07 22:31:10+00:00
10,2026 españa mejor mejores mundo,538,2026-04-07 22:31:10+00:00,2026-04-07 22:31:10+00:00
11,000 100 españa euros millones,1054,2026-04-07 22:31:10+00:00,2026-04-07 22:31:10+00:00
12,feijóo gobierno pp psoe vox,749,2026-04-07 22:31:10+00:00,2026-04-07 22:31:10+00:00
13,2026 españa málaga santa semana,1218,2026-04-07 22:31:10+00:00,2026-04-07 22:31:10+00:00
14,2026 abril comprobar hoy marzo,947,2026-04-07 22:31:10+00:00,2026-04-07 22:31:10+00:00
0,caso juicio kitchen koldo ábalos,624,2026-04-07 23:01:06+00:00,2026-04-07 23:01:06+00:00
1,com españa guerra inflación irán,1436,2026-04-07 23:01:06+00:00,2026-04-07 23:01:06+00:00
2,arcadi com cuerpo economía españa,2719,2026-04-07 23:01:06+00:00,2026-04-07 23:01:06+00:00
3,gobierno madrid quot tras zaragoza,22214,2026-04-07 23:01:06+00:00,2026-04-07 23:01:06+00:00
4,artemis astronautas ii luna misión,734,2026-04-07 23:01:06+00:00,2026-04-07 23:01:06+00:00
5,años hace muere quot tras,1231,2026-04-07 23:01:06+00:00,2026-04-07 23:01:06+00:00
6,años dos españa heridos tras,877,2026-04-07 23:01:06+00:00,2026-04-07 23:01:06+00:00
7,in malaga of the to,411,2026-04-07 23:01:06+00:00,2026-04-07 23:01:06+00:00
8,nuevo pp psoe tras vox,1219,2026-04-07 23:01:06+00:00,2026-04-07 23:01:06+00:00
9,eeuu guerra irán ormuz trump,2066,2026-04-07 23:01:06+00:00,2026-04-07 23:01:06+00:00
10,españa málaga procesiones santa semana,1229,2026-04-07 23:01:06+00:00,2026-04-07 23:01:06+00:00
11,2026 com día españa internacional,2545,2026-04-07 23:01:06+00:00,2026-04-07 23:01:06+00:00
12,000 2025 españa euros millones,1361,2026-04-07 23:01:06+00:00,2026-04-07 23:01:06+00:00
13,directo guerra hora irán última,622,2026-04-07 23:01:06+00:00,2026-04-07 23:01:06+00:00
14,2026 abril comprobar hoy marzo,1082,2026-04-07 23:01:06+00:00,2026-04-07 23:01:06+00:00
0,eeuu guerra irán israel trump,611,2026-04-07 23:31:06+00:00,2026-04-07 23:31:06+00:00
1,artemis astronautas ii luna misión,714,2026-04-07 23:31:06+00:00,2026-04-07 23:31:06+00:00
2,guerra irán ormuz trump ultimátum,1320,2026-04-07 23:31:06+00:00,2026-04-07 23:31:06+00:00
3,com diario día españa internacional,2317,2026-04-07 23:31:06+00:00,2026-04-07 23:31:06+00:00
4,años dos santa semana zaragoza,22970,2026-04-07 23:31:06+00:00,2026-04-07 23:31:06+00:00
5,2026 abril comprobar hoy marzo,789,2026-04-07 23:31:06+00:00,2026-04-07 23:31:06+00:00
6,000 españa euros gobierno millones,1930,2026-04-07 23:31:06+00:00,2026-04-07 23:31:06+00:00
7,años dos españa ser tras,1521,2026-04-07 23:31:06+00:00,2026-04-07 23:31:06+00:00
8,directo guerra irán israel última,1923,2026-04-07 23:31:06+00:00,2026-04-07 23:31:06+00:00
9,2026 abril españa internacional semana,917,2026-04-07 23:31:06+00:00,2026-04-07 23:31:06+00:00
10,039 años irán quot si,472,2026-04-07 23:31:06+00:00,2026-04-07 23:31:06+00:00
11,arcadi com economía españa guerra,2559,2026-04-07 23:31:06+00:00,2026-04-07 23:31:06+00:00
12,atlético barcelona madrid real rosalía,1036,2026-04-07 23:31:06+00:00,2026-04-07 23:31:06+00:00
13,cuerpo españa gobierno pedro sánchez,780,2026-04-07 23:31:06+00:00,2026-04-07 23:31:06+00:00
14,años dos meses tras tres,527,2026-04-07 23:31:06+00:00,2026-04-07 23:31:06+00:00
0,2025 declaración españa millones renta,445,2026-04-08 00:01:07+00:00,2026-04-08 00:01:07+00:00
1,000 dos internacional madrid trump,24699,2026-04-08 00:01:07+00:00,2026-04-08 00:01:07+00:00
2,2026 españa málaga santa semana,1226,2026-04-08 00:01:07+00:00,2026-04-08 00:01:07+00:00
3,decreto españa gobierno precio vivienda,239,2026-04-08 00:01:07+00:00,2026-04-08 00:01:07+00:00
4,dos españa ser tras trump,1401,2026-04-08 00:01:07+00:00,2026-04-08 00:01:07+00:00
5,casademont dos real viento zaragoza,727,2026-04-08 00:01:07+00:00,2026-04-08 00:01:07+00:00
6,arcadi españa hacienda ministro nuevo,775,2026-04-08 00:01:07+00:00,2026-04-08 00:01:07+00:00
7,directo guerra irán israel trump,2780,2026-04-08 00:01:07+00:00,2026-04-08 00:01:07+00:00
8,2026 abril comprobar hoy marzo,1167,2026-04-08 00:01:07+00:00,2026-04-08 00:01:07+00:00
9,cuerpo españa gobierno pp sánchez,904,2026-04-08 00:01:07+00:00,2026-04-08 00:01:07+00:00
10,039 años españa irán quot,471,2026-04-08 00:01:07+00:00,2026-04-08 00:01:07+00:00
11,arcadi egipto españa guerra millones,2309,2026-04-08 00:01:07+00:00,2026-04-08 00:01:07+00:00
12,com elplural españa internacional irán,1377,2026-04-08 00:01:07+00:00,2026-04-08 00:01:07+00:00
13,españa internacional nueva tras york,612,2026-04-08 00:01:07+00:00,2026-04-08 00:01:07+00:00
14,años dos hace muere tras,1278,2026-04-08 00:01:07+00:00,2026-04-08 00:01:07+00:00
0,ataques guerra israel líbano sur,301,2026-04-08 00:31:08+00:00,2026-04-08 00:31:08+00:00
1,000 años quot tras zaragoza,23682,2026-04-08 00:31:08+00:00,2026-04-08 00:31:08+00:00
2,así españa irán nuevo tras,646,2026-04-08 00:31:08+00:00,2026-04-08 00:31:08+00:00
3,años dos heridos irán tras,865,2026-04-08 00:31:08+00:00,2026-04-08 00:31:08+00:00
4,artemis astronautas ii luna misión,742,2026-04-08 00:31:08+00:00,2026-04-08 00:31:08+00:00
5,2026 com día españa internacional,2521,2026-04-08 00:31:08+00:00,2026-04-08 00:31:08+00:00
6,2026 españa málaga santa semana,1221,2026-04-08 00:31:08+00:00,2026-04-08 00:31:08+00:00
7,españa gobierno pp sánchez vasco,862,2026-04-08 00:31:08+00:00,2026-04-08 00:31:08+00:00
8,arcadi carlos cuerpo españa sánchez,579,2026-04-08 00:31:08+00:00,2026-04-08 00:31:08+00:00
9,com economía españa guerra millones,2708,2026-04-08 00:31:08+00:00,2026-04-08 00:31:08+00:00
10,juicio kitchen koldo pide ábalos,715,2026-04-08 00:31:08+00:00,2026-04-08 00:31:08+00:00
11,2026 abril comprobar hoy marzo,1104,2026-04-08 00:31:08+00:00,2026-04-08 00:31:08+00:00
12,directo guerra irán israel trump,3007,2026-04-08 00:31:08+00:00,2026-04-08 00:31:08+00:00
13,atlético barcelona internacional madrid real,1027,2026-04-08 00:31:08+00:00,2026-04-08 00:31:08+00:00
14,feijóo partido pp tras vox,428,2026-04-08 00:31:08+00:00,2026-04-08 00:31:08+00:00
0,artemis astronautas ii luna misión,721,2026-04-08 01:01:07+00:00,2026-04-08 01:01:07+00:00
1,eeuu guerra irán ormuz trump,1517,2026-04-08 01:01:07+00:00,2026-04-08 01:01:07+00:00
2,arcadi com cuerpo economía españa,2769,2026-04-08 01:01:07+00:00,2026-04-08 01:01:07+00:00
3,000 2025 españa euros millones,1332,2026-04-08 01:01:07+00:00,2026-04-08 01:01:07+00:00
4,casademont partido real viento zaragoza,716,2026-04-08 01:01:07+00:00,2026-04-08 01:01:07+00:00
5,años final hace historia mara,695,2026-04-08 01:01:07+00:00,2026-04-08 01:01:07+00:00
6,años dos españa heridos tras,872,2026-04-08 01:01:07+00:00,2026-04-08 01:01:07+00:00
7,españa málaga procesiones santa semana,1227,2026-04-08 01:01:07+00:00,2026-04-08 01:01:07+00:00
8,así españa irán nuevo tras,632,2026-04-08 01:01:07+00:00,2026-04-08 01:01:07+00:00
9,2026 com día españa internacional,2513,2026-04-08 01:01:07+00:00,2026-04-08 01:01:07+00:00
10,castillo eutanasia muerte noelia pena,511,2026-04-08 01:01:07+00:00,2026-04-08 01:01:07+00:00
11,directo guerra irán israel última,2240,2026-04-08 01:01:07+00:00,2026-04-08 01:01:07+00:00
12,2026 abril comprobar hoy marzo,1051,2026-04-08 01:01:07+00:00,2026-04-08 01:01:07+00:00
13,años com gobierno madrid quot,22179,2026-04-08 01:01:07+00:00,2026-04-08 01:01:07+00:00
14,años com españa ser tras,1473,2026-04-08 01:01:07+00:00,2026-04-08 01:01:07+00:00
0,directo guerra irán israel trump,2752,2026-04-08 01:31:17+00:00,2026-04-08 01:31:17+00:00
1,feijóo gobierno pp psoe vox,690,2026-04-08 01:31:17+00:00,2026-04-08 01:31:17+00:00
2,com elplural españa internacional irán,1413,2026-04-08 01:31:17+00:00,2026-04-08 01:31:17+00:00
3,arcadi carlos cuerpo españa hacienda,488,2026-04-08 01:31:17+00:00,2026-04-08 01:31:17+00:00
4,años dos muere tras tres,1844,2026-04-08 01:31:17+00:00,2026-04-08 01:31:17+00:00
5,039 años españa irán quot,472,2026-04-08 01:31:17+00:00,2026-04-08 01:31:17+00:00
6,2025 egipto españa guerra millones,2370,2026-04-08 01:31:17+00:00,2026-04-08 01:31:17+00:00
7,caso juicio kitchen koldo ábalos,425,2026-04-08 01:31:17+00:00,2026-04-08 01:31:17+00:00
8,guerra irán ormuz si trump,621,2026-04-08 01:31:17+00:00,2026-04-08 01:31:17+00:00
9,000 gobierno madrid tras zaragoza,23423,2026-04-08 01:31:17+00:00,2026-04-08 01:31:17+00:00
10,2026 españa málaga santa semana,1230,2026-04-08 01:31:17+00:00,2026-04-08 01:31:17+00:00
11,2026 diario día españa internacional,2188,2026-04-08 01:31:17+00:00,2026-04-08 01:31:17+00:00
12,así españa internacional irán nuevo,721,2026-04-08 01:31:17+00:00,2026-04-08 01:31:17+00:00
13,2026 abril comprobar hoy marzo,1106,2026-04-08 01:31:17+00:00,2026-04-08 01:31:17+00:00
14,artemis astronautas ii luna misión,731,2026-04-08 01:31:17+00:00,2026-04-08 01:31:17+00:00
0,000 año españa guerra primer,706,2026-04-08 02:01:07+00:00,2026-04-08 02:01:07+00:00
1,2026 abril comprobar hoy marzo,1117,2026-04-08 02:01:07+00:00,2026-04-08 02:01:07+00:00
2,000 gobierno tras trump zaragoza,23603,2026-04-08 02:01:07+00:00,2026-04-08 02:01:07+00:00
3,españa málaga procesiones santa semana,1221,2026-04-08 02:01:07+00:00,2026-04-08 02:01:07+00:00
4,arcadi carlos cuerpo españa hacienda,514,2026-04-08 02:01:07+00:00,2026-04-08 02:01:07+00:00
5,estrecho irán ormuz reabrir trump,545,2026-04-08 02:01:07+00:00,2026-04-08 02:01:07+00:00
6,artemis astronautas ii luna misión,735,2026-04-08 02:01:07+00:00,2026-04-08 02:01:07+00:00
7,2026 com día españa internacional,2468,2026-04-08 02:01:07+00:00,2026-04-08 02:01:07+00:00
8,039 años españa irán quot,473,2026-04-08 02:01:07+00:00,2026-04-08 02:01:07+00:00
9,años hace muere tras tres,1193,2026-04-08 02:01:07+00:00,2026-04-08 02:01:07+00:00
10,directo guerra irán israel trump,2752,2026-04-08 02:01:07+00:00,2026-04-08 02:01:07+00:00
11,atlético barcelona internacional madrid real,1024,2026-04-08 02:01:07+00:00,2026-04-08 02:01:07+00:00
12,com economía españa guerra millones,2491,2026-04-08 02:01:07+00:00,2026-04-08 02:01:07+00:00
13,años dos irán semanas tras,899,2026-04-08 02:01:07+00:00,2026-04-08 02:01:07+00:00
14,feijóo gobierno pp psoe vox,757,2026-04-08 02:01:07+00:00,2026-04-08 02:01:07+00:00
0,com economía españa guerra millones,2541,2026-04-08 02:31:06+00:00,2026-04-08 02:31:06+00:00
1,así españa nuevo sido tras,652,2026-04-08 02:31:06+00:00,2026-04-08 02:31:06+00:00
2,dos gobierno quot trump zaragoza,22995,2026-04-08 02:31:06+00:00,2026-04-08 02:31:06+00:00
3,com españa irán tras trump,1415,2026-04-08 02:31:06+00:00,2026-04-08 02:31:06+00:00
4,años cómo españa irán ver,525,2026-04-08 02:31:06+00:00,2026-04-08 02:31:06+00:00
5,directo guerra irán israel trump,2872,2026-04-08 02:31:06+00:00,2026-04-08 02:31:06+00:00
6,2026 com diario día internacional,2417,2026-04-08 02:31:06+00:00,2026-04-08 02:31:06+00:00
7,años dos mujer primera tras,302,2026-04-08 02:31:06+00:00,2026-04-08 02:31:06+00:00
8,000 100 españa euros millones,1080,2026-04-08 02:31:06+00:00,2026-04-08 02:31:06+00:00
9,arcadi carlos cuerpo españa hacienda,459,2026-04-08 02:31:06+00:00,2026-04-08 02:31:06+00:00
10,españa málaga procesiones santa semana,1221,2026-04-08 02:31:06+00:00,2026-04-08 02:31:06+00:00
11,años dos españa muere tras,1300,2026-04-08 02:31:06+00:00,2026-04-08 02:31:06+00:00
12,atlético barcelona bayern madrid real,1003,2026-04-08 02:31:06+00:00,2026-04-08 02:31:06+00:00
13,cadena irán puede ser tras,696,2026-04-08 02:31:06+00:00,2026-04-08 02:31:06+00:00
14,2026 abril comprobar hoy marzo,1036,2026-04-08 02:31:06+00:00,2026-04-08 02:31:06+00:00
0,años com dos españa tras,1431,2026-04-08 03:01:08+00:00,2026-04-08 03:01:08+00:00
1,arcadi com economía españa millones,2701,2026-04-08 03:01:08+00:00,2026-04-08 03:01:08+00:00
2,guerra irán ormuz trump ultimátum,1466,2026-04-08 03:01:08+00:00,2026-04-08 03:01:08+00:00
3,cadena irán puede ser tras,679,2026-04-08 03:01:08+00:00,2026-04-08 03:01:08+00:00
4,españa málaga procesiones santa semana,1218,2026-04-08 03:01:08+00:00,2026-04-08 03:01:08+00:00
5,2026 com día españa internacional,2416,2026-04-08 03:01:08+00:00,2026-04-08 03:01:08+00:00
6,atlético barcelona bayern madrid real,1029,2026-04-08 03:01:08+00:00,2026-04-08 03:01:08+00:00
7,2026 abril comprobar hoy marzo,1045,2026-04-08 03:01:08+00:00,2026-04-08 03:01:08+00:00
8,feijóo pp psoe sánchez vox,689,2026-04-08 03:01:08+00:00,2026-04-08 03:01:08+00:00
9,cuerpo españa gobierno sánchez vasco,908,2026-04-08 03:01:08+00:00,2026-04-08 03:01:08+00:00
10,directo guerra irán israel última,2213,2026-04-08 03:01:08+00:00,2026-04-08 03:01:08+00:00
11,artemis astronautas ii luna misión,723,2026-04-08 03:01:08+00:00,2026-04-08 03:01:08+00:00
12,años deportivo internacional irán mundo,605,2026-04-08 03:01:08+00:00,2026-04-08 03:01:08+00:00
13,000 años dos quot zaragoza,23121,2026-04-08 03:01:08+00:00,2026-04-08 03:01:08+00:00
14,da españa internacional paso verde,278,2026-04-08 03:01:08+00:00,2026-04-08 03:01:08+00:00
0,com gobierno madrid nuevo zaragoza,22492,2026-04-08 03:31:10+00:00,2026-04-08 03:31:10+00:00
1,directo guerra hora irán última,629,2026-04-08 03:31:10+00:00,2026-04-08 03:31:10+00:00
2,2026 españa málaga santa semana,1216,2026-04-08 03:31:10+00:00,2026-04-08 03:31:10+00:00
3,2026 com día españa internacional,2569,2026-04-08 03:31:10+00:00,2026-04-08 03:31:10+00:00
4,000 100 españa euros millones,1129,2026-04-08 03:31:10+00:00,2026-04-08 03:31:10+00:00
5,abril hoy internacional málaga picasso,427,2026-04-08 03:31:10+00:00,2026-04-08 03:31:10+00:00
6,2026 abril comprobar hoy marzo,1011,2026-04-08 03:31:10+00:00,2026-04-08 03:31:10+00:00
7,arcadi carlos cuerpo españa sánchez,537,2026-04-08 03:31:10+00:00,2026-04-08 03:31:10+00:00
8,com economía españa guerra millones,2706,2026-04-08 03:31:10+00:00,2026-04-08 03:31:10+00:00
9,años meses país personas tres,652,2026-04-08 03:31:10+00:00,2026-04-08 03:31:10+00:00
10,años hombre muere ser tras,2253,2026-04-08 03:31:10+00:00,2026-04-08 03:31:10+00:00
11,039 años españa irán quot,472,2026-04-08 03:31:10+00:00,2026-04-08 03:31:10+00:00
12,artemis astronautas ii luna misión,734,2026-04-08 03:31:10+00:00,2026-04-08 03:31:10+00:00
13,años dos heridos irán tras,872,2026-04-08 03:31:10+00:00,2026-04-08 03:31:10+00:00
14,eeuu guerra irán ormuz trump,2930,2026-04-08 03:31:10+00:00,2026-04-08 03:31:10+00:00
0,2026 com día españa internacional,2481,2026-04-08 04:01:08+00:00,2026-04-08 04:01:08+00:00
1,crítica internacional mario nueva película,125,2026-04-08 04:01:08+00:00,2026-04-08 04:01:08+00:00
2,años dos españa irán tras,889,2026-04-08 04:01:08+00:00,2026-04-08 04:01:08+00:00
3,eeuu guerra irán ormuz trump,1545,2026-04-08 04:01:08+00:00,2026-04-08 04:01:08+00:00
4,años hace muere tras tres,1180,2026-04-08 04:01:08+00:00,2026-04-08 04:01:08+00:00
5,arcadi españa hacienda ministro nuevo,773,2026-04-08 04:01:08+00:00,2026-04-08 04:01:08+00:00
6,artemis cara ii luna oculta,199,2026-04-08 04:01:08+00:00,2026-04-08 04:01:08+00:00
7,com españa guerra internacional mercado,176,2026-04-08 04:01:08+00:00,2026-04-08 04:01:08+00:00
8,directo guerra irán israel última,2432,2026-04-08 04:01:08+00:00,2026-04-08 04:01:08+00:00
9,estreno final internacional serie temporada,143,2026-04-08 04:01:08+00:00,2026-04-08 04:01:08+00:00
10,000 2025 españa euros millones,1552,2026-04-08 04:01:08+00:00,2026-04-08 04:01:08+00:00
11,039 años españa irán quot,470,2026-04-08 04:01:08+00:00,2026-04-08 04:01:08+00:00
12,artemis astronautas ii luna misión,634,2026-04-08 04:01:08+00:00,2026-04-08 04:01:08+00:00
13,2026 com españa madrid tras,26804,2026-04-08 04:01:08+00:00,2026-04-08 04:01:08+00:00
14,2026 españa málaga santa semana,1225,2026-04-08 04:01:08+00:00,2026-04-08 04:01:08+00:00
0,españa futuro guerra internacional turismo,173,2026-04-08 04:33:11+00:00,2026-04-08 04:33:11+00:00
1,eeuu guerra irán ormuz trump,1541,2026-04-08 04:33:11+00:00,2026-04-08 04:33:11+00:00
2,artemis ii luna misión tras,1893,2026-04-08 04:33:11+00:00,2026-04-08 04:33:11+00:00
3,2026 com día españa internacional,2568,2026-04-08 04:33:11+00:00,2026-04-08 04:33:11+00:00
4,años barcelona madrid real tras,1962,2026-04-08 04:33:11+00:00,2026-04-08 04:33:11+00:00
5,directo guerra irán israel última,2233,2026-04-08 04:33:11+00:00,2026-04-08 04:33:11+00:00
6,arcadi com economía españa millones,2806,2026-04-08 04:33:11+00:00,2026-04-08 04:33:11+00:00
7,años dos heridos irán tras,880,2026-04-08 04:33:11+00:00,2026-04-08 04:33:11+00:00
8,feijóo pp psoe tras vox,722,2026-04-08 04:33:11+00:00,2026-04-08 04:33:11+00:00
9,españa málaga procesiones santa semana,1213,2026-04-08 04:33:11+00:00,2026-04-08 04:33:11+00:00
10,cuerpo españa gobierno sánchez vasco,931,2026-04-08 04:33:11+00:00,2026-04-08 04:33:11+00:00
11,039 años irán quot si,474,2026-04-08 04:33:11+00:00,2026-04-08 04:33:11+00:00
12,2026 abril comprobar hoy marzo,1088,2026-04-08 04:33:11+00:00,2026-04-08 04:33:11+00:00
13,000 así euros nuevo zaragoza,21939,2026-04-08 04:33:11+00:00,2026-04-08 04:33:11+00:00
14,caso castillo eutanasia noelia tras,288,2026-04-08 04:33:11+00:00,2026-04-08 04:33:11+00:00
0,in internacional objective of the,260,2026-04-08 05:01:10+00:00,2026-04-08 05:01:10+00:00
1,eeuu guerra irán ormuz trump,1527,2026-04-08 05:01:10+00:00,2026-04-08 05:01:10+00:00
2,2026 com día españa internacional,2475,2026-04-08 05:01:10+00:00,2026-04-08 05:01:10+00:00
3,españa málaga procesiones santa semana,1218,2026-04-08 05:01:10+00:00,2026-04-08 05:01:10+00:00
4,directo guerra irán israel última,2248,2026-04-08 05:01:10+00:00,2026-04-08 05:01:10+00:00
5,cuerpo españa gobierno sánchez vasco,909,2026-04-08 05:01:10+00:00,2026-04-08 05:01:10+00:00
6,casademont dos real viento zaragoza,752,2026-04-08 05:01:10+00:00,2026-04-08 05:01:10+00:00
7,000 años com dos tras,23411,2026-04-08 05:01:10+00:00,2026-04-08 05:01:10+00:00
8,atlético barcelona bayern madrid real,1034,2026-04-08 05:01:10+00:00,2026-04-08 05:01:10+00:00
9,artemis astronautas ii luna misión,746,2026-04-08 05:01:10+00:00,2026-04-08 05:01:10+00:00
10,país pp psoe tras vox,1091,2026-04-08 05:01:10+00:00,2026-04-08 05:01:10+00:00
11,2026 abril comprobar hoy marzo,1066,2026-04-08 05:01:10+00:00,2026-04-08 05:01:10+00:00
12,arcadi españa hacienda ministro nuevo,770,2026-04-08 05:01:10+00:00,2026-04-08 05:01:10+00:00
13,039 años irán quot si,475,2026-04-08 05:01:10+00:00,2026-04-08 05:01:10+00:00
14,arcadi com economía españa millones,2706,2026-04-08 05:01:10+00:00,2026-04-08 05:01:10+00:00
0,años dos hace muere tras,1297,2026-04-08 05:31:07+00:00,2026-04-08 05:31:07+00:00
1,directo guerra hora irán última,632,2026-04-08 05:31:07+00:00,2026-04-08 05:31:07+00:00
2,com dw elplural españa internacional,1317,2026-04-08 05:31:07+00:00,2026-04-08 05:31:07+00:00
3,españa guerra inflación irán oriente,1415,2026-04-08 05:31:07+00:00,2026-04-08 05:31:07+00:00
4,000 dos gobierno tras zaragoza,23644,2026-04-08 05:31:07+00:00,2026-04-08 05:31:07+00:00
5,2026 abril comprobar hoy marzo,1058,2026-04-08 05:31:07+00:00,2026-04-08 05:31:07+00:00
6,economía egipto españa millones quot,2503,2026-04-08 05:31:07+00:00,2026-04-08 05:31:07+00:00
7,españa irán país trump vasco,650,2026-04-08 05:31:07+00:00,2026-04-08 05:31:07+00:00
8,2026 diario día españa internacional,2124,2026-04-08 05:31:07+00:00,2026-04-08 05:31:07+00:00
9,2026 españa málaga santa semana,1231,2026-04-08 05:31:07+00:00,2026-04-08 05:31:07+00:00
10,eeuu guerra irán ormuz trump,2020,2026-04-08 05:31:07+00:00,2026-04-08 05:31:07+00:00
11,artemis astronautas ii luna misión,745,2026-04-08 05:31:07+00:00,2026-04-08 05:31:07+00:00
12,españa internacional nueva tras york,614,2026-04-08 05:31:07+00:00,2026-04-08 05:31:07+00:00
13,atlético barcelona bayern madrid real,1034,2026-04-08 05:31:07+00:00,2026-04-08 05:31:07+00:00
14,arcadi carlos cuerpo españa hacienda,483,2026-04-08 05:31:07+00:00,2026-04-08 05:31:07+00:00
0,aragón españa heraldo internacional vox,262,2026-04-08 06:01:13+00:00,2026-04-08 06:01:13+00:00
1,accidente com españa ser tras,1409,2026-04-08 06:01:13+00:00,2026-04-08 06:01:13+00:00
2,años dos heridos irán tras,897,2026-04-08 06:01:13+00:00,2026-04-08 06:01:13+00:00
3,2026 com día españa internacional,2416,2026-04-08 06:01:13+00:00,2026-04-08 06:01:13+00:00
4,atlético barcelona bayern madrid real,1026,2026-04-08 06:01:13+00:00,2026-04-08 06:01:13+00:00
5,españa málaga procesiones santa semana,1222,2026-04-08 06:01:13+00:00,2026-04-08 06:01:13+00:00
6,000 com gobierno quot zaragoza,22975,2026-04-08 06:01:13+00:00,2026-04-08 06:01:13+00:00
7,eeuu guerra irán ormuz trump,1537,2026-04-08 06:01:13+00:00,2026-04-08 06:01:13+00:00
8,años muere quot tras tres,1137,2026-04-08 06:01:13+00:00,2026-04-08 06:01:13+00:00
9,arcadi españa hacienda ministro nuevo,769,2026-04-08 06:01:13+00:00,2026-04-08 06:01:13+00:00
10,directo guerra irán israel última,2268,2026-04-08 06:01:13+00:00,2026-04-08 06:01:13+00:00
11,2026 abril comprobar hoy marzo,1054,2026-04-08 06:01:13+00:00,2026-04-08 06:01:13+00:00
12,artemis astronautas ii luna misión,750,2026-04-08 06:01:13+00:00,2026-04-08 06:01:13+00:00
13,años españa hace historia quot,366,2026-04-08 06:01:13+00:00,2026-04-08 06:01:13+00:00
14,arcadi com economía españa millones,2698,2026-04-08 06:01:13+00:00,2026-04-08 06:01:13+00:00
0,feijóo gobierno pp psoe vox,734,2026-04-08 06:31:10+00:00,2026-04-08 06:31:10+00:00
1,arcadi carlos cuerpo españa hacienda,480,2026-04-08 06:31:10+00:00,2026-04-08 06:31:10+00:00
2,directo guerra irán israel trump,2701,2026-04-08 06:31:10+00:00,2026-04-08 06:31:10+00:00
3,com dos españa tras trump,1406,2026-04-08 06:31:10+00:00,2026-04-08 06:31:10+00:00
4,años dos españa muere tras,1316,2026-04-08 06:31:10+00:00,2026-04-08 06:31:10+00:00
5,2026 com diario día internacional,2471,2026-04-08 06:31:10+00:00,2026-04-08 06:31:10+00:00
6,españa málaga procesiones santa semana,1213,2026-04-08 06:31:10+00:00,2026-04-08 06:31:10+00:00
7,com economía españa guerra millones,2448,2026-04-08 06:31:10+00:00,2026-04-08 06:31:10+00:00
8,cadena irán puede ser tras,713,2026-04-08 06:31:10+00:00,2026-04-08 06:31:10+00:00
9,ee guerra irán israel uu,540,2026-04-08 06:31:10+00:00,2026-04-08 06:31:10+00:00
10,artemis dos gobierno madrid zaragoza,23160,2026-04-08 06:31:10+00:00,2026-04-08 06:31:10+00:00
11,039 años irán quot si,469,2026-04-08 06:31:10+00:00,2026-04-08 06:31:10+00:00
12,2026 abril comprobar hoy marzo,1104,2026-04-08 06:31:10+00:00,2026-04-08 06:31:10+00:00
13,así españa internacional irán nuevo,731,2026-04-08 06:31:10+00:00,2026-04-08 06:31:10+00:00
14,000 2025 españa euros millones,1343,2026-04-08 06:31:10+00:00,2026-04-08 06:31:10+00:00
0,000 años gobierno internacional zaragoza,24527,2026-04-08 07:01:11+00:00,2026-04-08 07:01:11+00:00
1,com dw elplural españa internacional,1354,2026-04-08 07:01:11+00:00,2026-04-08 07:01:11+00:00
2,2026 abril comprobar hoy marzo,1382,2026-04-08 07:01:11+00:00,2026-04-08 07:01:11+00:00
3,2026 españa málaga santa semana,1219,2026-04-08 07:01:11+00:00,2026-04-08 07:01:11+00:00
4,artemis astronautas ii luna misión,740,2026-04-08 07:01:11+00:00,2026-04-08 07:01:11+00:00
5,ataques guerra irán israel líbano,606,2026-04-08 07:01:11+00:00,2026-04-08 07:01:11+00:00
6,039 años españa irán quot,470,2026-04-08 07:01:11+00:00,2026-04-08 07:01:11+00:00
7,años dos heridos irán tras,888,2026-04-08 07:01:11+00:00,2026-04-08 07:01:11+00:00
8,arcadi cuerpo economía españa millones,2491,2026-04-08 07:01:11+00:00,2026-04-08 07:01:11+00:00
9,eeuu estrecho irán ormuz trump,1380,2026-04-08 07:01:11+00:00,2026-04-08 07:01:11+00:00
10,directo guerra hora irán última,1926,2026-04-08 07:01:11+00:00,2026-04-08 07:01:11+00:00
11,accidente años españa indra tras,1349,2026-04-08 07:01:11+00:00,2026-04-08 07:01:11+00:00
12,cadena irán puede ser tras,680,2026-04-08 07:01:11+00:00,2026-04-08 07:01:11+00:00
13,arcadi españa hacienda ministro nuevo,774,2026-04-08 07:01:11+00:00,2026-04-08 07:01:11+00:00
14,atlético barcelona internacional madrid real,1043,2026-04-08 07:01:11+00:00,2026-04-08 07:01:11+00:00
0,com gobierno madrid nuevo zaragoza,22545,2026-04-08 07:31:11+00:00,2026-04-08 07:31:11+00:00
1,2026 com día españa internacional,2519,2026-04-08 07:31:11+00:00,2026-04-08 07:31:11+00:00
2,directo guerra hora irán última,628,2026-04-08 07:31:11+00:00,2026-04-08 07:31:11+00:00
3,2026 abril comprobar hoy marzo,1087,2026-04-08 07:31:11+00:00,2026-04-08 07:31:11+00:00
4,2026 españa málaga santa semana,1220,2026-04-08 07:31:11+00:00,2026-04-08 07:31:11+00:00
5,eeuu guerra irán ormuz trump,2801,2026-04-08 07:31:11+00:00,2026-04-08 07:31:11+00:00
6,arcadi carlos cuerpo españa hacienda,469,2026-04-08 07:31:11+00:00,2026-04-08 07:31:11+00:00
7,039 años españa irán quot,469,2026-04-08 07:31:11+00:00,2026-04-08 07:31:11+00:00
8,años muere ser tras tres,2295,2026-04-08 07:31:11+00:00,2026-04-08 07:31:11+00:00
9,artemis astronautas ii luna misión,748,2026-04-08 07:31:11+00:00,2026-04-08 07:31:11+00:00
10,españa internacional italia mundial pide,724,2026-04-08 07:31:11+00:00,2026-04-08 07:31:11+00:00
11,años dos heridos irán tras,879,2026-04-08 07:31:11+00:00,2026-04-08 07:31:11+00:00
12,000 100 españa euros millones,1160,2026-04-08 07:31:11+00:00,2026-04-08 07:31:11+00:00
13,com economía españa guerra millones,2676,2026-04-08 07:31:11+00:00,2026-04-08 07:31:11+00:00
14,así españa irán nuevo tras,657,2026-04-08 07:31:11+00:00,2026-04-08 07:31:11+00:00
0,eeuu guerra irán ormuz trump,2075,2026-04-08 08:01:10+00:00,2026-04-08 08:01:10+00:00
1,directo guerra hora irán última,658,2026-04-08 08:01:10+00:00,2026-04-08 08:01:10+00:00
2,000 internacional miles personas tres,373,2026-04-08 08:01:10+00:00,2026-04-08 08:01:10+00:00
3,2026 abril comprobar hoy marzo,1066,2026-04-08 08:01:10+00:00,2026-04-08 08:01:10+00:00
4,años dos españa ser tras,1585,2026-04-08 08:01:10+00:00,2026-04-08 08:01:10+00:00
5,2026 com día españa internacional,2458,2026-04-08 08:01:10+00:00,2026-04-08 08:01:10+00:00
6,000 100 españa euros millones,1087,2026-04-08 08:01:10+00:00,2026-04-08 08:01:10+00:00
7,arcadi com cuerpo economía españa,2620,2026-04-08 08:01:10+00:00,2026-04-08 08:01:10+00:00
8,años dos gobierno quot zaragoza,23594,2026-04-08 08:01:10+00:00,2026-04-08 08:01:10+00:00
9,españa málaga procesiones santa semana,1217,2026-04-08 08:01:10+00:00,2026-04-08 08:01:10+00:00
10,barcelona bayern internacional madrid real,1048,2026-04-08 08:01:10+00:00,2026-04-08 08:01:10+00:00
11,española israel muerte palestinos pena,533,2026-04-08 08:01:10+00:00,2026-04-08 08:01:10+00:00
12,com españa guerra inflación irán,1419,2026-04-08 08:01:10+00:00,2026-04-08 08:01:10+00:00
13,españa irán país trump vasco,658,2026-04-08 08:01:10+00:00,2026-04-08 08:01:10+00:00
14,escribano indra presidente puede ángel,524,2026-04-08 08:01:10+00:00,2026-04-08 08:01:10+00:00
0,años dos gobierno quot zaragoza,23255,2026-04-08 08:31:09+00:00,2026-04-08 08:31:09+00:00
1,com dw elplural españa internacional,1334,2026-04-08 08:31:09+00:00,2026-04-08 08:31:09+00:00
2,arcadi cuerpo españa gobierno hacienda,2443,2026-04-08 08:31:09+00:00,2026-04-08 08:31:09+00:00
3,eeuu guerra irán trump ultimátum,1355,2026-04-08 08:31:09+00:00,2026-04-08 08:31:09+00:00
4,000 2025 españa euros millones,1414,2026-04-08 08:31:09+00:00,2026-04-08 08:31:09+00:00
5,directo guerra irán israel última,2069,2026-04-08 08:31:09+00:00,2026-04-08 08:31:09+00:00
6,españa málaga procesiones santa semana,1216,2026-04-08 08:31:09+00:00,2026-04-08 08:31:09+00:00
7,años dos españa ser tras,1538,2026-04-08 08:31:09+00:00,2026-04-08 08:31:09+00:00
8,dónde gratis horario hoy ver,400,2026-04-08 08:31:09+00:00,2026-04-08 08:31:09+00:00
9,barcelona bayern madrid real rosalía,1018,2026-04-08 08:31:09+00:00,2026-04-08 08:31:09+00:00
10,com españa internacional nueva york,620,2026-04-08 08:31:09+00:00,2026-04-08 08:31:09+00:00
11,2026 abril hoy internacional marzo,2742,2026-04-08 08:31:09+00:00,2026-04-08 08:31:09+00:00
12,celebra día gitano internacional pueblo,528,2026-04-08 08:31:09+00:00,2026-04-08 08:31:09+00:00
13,estrecho irán ormuz reabrir trump,557,2026-04-08 08:31:09+00:00,2026-04-08 08:31:09+00:00
14,alemania españa internacional italia mundial,474,2026-04-08 08:31:09+00:00,2026-04-08 08:31:09+00:00
0,años dos irán semanas tras,887,2026-04-08 09:01:08+00:00,2026-04-08 09:01:08+00:00
1,2026 abril años madrid tras,25571,2026-04-08 09:01:08+00:00,2026-04-08 09:01:08+00:00
2,com economía españa guerra millones,2734,2026-04-08 09:01:08+00:00,2026-04-08 09:01:08+00:00
3,años españa hace historia internacional,356,2026-04-08 09:01:08+00:00,2026-04-08 09:01:08+00:00
4,cómo españa irán renta ver,507,2026-04-08 09:01:08+00:00,2026-04-08 09:01:08+00:00
5,2026 com diario día internacional,2500,2026-04-08 09:01:08+00:00,2026-04-08 09:01:08+00:00
6,abril hoy internacional málaga picasso,425,2026-04-08 09:01:08+00:00,2026-04-08 09:01:08+00:00
7,cuerpo españa gobierno pp vasco,849,2026-04-08 09:01:08+00:00,2026-04-08 09:01:08+00:00
8,039 años irán quot si,468,2026-04-08 09:01:08+00:00,2026-04-08 09:01:08+00:00
9,directo guerra hora irán última,641,2026-04-08 09:01:08+00:00,2026-04-08 09:01:08+00:00
10,cuerpo españa gobierno pedro sánchez,769,2026-04-08 09:01:08+00:00,2026-04-08 09:01:08+00:00
11,artemis astronautas ii luna misión,753,2026-04-08 09:01:08+00:00,2026-04-08 09:01:08+00:00
12,2026 españa málaga santa semana,1214,2026-04-08 09:01:08+00:00,2026-04-08 09:01:08+00:00
13,canaria españa gran internacional premio,454,2026-04-08 09:01:08+00:00,2026-04-08 09:01:08+00:00
14,eeuu guerra irán ormuz trump,2898,2026-04-08 09:01:08+00:00,2026-04-08 09:01:08+00:00
0,futuro guerra internacional tras turismo,170,2026-04-08 09:31:09+00:00,2026-04-08 09:31:09+00:00
1,2026 abril comprobar hoy marzo,1087,2026-04-08 09:31:09+00:00,2026-04-08 09:31:09+00:00
2,com gobierno madrid quot sánchez,22646,2026-04-08 09:31:09+00:00,2026-04-08 09:31:09+00:00
3,directo guerra irán medio oriente,452,2026-04-08 09:31:09+00:00,2026-04-08 09:31:09+00:00
4,arcadi españa hacienda ministro nuevo,753,2026-04-08 09:31:09+00:00,2026-04-08 09:31:09+00:00
5,así españa irán sido tras,654,2026-04-08 09:31:09+00:00,2026-04-08 09:31:09+00:00
6,arcadi com economía españa guerra,2769,2026-04-08 09:31:09+00:00,2026-04-08 09:31:09+00:00
7,2026 españa málaga santa semana,1219,2026-04-08 09:31:09+00:00,2026-04-08 09:31:09+00:00
8,años hace muere quot tras,1240,2026-04-08 09:31:09+00:00,2026-04-08 09:31:09+00:00
9,años dos irán semanas tras,923,2026-04-08 09:31:09+00:00,2026-04-08 09:31:09+00:00
10,directo guerra irán israel trump,2868,2026-04-08 09:31:09+00:00,2026-04-08 09:31:09+00:00
11,2026 com día españa internacional,2518,2026-04-08 09:31:09+00:00,2026-04-08 09:31:09+00:00
12,real ser tras trump zaragoza,1922,2026-04-08 09:31:09+00:00,2026-04-08 09:31:09+00:00
13,000 100 españa euros millones,1105,2026-04-08 09:31:09+00:00,2026-04-08 09:31:09+00:00
14,artemis astronautas ii luna misión,752,2026-04-08 09:31:09+00:00,2026-04-08 09:31:09+00:00
0,artemis años gobierno madrid quot,23301,2026-04-08 10:01:12+00:00,2026-04-08 10:01:12+00:00
1,arcadi carlos cuerpo españa hacienda,477,2026-04-08 10:01:12+00:00,2026-04-08 10:01:12+00:00
2,com dw elplural españa internacional,1368,2026-04-08 10:01:12+00:00,2026-04-08 10:01:12+00:00
3,españa irán país trump vasco,674,2026-04-08 10:01:12+00:00,2026-04-08 10:01:12+00:00
4,españa málaga procesiones santa semana,1224,2026-04-08 10:01:12+00:00,2026-04-08 10:01:12+00:00
5,años dos irán ser tras,2099,2026-04-08 10:01:12+00:00,2026-04-08 10:01:12+00:00
6,000 2025 españa euros millones,1423,2026-04-08 10:01:12+00:00,2026-04-08 10:01:12+00:00
7,2026 diario día españa internacional,2182,2026-04-08 10:01:12+00:00,2026-04-08 10:01:12+00:00
8,casademont dos real viento zaragoza,740,2026-04-08 10:01:12+00:00,2026-04-08 10:01:12+00:00
9,directo guerra hora irán última,708,2026-04-08 10:01:12+00:00,2026-04-08 10:01:12+00:00
10,españa guerra irán oriente trump,1537,2026-04-08 10:01:12+00:00,2026-04-08 10:01:12+00:00
11,2025 economía egipto españa millones,2201,2026-04-08 10:01:12+00:00,2026-04-08 10:01:12+00:00
12,así españa internacional nuevo piden,716,2026-04-08 10:01:12+00:00,2026-04-08 10:01:12+00:00
13,2026 abril horóscopo hoy marzo,1041,2026-04-08 10:01:12+00:00,2026-04-08 10:01:12+00:00
14,eeuu estrecho irán ormuz trump,1526,2026-04-08 10:01:12+00:00,2026-04-08 10:01:12+00:00
0,com dos gobierno madrid zaragoza,23035,2026-04-08 10:31:12+00:00,2026-04-08 10:31:12+00:00
1,arcadi carlos cuerpo españa hacienda,559,2026-04-08 10:31:12+00:00,2026-04-08 10:31:12+00:00
2,2026 españa málaga santa semana,1222,2026-04-08 10:31:12+00:00,2026-04-08 10:31:12+00:00
3,2026 com diario día internacional,2463,2026-04-08 10:31:12+00:00,2026-04-08 10:31:12+00:00
4,guerra irán ormuz trump ultimátum,1506,2026-04-08 10:31:12+00:00,2026-04-08 10:31:12+00:00
5,españa europa internacional press trump,431,2026-04-08 10:31:12+00:00,2026-04-08 10:31:12+00:00
6,españa gobierno guerra pedro sánchez,672,2026-04-08 10:31:12+00:00,2026-04-08 10:31:12+00:00
7,2026 abril horóscopo hoy marzo,1091,2026-04-08 10:31:12+00:00,2026-04-08 10:31:12+00:00
8,años dos muere ser tras,2485,2026-04-08 10:31:12+00:00,2026-04-08 10:31:12+00:00
9,así españa internacional nuevo piden,715,2026-04-08 10:31:12+00:00,2026-04-08 10:31:12+00:00
10,directo guerra irán israel última,2239,2026-04-08 10:31:12+00:00,2026-04-08 10:31:12+00:00
11,039 años españa irán quot,470,2026-04-08 10:31:12+00:00,2026-04-08 10:31:12+00:00
12,000 2025 españa euros millones,1364,2026-04-08 10:31:12+00:00,2026-04-08 10:31:12+00:00
13,com economía egipto españa guerra,2444,2026-04-08 10:31:12+00:00,2026-04-08 10:31:12+00:00
14,cada españa luna primera vez,609,2026-04-08 10:31:12+00:00,2026-04-08 10:31:12+00:00
0,com dos gobierno quot zaragoza,22996,2026-04-08 11:01:17+00:00,2026-04-08 11:01:17+00:00
1,arcadi com cuerpo economía españa,2779,2026-04-08 11:01:17+00:00,2026-04-08 11:01:17+00:00
2,atlético barcelona bayern madrid real,1034,2026-04-08 11:01:17+00:00,2026-04-08 11:01:17+00:00
3,in malaga of the to,303,2026-04-08 11:01:17+00:00,2026-04-08 11:01:17+00:00
4,2026 com día españa internacional,2467,2026-04-08 11:01:17+00:00,2026-04-08 11:01:17+00:00
5,com dos españa ser tras,1492,2026-04-08 11:01:17+00:00,2026-04-08 11:01:17+00:00
6,artemis astronautas ii luna misión,762,2026-04-08 11:01:17+00:00,2026-04-08 11:01:17+00:00
7,directo guerra irán israel última,2237,2026-04-08 11:01:17+00:00,2026-04-08 11:01:17+00:00
8,2026 españa málaga santa semana,1215,2026-04-08 11:01:17+00:00,2026-04-08 11:01:17+00:00
9,2026 abril comprobar hoy marzo,1096,2026-04-08 11:01:17+00:00,2026-04-08 11:01:17+00:00
10,años dos españa muere tras,1304,2026-04-08 11:01:17+00:00,2026-04-08 11:01:17+00:00
11,años internacional quot toda vida,367,2026-04-08 11:01:17+00:00,2026-04-08 11:01:17+00:00
12,años deportivo internacional irán mundo,610,2026-04-08 11:01:17+00:00,2026-04-08 11:01:17+00:00
13,000 100 españa euros millones,1150,2026-04-08 11:01:17+00:00,2026-04-08 11:01:17+00:00
14,guerra irán ormuz trump ultimátum,1539,2026-04-08 11:01:17+00:00,2026-04-08 11:01:17+00:00
0,com dos gobierno irán quot,22486,2026-04-08 11:31:11+00:00,2026-04-08 11:31:11+00:00
1,atlético barcelona bayern madrid real,1039,2026-04-08 11:31:11+00:00,2026-04-08 11:31:11+00:00
2,com españa irán ser tras,1498,2026-04-08 11:31:11+00:00,2026-04-08 11:31:11+00:00
3,2026 com día españa internacional,2503,2026-04-08 11:31:11+00:00,2026-04-08 11:31:11+00:00
4,años españa luna primera vez,537,2026-04-08 11:31:11+00:00,2026-04-08 11:31:11+00:00
5,españa málaga procesiones santa semana,1207,2026-04-08 11:31:11+00:00,2026-04-08 11:31:11+00:00
6,com españa guerra irán oriente,1411,2026-04-08 11:31:11+00:00,2026-04-08 11:31:11+00:00
7,000 2025 españa euros millones,1353,2026-04-08 11:31:11+00:00,2026-04-08 11:31:11+00:00
8,directo guerra hora irán última,726,2026-04-08 11:31:11+00:00,2026-04-08 11:31:11+00:00
9,cadena pp psoe ser vox,1209,2026-04-08 11:31:11+00:00,2026-04-08 11:31:11+00:00
10,arcadi com cuerpo economía españa,2595,2026-04-08 11:31:11+00:00,2026-04-08 11:31:11+00:00
11,casademont dos real viento zaragoza,747,2026-04-08 11:31:11+00:00,2026-04-08 11:31:11+00:00
12,años dos hace muere tras,1351,2026-04-08 11:31:11+00:00,2026-04-08 11:31:11+00:00
13,2026 abril comprobar hoy marzo,1074,2026-04-08 11:31:11+00:00,2026-04-08 11:31:11+00:00
14,estrecho guerra irán ormuz trump,1678,2026-04-08 11:31:11+00:00,2026-04-08 11:31:11+00:00
0,arcadi com economía españa millones,2793,2026-04-08 12:01:15+00:00,2026-04-08 12:01:15+00:00
1,directo guerra irán israel trump,2991,2026-04-08 12:01:15+00:00,2026-04-08 12:01:15+00:00
2,000 dos gobierno madrid quot,23513,2026-04-08 12:01:15+00:00,2026-04-08 12:01:15+00:00
3,000 españa euros menos personas,717,2026-04-08 12:01:15+00:00,2026-04-08 12:01:15+00:00
4,2026 com diario día internacional,2574,2026-04-08 12:01:15+00:00,2026-04-08 12:01:15+00:00
5,artemis astronautas ii luna misión,763,2026-04-08 12:01:15+00:00,2026-04-08 12:01:15+00:00
6,2026 españa málaga santa semana,1215,2026-04-08 12:01:15+00:00,2026-04-08 12:01:15+00:00
7,2026 abril comprobar hoy marzo,1108,2026-04-08 12:01:15+00:00,2026-04-08 12:01:15+00:00
8,españa irán país trump vasco,697,2026-04-08 12:01:15+00:00,2026-04-08 12:01:15+00:00
9,casademont dos real viento zaragoza,766,2026-04-08 12:01:15+00:00,2026-04-08 12:01:15+00:00
10,cómo españa irán renta ver,542,2026-04-08 12:01:15+00:00,2026-04-08 12:01:15+00:00
11,feijóo gobierno pp psoe vox,767,2026-04-08 12:01:15+00:00,2026-04-08 12:01:15+00:00
12,años dos españa hace tras,1298,2026-04-08 12:01:15+00:00,2026-04-08 12:01:15+00:00
13,caso castillo eutanasia noelia tras,277,2026-04-08 12:01:15+00:00,2026-04-08 12:01:15+00:00
14,com irán ser tras trump,1437,2026-04-08 12:01:15+00:00,2026-04-08 12:01:15+00:00
0,cinco españa euros menos muertos,667,2026-04-08 12:31:10+00:00,2026-04-08 12:31:10+00:00
1,2026 com día españa internacional,2547,2026-04-08 12:31:10+00:00,2026-04-08 12:31:10+00:00
2,españa gobierno pp sánchez vox,1370,2026-04-08 12:31:10+00:00,2026-04-08 12:31:10+00:00
3,arcadi com economía españa millones,2733,2026-04-08 12:31:10+00:00,2026-04-08 12:31:10+00:00
4,2026 españa málaga santa semana,1213,2026-04-08 12:31:10+00:00,2026-04-08 12:31:10+00:00
5,000 años dos quot zaragoza,22815,2026-04-08 12:31:10+00:00,2026-04-08 12:31:10+00:00
6,años detenido hombre pareja tras,315,2026-04-08 12:31:10+00:00,2026-04-08 12:31:10+00:00
7,artemis astronautas ii luna misión,757,2026-04-08 12:31:10+00:00,2026-04-08 12:31:10+00:00
8,2026 abril comprobar hoy marzo,1069,2026-04-08 12:31:10+00:00,2026-04-08 12:31:10+00:00
9,cómo españa irán renta ver,541,2026-04-08 12:31:10+00:00,2026-04-08 12:31:10+00:00
10,guerra irán ormuz trump ultimátum,1545,2026-04-08 12:31:10+00:00,2026-04-08 12:31:10+00:00
11,así españa nueva nuevo york,1030,2026-04-08 12:31:10+00:00,2026-04-08 12:31:10+00:00
12,atlético barcelona bayern madrid real,1068,2026-04-08 12:31:10+00:00,2026-04-08 12:31:10+00:00
13,directo guerra irán israel última,2267,2026-04-08 12:31:10+00:00,2026-04-08 12:31:10+00:00
14,años dos españa ser tras,1532,2026-04-08 12:31:10+00:00,2026-04-08 12:31:10+00:00
0,directo dónde españa partido ver,467,2026-04-08 13:01:10+00:00,2026-04-08 13:01:10+00:00
1,039 años irán quot si,467,2026-04-08 13:01:10+00:00,2026-04-08 13:01:10+00:00
2,2026 abril comprobar hoy marzo,1119,2026-04-08 13:01:10+00:00,2026-04-08 13:01:10+00:00
3,com economía españa guerra millones,2759,2026-04-08 13:01:10+00:00,2026-04-08 13:01:10+00:00
4,000 años dos gobierno zaragoza,24736,2026-04-08 13:01:10+00:00,2026-04-08 13:01:10+00:00
5,directo guerra irán israel trump,2847,2026-04-08 13:01:10+00:00,2026-04-08 13:01:10+00:00
6,2026 españa málaga santa semana,1208,2026-04-08 13:01:10+00:00,2026-04-08 13:01:10+00:00
7,atlético barcelona fc internacional madrid,434,2026-04-08 13:01:10+00:00,2026-04-08 13:01:10+00:00
8,ee guerra irán israel uu,554,2026-04-08 13:01:10+00:00,2026-04-08 13:01:10+00:00
9,feijóo gobierno pp psoe vox,711,2026-04-08 13:01:10+00:00,2026-04-08 13:01:10+00:00
10,bayern internacional madrid real rosalía,962,2026-04-08 13:01:10+00:00,2026-04-08 13:01:10+00:00
11,cuerpo españa gobierno pedro sánchez,755,2026-04-08 13:01:10+00:00,2026-04-08 13:01:10+00:00
12,2026 com diario españa internacional,2268,2026-04-08 13:01:10+00:00,2026-04-08 13:01:10+00:00
13,años dos españa ser tras,1584,2026-04-08 13:01:10+00:00,2026-04-08 13:01:10+00:00
14,celebra día gitano internacional pueblo,614,2026-04-08 13:01:10+00:00,2026-04-08 13:01:10+00:00
0,2026 abril comprobar hoy marzo,809,2026-04-08 13:31:09+00:00,2026-04-08 13:31:09+00:00
1,guerra irán ormuz trump ultimátum,1564,2026-04-08 13:31:09+00:00,2026-04-08 13:31:09+00:00
2,dos gobierno quot tras zaragoza,22944,2026-04-08 13:31:09+00:00,2026-04-08 13:31:09+00:00
3,000 2025 españa euros millones,1383,2026-04-08 13:31:09+00:00,2026-04-08 13:31:09+00:00
4,directo guerra irán israel última,2287,2026-04-08 13:31:09+00:00,2026-04-08 13:31:09+00:00
5,2026 españa málaga santa semana,1211,2026-04-08 13:31:09+00:00,2026-04-08 13:31:09+00:00
6,cuerpo españa gobierno pedro sánchez,790,2026-04-08 13:31:09+00:00,2026-04-08 13:31:09+00:00
7,barcelona detenido hombre muerte tras,863,2026-04-08 13:31:09+00:00,2026-04-08 13:31:09+00:00
8,artemis astronautas ii luna misión,770,2026-04-08 13:31:09+00:00,2026-04-08 13:31:09+00:00
9,com diario día españa internacional,2311,2026-04-08 13:31:09+00:00,2026-04-08 13:31:09+00:00
10,atlético barcelona bayern madrid real,1026,2026-04-08 13:31:09+00:00,2026-04-08 13:31:09+00:00
11,años dos españa hace tras,1328,2026-04-08 13:31:09+00:00,2026-04-08 13:31:09+00:00
12,cadena irán puede ser tras,696,2026-04-08 13:31:09+00:00,2026-04-08 13:31:09+00:00
13,2026 abril españa internacional renta,873,2026-04-08 13:31:09+00:00,2026-04-08 13:31:09+00:00
14,arcadi com economía egipto españa,2630,2026-04-08 13:31:09+00:00,2026-04-08 13:31:09+00:00
0,aday centro español internacional mara,464,2026-04-08 14:01:11+00:00,2026-04-08 14:01:11+00:00
1,cómo españa irán renta ver,548,2026-04-08 14:01:11+00:00,2026-04-08 14:01:11+00:00
2,2026 españa málaga santa semana,1214,2026-04-08 14:01:11+00:00,2026-04-08 14:01:11+00:00
3,años com españa gobierno quot,24905,2026-04-08 14:01:11+00:00,2026-04-08 14:01:11+00:00
4,2026 com día españa internacional,2488,2026-04-08 14:01:11+00:00,2026-04-08 14:01:11+00:00
5,años dos españa tras zaragoza,2832,2026-04-08 14:01:11+00:00,2026-04-08 14:01:11+00:00
6,eeuu españa guerra irán israel,2118,2026-04-08 14:01:11+00:00,2026-04-08 14:01:11+00:00
7,artemis astronautas ii luna misión,768,2026-04-08 14:01:11+00:00,2026-04-08 14:01:11+00:00
8,arcadi españa hacienda ministro nuevo,784,2026-04-08 14:01:11+00:00,2026-04-08 14:01:11+00:00
9,barcelona blanca casa españa trump,708,2026-04-08 14:01:11+00:00,2026-04-08 14:01:11+00:00
10,atlético barcelona bayern madrid real,1080,2026-04-08 14:01:11+00:00,2026-04-08 14:01:11+00:00
11,2026 abril comprobar hoy marzo,1139,2026-04-08 14:01:11+00:00,2026-04-08 14:01:11+00:00
12,directo guerra hora irán última,637,2026-04-08 14:01:11+00:00,2026-04-08 14:01:11+00:00
13,alto eeuu fuego irán trump,303,2026-04-08 14:01:11+00:00,2026-04-08 14:01:11+00:00
14,eeuu guerra irán ormuz trump,1514,2026-04-08 14:01:11+00:00,2026-04-08 14:01:11+00:00
0,039 años irán quot si,470,2026-04-08 14:31:09+00:00,2026-04-08 14:31:09+00:00
1,000 así euros millones zaragoza,23087,2026-04-08 14:31:09+00:00,2026-04-08 14:31:09+00:00
2,artemis astronautas ii luna misión,778,2026-04-08 14:31:09+00:00,2026-04-08 14:31:09+00:00
3,2026 españa málaga santa semana,1209,2026-04-08 14:31:09+00:00,2026-04-08 14:31:09+00:00
4,2026 abril comprobar hoy marzo,1115,2026-04-08 14:31:09+00:00,2026-04-08 14:31:09+00:00
5,eeuu guerra irán ormuz trump,2531,2026-04-08 14:31:09+00:00,2026-04-08 14:31:09+00:00
6,arcadi com españa guerra millones,2877,2026-04-08 14:31:09+00:00,2026-04-08 14:31:09+00:00
7,directo guerra hora irán última,699,2026-04-08 14:31:09+00:00,2026-04-08 14:31:09+00:00
8,com irán ser tras trump,1400,2026-04-08 14:31:09+00:00,2026-04-08 14:31:09+00:00
9,2026 com día españa internacional,2538,2026-04-08 14:31:09+00:00,2026-04-08 14:31:09+00:00
10,atlético barcelona bayern madrid real,1031,2026-04-08 14:31:09+00:00,2026-04-08 14:31:09+00:00
11,guerra irán israel líbano sur,652,2026-04-08 14:31:09+00:00,2026-04-08 14:31:09+00:00
12,cuerpo españa gobierno pp sánchez,1005,2026-04-08 14:31:09+00:00,2026-04-08 14:31:09+00:00
13,años hace muere tras tres,1232,2026-04-08 14:31:09+00:00,2026-04-08 14:31:09+00:00
14,años dos irán semanas tras,918,2026-04-08 14:31:09+00:00,2026-04-08 14:31:09+00:00
0,años dos españa hace tras,1267,2026-04-08 15:01:08+00:00,2026-04-08 15:01:08+00:00
1,directo guerra irán israel trump,3008,2026-04-08 15:01:08+00:00,2026-04-08 15:01:08+00:00
2,guerra irán quot si trump,666,2026-04-08 15:01:08+00:00,2026-04-08 15:01:08+00:00
3,2025 com economía españa ue,876,2026-04-08 15:01:08+00:00,2026-04-08 15:01:08+00:00
4,2026 com diario día internacional,2535,2026-04-08 15:01:08+00:00,2026-04-08 15:01:08+00:00
5,2026 españa internacional italia mundial,432,2026-04-08 15:01:08+00:00,2026-04-08 15:01:08+00:00
6,arcadi com cuerpo españa hacienda,2348,2026-04-08 15:01:08+00:00,2026-04-08 15:01:08+00:00
7,2026 abril comprobar hoy marzo,1097,2026-04-08 15:01:08+00:00,2026-04-08 15:01:08+00:00
8,000 10 españa euros millones,1424,2026-04-08 15:01:08+00:00,2026-04-08 15:01:08+00:00
9,abre morante rey sevilla vuelve,564,2026-04-08 15:01:08+00:00,2026-04-08 15:01:08+00:00
10,españa irán ser tras trump,1502,2026-04-08 15:01:08+00:00,2026-04-08 15:01:08+00:00
11,dos gobierno madrid quot zaragoza,23564,2026-04-08 15:01:08+00:00,2026-04-08 15:01:08+00:00
12,2026 españa málaga santa semana,1221,2026-04-08 15:01:08+00:00,2026-04-08 15:01:08+00:00
13,artemis astronautas ii luna misión,788,2026-04-08 15:01:08+00:00,2026-04-08 15:01:08+00:00
14,años eutanasia hombre muere tras,270,2026-04-08 15:01:08+00:00,2026-04-08 15:01:08+00:00
0,años dos hace muere tras,1289,2026-04-08 15:31:07+00:00,2026-04-08 15:31:07+00:00
1,com españa guerra irán millones,2698,2026-04-08 15:31:07+00:00,2026-04-08 15:31:07+00:00
2,casademont real santa semana zaragoza,797,2026-04-08 15:31:07+00:00,2026-04-08 15:31:07+00:00
3,2026 com día españa internacional,2591,2026-04-08 15:31:07+00:00,2026-04-08 15:31:07+00:00
4,dos gobierno santa semana tras,24368,2026-04-08 15:31:07+00:00,2026-04-08 15:31:07+00:00
5,atlético barcelona bayern madrid real,1094,2026-04-08 15:31:07+00:00,2026-04-08 15:31:07+00:00
6,2026 abril comprobar hoy marzo,1135,2026-04-08 15:31:07+00:00,2026-04-08 15:31:07+00:00
7,así cadena españa ser tras,1192,2026-04-08 15:31:07+00:00,2026-04-08 15:31:07+00:00
8,cómo españa irán renta ver,564,2026-04-08 15:31:07+00:00,2026-04-08 15:31:07+00:00
9,años españa luna primera vez,542,2026-04-08 15:31:07+00:00,2026-04-08 15:31:07+00:00
10,arcadi carlos cuerpo españa hacienda,522,2026-04-08 15:31:07+00:00,2026-04-08 15:31:07+00:00
11,directo guerra irán israel trump,3103,2026-04-08 15:31:07+00:00,2026-04-08 15:31:07+00:00
12,039 años irán quot si,467,2026-04-08 15:31:07+00:00,2026-04-08 15:31:07+00:00
13,blanca casa irán salón trump,425,2026-04-08 15:31:07+00:00,2026-04-08 15:31:07+00:00
14,feijóo gobierno pp psoe vox,797,2026-04-08 15:31:07+00:00,2026-04-08 15:31:07+00:00
0,atlético barcelona bayern madrid real,1041,2026-04-08 16:01:12+00:00,2026-04-08 16:01:12+00:00
1,2026 com día españa internacional,2481,2026-04-08 16:01:12+00:00,2026-04-08 16:01:12+00:00
2,2026 españa málaga santa semana,1205,2026-04-08 16:01:12+00:00,2026-04-08 16:01:12+00:00
3,eeuu guerra irán ormuz trump,1470,2026-04-08 16:01:12+00:00,2026-04-08 16:01:12+00:00
4,cuerpo españa gobierno pp sánchez,977,2026-04-08 16:01:12+00:00,2026-04-08 16:01:12+00:00
5,años dos hace muere tras,1307,2026-04-08 16:01:12+00:00,2026-04-08 16:01:12+00:00
6,alto fuego irán israel trump,366,2026-04-08 16:01:12+00:00,2026-04-08 16:01:12+00:00
7,000 dos nuevo quot zaragoza,23336,2026-04-08 16:01:12+00:00,2026-04-08 16:01:12+00:00
8,arcadi com economía españa guerra,2548,2026-04-08 16:01:12+00:00,2026-04-08 16:01:12+00:00
9,com dos españa ser tras,1413,2026-04-08 16:01:12+00:00,2026-04-08 16:01:12+00:00
10,años deportivo internacional irán mundo,603,2026-04-08 16:01:12+00:00,2026-04-08 16:01:12+00:00
11,000 2025 españa euros millones,845,2026-04-08 16:01:12+00:00,2026-04-08 16:01:12+00:00
12,directo guerra irán israel última,2125,2026-04-08 16:01:12+00:00,2026-04-08 16:01:12+00:00
13,2026 abril comprobar hoy marzo,1068,2026-04-08 16:01:12+00:00,2026-04-08 16:01:12+00:00
14,artemis astronautas ii luna misión,783,2026-04-08 16:01:12+00:00,2026-04-08 16:01:12+00:00
0,2026 abril dos hoy tras,24386,2026-04-08 16:31:11+00:00,2026-04-08 16:31:11+00:00
1,directo guerra irán israel trump,2956,2026-04-08 16:31:11+00:00,2026-04-08 16:31:11+00:00
2,cuerpo españa gobierno pedro sánchez,726,2026-04-08 16:31:11+00:00,2026-04-08 16:31:11+00:00
3,juicio koldo pp vox ábalos,1052,2026-04-08 16:31:11+00:00,2026-04-08 16:31:11+00:00
4,cómo españa irán renta ver,557,2026-04-08 16:31:11+00:00,2026-04-08 16:31:11+00:00
5,2026 españa málaga santa semana,1193,2026-04-08 16:31:11+00:00,2026-04-08 16:31:11+00:00
6,com economía españa guerra millones,2655,2026-04-08 16:31:11+00:00,2026-04-08 16:31:11+00:00
7,guerra irán quot si trump,653,2026-04-08 16:31:11+00:00,2026-04-08 16:31:11+00:00
8,2026 com diario día internacional,2464,2026-04-08 16:31:11+00:00,2026-04-08 16:31:11+00:00
9,españa irán país trump vasco,667,2026-04-08 16:31:11+00:00,2026-04-08 16:31:11+00:00
10,atlético barcelona bayern madrid real,1026,2026-04-08 16:31:11+00:00,2026-04-08 16:31:11+00:00
11,casademont dos real viento zaragoza,736,2026-04-08 16:31:11+00:00,2026-04-08 16:31:11+00:00
12,años españa luna primera vez,510,2026-04-08 16:31:11+00:00,2026-04-08 16:31:11+00:00
13,españa hacienda internacional ministro nuevo,761,2026-04-08 16:31:11+00:00,2026-04-08 16:31:11+00:00
14,años dos españa hace tras,1274,2026-04-08 16:31:11+00:00,2026-04-08 16:31:11+00:00
0,así madrid nuevo quot zaragoza,21773,2026-04-08 17:01:14+00:00,2026-04-08 17:01:14+00:00
1,directo guerra irán israel última,2250,2026-04-08 17:01:14+00:00,2026-04-08 17:01:14+00:00
2,2026 com día españa internacional,2586,2026-04-08 17:01:14+00:00,2026-04-08 17:01:14+00:00
3,arcadi com economía españa hacienda,2669,2026-04-08 17:01:14+00:00,2026-04-08 17:01:14+00:00
4,000 dos españa euros millones,1910,2026-04-08 17:01:14+00:00,2026-04-08 17:01:14+00:00
5,guerra irán ormuz trump ultimátum,1549,2026-04-08 17:01:14+00:00,2026-04-08 17:01:14+00:00
6,2026 españa málaga santa semana,1200,2026-04-08 17:01:14+00:00,2026-04-08 17:01:14+00:00
7,años dos hace muere tras,1256,2026-04-08 17:01:14+00:00,2026-04-08 17:01:14+00:00
8,juicio koldo pp vox ábalos,1019,2026-04-08 17:01:14+00:00,2026-04-08 17:01:14+00:00
9,artemis astronautas ii luna misión,788,2026-04-08 17:01:14+00:00,2026-04-08 17:01:14+00:00
10,guerra irán puede quot si,617,2026-04-08 17:01:14+00:00,2026-04-08 17:01:14+00:00
11,com españa irán ser tras,1464,2026-04-08 17:01:14+00:00,2026-04-08 17:01:14+00:00
12,com cuerpo españa gobierno sánchez,953,2026-04-08 17:01:14+00:00,2026-04-08 17:01:14+00:00
13,años dos meses tras tres,534,2026-04-08 17:01:14+00:00,2026-04-08 17:01:14+00:00
14,2026 abril horóscopo hoy marzo,1037,2026-04-08 17:01:14+00:00,2026-04-08 17:01:14+00:00
0,años com gobierno quot zaragoza,23230,2026-04-08 17:31:06+00:00,2026-04-08 17:31:06+00:00
1,eeuu guerra irán trump ultimátum,1403,2026-04-08 17:31:06+00:00,2026-04-08 17:31:06+00:00
2,2026 com diario día internacional,2442,2026-04-08 17:31:06+00:00,2026-04-08 17:31:06+00:00
3,artemis astronautas ii luna misión,792,2026-04-08 17:31:06+00:00,2026-04-08 17:31:06+00:00
4,2026 abril hoy internacional precio,661,2026-04-08 17:31:06+00:00,2026-04-08 17:31:06+00:00
5,2026 españa málaga santa semana,1195,2026-04-08 17:31:06+00:00,2026-04-08 17:31:06+00:00
6,directo guerra irán israel última,1983,2026-04-08 17:31:06+00:00,2026-04-08 17:31:06+00:00
7,2026 abril horóscopo hoy marzo,931,2026-04-08 17:31:06+00:00,2026-04-08 17:31:06+00:00
8,000 eeuu fuego irán israel,799,2026-04-08 17:31:06+00:00,2026-04-08 17:31:06+00:00
9,atlético barcelona bayern madrid real,1079,2026-04-08 17:31:06+00:00,2026-04-08 17:31:06+00:00
10,000 años dos euros millones,1811,2026-04-08 17:31:06+00:00,2026-04-08 17:31:06+00:00
11,años dos españa ser tras,1590,2026-04-08 17:31:06+00:00,2026-04-08 17:31:06+00:00
12,estrecho irán ormuz reabrir trump,589,2026-04-08 17:31:06+00:00,2026-04-08 17:31:06+00:00
13,caso castillo eutanasia noelia tras,271,2026-04-08 17:31:06+00:00,2026-04-08 17:31:06+00:00
14,arcadi com cuerpo economía españa,2818,2026-04-08 17:31:06+00:00,2026-04-08 17:31:06+00:00
0,años dos santa semana tras,25180,2026-04-08 18:01:10+00:00,2026-04-08 18:01:10+00:00
1,estrecho irán ormuz reabrir trump,577,2026-04-08 18:01:10+00:00,2026-04-08 18:01:10+00:00
2,casademont real santa semana zaragoza,823,2026-04-08 18:01:10+00:00,2026-04-08 18:01:10+00:00
3,artemis astronautas ii luna misión,796,2026-04-08 18:01:10+00:00,2026-04-08 18:01:10+00:00
4,caso castillo eutanasia juicio noelia,550,2026-04-08 18:01:10+00:00,2026-04-08 18:01:10+00:00
5,com elplural españa internacional tras,1397,2026-04-08 18:01:10+00:00,2026-04-08 18:01:10+00:00
6,atlético barcelona bayern madrid real,1110,2026-04-08 18:01:10+00:00,2026-04-08 18:01:10+00:00
7,arcadi cuerpo españa hacienda millones,2593,2026-04-08 18:01:10+00:00,2026-04-08 18:01:10+00:00
8,000 año españa mejor millones,699,2026-04-08 18:01:10+00:00,2026-04-08 18:01:10+00:00
9,directo guerra irán israel última,2208,2026-04-08 18:01:10+00:00,2026-04-08 18:01:10+00:00
10,2026 diario día internacional pueblo,2170,2026-04-08 18:01:10+00:00,2026-04-08 18:01:10+00:00
11,españa europa internacional press trump,429,2026-04-08 18:01:10+00:00,2026-04-08 18:01:10+00:00
12,eeuu guerra irán trump ultimátum,1343,2026-04-08 18:01:10+00:00,2026-04-08 18:01:10+00:00
13,2026 abril comprobar hoy marzo,1092,2026-04-08 18:01:10+00:00,2026-04-08 18:01:10+00:00
14,años deportivo españa irán mundo,604,2026-04-08 18:01:10+00:00,2026-04-08 18:01:10+00:00
0,000 euros irán quot zaragoza,22810,2026-04-08 18:31:11+00:00,2026-04-08 18:31:11+00:00
1,arcadi com economía españa millones,2630,2026-04-08 18:31:11+00:00,2026-04-08 18:31:11+00:00
2,com diario día españa internacional,2542,2026-04-08 18:31:11+00:00,2026-04-08 18:31:11+00:00
3,com españa guerra irán oriente,1374,2026-04-08 18:31:11+00:00,2026-04-08 18:31:11+00:00
4,accidente dos irán ser tras,1970,2026-04-08 18:31:11+00:00,2026-04-08 18:31:11+00:00
5,artemis astronautas ii luna misión,787,2026-04-08 18:31:11+00:00,2026-04-08 18:31:11+00:00
6,com cuerpo españa gobierno sánchez,971,2026-04-08 18:31:11+00:00,2026-04-08 18:31:11+00:00
7,estrecho guerra irán ormuz trump,1823,2026-04-08 18:31:11+00:00,2026-04-08 18:31:11+00:00
8,años hace muere quot tras,1347,2026-04-08 18:31:11+00:00,2026-04-08 18:31:11+00:00
9,2026 españa málaga santa semana,1188,2026-04-08 18:31:11+00:00,2026-04-08 18:31:11+00:00
10,2026 abril horóscopo hoy predicción,884,2026-04-08 18:31:11+00:00,2026-04-08 18:31:11+00:00
11,feijóo pp psoe senado vox,720,2026-04-08 18:31:11+00:00,2026-04-08 18:31:11+00:00
12,atlético barcelona bayern madrid real,1060,2026-04-08 18:31:11+00:00,2026-04-08 18:31:11+00:00
13,directo guerra hora irán última,738,2026-04-08 18:31:11+00:00,2026-04-08 18:31:11+00:00
14,2026 abril comprobar hoy marzo,741,2026-04-08 18:31:11+00:00,2026-04-08 18:31:11+00:00
0,apuesta brasil españa internacional sector,226,2026-04-08 19:01:13+00:00,2026-04-08 19:01:13+00:00
1,directo guerra irán israel trump,3083,2026-04-08 19:01:13+00:00,2026-04-08 19:01:13+00:00
2,atlético barcelona bayern madrid real,1057,2026-04-08 19:01:13+00:00,2026-04-08 19:01:13+00:00
3,2025 2026 declaración hacienda renta,278,2026-04-08 19:01:13+00:00,2026-04-08 19:01:13+00:00
4,españa irán país trump vasco,677,2026-04-08 19:01:13+00:00,2026-04-08 19:01:13+00:00
5,000 dos quot tras zaragoza,24220,2026-04-08 19:01:13+00:00,2026-04-08 19:01:13+00:00
6,cadena irán puede ser tras,723,2026-04-08 19:01:13+00:00,2026-04-08 19:01:13+00:00
7,2026 abril comprobar hoy marzo,1116,2026-04-08 19:01:13+00:00,2026-04-08 19:01:13+00:00
8,cuerpo españa gobierno pp sánchez,978,2026-04-08 19:01:13+00:00,2026-04-08 19:01:13+00:00
9,así españa irán nuevo tras,661,2026-04-08 19:01:13+00:00,2026-04-08 19:01:13+00:00
10,2026 com diario día internacional,2503,2026-04-08 19:01:13+00:00,2026-04-08 19:01:13+00:00
11,artemis años ii luna misión,1924,2026-04-08 19:01:13+00:00,2026-04-08 19:01:13+00:00
12,españa guerra inicio problemas semana,130,2026-04-08 19:01:13+00:00,2026-04-08 19:01:13+00:00
13,arcadi com españa guerra millones,2855,2026-04-08 19:01:13+00:00,2026-04-08 19:01:13+00:00
14,2026 españa málaga santa semana,1184,2026-04-08 19:01:13+00:00,2026-04-08 19:01:13+00:00
0,48 abril horas irán trump,308,2026-04-08 19:31:16+00:00,2026-04-08 19:31:16+00:00
1,arcadi com cuerpo españa guerra,2824,2026-04-08 19:31:16+00:00,2026-04-08 19:31:16+00:00
2,2026 españa málaga santa semana,1187,2026-04-08 19:31:16+00:00,2026-04-08 19:31:16+00:00
3,2026 com diario españa internacional,2250,2026-04-08 19:31:16+00:00,2026-04-08 19:31:16+00:00
4,eeuu guerra irán ormuz trump,2929,2026-04-08 19:31:16+00:00,2026-04-08 19:31:16+00:00
5,com españa internacional nueva york,637,2026-04-08 19:31:16+00:00,2026-04-08 19:31:16+00:00
6,directo guerra hora irán última,684,2026-04-08 19:31:16+00:00,2026-04-08 19:31:16+00:00
7,atlético barcelona bayern madrid real,1052,2026-04-08 19:31:16+00:00,2026-04-08 19:31:16+00:00
8,2026 abril comprobar marzo sorteo,905,2026-04-08 19:31:16+00:00,2026-04-08 19:31:16+00:00
9,años dos irán ser tras,1654,2026-04-08 19:31:16+00:00,2026-04-08 19:31:16+00:00
10,000 años com gobierno zaragoza,24162,2026-04-08 19:31:16+00:00,2026-04-08 19:31:16+00:00
11,039 años dos quot si,1121,2026-04-08 19:31:16+00:00,2026-04-08 19:31:16+00:00
12,000 2025 españa euros millones,849,2026-04-08 19:31:16+00:00,2026-04-08 19:31:16+00:00
13,2026 abril horóscopo hoy predicción,423,2026-04-08 19:31:16+00:00,2026-04-08 19:31:16+00:00
14,celebra día gitano internacional pueblo,637,2026-04-08 19:31:16+00:00,2026-04-08 19:31:16+00:00
0,artemis astronautas ii luna misión,782,2026-04-08 20:01:11+00:00,2026-04-08 20:01:11+00:00
1,dos gobierno nuevo quot zaragoza,22696,2026-04-08 20:01:11+00:00,2026-04-08 20:01:11+00:00
2,arcadi com cuerpo economía españa,2792,2026-04-08 20:01:11+00:00,2026-04-08 20:01:11+00:00
3,com españa guerra inflación irán,1350,2026-04-08 20:01:11+00:00,2026-04-08 20:01:11+00:00
4,000 años euros millones quot,1984,2026-04-08 20:01:11+00:00,2026-04-08 20:01:11+00:00
5,abril hoy meteorológica previsión tiempo,269,2026-04-08 20:01:11+00:00,2026-04-08 20:01:11+00:00
6,2026 com diario día internacional,2550,2026-04-08 20:01:11+00:00,2026-04-08 20:01:11+00:00
7,feijóo gobierno pp psoe vox,754,2026-04-08 20:01:11+00:00,2026-04-08 20:01:11+00:00
8,años dos meses tras tres,523,2026-04-08 20:01:11+00:00,2026-04-08 20:01:11+00:00
9,2026 españa málaga santa semana,1169,2026-04-08 20:01:11+00:00,2026-04-08 20:01:11+00:00
10,años com españa ser tras,1565,2026-04-08 20:01:11+00:00,2026-04-08 20:01:11+00:00
11,directo guerra irán israel última,1456,2026-04-08 20:01:11+00:00,2026-04-08 20:01:11+00:00
12,eeuu guerra irán ormuz trump,1579,2026-04-08 20:01:11+00:00,2026-04-08 20:01:11+00:00
13,2026 abril comprobar hoy marzo,1036,2026-04-08 20:01:11+00:00,2026-04-08 20:01:11+00:00
14,atlético barcelona bayern madrid real,1085,2026-04-08 20:01:11+00:00,2026-04-08 20:01:11+00:00
0,2026 com diario día internacional,2567,2026-04-08 20:31:14+00:00,2026-04-08 20:31:14+00:00
1,eeuu guerra irán ormuz trump,2756,2026-04-08 20:31:14+00:00,2026-04-08 20:31:14+00:00
2,com españa ser tras trump,1417,2026-04-08 20:31:14+00:00,2026-04-08 20:31:14+00:00
3,directo guerra hora irán israel,852,2026-04-08 20:31:14+00:00,2026-04-08 20:31:14+00:00
4,años españa hace muere tras,1242,2026-04-08 20:31:14+00:00,2026-04-08 20:31:14+00:00
5,feijóo partido pp tras vox,401,2026-04-08 20:31:14+00:00,2026-04-08 20:31:14+00:00
6,artemis madrid santa semana zaragoza,22977,2026-04-08 20:31:14+00:00,2026-04-08 20:31:14+00:00
7,arcadi com economía españa guerra,2815,2026-04-08 20:31:14+00:00,2026-04-08 20:31:14+00:00
8,así españa luna sido tras,692,2026-04-08 20:31:14+00:00,2026-04-08 20:31:14+00:00
9,ee guerra irán trump uu,532,2026-04-08 20:31:14+00:00,2026-04-08 20:31:14+00:00
10,2026 abril comprobar hoy marzo,1161,2026-04-08 20:31:14+00:00,2026-04-08 20:31:14+00:00
11,años dos irán semanas tras,951,2026-04-08 20:31:14+00:00,2026-04-08 20:31:14+00:00
12,arcadi españa hacienda ministro nuevo,746,2026-04-08 20:31:14+00:00,2026-04-08 20:31:14+00:00
13,000 españa euros gobierno millones,2021,2026-04-08 20:31:14+00:00,2026-04-08 20:31:14+00:00
14,039 años irán quot si,464,2026-04-08 20:31:14+00:00,2026-04-08 20:31:14+00:00
0,civil dice guardia irán quot,430,2026-04-08 21:01:13+00:00,2026-04-08 21:01:13+00:00
1,cuerpo españa gobierno pp sánchez,948,2026-04-08 21:01:13+00:00,2026-04-08 21:01:13+00:00
2,artemis astronautas ii luna misión,803,2026-04-08 21:01:13+00:00,2026-04-08 21:01:13+00:00
3,guerra irán pp rtve tras,333,2026-04-08 21:01:13+00:00,2026-04-08 21:01:13+00:00
4,directo guerra irán israel trump,2746,2026-04-08 21:01:13+00:00,2026-04-08 21:01:13+00:00
5,2026 abril comprobar hoy marzo,1373,2026-04-08 21:01:13+00:00,2026-04-08 21:01:13+00:00
6,in malaga of the to,465,2026-04-08 21:01:13+00:00,2026-04-08 21:01:13+00:00
7,000 años quot tras zaragoza,24074,2026-04-08 21:01:13+00:00,2026-04-08 21:01:13+00:00
8,com día españa internacional millones,5005,2026-04-08 21:01:13+00:00,2026-04-08 21:01:13+00:00
9,caso juicio kitchen koldo ábalos,503,2026-04-08 21:01:13+00:00,2026-04-08 21:01:13+00:00
10,ee estrecho irán ormuz uu,942,2026-04-08 21:01:13+00:00,2026-04-08 21:01:13+00:00
11,arcadi españa hacienda ministro nuevo,771,2026-04-08 21:01:13+00:00,2026-04-08 21:01:13+00:00
12,2026 españa málaga santa semana,1191,2026-04-08 21:01:13+00:00,2026-04-08 21:01:13+00:00
13,atlético barcelona bayern madrid real,1078,2026-04-08 21:01:13+00:00,2026-04-08 21:01:13+00:00
14,años dos irán semanas tras,928,2026-04-08 21:01:13+00:00,2026-04-08 21:01:13+00:00
0,atlético barcelona bayern madrid real,1096,2026-04-08 21:31:10+00:00,2026-04-08 21:31:10+00:00
1,abril feria granada huesca internacional,177,2026-04-08 21:31:10+00:00,2026-04-08 21:31:10+00:00
2,directo guerra irán medio oriente,440,2026-04-08 21:31:10+00:00,2026-04-08 21:31:10+00:00
3,artemis astronautas ii luna misión,794,2026-04-08 21:31:10+00:00,2026-04-08 21:31:10+00:00
4,eeuu guerra irán ormuz trump,1553,2026-04-08 21:31:10+00:00,2026-04-08 21:31:10+00:00
5,directo guerra irán israel última,2207,2026-04-08 21:31:10+00:00,2026-04-08 21:31:10+00:00
6,casademont dos real viento zaragoza,747,2026-04-08 21:31:10+00:00,2026-04-08 21:31:10+00:00
7,arcadi com cuerpo economía españa,2921,2026-04-08 21:31:10+00:00,2026-04-08 21:31:10+00:00
8,años com dos españa tras,1610,2026-04-08 21:31:10+00:00,2026-04-08 21:31:10+00:00
9,basket casademont copa reina valencia,131,2026-04-08 21:31:10+00:00,2026-04-08 21:31:10+00:00
10,039 años irán quot si,463,2026-04-08 21:31:10+00:00,2026-04-08 21:31:10+00:00
11,2026 com día españa internacional,2508,2026-04-08 21:31:10+00:00,2026-04-08 21:31:10+00:00
12,2026 españa málaga santa semana,1181,2026-04-08 21:31:10+00:00,2026-04-08 21:31:10+00:00
13,2026 abril años dos hoy,25478,2026-04-08 21:31:10+00:00,2026-04-08 21:31:10+00:00
14,aragón españa heraldo pp vox,276,2026-04-08 21:31:10+00:00,2026-04-08 21:31:10+00:00
0,abril comprobar hoy marzo resultados,646,2026-04-08 22:01:13+00:00,2026-04-08 22:01:13+00:00
1,directo guerra hora irán última,643,2026-04-08 22:01:13+00:00,2026-04-08 22:01:13+00:00
2,2026 com diario españa internacional,2312,2026-04-08 22:01:13+00:00,2026-04-08 22:01:13+00:00
3,arcadi com cuerpo economía españa,2738,2026-04-08 22:01:13+00:00,2026-04-08 22:01:13+00:00
4,2026 abril horóscopo hoy marzo,957,2026-04-08 22:01:13+00:00,2026-04-08 22:01:13+00:00
5,celebra día gitano internacional pueblo,650,2026-04-08 22:01:13+00:00,2026-04-08 22:01:13+00:00
6,000 2025 españa euros millones,838,2026-04-08 22:01:13+00:00,2026-04-08 22:01:13+00:00
7,eeuu españa guerra irán israel,2092,2026-04-08 22:01:13+00:00,2026-04-08 22:01:13+00:00
8,000 años gobierno madrid zaragoza,24281,2026-04-08 22:01:13+00:00,2026-04-08 22:01:13+00:00
9,eeuu guerra irán ormuz trump,1529,2026-04-08 22:01:13+00:00,2026-04-08 22:01:13+00:00
10,2026 españa málaga santa semana,1193,2026-04-08 22:01:13+00:00,2026-04-08 22:01:13+00:00
11,artemis astronautas ii luna misión,784,2026-04-08 22:01:13+00:00,2026-04-08 22:01:13+00:00
12,años dos heridos irán tras,929,2026-04-08 22:01:13+00:00,2026-04-08 22:01:13+00:00
13,años com españa ser tras,1557,2026-04-08 22:01:13+00:00,2026-04-08 22:01:13+00:00
14,039 años irán quot si,462,2026-04-08 22:01:13+00:00,2026-04-08 22:01:13+00:00
0,cómo españa hacer irán renta,537,2026-04-08 22:31:08+00:00,2026-04-08 22:31:08+00:00
1,eutanasia gobierno noelia otan trump,1539,2026-04-08 22:31:08+00:00,2026-04-08 22:31:08+00:00
2,directo guerra irán israel trump,2871,2026-04-08 22:31:08+00:00,2026-04-08 22:31:08+00:00
3,2026 abril hoy málaga picasso,439,2026-04-08 22:31:08+00:00,2026-04-08 22:31:08+00:00
4,atlético barcelona bayern madrid real,1046,2026-04-08 22:31:08+00:00,2026-04-08 22:31:08+00:00
5,000 2025 españa euros millones,1309,2026-04-08 22:31:08+00:00,2026-04-08 22:31:08+00:00
6,10 cada españa millones vez,521,2026-04-08 22:31:08+00:00,2026-04-08 22:31:08+00:00
7,años españa irán tras trump,1583,2026-04-08 22:31:08+00:00,2026-04-08 22:31:08+00:00
8,2026 abril años hoy quot,22957,2026-04-08 22:31:08+00:00,2026-04-08 22:31:08+00:00
9,años dos irán semanas tras,966,2026-04-08 22:31:08+00:00,2026-04-08 22:31:08+00:00
10,2026 com diario día internacional,2513,2026-04-08 22:31:08+00:00,2026-04-08 22:31:08+00:00
11,arcadi com cuerpo economía españa,2706,2026-04-08 22:31:08+00:00,2026-04-08 22:31:08+00:00
12,2026 españa málaga santa semana,1166,2026-04-08 22:31:08+00:00,2026-04-08 22:31:08+00:00
13,artemis astronautas ii luna misión,785,2026-04-08 22:31:08+00:00,2026-04-08 22:31:08+00:00
14,españa irán país trump vasco,705,2026-04-08 22:31:08+00:00,2026-04-08 22:31:08+00:00
0,españa guerra internacional primer trimestre,412,2026-04-08 23:01:10+00:00,2026-04-08 23:01:10+00:00
1,2026 abril horóscopo hoy marzo,1019,2026-04-08 23:01:10+00:00,2026-04-08 23:01:10+00:00
2,directo guerra irán israel trump,3324,2026-04-08 23:01:10+00:00,2026-04-08 23:01:10+00:00
3,dos gobierno madrid tras zaragoza,24920,2026-04-08 23:01:10+00:00,2026-04-08 23:01:10+00:00
4,arcadi com cuerpo españa guerra,2912,2026-04-08 23:01:10+00:00,2026-04-08 23:01:10+00:00
5,atlético barcelona champions directo madrid,487,2026-04-08 23:01:10+00:00,2026-04-08 23:01:10+00:00
6,años canaria españa gran internacional,457,2026-04-08 23:01:10+00:00,2026-04-08 23:01:10+00:00
7,2026 abril hoy málaga picasso,431,2026-04-08 23:01:10+00:00,2026-04-08 23:01:10+00:00
8,000 10 años españa millones,524,2026-04-08 23:01:10+00:00,2026-04-08 23:01:10+00:00
9,2026 españa málaga santa semana,1193,2026-04-08 23:01:10+00:00,2026-04-08 23:01:10+00:00
10,artemis astronautas ii luna misión,800,2026-04-08 23:01:10+00:00,2026-04-08 23:01:10+00:00
11,así españa irán sido tras,638,2026-04-08 23:01:10+00:00,2026-04-08 23:01:10+00:00
12,000 españa euros internacional millones,737,2026-04-08 23:01:10+00:00,2026-04-08 23:01:10+00:00
13,años dos españa muere tras,1268,2026-04-08 23:01:10+00:00,2026-04-08 23:01:10+00:00
14,2026 com día españa internacional,2518,2026-04-08 23:01:10+00:00,2026-04-08 23:01:10+00:00
0,cuerpo españa gobierno nuevo sánchez,1331,2026-04-08 23:31:09+00:00,2026-04-08 23:31:09+00:00
1,estrecho irán ormuz reabrir trump,616,2026-04-08 23:31:09+00:00,2026-04-08 23:31:09+00:00
2,2026 abril comprobar hoy marzo,993,2026-04-08 23:31:09+00:00,2026-04-08 23:31:09+00:00
3,2026 diario día internacional pueblo,2134,2026-04-08 23:31:09+00:00,2026-04-08 23:31:09+00:00
4,directo guerra irán israel trump,2821,2026-04-08 23:31:09+00:00,2026-04-08 23:31:09+00:00
5,dos quot tras trump zaragoza,23563,2026-04-08 23:31:09+00:00,2026-04-08 23:31:09+00:00
6,2026 abril hoy málaga picasso,439,2026-04-08 23:31:09+00:00,2026-04-08 23:31:09+00:00
7,años dos hace muere tras,1324,2026-04-08 23:31:09+00:00,2026-04-08 23:31:09+00:00
8,000 2025 españa euros millones,825,2026-04-08 23:31:09+00:00,2026-04-08 23:31:09+00:00
9,arcadi cuerpo españa guerra hacienda,2380,2026-04-08 23:31:09+00:00,2026-04-08 23:31:09+00:00
10,atlético barcelona bayern madrid real,1047,2026-04-08 23:31:09+00:00,2026-04-08 23:31:09+00:00
11,com elplural españa internacional irán,1415,2026-04-08 23:31:09+00:00,2026-04-08 23:31:09+00:00
12,2026 españa málaga santa semana,1176,2026-04-08 23:31:09+00:00,2026-04-08 23:31:09+00:00
13,artemis astronautas ii luna misión,800,2026-04-08 23:31:09+00:00,2026-04-08 23:31:09+00:00
14,cadena irán puede ser tras,718,2026-04-08 23:31:09+00:00,2026-04-08 23:31:09+00:00
0,biológicas coi femeninas internacional mujeres,207,2026-04-09 00:01:11+00:00,2026-04-09 00:01:11+00:00
1,2026 diario día internacional pueblo,2219,2026-04-09 00:01:11+00:00,2026-04-09 00:01:11+00:00
2,eeuu estrecho irán ormuz trump,2134,2026-04-09 00:01:11+00:00,2026-04-09 00:01:11+00:00
3,así españa irán sido tras,670,2026-04-09 00:01:11+00:00,2026-04-09 00:01:11+00:00
4,2026 abril comprobar hoy marzo,1116,2026-04-09 00:01:11+00:00,2026-04-09 00:01:11+00:00
5,000 dos gobierno quot zaragoza,22902,2026-04-09 00:01:11+00:00,2026-04-09 00:01:11+00:00
6,com elplural españa internacional irán,1373,2026-04-09 00:01:11+00:00,2026-04-09 00:01:11+00:00
7,2026 españa málaga santa semana,1191,2026-04-09 00:01:11+00:00,2026-04-09 00:01:11+00:00
8,arcadi cuerpo españa hacienda millones,2620,2026-04-09 00:01:11+00:00,2026-04-09 00:01:11+00:00
9,atlético barcelona bayern madrid real,1048,2026-04-09 00:01:11+00:00,2026-04-09 00:01:11+00:00
10,dos españa irán ser tras,1399,2026-04-09 00:01:11+00:00,2026-04-09 00:01:11+00:00
11,feijóo gobierno pp psoe vox,751,2026-04-09 00:01:11+00:00,2026-04-09 00:01:11+00:00
12,años dos hace muere tras,1341,2026-04-09 00:01:11+00:00,2026-04-09 00:01:11+00:00
13,directo guerra hora irán última,1811,2026-04-09 00:01:11+00:00,2026-04-09 00:01:11+00:00
14,artemis astronautas ii luna misión,791,2026-04-09 00:01:11+00:00,2026-04-09 00:01:11+00:00
0,000 madrid santa semana zaragoza,23049,2026-04-09 00:31:08+00:00,2026-04-09 00:31:08+00:00
1,039 años irán quot si,464,2026-04-09 00:31:08+00:00,2026-04-09 00:31:08+00:00
2,españa irán país trump vasco,697,2026-04-09 00:31:08+00:00,2026-04-09 00:31:08+00:00
3,2026 abril comprobar hoy marzo,1127,2026-04-09 00:31:08+00:00,2026-04-09 00:31:08+00:00
4,años españa hace muere tras,1268,2026-04-09 00:31:08+00:00,2026-04-09 00:31:08+00:00
5,economía egipto españa guerra millones,2446,2026-04-09 00:31:08+00:00,2026-04-09 00:31:08+00:00
6,dos gobierno pp ser tras,2537,2026-04-09 00:31:08+00:00,2026-04-09 00:31:08+00:00
7,2026 diario día internacional pueblo,2262,2026-04-09 00:31:08+00:00,2026-04-09 00:31:08+00:00
8,cada españa menos primera vez,900,2026-04-09 00:31:08+00:00,2026-04-09 00:31:08+00:00
9,aldama juicio kitchen koldo ábalos,497,2026-04-09 00:31:08+00:00,2026-04-09 00:31:08+00:00
10,directo guerra irán israel trump,2987,2026-04-09 00:31:08+00:00,2026-04-09 00:31:08+00:00
11,arcadi carlos cuerpo españa hacienda,521,2026-04-09 00:31:08+00:00,2026-04-09 00:31:08+00:00
12,artemis astronautas ii luna misión,759,2026-04-09 00:31:08+00:00,2026-04-09 00:31:08+00:00
13,españa internacional maduro nueva york,617,2026-04-09 00:31:08+00:00,2026-04-09 00:31:08+00:00
14,com elplural españa internacional irán,1460,2026-04-09 00:31:08+00:00,2026-04-09 00:31:08+00:00
0,arcadi españa hacienda ministro nuevo,735,2026-04-09 01:01:08+00:00,2026-04-09 01:01:08+00:00
1,directo guerra irán israel trump,3034,2026-04-09 01:01:08+00:00,2026-04-09 01:01:08+00:00
2,2026 com día internacional pueblo,2514,2026-04-09 01:01:08+00:00,2026-04-09 01:01:08+00:00
3,000 100 españa euros millones,1142,2026-04-09 01:01:08+00:00,2026-04-09 01:01:08+00:00
4,atlético barcelona españa madrid país,987,2026-04-09 01:01:08+00:00,2026-04-09 01:01:08+00:00
5,com madrid quot trump zaragoza,21600,2026-04-09 01:01:08+00:00,2026-04-09 01:01:08+00:00
6,así españa irán sido tras,654,2026-04-09 01:01:08+00:00,2026-04-09 01:01:08+00:00
7,años dos irán semanas tras,922,2026-04-09 01:01:08+00:00,2026-04-09 01:01:08+00:00
8,artemis astronautas ii luna misión,781,2026-04-09 01:01:08+00:00,2026-04-09 01:01:08+00:00
9,2026 españa málaga santa semana,1179,2026-04-09 01:01:08+00:00,2026-04-09 01:01:08+00:00
10,arcadi com economía españa guerra,2729,2026-04-09 01:01:08+00:00,2026-04-09 01:01:08+00:00
11,cuerpo españa gobierno pp sánchez,970,2026-04-09 01:01:08+00:00,2026-04-09 01:01:08+00:00
12,2026 declaración directo renta ver,1108,2026-04-09 01:01:08+00:00,2026-04-09 01:01:08+00:00
13,años muere quot ser tras,2284,2026-04-09 01:01:08+00:00,2026-04-09 01:01:08+00:00
14,2026 abril horóscopo hoy marzo,963,2026-04-09 01:01:08+00:00,2026-04-09 01:01:08+00:00
0,artemis astronautas ii luna misión,789,2026-04-09 01:31:15+00:00,2026-04-09 01:31:15+00:00
1,guerra irán ormuz trump ultimátum,1532,2026-04-09 01:31:15+00:00,2026-04-09 01:31:15+00:00
2,000 100 españa euros millones,1055,2026-04-09 01:31:15+00:00,2026-04-09 01:31:15+00:00
3,directo guerra irán israel última,2335,2026-04-09 01:31:15+00:00,2026-04-09 01:31:15+00:00
4,2026 internacional lotería nacional premio,448,2026-04-09 01:31:15+00:00,2026-04-09 01:31:15+00:00
5,2026 abril dos hoy quot,23233,2026-04-09 01:31:15+00:00,2026-04-09 01:31:15+00:00
6,casademont dos real viento zaragoza,759,2026-04-09 01:31:15+00:00,2026-04-09 01:31:15+00:00
7,atlético barcelona bayern madrid real,1036,2026-04-09 01:31:15+00:00,2026-04-09 01:31:15+00:00
8,años dos españa hace tras,1335,2026-04-09 01:31:15+00:00,2026-04-09 01:31:15+00:00
9,arcadi com economía españa guerra,2685,2026-04-09 01:31:15+00:00,2026-04-09 01:31:15+00:00
10,cadena irán puede ser tras,694,2026-04-09 01:31:15+00:00,2026-04-09 01:31:15+00:00
11,2026 com diario día internacional,2370,2026-04-09 01:31:15+00:00,2026-04-09 01:31:15+00:00
12,2026 españa málaga santa semana,1177,2026-04-09 01:31:15+00:00,2026-04-09 01:31:15+00:00
13,cuerpo españa gobierno pedro sánchez,785,2026-04-09 01:31:15+00:00,2026-04-09 01:31:15+00:00
14,com dos españa irán tras,1392,2026-04-09 01:31:15+00:00,2026-04-09 01:31:15+00:00
0,2026 abril horóscopo hoy marzo,1383,2026-04-09 02:01:10+00:00,2026-04-09 02:01:10+00:00
1,casademont internacional nueva real zaragoza,1145,2026-04-09 02:01:10+00:00,2026-04-09 02:01:10+00:00
2,eeuu estrecho irán ormuz trump,2093,2026-04-09 02:01:10+00:00,2026-04-09 02:01:10+00:00
3,directo guerra hora irán última,1694,2026-04-09 02:01:10+00:00,2026-04-09 02:01:10+00:00
4,ataques irán israel líbano mundo,1024,2026-04-09 02:01:10+00:00,2026-04-09 02:01:10+00:00
5,así españa internacional nuevo tras,1130,2026-04-09 02:01:10+00:00,2026-04-09 02:01:10+00:00
6,000 100 españa euros menos,889,2026-04-09 02:01:10+00:00,2026-04-09 02:01:10+00:00
7,com dos internacional quot tras,23409,2026-04-09 02:01:10+00:00,2026-04-09 02:01:10+00:00
8,2026 españa málaga santa semana,1173,2026-04-09 02:01:10+00:00,2026-04-09 02:01:10+00:00
9,000 2025 españa euros millones,800,2026-04-09 02:01:10+00:00,2026-04-09 02:01:10+00:00
10,cuerpo españa gobierno pp sánchez,965,2026-04-09 02:01:10+00:00,2026-04-09 02:01:10+00:00
11,arcadi com economía españa guerra,2688,2026-04-09 02:01:10+00:00,2026-04-09 02:01:10+00:00
12,artemis astronautas ii luna misión,802,2026-04-09 02:01:10+00:00,2026-04-09 02:01:10+00:00
13,años dos hace muere tras,1348,2026-04-09 02:01:10+00:00,2026-04-09 02:01:10+00:00
14,atlético barcelona bayern madrid real,1060,2026-04-09 02:01:10+00:00,2026-04-09 02:01:10+00:00
0,directo guerra hora irán última,674,2026-04-09 02:31:09+00:00,2026-04-09 02:31:09+00:00
1,arcadi com cuerpo españa millones,2747,2026-04-09 02:31:09+00:00,2026-04-09 02:31:09+00:00
2,años dos españa hace tras,1341,2026-04-09 02:31:09+00:00,2026-04-09 02:31:09+00:00
3,000 año millones málaga tras,681,2026-04-09 02:31:09+00:00,2026-04-09 02:31:09+00:00
4,celebra día gitano internacional pueblo,638,2026-04-09 02:31:09+00:00,2026-04-09 02:31:09+00:00
5,artemis ii luna misión tras,1981,2026-04-09 02:31:09+00:00,2026-04-09 02:31:09+00:00
6,españa gobierno pp sánchez vox,1336,2026-04-09 02:31:09+00:00,2026-04-09 02:31:09+00:00
7,atlético barcelona bayern madrid real,1061,2026-04-09 02:31:09+00:00,2026-04-09 02:31:09+00:00
8,2026 abril comprobar hoy marzo,1056,2026-04-09 02:31:09+00:00,2026-04-09 02:31:09+00:00
9,039 años irán quot si,462,2026-04-09 02:31:09+00:00,2026-04-09 02:31:09+00:00
10,eeuu estrecho irán ormuz trump,2312,2026-04-09 02:31:09+00:00,2026-04-09 02:31:09+00:00
11,2026 com diario españa internacional,2303,2026-04-09 02:31:09+00:00,2026-04-09 02:31:09+00:00
12,2026 españa málaga santa semana,1177,2026-04-09 02:31:09+00:00,2026-04-09 02:31:09+00:00
13,com españa guerra irán trump,1566,2026-04-09 02:31:09+00:00,2026-04-09 02:31:09+00:00
14,000 dos euros nuevo zaragoza,22277,2026-04-09 02:31:09+00:00,2026-04-09 02:31:09+00:00
0,cada españa españoles guerra irán,181,2026-04-09 03:01:11+00:00,2026-04-09 03:01:11+00:00
1,años irán nueva toda vida,351,2026-04-09 03:01:11+00:00,2026-04-09 03:01:11+00:00
2,artemis años com luna tras,23853,2026-04-09 03:01:11+00:00,2026-04-09 03:01:11+00:00
3,cuerpo españa gobierno pp sánchez,964,2026-04-09 03:01:11+00:00,2026-04-09 03:01:11+00:00
4,arcadi com economía españa guerra,2868,2026-04-09 03:01:11+00:00,2026-04-09 03:01:11+00:00
5,directo guerra irán israel trump,3114,2026-04-09 03:01:11+00:00,2026-04-09 03:01:11+00:00
6,años dos irán semanas tras,935,2026-04-09 03:01:11+00:00,2026-04-09 03:01:11+00:00
7,039 años irán quot si,461,2026-04-09 03:01:11+00:00,2026-04-09 03:01:11+00:00
8,2026 españa málaga santa semana,1159,2026-04-09 03:01:11+00:00,2026-04-09 03:01:11+00:00
9,000 100 españa euros millones,1128,2026-04-09 03:01:11+00:00,2026-04-09 03:01:11+00:00
10,2026 com día españa internacional,2543,2026-04-09 03:01:11+00:00,2026-04-09 03:01:11+00:00
11,atlético barcelona bayern madrid real,1038,2026-04-09 03:01:11+00:00,2026-04-09 03:01:11+00:00
12,2026 abril horóscopo hoy marzo,1095,2026-04-09 03:01:11+00:00,2026-04-09 03:01:11+00:00
13,cadena irán puede ser tras,729,2026-04-09 03:01:11+00:00,2026-04-09 03:01:11+00:00
14,así casademont nuevo real zaragoza,1192,2026-04-09 03:01:11+00:00,2026-04-09 03:01:11+00:00
0,bayern directo madrid real zaragoza,532,2026-04-09 03:31:11+00:00,2026-04-09 03:31:11+00:00
1,arcadi cuerpo españa hacienda millones,2646,2026-04-09 03:31:11+00:00,2026-04-09 03:31:11+00:00
2,estrecho irán ormuz trump ultimátum,1274,2026-04-09 03:31:11+00:00,2026-04-09 03:31:11+00:00
3,039 años irán quot trump,461,2026-04-09 03:31:11+00:00,2026-04-09 03:31:11+00:00
4,ataques irán israel líbano sur,665,2026-04-09 03:31:11+00:00,2026-04-09 03:31:11+00:00
5,artemis astronautas ii luna misión,777,2026-04-09 03:31:11+00:00,2026-04-09 03:31:11+00:00
6,accidente años dos españa tras,1461,2026-04-09 03:31:11+00:00,2026-04-09 03:31:11+00:00
7,así atlético barcelona madrid rosalía,1295,2026-04-09 03:31:11+00:00,2026-04-09 03:31:11+00:00
8,directo guerra hora irán última,1834,2026-04-09 03:31:11+00:00,2026-04-09 03:31:11+00:00
9,eeuu guerra irán israel trump,654,2026-04-09 03:31:11+00:00,2026-04-09 03:31:11+00:00
10,com elpais elplural españa internacional,1412,2026-04-09 03:31:11+00:00,2026-04-09 03:31:11+00:00
11,españa guerra puede renta si,585,2026-04-09 03:31:11+00:00,2026-04-09 03:31:11+00:00
12,2026 diario día internacional pueblo,2274,2026-04-09 03:31:11+00:00,2026-04-09 03:31:11+00:00
13,2026 abril años santa semana,25124,2026-04-09 03:31:11+00:00,2026-04-09 03:31:11+00:00
14,cadena irán puede ser tras,692,2026-04-09 03:31:11+00:00,2026-04-09 03:31:11+00:00
0,españa europa internacional press trump,432,2026-04-09 04:01:12+00:00,2026-04-09 04:01:12+00:00
1,2026 españa málaga santa semana,1197,2026-04-09 04:01:12+00:00,2026-04-09 04:01:12+00:00
2,directo guerra irán israel trump,2977,2026-04-09 04:01:12+00:00,2026-04-09 04:01:12+00:00
3,com elplural españa internacional irán,1478,2026-04-09 04:01:12+00:00,2026-04-09 04:01:12+00:00
4,alto fuego irán israel trump,433,2026-04-09 04:01:12+00:00,2026-04-09 04:01:12+00:00
5,2026 abril comprobar hoy marzo,1160,2026-04-09 04:01:12+00:00,2026-04-09 04:01:12+00:00
6,así españa nuevo sido tras,645,2026-04-09 04:01:12+00:00,2026-04-09 04:01:12+00:00
7,000 año españa guerra millones,431,2026-04-09 04:01:12+00:00,2026-04-09 04:01:12+00:00
8,cadena irán puede ser tras,704,2026-04-09 04:01:12+00:00,2026-04-09 04:01:12+00:00
9,2026 diario españa festival internacional,1983,2026-04-09 04:01:12+00:00,2026-04-09 04:01:12+00:00
10,casademont dos real viento zaragoza,749,2026-04-09 04:01:12+00:00,2026-04-09 04:01:12+00:00
11,años hombre muere noelia tras,275,2026-04-09 04:01:12+00:00,2026-04-09 04:01:12+00:00
12,años españa gobierno madrid tras,27687,2026-04-09 04:01:12+00:00,2026-04-09 04:01:12+00:00
13,celebra día gitano internacional pueblo,622,2026-04-09 04:01:12+00:00,2026-04-09 04:01:12+00:00
14,artemis astronautas ii luna misión,792,2026-04-09 04:01:12+00:00,2026-04-09 04:01:12+00:00
0,españa hacienda internacional ministro nuevo,727,2026-04-09 04:31:10+00:00,2026-04-09 04:31:10+00:00
1,eeuu guerra irán ormuz trump,2945,2026-04-09 04:31:10+00:00,2026-04-09 04:31:10+00:00
2,2026 abril horóscopo hoy marzo,646,2026-04-09 04:31:10+00:00,2026-04-09 04:31:10+00:00
3,directo guerra hora irán última,697,2026-04-09 04:31:10+00:00,2026-04-09 04:31:10+00:00
4,com economía españa guerra irán,2872,2026-04-09 04:31:10+00:00,2026-04-09 04:31:10+00:00
5,000 gobierno quot tras zaragoza,24203,2026-04-09 04:31:10+00:00,2026-04-09 04:31:10+00:00
6,2026 españa málaga santa semana,1189,2026-04-09 04:31:10+00:00,2026-04-09 04:31:10+00:00
7,2026 com diario día internacional,2442,2026-04-09 04:31:10+00:00,2026-04-09 04:31:10+00:00
8,años españa hace muere tras,1263,2026-04-09 04:31:10+00:00,2026-04-09 04:31:10+00:00
9,años dos españa irán tras,934,2026-04-09 04:31:10+00:00,2026-04-09 04:31:10+00:00
10,atlético barcelona bayern madrid real,1003,2026-04-09 04:31:10+00:00,2026-04-09 04:31:10+00:00
11,así españa luna sido tras,653,2026-04-09 04:31:10+00:00,2026-04-09 04:31:10+00:00
12,2026 abril comprobar hoy precio,635,2026-04-09 04:31:10+00:00,2026-04-09 04:31:10+00:00
13,guerra irán puede quot si,643,2026-04-09 04:31:10+00:00,2026-04-09 04:31:10+00:00
14,cuerpo españa gobierno pedro sánchez,765,2026-04-09 04:31:10+00:00,2026-04-09 04:31:10+00:00
0,diario españa festival internacional onefootball,1828,2026-04-09 05:01:14+00:00,2026-04-09 05:01:14+00:00
1,2026 españa málaga santa semana,1195,2026-04-09 05:01:14+00:00,2026-04-09 05:01:14+00:00
2,2026 abril españa internacional renta,819,2026-04-09 05:01:14+00:00,2026-04-09 05:01:14+00:00
3,dos estrecho irán ormuz trump,1204,2026-04-09 05:01:14+00:00,2026-04-09 05:01:14+00:00
4,000 gobierno quot trump zaragoza,23272,2026-04-09 05:01:14+00:00,2026-04-09 05:01:14+00:00
5,años dos hace muere tras,1381,2026-04-09 05:01:14+00:00,2026-04-09 05:01:14+00:00
6,egipto españa madrid millones real,2846,2026-04-09 05:01:14+00:00,2026-04-09 05:01:14+00:00
7,arcadi carlos cuerpo españa hacienda,528,2026-04-09 05:01:14+00:00,2026-04-09 05:01:14+00:00
8,así españa internacional irán nuevo,727,2026-04-09 05:01:14+00:00,2026-04-09 05:01:14+00:00
9,2026 abril comprobar hoy marzo,910,2026-04-09 05:01:14+00:00,2026-04-09 05:01:14+00:00
10,com elplural españa internacional irán,1395,2026-04-09 05:01:14+00:00,2026-04-09 05:01:14+00:00
11,directo guerra irán israel trump,2666,2026-04-09 05:01:14+00:00,2026-04-09 05:01:14+00:00
12,españa irán ser tras trump,1538,2026-04-09 05:01:14+00:00,2026-04-09 05:01:14+00:00
13,cómo españa irán renta ver,568,2026-04-09 05:01:14+00:00,2026-04-09 05:01:14+00:00
14,celebra día gitano internacional pueblo,665,2026-04-09 05:01:14+00:00,2026-04-09 05:01:14+00:00
0,cuerpo españa gobierno sánchez vasco,945,2026-04-09 05:31:11+00:00,2026-04-09 05:31:11+00:00
1,directo guerra hora irán última,662,2026-04-09 05:31:11+00:00,2026-04-09 05:31:11+00:00
2,feijóo pp psoe tras vox,689,2026-04-09 05:31:11+00:00,2026-04-09 05:31:11+00:00
3,2026 españa málaga santa semana,1185,2026-04-09 05:31:11+00:00,2026-04-09 05:31:11+00:00
4,000 dos quot tras zaragoza,23505,2026-04-09 05:31:11+00:00,2026-04-09 05:31:11+00:00
5,com dw elplural españa internacional,1321,2026-04-09 05:31:11+00:00,2026-04-09 05:31:11+00:00
6,2026 diario día internacional pueblo,2238,2026-04-09 05:31:11+00:00,2026-04-09 05:31:11+00:00
7,artemis astronautas ii luna misión,796,2026-04-09 05:31:11+00:00,2026-04-09 05:31:11+00:00
8,eeuu estrecho irán ormuz trump,2278,2026-04-09 05:31:11+00:00,2026-04-09 05:31:11+00:00
9,atlético barcelona bayern madrid real,1052,2026-04-09 05:31:11+00:00,2026-04-09 05:31:11+00:00
10,2026 abril comprobar hoy marzo,1098,2026-04-09 05:31:11+00:00,2026-04-09 05:31:11+00:00
11,españa guerra irán oriente trump,1476,2026-04-09 05:31:11+00:00,2026-04-09 05:31:11+00:00
12,cómo españa hacer irán renta,548,2026-04-09 05:31:11+00:00,2026-04-09 05:31:11+00:00
13,arcadi cuerpo españa hacienda millones,2436,2026-04-09 05:31:11+00:00,2026-04-09 05:31:11+00:00
14,años dos hace muere tras,1341,2026-04-09 05:31:11+00:00,2026-04-09 05:31:11+00:00
0,fin guerra irán poner semana,247,2026-04-09 06:01:12+00:00,2026-04-09 06:01:12+00:00
1,años gobierno madrid quot tras,24206,2026-04-09 06:01:12+00:00,2026-04-09 06:01:12+00:00
2,directo eeuu guerra irán trump,2786,2026-04-09 06:01:12+00:00,2026-04-09 06:01:12+00:00
3,arcadi com cuerpo españa guerra,2963,2026-04-09 06:01:12+00:00,2026-04-09 06:01:12+00:00
4,así españa nuevo sido tras,627,2026-04-09 06:01:12+00:00,2026-04-09 06:01:12+00:00
5,2026 españa málaga santa semana,1172,2026-04-09 06:01:12+00:00,2026-04-09 06:01:12+00:00
6,2026 abril horóscopo hoy marzo,1096,2026-04-09 06:01:12+00:00,2026-04-09 06:01:12+00:00
7,artemis astronautas ii luna misión,796,2026-04-09 06:01:12+00:00,2026-04-09 06:01:12+00:00
8,2026 com día internacional pueblo,2478,2026-04-09 06:01:12+00:00,2026-04-09 06:01:12+00:00
9,000 10 españa euros millones,1490,2026-04-09 06:01:12+00:00,2026-04-09 06:01:12+00:00
10,españa internacional ley nueva york,605,2026-04-09 06:01:12+00:00,2026-04-09 06:01:12+00:00
11,ee guerra irán israel uu,1056,2026-04-09 06:01:12+00:00,2026-04-09 06:01:12+00:00
12,años dos españa irán tras,907,2026-04-09 06:01:12+00:00,2026-04-09 06:01:12+00:00
13,2026 españa internacional italia mundial,433,2026-04-09 06:01:12+00:00,2026-04-09 06:01:12+00:00
14,cadena irán puede ser tras,725,2026-04-09 06:01:12+00:00,2026-04-09 06:01:12+00:00
0,años dos muere quot tras,2479,2026-04-09 06:31:11+00:00,2026-04-09 06:31:11+00:00
1,com españa guerra inflación irán,1325,2026-04-09 06:31:11+00:00,2026-04-09 06:31:11+00:00
2,casademont dos real viento zaragoza,737,2026-04-09 06:31:11+00:00,2026-04-09 06:31:11+00:00
3,2026 españa internacional italia mundial,434,2026-04-09 06:31:11+00:00,2026-04-09 06:31:11+00:00
4,2026 abril horóscopo hoy marzo,1057,2026-04-09 06:31:11+00:00,2026-04-09 06:31:11+00:00
5,com dos gobierno madrid quot,22757,2026-04-09 06:31:11+00:00,2026-04-09 06:31:11+00:00
6,eeuu guerra irán ormuz trump,1631,2026-04-09 06:31:11+00:00,2026-04-09 06:31:11+00:00
7,artemis astronautas ii luna misión,797,2026-04-09 06:31:11+00:00,2026-04-09 06:31:11+00:00
8,celebra día gitano internacional pueblo,598,2026-04-09 06:31:11+00:00,2026-04-09 06:31:11+00:00
9,2026 com diario españa internacional,2251,2026-04-09 06:31:11+00:00,2026-04-09 06:31:11+00:00
10,directo guerra irán israel última,1549,2026-04-09 06:31:11+00:00,2026-04-09 06:31:11+00:00
11,españa internacional ley nueva york,607,2026-04-09 06:31:11+00:00,2026-04-09 06:31:11+00:00
12,000 2025 españa euros millones,1372,2026-04-09 06:31:11+00:00,2026-04-09 06:31:11+00:00
13,2026 españa málaga santa semana,1188,2026-04-09 06:31:11+00:00,2026-04-09 06:31:11+00:00
14,arcadi com cuerpo economía españa,2805,2026-04-09 06:31:11+00:00,2026-04-09 06:31:11+00:00
0,españa hacienda internacional ministro nuevo,695,2026-04-09 07:01:08+00:00,2026-04-09 07:01:08+00:00
1,directo guerra irán israel última,2210,2026-04-09 07:01:08+00:00,2026-04-09 07:01:08+00:00
2,centro internacional madrid salud zaragoza,245,2026-04-09 07:01:08+00:00,2026-04-09 07:01:08+00:00
3,000 100 españa euros millones,1160,2026-04-09 07:01:08+00:00,2026-04-09 07:01:08+00:00
4,eeuu guerra irán ormuz trump,1506,2026-04-09 07:01:08+00:00,2026-04-09 07:01:08+00:00
5,arcadi carlos cuerpo españa sánchez,558,2026-04-09 07:01:08+00:00,2026-04-09 07:01:08+00:00
6,039 años irán quot trump,460,2026-04-09 07:01:08+00:00,2026-04-09 07:01:08+00:00
7,2026 abril años dos tras,25320,2026-04-09 07:01:08+00:00,2026-04-09 07:01:08+00:00
8,2026 españa málaga santa semana,1172,2026-04-09 07:01:08+00:00,2026-04-09 07:01:08+00:00
9,así españa irán sido tras,632,2026-04-09 07:01:08+00:00,2026-04-09 07:01:08+00:00
10,atlético barcelona bayern madrid real,1050,2026-04-09 07:01:08+00:00,2026-04-09 07:01:08+00:00
11,2026 com diario día internacional,2535,2026-04-09 07:01:08+00:00,2026-04-09 07:01:08+00:00
12,ee guerra irán israel uu,545,2026-04-09 07:01:08+00:00,2026-04-09 07:01:08+00:00
13,artemis astronautas ii luna misión,791,2026-04-09 07:01:08+00:00,2026-04-09 07:01:08+00:00
14,com economía españa guerra millones,2679,2026-04-09 07:01:08+00:00,2026-04-09 07:01:08+00:00
0,años españa luna primera vez,527,2026-04-09 07:31:11+00:00,2026-04-09 07:31:11+00:00
1,año años españa madrid mejor,367,2026-04-09 07:31:11+00:00,2026-04-09 07:31:11+00:00
2,alto fuego internacional irán nueva,922,2026-04-09 07:31:11+00:00,2026-04-09 07:31:11+00:00
3,directo guerra irán israel trump,2913,2026-04-09 07:31:11+00:00,2026-04-09 07:31:11+00:00
4,artemis años com luna zaragoza,23570,2026-04-09 07:31:11+00:00,2026-04-09 07:31:11+00:00
5,000 100 españa euros millones,1102,2026-04-09 07:31:11+00:00,2026-04-09 07:31:11+00:00
6,atlético barcelona bayern madrid real,1006,2026-04-09 07:31:11+00:00,2026-04-09 07:31:11+00:00
7,2026 españa málaga santa semana,1157,2026-04-09 07:31:11+00:00,2026-04-09 07:31:11+00:00
8,039 años irán quot trump,459,2026-04-09 07:31:11+00:00,2026-04-09 07:31:11+00:00
9,cuerpo españa gobierno pp sánchez,962,2026-04-09 07:31:11+00:00,2026-04-09 07:31:11+00:00
10,años dos irán semanas tras,923,2026-04-09 07:31:11+00:00,2026-04-09 07:31:11+00:00
11,arcadi com economía españa guerra,2716,2026-04-09 07:31:11+00:00,2026-04-09 07:31:11+00:00
12,años españa ser tras trump,1530,2026-04-09 07:31:11+00:00,2026-04-09 07:31:11+00:00
13,2026 com día internacional pueblo,2432,2026-04-09 07:31:11+00:00,2026-04-09 07:31:11+00:00
14,2026 abril horóscopo hoy marzo,1055,2026-04-09 07:31:11+00:00,2026-04-09 07:31:11+00:00
0,así irán rincón tras victoria,156,2026-04-09 08:01:06+00:00,2026-04-09 08:01:06+00:00
1,2026 abril horóscopo hoy marzo,1063,2026-04-09 08:01:06+00:00,2026-04-09 08:01:06+00:00
2,directo guerra irán israel última,2312,2026-04-09 08:01:06+00:00,2026-04-09 08:01:06+00:00
3,años cuatro españa objective the,498,2026-04-09 08:01:06+00:00,2026-04-09 08:01:06+00:00
4,000 euros madrid millones real,2012,2026-04-09 08:01:06+00:00,2026-04-09 08:01:06+00:00
5,años dos gobierno quot zaragoza,23234,2026-04-09 08:01:06+00:00,2026-04-09 08:01:06+00:00
6,2026 com día internacional pueblo,2547,2026-04-09 08:01:06+00:00,2026-04-09 08:01:06+00:00
7,eeuu guerra irán ormuz trump,1566,2026-04-09 08:01:06+00:00,2026-04-09 08:01:06+00:00
8,2025 2026 cómo declaración renta,716,2026-04-09 08:01:06+00:00,2026-04-09 08:01:06+00:00
9,2026 españa málaga santa semana,1182,2026-04-09 08:01:06+00:00,2026-04-09 08:01:06+00:00
10,así españa nuevo sido tras,647,2026-04-09 08:01:06+00:00,2026-04-09 08:01:06+00:00
11,años dos españa ser tras,1595,2026-04-09 08:01:06+00:00,2026-04-09 08:01:06+00:00
12,artemis astronautas ii luna misión,785,2026-04-09 08:01:06+00:00,2026-04-09 08:01:06+00:00
13,arcadi com cuerpo economía españa,2883,2026-04-09 08:01:06+00:00,2026-04-09 08:01:06+00:00
14,2026 españa internacional italia mundial,434,2026-04-09 08:01:06+00:00,2026-04-09 08:01:06+00:00
0,atlético barcelona champions directo madrid,505,2026-04-09 08:31:09+00:00,2026-04-09 08:31:09+00:00
1,2026 abril comprobar horóscopo hoy,811,2026-04-09 08:31:09+00:00,2026-04-09 08:31:09+00:00
2,españa irán ser tras trump,1559,2026-04-09 08:31:09+00:00,2026-04-09 08:31:09+00:00
3,directo guerra irán israel trump,3165,2026-04-09 08:31:09+00:00,2026-04-09 08:31:09+00:00
4,2026 españa málaga santa semana,1172,2026-04-09 08:31:09+00:00,2026-04-09 08:31:09+00:00
5,com economía españa española nacionalidad,297,2026-04-09 08:31:09+00:00,2026-04-09 08:31:09+00:00
6,años españa hace muere tras,1364,2026-04-09 08:31:09+00:00,2026-04-09 08:31:09+00:00
7,000 españa euros gobierno millones,1931,2026-04-09 08:31:09+00:00,2026-04-09 08:31:09+00:00
8,com diario día internacional pueblo,2386,2026-04-09 08:31:09+00:00,2026-04-09 08:31:09+00:00
9,cada españa luna primera vez,590,2026-04-09 08:31:09+00:00,2026-04-09 08:31:09+00:00
10,blanca casa quot si trump,920,2026-04-09 08:31:09+00:00,2026-04-09 08:31:09+00:00
11,casademont dos real viento zaragoza,765,2026-04-09 08:31:09+00:00,2026-04-09 08:31:09+00:00
12,arcadi com cuerpo economía españa,2727,2026-04-09 08:31:09+00:00,2026-04-09 08:31:09+00:00
13,artemis com dos madrid quot,22481,2026-04-09 08:31:09+00:00,2026-04-09 08:31:09+00:00
14,2026 españa hoy internacional marzo,939,2026-04-09 08:31:09+00:00,2026-04-09 08:31:09+00:00
0,fuego irán israel teherán trump,142,2026-04-09 09:01:10+00:00,2026-04-09 09:01:10+00:00
1,2026 diario día internacional pueblo,2195,2026-04-09 09:01:10+00:00,2026-04-09 09:01:10+00:00
2,artemis gobierno ii luna quot,22691,2026-04-09 09:01:10+00:00,2026-04-09 09:01:10+00:00
3,accidente españa irán ser tras,1403,2026-04-09 09:01:10+00:00,2026-04-09 09:01:10+00:00
4,eeuu guerra irán ormuz trump,1513,2026-04-09 09:01:10+00:00,2026-04-09 09:01:10+00:00
5,años después hace muere tras,1280,2026-04-09 09:01:10+00:00,2026-04-09 09:01:10+00:00
6,2026 abril horóscopo hoy marzo,1058,2026-04-09 09:01:10+00:00,2026-04-09 09:01:10+00:00
7,años dos irán semanas tras,919,2026-04-09 09:01:10+00:00,2026-04-09 09:01:10+00:00
8,000 2025 españa euros millones,1352,2026-04-09 09:01:10+00:00,2026-04-09 09:01:10+00:00
9,atlético barcelona bayern madrid real,1026,2026-04-09 09:01:10+00:00,2026-04-09 09:01:10+00:00
10,com elplural españa internacional irán,1375,2026-04-09 09:01:10+00:00,2026-04-09 09:01:10+00:00
11,2026 españa málaga santa semana,1172,2026-04-09 09:01:10+00:00,2026-04-09 09:01:10+00:00
12,directo guerra irán israel última,2186,2026-04-09 09:01:10+00:00,2026-04-09 09:01:10+00:00
13,arcadi cuerpo españa hacienda sánchez,2560,2026-04-09 09:01:10+00:00,2026-04-09 09:01:10+00:00
14,casademont dos real viento zaragoza,743,2026-04-09 09:01:10+00:00,2026-04-09 09:01:10+00:00
0,años madrid quot tras zaragoza,24195,2026-04-09 09:31:10+00:00,2026-04-09 09:31:10+00:00
1,directo guerra irán israel trump,3183,2026-04-09 09:31:10+00:00,2026-04-09 09:31:10+00:00
2,españa hacienda internacional ministro nuevo,748,2026-04-09 09:31:10+00:00,2026-04-09 09:31:10+00:00
3,2026 com día internacional pueblo,2454,2026-04-09 09:31:10+00:00,2026-04-09 09:31:10+00:00
4,españa internacional ley nueva york,596,2026-04-09 09:31:10+00:00,2026-04-09 09:31:10+00:00
5,2026 abril comprobar hoy marzo,1060,2026-04-09 09:31:10+00:00,2026-04-09 09:31:10+00:00
6,2026 españa málaga santa semana,1173,2026-04-09 09:31:10+00:00,2026-04-09 09:31:10+00:00
7,000 2025 españa euros millones,833,2026-04-09 09:31:10+00:00,2026-04-09 09:31:10+00:00
8,años dos irán semanas tras,909,2026-04-09 09:31:10+00:00,2026-04-09 09:31:10+00:00
9,cómo españa irán renta ver,548,2026-04-09 09:31:10+00:00,2026-04-09 09:31:10+00:00
10,cuerpo españa gobierno pedro sánchez,720,2026-04-09 09:31:10+00:00,2026-04-09 09:31:10+00:00
11,artemis astronautas ii luna misión,811,2026-04-09 09:31:10+00:00,2026-04-09 09:31:10+00:00
12,com economía españa guerra irán,2770,2026-04-09 09:31:10+00:00,2026-04-09 09:31:10+00:00
13,2026 abril hoy málaga picasso,437,2026-04-09 09:31:10+00:00,2026-04-09 09:31:10+00:00
14,com gobierno pp tras vox,1201,2026-04-09 09:31:10+00:00,2026-04-09 09:31:10+00:00
0,directo dónde final partido ver,758,2026-04-09 10:01:12+00:00,2026-04-09 10:01:12+00:00
1,años dos irán semanas tras,932,2026-04-09 10:01:12+00:00,2026-04-09 10:01:12+00:00
2,eeuu guerra irán ormuz trump,1567,2026-04-09 10:01:12+00:00,2026-04-09 10:01:12+00:00
3,2026 españa málaga santa semana,1167,2026-04-09 10:01:12+00:00,2026-04-09 10:01:12+00:00
4,2026 com día españa internacional,2537,2026-04-09 10:01:12+00:00,2026-04-09 10:01:12+00:00
5,arcadi com economía españa millones,2795,2026-04-09 10:01:12+00:00,2026-04-09 10:01:12+00:00
6,carlos cuerpo españa juan si,830,2026-04-09 10:01:12+00:00,2026-04-09 10:01:12+00:00
7,años después hace muere tras,1240,2026-04-09 10:01:12+00:00,2026-04-09 10:01:12+00:00
8,directo guerra irán israel última,2386,2026-04-09 10:01:12+00:00,2026-04-09 10:01:12+00:00
9,039 años irán quot trump,464,2026-04-09 10:01:12+00:00,2026-04-09 10:01:12+00:00
10,atlético barcelona bayern madrid real,1022,2026-04-09 10:01:12+00:00,2026-04-09 10:01:12+00:00
11,000 euros gobierno tras zaragoza,23371,2026-04-09 10:01:12+00:00,2026-04-09 10:01:12+00:00
12,2026 abril comprobar hoy marzo,1108,2026-04-09 10:01:12+00:00,2026-04-09 10:01:12+00:00
13,feijóo gobierno pp psoe vox,709,2026-04-09 10:01:12+00:00,2026-04-09 10:01:12+00:00
14,cadena irán puede ser tras,716,2026-04-09 10:01:12+00:00,2026-04-09 10:01:12+00:00
0,2026 com día internacional pueblo,2505,2026-04-09 10:31:14+00:00,2026-04-09 10:31:14+00:00
1,así com ser si zaragoza,21647,2026-04-09 10:31:14+00:00,2026-04-09 10:31:14+00:00
2,2026 abril horóscopo hoy marzo,1150,2026-04-09 10:31:14+00:00,2026-04-09 10:31:14+00:00
3,arcadi com economía españa guerra,2757,2026-04-09 10:31:14+00:00,2026-04-09 10:31:14+00:00
4,artemis astronautas ii luna misión,792,2026-04-09 10:31:14+00:00,2026-04-09 10:31:14+00:00
5,com españa irán ser tras,1427,2026-04-09 10:31:14+00:00,2026-04-09 10:31:14+00:00
6,atlético barcelona bayern madrid real,1035,2026-04-09 10:31:14+00:00,2026-04-09 10:31:14+00:00
7,000 2025 españa euros millones,1349,2026-04-09 10:31:14+00:00,2026-04-09 10:31:14+00:00
8,eeuu guerra irán ormuz trump,2886,2026-04-09 10:31:14+00:00,2026-04-09 10:31:14+00:00
9,cuerpo españa gobierno nuevo sánchez,1357,2026-04-09 10:31:14+00:00,2026-04-09 10:31:14+00:00
10,años hace muere tras tres,1225,2026-04-09 10:31:14+00:00,2026-04-09 10:31:14+00:00
11,directo guerra hora irán israel,935,2026-04-09 10:31:14+00:00,2026-04-09 10:31:14+00:00
12,039 años irán quot si,465,2026-04-09 10:31:14+00:00,2026-04-09 10:31:14+00:00
13,2026 españa málaga santa semana,1153,2026-04-09 10:31:14+00:00,2026-04-09 10:31:14+00:00
14,años dos irán semanas tras,928,2026-04-09 10:31:14+00:00,2026-04-09 10:31:14+00:00
0,dónde gratis horario partido ver,361,2026-04-09 11:01:15+00:00,2026-04-09 11:01:15+00:00
1,directo guerra irán israel trump,2977,2026-04-09 11:01:15+00:00,2026-04-09 11:01:15+00:00
2,arcadi cuerpo españa hacienda millones,2629,2026-04-09 11:01:15+00:00,2026-04-09 11:01:15+00:00
3,com elplural españa internacional irán,1454,2026-04-09 11:01:15+00:00,2026-04-09 11:01:15+00:00
4,000 euros gobierno nuevo quot,22398,2026-04-09 11:01:15+00:00,2026-04-09 11:01:15+00:00
5,artemis astronautas ii luna misión,800,2026-04-09 11:01:15+00:00,2026-04-09 11:01:15+00:00
6,2026 diario día internacional pueblo,2209,2026-04-09 11:01:15+00:00,2026-04-09 11:01:15+00:00
7,atlético barcelona bayern madrid real,1012,2026-04-09 11:01:15+00:00,2026-04-09 11:01:15+00:00
8,españa irán ser tras trump,1487,2026-04-09 11:01:15+00:00,2026-04-09 11:01:15+00:00
9,dos juicio koldo ser ábalos,1369,2026-04-09 11:01:15+00:00,2026-04-09 11:01:15+00:00
10,casademont dos real viento zaragoza,755,2026-04-09 11:01:15+00:00,2026-04-09 11:01:15+00:00
11,deportivo españa internacional irán mundo,587,2026-04-09 11:01:15+00:00,2026-04-09 11:01:15+00:00
12,2026 abril comprobar hoy marzo,1105,2026-04-09 11:01:15+00:00,2026-04-09 11:01:15+00:00
13,2026 españa málaga santa semana,1147,2026-04-09 11:01:15+00:00,2026-04-09 11:01:15+00:00
14,años dos hace muere tras,1320,2026-04-09 11:01:15+00:00,2026-04-09 11:01:15+00:00
0,dos madrid quot tras zaragoza,23964,2026-04-09 11:31:17+00:00,2026-04-09 11:31:17+00:00
1,com españa guerra irán trump,1413,2026-04-09 11:31:17+00:00,2026-04-09 11:31:17+00:00
2,directo españa mejor partido ver,699,2026-04-09 11:31:17+00:00,2026-04-09 11:31:17+00:00
3,españa gobierno pp sánchez vox,1289,2026-04-09 11:31:17+00:00,2026-04-09 11:31:17+00:00
4,2026 españa málaga santa semana,1169,2026-04-09 11:31:17+00:00,2026-04-09 11:31:17+00:00
5,2026 com diario españa internacional,2333,2026-04-09 11:31:17+00:00,2026-04-09 11:31:17+00:00
6,2026 abril comprobar hoy marzo,1099,2026-04-09 11:31:17+00:00,2026-04-09 11:31:17+00:00
7,aldama juicio kitchen koldo ábalos,527,2026-04-09 11:31:17+00:00,2026-04-09 11:31:17+00:00
8,eeuu irán ormuz otan trump,1465,2026-04-09 11:31:17+00:00,2026-04-09 11:31:17+00:00
9,directo guerra irán israel última,1577,2026-04-09 11:31:17+00:00,2026-04-09 11:31:17+00:00
10,años dos hace muere tras,1359,2026-04-09 11:31:17+00:00,2026-04-09 11:31:17+00:00
11,artemis astronautas ii luna misión,810,2026-04-09 11:31:17+00:00,2026-04-09 11:31:17+00:00
12,cómo españa hacer irán renta,539,2026-04-09 11:31:17+00:00,2026-04-09 11:31:17+00:00
13,arcadi com economía españa millones,2654,2026-04-09 11:31:17+00:00,2026-04-09 11:31:17+00:00
14,celebra día gitano internacional pueblo,650,2026-04-09 11:31:17+00:00,2026-04-09 11:31:17+00:00
0,000 2025 españa euros millones,1388,2026-04-09 12:01:15+00:00,2026-04-09 12:01:15+00:00
1,com gobierno quot si zaragoza,21730,2026-04-09 12:01:15+00:00,2026-04-09 12:01:15+00:00
2,años españa irán ser tras,1645,2026-04-09 12:01:15+00:00,2026-04-09 12:01:15+00:00
3,2026 com día internacional pueblo,2533,2026-04-09 12:01:15+00:00,2026-04-09 12:01:15+00:00
4,2026 abril horóscopo hoy marzo,1101,2026-04-09 12:01:15+00:00,2026-04-09 12:01:15+00:00
5,años después dos hace muere,1769,2026-04-09 12:01:15+00:00,2026-04-09 12:01:15+00:00
6,arcadi com economía españa guerra,2712,2026-04-09 12:01:15+00:00,2026-04-09 12:01:15+00:00
7,artemis astronautas ii luna misión,798,2026-04-09 12:01:15+00:00,2026-04-09 12:01:15+00:00
8,directo guerra hora irán última,657,2026-04-09 12:01:15+00:00,2026-04-09 12:01:15+00:00
9,2026 españa málaga santa semana,1146,2026-04-09 12:01:15+00:00,2026-04-09 12:01:15+00:00
10,bayern champions madrid real zaragoza,522,2026-04-09 12:01:15+00:00,2026-04-09 12:01:15+00:00
11,eeuu guerra irán ormuz trump,2901,2026-04-09 12:01:15+00:00,2026-04-09 12:01:15+00:00
12,arcadi españa hacienda ministro nuevo,758,2026-04-09 12:01:15+00:00,2026-04-09 12:01:15+00:00
13,españa irán país trump vasco,695,2026-04-09 12:01:15+00:00,2026-04-09 12:01:15+00:00
14,así atlético barcelona madrid rosalía,1179,2026-04-09 12:01:15+00:00,2026-04-09 12:01:15+00:00
0,españa irán país trump vasco,677,2026-04-09 12:31:14+00:00,2026-04-09 12:31:14+00:00
1,directo guerra hora irán última,740,2026-04-09 12:31:14+00:00,2026-04-09 12:31:14+00:00
2,arcadi cuerpo españa gobierno guerra,2383,2026-04-09 12:31:14+00:00,2026-04-09 12:31:14+00:00
3,2026 abril dos hoy tras,24486,2026-04-09 12:31:14+00:00,2026-04-09 12:31:14+00:00
4,eeuu guerra irán ormuz trump,2716,2026-04-09 12:31:14+00:00,2026-04-09 12:31:14+00:00
5,2026 españa málaga santa semana,1133,2026-04-09 12:31:14+00:00,2026-04-09 12:31:14+00:00
6,com elplural españa internacional irán,1400,2026-04-09 12:31:14+00:00,2026-04-09 12:31:14+00:00
7,2026 día gitano internacional pueblo,2141,2026-04-09 12:31:14+00:00,2026-04-09 12:31:14+00:00
8,000 2025 españa euros millones,800,2026-04-09 12:31:14+00:00,2026-04-09 12:31:14+00:00
9,000 100 españa euros menos,898,2026-04-09 12:31:14+00:00,2026-04-09 12:31:14+00:00
10,atlético barcelona bayern madrid real,1011,2026-04-09 12:31:14+00:00,2026-04-09 12:31:14+00:00
11,039 años irán quot si,462,2026-04-09 12:31:14+00:00,2026-04-09 12:31:14+00:00
12,así españa luna sido tras,677,2026-04-09 12:31:14+00:00,2026-04-09 12:31:14+00:00
13,arcadi españa hacienda ministro nuevo,730,2026-04-09 12:31:14+00:00,2026-04-09 12:31:14+00:00
14,años dos hace muere tras,1270,2026-04-09 12:31:14+00:00,2026-04-09 12:31:14+00:00
0,atracciones años parque tan zaragoza,182,2026-04-09 13:01:10+00:00,2026-04-09 13:01:10+00:00
1,así años gobierno madrid zaragoza,23150,2026-04-09 13:01:10+00:00,2026-04-09 13:01:10+00:00
2,039 años irán quot si,462,2026-04-09 13:01:10+00:00,2026-04-09 13:01:10+00:00
3,eeuu guerra irán ormuz trump,1517,2026-04-09 13:01:10+00:00,2026-04-09 13:01:10+00:00
4,com dw elplural españa internacional,1368,2026-04-09 13:01:10+00:00,2026-04-09 13:01:10+00:00
5,españa guerra irán medio oriente,1254,2026-04-09 13:01:10+00:00,2026-04-09 13:01:10+00:00
6,españa heridos menos muertos puede,657,2026-04-09 13:01:10+00:00,2026-04-09 13:01:10+00:00
7,2026 abril comprobar hoy marzo,1117,2026-04-09 13:01:10+00:00,2026-04-09 13:01:10+00:00
8,arcadi cuerpo españa hacienda sánchez,2508,2026-04-09 13:01:10+00:00,2026-04-09 13:01:10+00:00
9,artemis astronautas ii luna misión,797,2026-04-09 13:01:10+00:00,2026-04-09 13:01:10+00:00
10,2026 españa málaga santa semana,1148,2026-04-09 13:01:10+00:00,2026-04-09 13:01:10+00:00
11,000 años dos euros millones,2089,2026-04-09 13:01:10+00:00,2026-04-09 13:01:10+00:00
12,directo guerra irán israel última,1426,2026-04-09 13:01:10+00:00,2026-04-09 13:01:10+00:00
13,2026 diario día internacional pueblo,2262,2026-04-09 13:01:10+00:00,2026-04-09 13:01:10+00:00
14,años dos españa ser tras,1536,2026-04-09 13:01:10+00:00,2026-04-09 13:01:10+00:00
0,com economía españa guerra millones,2661,2026-04-09 13:31:08+00:00,2026-04-09 13:31:08+00:00
1,2026 com día internacional pueblo,2573,2026-04-09 13:31:08+00:00,2026-04-09 13:31:08+00:00
2,eeuu irán ormuz tras trump,2553,2026-04-09 13:31:08+00:00,2026-04-09 13:31:08+00:00
3,2026 abril dos hoy zaragoza,23150,2026-04-09 13:31:08+00:00,2026-04-09 13:31:08+00:00
4,arcadi carlos cuerpo españa hacienda,476,2026-04-09 13:31:08+00:00,2026-04-09 13:31:08+00:00
5,cómo declaración españa irán renta,541,2026-04-09 13:31:08+00:00,2026-04-09 13:31:08+00:00
6,españa gobierno pp sánchez vasco,878,2026-04-09 13:31:08+00:00,2026-04-09 13:31:08+00:00
7,directo guerra irán israel última,2473,2026-04-09 13:31:08+00:00,2026-04-09 13:31:08+00:00
8,2026 españa málaga santa semana,1131,2026-04-09 13:31:08+00:00,2026-04-09 13:31:08+00:00
9,039 años irán quot si,462,2026-04-09 13:31:08+00:00,2026-04-09 13:31:08+00:00
10,artemis astronautas ii luna misión,807,2026-04-09 13:31:08+00:00,2026-04-09 13:31:08+00:00
11,accidente alerta horas tiger tras,551,2026-04-09 13:31:08+00:00,2026-04-09 13:31:08+00:00
12,atlético barcelona bayern madrid real,1061,2026-04-09 13:31:08+00:00,2026-04-09 13:31:08+00:00
13,declaración juicio koldo renta ábalos,808,2026-04-09 13:31:08+00:00,2026-04-09 13:31:08+00:00
14,años dos españa muere tras,1298,2026-04-09 13:31:08+00:00,2026-04-09 13:31:08+00:00
0,empresas españa guerra irán millones,163,2026-04-09 14:01:11+00:00,2026-04-09 14:01:11+00:00
1,directo guerra irán israel trump,2993,2026-04-09 14:01:11+00:00,2026-04-09 14:01:11+00:00
2,039 años irán quot si,460,2026-04-09 14:01:11+00:00,2026-04-09 14:01:11+00:00
3,arcadi com economía españa guerra,2816,2026-04-09 14:01:11+00:00,2026-04-09 14:01:11+00:00
4,años dos santa semana zaragoza,23919,2026-04-09 14:01:11+00:00,2026-04-09 14:01:11+00:00
5,cadena irán puede ser tras,708,2026-04-09 14:01:11+00:00,2026-04-09 14:01:11+00:00
6,2026 abril horóscopo hoy marzo,1108,2026-04-09 14:01:11+00:00,2026-04-09 14:01:11+00:00
7,blanca casa cómo hacer trump,614,2026-04-09 14:01:11+00:00,2026-04-09 14:01:11+00:00
8,años meses muerte pena tres,762,2026-04-09 14:01:11+00:00,2026-04-09 14:01:11+00:00
9,000 100 españa euros millones,1154,2026-04-09 14:01:11+00:00,2026-04-09 14:01:11+00:00
10,artemis astronautas ii luna misión,801,2026-04-09 14:01:11+00:00,2026-04-09 14:01:11+00:00
11,años españa irán tras trump,1562,2026-04-09 14:01:11+00:00,2026-04-09 14:01:11+00:00
12,2026 com día internacional pueblo,2487,2026-04-09 14:01:11+00:00,2026-04-09 14:01:11+00:00
13,atlético barcelona bayern madrid real,1079,2026-04-09 14:01:11+00:00,2026-04-09 14:01:11+00:00
14,arcadi españa hacienda ministro nuevo,762,2026-04-09 14:01:11+00:00,2026-04-09 14:01:11+00:00
0,2026 abril horóscopo hoy marzo,1055,2026-04-09 14:31:10+00:00,2026-04-09 14:31:10+00:00
1,así com gobierno nuevo zaragoza,22212,2026-04-09 14:31:10+00:00,2026-04-09 14:31:10+00:00
2,2026 cómo españa irán renta,538,2026-04-09 14:31:10+00:00,2026-04-09 14:31:10+00:00
3,años dos irán ser tras,2022,2026-04-09 14:31:10+00:00,2026-04-09 14:31:10+00:00
4,000 100 españa euros millones,1113,2026-04-09 14:31:10+00:00,2026-04-09 14:31:10+00:00
5,eeuu guerra irán ormuz trump,1553,2026-04-09 14:31:10+00:00,2026-04-09 14:31:10+00:00
6,directo guerra irán israel última,2317,2026-04-09 14:31:10+00:00,2026-04-09 14:31:10+00:00
7,2026 españa málaga santa semana,1124,2026-04-09 14:31:10+00:00,2026-04-09 14:31:10+00:00
8,atlético barcelona bayern madrid real,1061,2026-04-09 14:31:10+00:00,2026-04-09 14:31:10+00:00
9,celebra día gitano internacional pueblo,651,2026-04-09 14:31:10+00:00,2026-04-09 14:31:10+00:00
10,artemis astronautas ii luna misión,808,2026-04-09 14:31:10+00:00,2026-04-09 14:31:10+00:00
11,años dos hace muere quot,1533,2026-04-09 14:31:10+00:00,2026-04-09 14:31:10+00:00
12,com economía españa guerra millones,2582,2026-04-09 14:31:10+00:00,2026-04-09 14:31:10+00:00
13,2026 com diario españa internacional,2320,2026-04-09 14:31:10+00:00,2026-04-09 14:31:10+00:00
14,arcadi carlos cuerpo españa hacienda,526,2026-04-09 14:31:10+00:00,2026-04-09 14:31:10+00:00
0,atlético barcelona bayern madrid real,1059,2026-04-09 15:01:07+00:00,2026-04-09 15:01:07+00:00
1,000 años dos gobierno zaragoza,24443,2026-04-09 15:01:07+00:00,2026-04-09 15:01:07+00:00
2,así españa nuevo sido tras,627,2026-04-09 15:01:07+00:00,2026-04-09 15:01:07+00:00
3,españa internacional ley nueva york,597,2026-04-09 15:01:07+00:00,2026-04-09 15:01:07+00:00
4,bull eléctrica españa internacional red,178,2026-04-09 15:01:07+00:00,2026-04-09 15:01:07+00:00
5,artemis astronautas ii luna misión,806,2026-04-09 15:01:07+00:00,2026-04-09 15:01:07+00:00
6,2026 com día internacional pueblo,2484,2026-04-09 15:01:07+00:00,2026-04-09 15:01:07+00:00
7,2026 españa málaga santa semana,1131,2026-04-09 15:01:07+00:00,2026-04-09 15:01:07+00:00
8,directo guerra irán israel trump,3211,2026-04-09 15:01:07+00:00,2026-04-09 15:01:07+00:00
9,039 años irán quot si,461,2026-04-09 15:01:07+00:00,2026-04-09 15:01:07+00:00
10,años com españa irán tras,1627,2026-04-09 15:01:07+00:00,2026-04-09 15:01:07+00:00
11,arcadi com cuerpo economía españa,2925,2026-04-09 15:01:07+00:00,2026-04-09 15:01:07+00:00
12,2026 abril comprobar hoy marzo,1136,2026-04-09 15:01:07+00:00,2026-04-09 15:01:07+00:00
13,2025 2026 declaración hacienda renta,302,2026-04-09 15:01:07+00:00,2026-04-09 15:01:07+00:00
14,000 año españa guerra millones,416,2026-04-09 15:01:07+00:00,2026-04-09 15:01:07+00:00
0,años deportivo españa mundo tres,902,2026-04-09 15:31:10+00:00,2026-04-09 15:31:10+00:00
1,aldama juicio kitchen koldo ábalos,533,2026-04-09 15:31:10+00:00,2026-04-09 15:31:10+00:00
2,2026 abril artemis hoy zaragoza,22897,2026-04-09 15:31:10+00:00,2026-04-09 15:31:10+00:00
3,eeuu estrecho irán ormuz trump,1880,2026-04-09 15:31:10+00:00,2026-04-09 15:31:10+00:00
4,arcadi com economía españa millones,2752,2026-04-09 15:31:10+00:00,2026-04-09 15:31:10+00:00
5,ee guerra irán israel uu,528,2026-04-09 15:31:10+00:00,2026-04-09 15:31:10+00:00
6,atlético barcelona bayern madrid real,1066,2026-04-09 15:31:10+00:00,2026-04-09 15:31:10+00:00
7,años dos españa ser tras,1561,2026-04-09 15:31:10+00:00,2026-04-09 15:31:10+00:00
8,2026 com día internacional pueblo,2522,2026-04-09 15:31:10+00:00,2026-04-09 15:31:10+00:00
9,directo guerra hora irán última,1671,2026-04-09 15:31:10+00:00,2026-04-09 15:31:10+00:00
10,blanca casa españa salón trump,418,2026-04-09 15:31:10+00:00,2026-04-09 15:31:10+00:00
11,cuerpo españa gobierno pp sánchez,944,2026-04-09 15:31:10+00:00,2026-04-09 15:31:10+00:00
12,civil guardia israel muerte pena,434,2026-04-09 15:31:10+00:00,2026-04-09 15:31:10+00:00
13,2026 españa málaga santa semana,1118,2026-04-09 15:31:10+00:00,2026-04-09 15:31:10+00:00
14,000 años euros millones quot,2188,2026-04-09 15:31:10+00:00,2026-04-09 15:31:10+00:00
0,2026 abril horóscopo hoy marzo,1187,2026-04-09 16:01:16+00:00,2026-04-09 16:01:16+00:00
1,años dos muere quot tras,2328,2026-04-09 16:01:16+00:00,2026-04-09 16:01:16+00:00
2,2026 com diario día internacional,2549,2026-04-09 16:01:16+00:00,2026-04-09 16:01:16+00:00
3,directo guerra irán israel trump,3134,2026-04-09 16:01:16+00:00,2026-04-09 16:01:16+00:00
4,cuerpo españa gobierno pp sánchez,919,2026-04-09 16:01:16+00:00,2026-04-09 16:01:16+00:00
5,000 10 100 años euros,924,2026-04-09 16:01:16+00:00,2026-04-09 16:01:16+00:00
6,cadena irán puede ser tras,703,2026-04-09 16:01:16+00:00,2026-04-09 16:01:16+00:00
7,000 2025 españa euros millones,824,2026-04-09 16:01:16+00:00,2026-04-09 16:01:16+00:00
8,artemis astronautas ii luna misión,804,2026-04-09 16:01:16+00:00,2026-04-09 16:01:16+00:00
9,dos madrid santa semana zaragoza,23335,2026-04-09 16:01:16+00:00,2026-04-09 16:01:16+00:00
10,españa irán país trump vasco,675,2026-04-09 16:01:16+00:00,2026-04-09 16:01:16+00:00
11,aldama juicio kitchen koldo ábalos,538,2026-04-09 16:01:16+00:00,2026-04-09 16:01:16+00:00
12,arcadi com economía españa guerra,2729,2026-04-09 16:01:16+00:00,2026-04-09 16:01:16+00:00
13,años cómo internacional quot vida,368,2026-04-09 16:01:16+00:00,2026-04-09 16:01:16+00:00
14,españa guerra internacional primer trimestre,429,2026-04-09 16:01:16+00:00,2026-04-09 16:01:16+00:00
0,aldama directo juicio koldo ábalos,365,2026-04-09 16:31:11+00:00,2026-04-09 16:31:11+00:00
1,cadena irán puede ser tras,691,2026-04-09 16:31:11+00:00,2026-04-09 16:31:11+00:00
2,000 2025 españa euros millones,1392,2026-04-09 16:31:11+00:00,2026-04-09 16:31:11+00:00
3,atlético barcelona bayern madrid real,1075,2026-04-09 16:31:11+00:00,2026-04-09 16:31:11+00:00
4,directo guerra irán israel trump,2936,2026-04-09 16:31:11+00:00,2026-04-09 16:31:11+00:00
5,2026 abril horóscopo hoy marzo,1129,2026-04-09 16:31:11+00:00,2026-04-09 16:31:11+00:00
6,039 años irán quot trump,457,2026-04-09 16:31:11+00:00,2026-04-09 16:31:11+00:00
7,2026 com día internacional pueblo,2561,2026-04-09 16:31:11+00:00,2026-04-09 16:31:11+00:00
8,así santa semana trump zaragoza,22434,2026-04-09 16:31:11+00:00,2026-04-09 16:31:11+00:00
9,arcadi com cuerpo economía españa,2885,2026-04-09 16:31:11+00:00,2026-04-09 16:31:11+00:00
10,años españa hace muere tras,1189,2026-04-09 16:31:11+00:00,2026-04-09 16:31:11+00:00
11,años dos irán semanas tras,949,2026-04-09 16:31:11+00:00,2026-04-09 16:31:11+00:00
12,com gobierno pp tras trump,1905,2026-04-09 16:31:11+00:00,2026-04-09 16:31:11+00:00
13,guerra irán ormuz si trump,664,2026-04-09 16:31:11+00:00,2026-04-09 16:31:11+00:00
14,artemis astronautas ii luna misión,808,2026-04-09 16:31:11+00:00,2026-04-09 16:31:11+00:00
0,2026 abril comprobar hoy marzo,1136,2026-04-09 17:01:13+00:00,2026-04-09 17:01:13+00:00
1,años dos irán semanas tras,896,2026-04-09 17:01:13+00:00,2026-04-09 17:01:13+00:00
2,000 años euros millones tras,1889,2026-04-09 17:01:13+00:00,2026-04-09 17:01:13+00:00
3,2026 com día españa internacional,2524,2026-04-09 17:01:13+00:00,2026-04-09 17:01:13+00:00
4,com quot ser tras trump,22555,2026-04-09 17:01:13+00:00,2026-04-09 17:01:13+00:00
5,arcadi com españa guerra millones,2699,2026-04-09 17:01:13+00:00,2026-04-09 17:01:13+00:00
6,casademont dos real viento zaragoza,744,2026-04-09 17:01:13+00:00,2026-04-09 17:01:13+00:00
7,arcadi españa hacienda ministro nuevo,722,2026-04-09 17:01:13+00:00,2026-04-09 17:01:13+00:00
8,atlético barcelona bayern madrid real,1042,2026-04-09 17:01:13+00:00,2026-04-09 17:01:13+00:00
9,artemis astronautas ii luna misión,819,2026-04-09 17:01:13+00:00,2026-04-09 17:01:13+00:00
10,cuerpo españa gobierno pp sánchez,913,2026-04-09 17:01:13+00:00,2026-04-09 17:01:13+00:00
11,2026 españa málaga santa semana,1107,2026-04-09 17:01:13+00:00,2026-04-09 17:01:13+00:00
12,directo guerra irán israel trump,3051,2026-04-09 17:01:13+00:00,2026-04-09 17:01:13+00:00
13,guerra irán quot si trump,684,2026-04-09 17:01:13+00:00,2026-04-09 17:01:13+00:00
14,así españa irán sido tras,647,2026-04-09 17:01:13+00:00,2026-04-09 17:01:13+00:00
0,alcaraz carlos masters montecarlo victoria,271,2026-04-09 17:31:12+00:00,2026-04-09 17:31:12+00:00
1,com elplural españa internacional irán,1441,2026-04-09 17:31:12+00:00,2026-04-09 17:31:12+00:00
2,2026 abril comprobar hoy marzo,1128,2026-04-09 17:31:12+00:00,2026-04-09 17:31:12+00:00
3,2026 españa málaga santa semana,1120,2026-04-09 17:31:12+00:00,2026-04-09 17:31:12+00:00
4,accidente años dos ser tras,2133,2026-04-09 17:31:12+00:00,2026-04-09 17:31:12+00:00
5,crisis energética españa guerra irán,272,2026-04-09 17:31:12+00:00,2026-04-09 17:31:12+00:00
6,cánticos egipto españa partido racistas,243,2026-04-09 17:31:12+00:00,2026-04-09 17:31:12+00:00
7,000 años euros gobierno zaragoza,24040,2026-04-09 17:31:12+00:00,2026-04-09 17:31:12+00:00
8,directo guerra irán israel trump,3057,2026-04-09 17:31:12+00:00,2026-04-09 17:31:12+00:00
9,atlético barcelona bayern madrid real,1088,2026-04-09 17:31:12+00:00,2026-04-09 17:31:12+00:00
10,2026 día gitano internacional pueblo,2226,2026-04-09 17:31:12+00:00,2026-04-09 17:31:12+00:00
11,arcadi economía españa guerra millones,2568,2026-04-09 17:31:12+00:00,2026-04-09 17:31:12+00:00
12,2026 cómo declaración irán renta,529,2026-04-09 17:31:12+00:00,2026-04-09 17:31:12+00:00
13,artemis astronautas ii luna misión,809,2026-04-09 17:31:12+00:00,2026-04-09 17:31:12+00:00
14,039 años irán quot si,456,2026-04-09 17:31:12+00:00,2026-04-09 17:31:12+00:00
0,artemis astronautas ii luna misión,815,2026-04-09 18:01:12+00:00,2026-04-09 18:01:12+00:00
1,aldama directo juicio koldo ábalos,492,2026-04-09 18:01:12+00:00,2026-04-09 18:01:12+00:00
2,2026 abril comprobar hoy marzo,1093,2026-04-09 18:01:12+00:00,2026-04-09 18:01:12+00:00
3,atlético barcelona madrid real tras,2073,2026-04-09 18:01:12+00:00,2026-04-09 18:01:12+00:00
4,directo guerra irán israel última,2339,2026-04-09 18:01:12+00:00,2026-04-09 18:01:12+00:00
5,eeuu guerra irán ormuz trump,1596,2026-04-09 18:01:12+00:00,2026-04-09 18:01:12+00:00
6,feijóo gobierno pp psoe vox,664,2026-04-09 18:01:12+00:00,2026-04-09 18:01:12+00:00
7,2026 españa málaga santa semana,1116,2026-04-09 18:01:12+00:00,2026-04-09 18:01:12+00:00
8,años dos irán semanas tras,895,2026-04-09 18:01:12+00:00,2026-04-09 18:01:12+00:00
9,arcadi com economía españa guerra,2740,2026-04-09 18:01:12+00:00,2026-04-09 18:01:12+00:00
10,2026 com día internacional pueblo,2561,2026-04-09 18:01:12+00:00,2026-04-09 18:01:12+00:00
11,000 2025 españa euros millones,824,2026-04-09 18:01:12+00:00,2026-04-09 18:01:12+00:00
12,así españa nuevo sido tras,681,2026-04-09 18:01:12+00:00,2026-04-09 18:01:12+00:00
13,años hace muere quot tras,1218,2026-04-09 18:01:12+00:00,2026-04-09 18:01:12+00:00
14,000 gobierno quot si zaragoza,22211,2026-04-09 18:01:12+00:00,2026-04-09 18:01:12+00:00
0,directo guerra irán medio oriente,451,2026-04-09 18:31:07+00:00,2026-04-09 18:31:07+00:00
1,años dos heridos irán tras,883,2026-04-09 18:31:07+00:00,2026-04-09 18:31:07+00:00
2,directo guerra irán israel última,2061,2026-04-09 18:31:07+00:00,2026-04-09 18:31:07+00:00
3,000 2025 españa euros millones,837,2026-04-09 18:31:07+00:00,2026-04-09 18:31:07+00:00
4,2026 día gitano internacional pueblo,2219,2026-04-09 18:31:07+00:00,2026-04-09 18:31:07+00:00
5,2026 españa málaga santa semana,1115,2026-04-09 18:31:07+00:00,2026-04-09 18:31:07+00:00
6,guerra irán ormuz otan trump,1517,2026-04-09 18:31:07+00:00,2026-04-09 18:31:07+00:00
7,artemis astronautas ii luna misión,811,2026-04-09 18:31:07+00:00,2026-04-09 18:31:07+00:00
8,arcadi años españa guerra tras,3168,2026-04-09 18:31:07+00:00,2026-04-09 18:31:07+00:00
9,000 así gobierno tras zaragoza,22968,2026-04-09 18:31:07+00:00,2026-04-09 18:31:07+00:00
10,feijóo gobierno pp psoe vox,659,2026-04-09 18:31:07+00:00,2026-04-09 18:31:07+00:00
11,2026 abril comprobar hoy marzo,1132,2026-04-09 18:31:07+00:00,2026-04-09 18:31:07+00:00
12,atlético barcelona madrid quot real,1433,2026-04-09 18:31:07+00:00,2026-04-09 18:31:07+00:00
13,com elplural españa internacional irán,1333,2026-04-09 18:31:07+00:00,2026-04-09 18:31:07+00:00
14,así españa internacional ministro nuevo,704,2026-04-09 18:31:07+00:00,2026-04-09 18:31:07+00:00
0,000 2025 españa euros millones,811,2026-04-09 19:01:17+00:00,2026-04-09 19:01:17+00:00
1,directo guerra hora irán última,1724,2026-04-09 19:01:17+00:00,2026-04-09 19:01:17+00:00
2,años españa meses tras tres,553,2026-04-09 19:01:17+00:00,2026-04-09 19:01:17+00:00
3,000 dos madrid quot zaragoza,22853,2026-04-09 19:01:17+00:00,2026-04-09 19:01:17+00:00
4,com españa irán ser tras,1458,2026-04-09 19:01:17+00:00,2026-04-09 19:01:17+00:00
5,años dos hace muere tras,1228,2026-04-09 19:01:17+00:00,2026-04-09 19:01:17+00:00
6,españa gobierno nueva pp sánchez,1200,2026-04-09 19:01:17+00:00,2026-04-09 19:01:17+00:00
7,com economía egipto españa guerra,2521,2026-04-09 19:01:17+00:00,2026-04-09 19:01:17+00:00
8,2026 abril comprobar hoy marzo,1085,2026-04-09 19:01:17+00:00,2026-04-09 19:01:17+00:00
9,2026 com día internacional pueblo,2505,2026-04-09 19:01:17+00:00,2026-04-09 19:01:17+00:00
10,cómo declaración irán renta ver,563,2026-04-09 19:01:17+00:00,2026-04-09 19:01:17+00:00
11,artemis astronautas ii luna misión,811,2026-04-09 19:01:17+00:00,2026-04-09 19:01:17+00:00
12,2026 españa málaga santa semana,1114,2026-04-09 19:01:17+00:00,2026-04-09 19:01:17+00:00
13,eeuu estrecho irán ormuz trump,2192,2026-04-09 19:01:17+00:00,2026-04-09 19:01:17+00:00
14,españa guerra puede quot si,627,2026-04-09 19:01:17+00:00,2026-04-09 19:01:17+00:00
0,2026 com día internacional pueblo,2507,2026-04-09 19:31:10+00:00,2026-04-09 19:31:10+00:00
1,eeuu fuego irán israel trump,687,2026-04-09 19:31:10+00:00,2026-04-09 19:31:10+00:00
2,años com gobierno quot si,22686,2026-04-09 19:31:10+00:00,2026-04-09 19:31:10+00:00
3,2026 españa málaga santa semana,1105,2026-04-09 19:31:10+00:00,2026-04-09 19:31:10+00:00
4,directo guerra irán israel trump,2757,2026-04-09 19:31:10+00:00,2026-04-09 19:31:10+00:00
5,arcadi com economía españa guerra,2731,2026-04-09 19:31:10+00:00,2026-04-09 19:31:10+00:00
6,artemis astronautas ii luna misión,816,2026-04-09 19:31:10+00:00,2026-04-09 19:31:10+00:00
7,2026 abril comprobar hoy marzo,1105,2026-04-09 19:31:10+00:00,2026-04-09 19:31:10+00:00
8,años dos irán semanas tras,893,2026-04-09 19:31:10+00:00,2026-04-09 19:31:10+00:00
9,atlético barcelona bayern madrid real,1057,2026-04-09 19:31:10+00:00,2026-04-09 19:31:10+00:00
10,000 2025 españa euros millones,1387,2026-04-09 19:31:10+00:00,2026-04-09 19:31:10+00:00
11,así españa nuevo sido tras,641,2026-04-09 19:31:10+00:00,2026-04-09 19:31:10+00:00
12,casademont dos real viento zaragoza,744,2026-04-09 19:31:10+00:00,2026-04-09 19:31:10+00:00
13,años españa irán tras trump,1498,2026-04-09 19:31:10+00:00,2026-04-09 19:31:10+00:00
14,atlético años barcelona detenido hombre,597,2026-04-09 19:31:10+00:00,2026-04-09 19:31:10+00:00
0,españa internacional ley nueva york,595,2026-04-09 20:01:11+00:00,2026-04-09 20:01:11+00:00
1,2026 abril comprobar hoy marzo,1213,2026-04-09 20:01:11+00:00,2026-04-09 20:01:11+00:00
2,directo guerra irán medio oriente,476,2026-04-09 20:01:11+00:00,2026-04-09 20:01:11+00:00
3,años com españa gobierno zaragoza,25136,2026-04-09 20:01:11+00:00,2026-04-09 20:01:11+00:00
4,atlético barcelona bayern madrid real,1048,2026-04-09 20:01:11+00:00,2026-04-09 20:01:11+00:00
5,artemis astronautas ii luna misión,806,2026-04-09 20:01:11+00:00,2026-04-09 20:01:11+00:00
6,euros gana internacional millones premio,191,2026-04-09 20:01:11+00:00,2026-04-09 20:01:11+00:00
7,2026 españa málaga santa semana,1108,2026-04-09 20:01:11+00:00,2026-04-09 20:01:11+00:00
8,000 2025 españa euros millones,1585,2026-04-09 20:01:11+00:00,2026-04-09 20:01:11+00:00
9,directo guerra irán israel trump,3064,2026-04-09 20:01:11+00:00,2026-04-09 20:01:11+00:00
10,así españa nuevo sido tras,644,2026-04-09 20:01:11+00:00,2026-04-09 20:01:11+00:00
11,039 años irán quot si,460,2026-04-09 20:01:11+00:00,2026-04-09 20:01:11+00:00
12,años españa irán tras trump,1503,2026-04-09 20:01:11+00:00,2026-04-09 20:01:11+00:00
13,años dos irán semanas tras,919,2026-04-09 20:01:11+00:00,2026-04-09 20:01:11+00:00
14,2026 com día internacional pueblo,2449,2026-04-09 20:01:11+00:00,2026-04-09 20:01:11+00:00
0,cuerpo españa gobierno pp vasco,889,2026-04-09 20:31:10+00:00,2026-04-09 20:31:10+00:00
1,2026 abril comprobar hoy marzo,1086,2026-04-09 20:31:10+00:00,2026-04-09 20:31:10+00:00
2,directo guerra irán israel última,2251,2026-04-09 20:31:10+00:00,2026-04-09 20:31:10+00:00
3,000 2025 españa euros millones,1402,2026-04-09 20:31:10+00:00,2026-04-09 20:31:10+00:00
4,así años dos quot zaragoza,22651,2026-04-09 20:31:10+00:00,2026-04-09 20:31:10+00:00
5,eeuu guerra irán ormuz trump,1528,2026-04-09 20:31:10+00:00,2026-04-09 20:31:10+00:00
6,2026 españa málaga santa semana,1103,2026-04-09 20:31:10+00:00,2026-04-09 20:31:10+00:00
7,años españa mujer primera vez,795,2026-04-09 20:31:10+00:00,2026-04-09 20:31:10+00:00
8,2026 día gitano internacional pueblo,2179,2026-04-09 20:31:10+00:00,2026-04-09 20:31:10+00:00
9,directo dónde españa partido ver,407,2026-04-09 20:31:10+00:00,2026-04-09 20:31:10+00:00
10,años españa irán ser tras,1476,2026-04-09 20:31:10+00:00,2026-04-09 20:31:10+00:00
11,com elplural españa internacional irán,1324,2026-04-09 20:31:10+00:00,2026-04-09 20:31:10+00:00
12,artemis astronautas ii luna misión,799,2026-04-09 20:31:10+00:00,2026-04-09 20:31:10+00:00
13,economía españa guerra impuesto ue,2253,2026-04-09 20:31:10+00:00,2026-04-09 20:31:10+00:00
14,atlético barcelona bayern madrid real,1019,2026-04-09 20:31:10+00:00,2026-04-09 20:31:10+00:00
0,años dos gobierno madrid tras,26631,2026-04-09 21:01:16+00:00,2026-04-09 21:01:16+00:00
1,039 años irán quot si,461,2026-04-09 21:01:16+00:00,2026-04-09 21:01:16+00:00
2,años cuatro españa países tras,328,2026-04-09 21:01:16+00:00,2026-04-09 21:01:16+00:00
3,años canaria españa gran internacional,472,2026-04-09 21:01:16+00:00,2026-04-09 21:01:16+00:00
4,así españa nuevo sido tras,680,2026-04-09 21:01:16+00:00,2026-04-09 21:01:16+00:00
5,2026 com día españa internacional,2598,2026-04-09 21:01:16+00:00,2026-04-09 21:01:16+00:00
6,2026 españa málaga santa semana,1111,2026-04-09 21:01:16+00:00,2026-04-09 21:01:16+00:00
7,imagen luna nueva primera tierra,89,2026-04-09 21:01:16+00:00,2026-04-09 21:01:16+00:00
8,cannes javis oro palma sorogoyen,123,2026-04-09 21:01:16+00:00,2026-04-09 21:01:16+00:00
9,españa internacional irán trump vanguardia,98,2026-04-09 21:01:16+00:00,2026-04-09 21:01:16+00:00
10,directo guerra irán israel trump,3284,2026-04-09 21:01:16+00:00,2026-04-09 21:01:16+00:00
11,com economía españa guerra millones,2920,2026-04-09 21:01:16+00:00,2026-04-09 21:01:16+00:00
12,compra euros koldo mascarillas millones,88,2026-04-09 21:01:16+00:00,2026-04-09 21:01:16+00:00
13,2026 abril comprobar hoy marzo,1124,2026-04-09 21:01:16+00:00,2026-04-09 21:01:16+00:00
14,bayern casademont madrid real zaragoza,1091,2026-04-09 21:01:16+00:00,2026-04-09 21:01:16+00:00
0,así españa internacional irán nuevo,703,2026-04-09 21:31:11+00:00,2026-04-09 21:31:11+00:00
1,españa irán ser tras trump,1476,2026-04-09 21:31:11+00:00,2026-04-09 21:31:11+00:00
2,50 años hace quot tras,1250,2026-04-09 21:31:11+00:00,2026-04-09 21:31:11+00:00
3,2026 abril comprobar hoy precio,681,2026-04-09 21:31:11+00:00,2026-04-09 21:31:11+00:00
4,2026 com día internacional pueblo,2419,2026-04-09 21:31:11+00:00,2026-04-09 21:31:11+00:00
5,2026 abril horóscopo hoy marzo,856,2026-04-09 21:31:11+00:00,2026-04-09 21:31:11+00:00
6,2026 españa málaga santa semana,1100,2026-04-09 21:31:11+00:00,2026-04-09 21:31:11+00:00
7,000 artemis gobierno quot trump,22628,2026-04-09 21:31:11+00:00,2026-04-09 21:31:11+00:00
8,com cómo dw elplural irán,999,2026-04-09 21:31:11+00:00,2026-04-09 21:31:11+00:00
9,atlético barcelona bayern madrid real,1040,2026-04-09 21:31:11+00:00,2026-04-09 21:31:11+00:00
10,gobierno pp psoe senado vox,631,2026-04-09 21:31:11+00:00,2026-04-09 21:31:11+00:00
11,años dos irán semanas tras,923,2026-04-09 21:31:11+00:00,2026-04-09 21:31:11+00:00
12,directo guerra irán israel trump,2923,2026-04-09 21:31:11+00:00,2026-04-09 21:31:11+00:00
13,casademont dos real viento zaragoza,736,2026-04-09 21:31:11+00:00,2026-04-09 21:31:11+00:00
14,com economía españa guerra millones,2715,2026-04-09 21:31:11+00:00,2026-04-09 21:31:11+00:00
0,españa guerra internacional primer trimestre,430,2026-04-09 22:01:17+00:00,2026-04-09 22:01:17+00:00
1,directo guerra irán israel trump,3099,2026-04-09 22:01:17+00:00,2026-04-09 22:01:17+00:00
2,años españa irán tras trump,1602,2026-04-09 22:01:17+00:00,2026-04-09 22:01:17+00:00
3,artemis astronautas ii luna misión,798,2026-04-09 22:01:17+00:00,2026-04-09 22:01:17+00:00
4,2026 españa málaga santa semana,1105,2026-04-09 22:01:17+00:00,2026-04-09 22:01:17+00:00
5,años dos hace quot tres,1704,2026-04-09 22:01:17+00:00,2026-04-09 22:01:17+00:00
6,feijóo gobierno pp psoe vox,648,2026-04-09 22:01:17+00:00,2026-04-09 22:01:17+00:00
7,2026 abril com hoy internacional,3223,2026-04-09 22:01:17+00:00,2026-04-09 22:01:17+00:00
8,000 100 españa euros millones,1156,2026-04-09 22:01:17+00:00,2026-04-09 22:01:17+00:00
9,2025 2026 declaración hacienda renta,293,2026-04-09 22:01:17+00:00,2026-04-09 22:01:17+00:00
10,com gobierno madrid quot si,22230,2026-04-09 22:01:17+00:00,2026-04-09 22:01:17+00:00
11,com economía españa guerra irán,2771,2026-04-09 22:01:17+00:00,2026-04-09 22:01:17+00:00
12,así españa internacional irán nuevo,693,2026-04-09 22:01:17+00:00,2026-04-09 22:01:17+00:00
13,años cada españa primera vez,579,2026-04-09 22:01:17+00:00,2026-04-09 22:01:17+00:00
14,casademont dos real viento zaragoza,719,2026-04-09 22:01:17+00:00,2026-04-09 22:01:17+00:00
0,039 años irán quot trump,457,2026-04-09 22:31:08+00:00,2026-04-09 22:31:08+00:00
1,2026 com diario españa internacional,2248,2026-04-09 22:31:08+00:00,2026-04-09 22:31:08+00:00
2,artemis astronautas ii luna misión,820,2026-04-09 22:31:08+00:00,2026-04-09 22:31:08+00:00
3,directo guerra hora irán última,669,2026-04-09 22:31:08+00:00,2026-04-09 22:31:08+00:00
4,com economía españa gobierno millones,2647,2026-04-09 22:31:08+00:00,2026-04-09 22:31:08+00:00
5,digital dos internacional libertad tras,262,2026-04-09 22:31:08+00:00,2026-04-09 22:31:08+00:00
6,com españa guerra irán trump,1538,2026-04-09 22:31:08+00:00,2026-04-09 22:31:08+00:00
7,2026 abril horóscopo hoy marzo,1074,2026-04-09 22:31:08+00:00,2026-04-09 22:31:08+00:00
8,celebra día gitano internacional pueblo,679,2026-04-09 22:31:08+00:00,2026-04-09 22:31:08+00:00
9,españa internacional ley nueva york,601,2026-04-09 22:31:08+00:00,2026-04-09 22:31:08+00:00
10,000 100 españa euros millones,1185,2026-04-09 22:31:08+00:00,2026-04-09 22:31:08+00:00
11,años dos heridos irán tras,879,2026-04-09 22:31:08+00:00,2026-04-09 22:31:08+00:00
12,así españa internacional nuevo piden,686,2026-04-09 22:31:08+00:00,2026-04-09 22:31:08+00:00
13,eeuu fuego irán ormuz trump,2252,2026-04-09 22:31:08+00:00,2026-04-09 22:31:08+00:00
14,años madrid santa semana tras,25058,2026-04-09 22:31:08+00:00,2026-04-09 22:31:08+00:00
0,2026 com diario españa internacional,2331,2026-04-09 23:01:10+00:00,2026-04-09 23:01:10+00:00
1,eeuu fuego irán ormuz trump,2255,2026-04-09 23:01:10+00:00,2026-04-09 23:01:10+00:00
2,años com gobierno madrid tras,23598,2026-04-09 23:01:10+00:00,2026-04-09 23:01:10+00:00
3,celebra día gitano internacional pueblo,645,2026-04-09 23:01:10+00:00,2026-04-09 23:01:10+00:00
4,directo guerra hora irán última,1803,2026-04-09 23:01:10+00:00,2026-04-09 23:01:10+00:00
5,detenido españa hombre pide tras,599,2026-04-09 23:01:10+00:00,2026-04-09 23:01:10+00:00
6,000 100 españa euros millones,1151,2026-04-09 23:01:10+00:00,2026-04-09 23:01:10+00:00
7,2026 españa málaga santa semana,1105,2026-04-09 23:01:10+00:00,2026-04-09 23:01:10+00:00
8,artemis astronautas ii luna misión,820,2026-04-09 23:01:10+00:00,2026-04-09 23:01:10+00:00
9,2026 abril horóscopo hoy marzo,1081,2026-04-09 23:01:10+00:00,2026-04-09 23:01:10+00:00
10,años dos españa irán tras,877,2026-04-09 23:01:10+00:00,2026-04-09 23:01:10+00:00
11,casademont dos real viento zaragoza,737,2026-04-09 23:01:10+00:00,2026-04-09 23:01:10+00:00
12,com economía españa guerra millones,2786,2026-04-09 23:01:10+00:00,2026-04-09 23:01:10+00:00
13,039 años irán quot trump,457,2026-04-09 23:01:10+00:00,2026-04-09 23:01:10+00:00
14,años hace historia mara primer,822,2026-04-09 23:01:10+00:00,2026-04-09 23:01:10+00:00
0,000 años gobierno madrid quot,23771,2026-04-09 23:31:07+00:00,2026-04-09 23:31:07+00:00
1,estrecho israel líbano mundo ormuz,1358,2026-04-09 23:31:07+00:00,2026-04-09 23:31:07+00:00
2,claves españa global incertidumbre irán,205,2026-04-09 23:31:07+00:00,2026-04-09 23:31:07+00:00
3,decreto españa precio quot vivienda,238,2026-04-09 23:31:07+00:00,2026-04-09 23:31:07+00:00
4,cadena irán puede ser tras,721,2026-04-09 23:31:07+00:00,2026-04-09 23:31:07+00:00
5,com economía españa guerra millones,2821,2026-04-09 23:31:07+00:00,2026-04-09 23:31:07+00:00
6,directo eeuu guerra irán trump,2564,2026-04-09 23:31:07+00:00,2026-04-09 23:31:07+00:00
7,casademont dos real viento zaragoza,745,2026-04-09 23:31:07+00:00,2026-04-09 23:31:07+00:00
8,2026 españa málaga santa semana,1114,2026-04-09 23:31:07+00:00,2026-04-09 23:31:07+00:00
9,2026 com diario españa internacional,2322,2026-04-09 23:31:07+00:00,2026-04-09 23:31:07+00:00
10,accidente años dos tras trump,2036,2026-04-09 23:31:07+00:00,2026-04-09 23:31:07+00:00
11,2026 abril comprobar hoy marzo,1100,2026-04-09 23:31:07+00:00,2026-04-09 23:31:07+00:00
12,ee guerra irán israel uu,527,2026-04-09 23:31:07+00:00,2026-04-09 23:31:07+00:00
13,artemis astronautas ii luna misión,815,2026-04-09 23:31:07+00:00,2026-04-09 23:31:07+00:00
14,celebra día gitano internacional pueblo,656,2026-04-09 23:31:07+00:00,2026-04-09 23:31:07+00:00
0,000 100 españa euros millones,1138,2026-04-10 00:01:10+00:00,2026-04-10 00:01:10+00:00
1,2026 españa málaga santa semana,1108,2026-04-10 00:01:10+00:00,2026-04-10 00:01:10+00:00
2,2026 abril españa internacional marzo,802,2026-04-10 00:01:10+00:00,2026-04-10 00:01:10+00:00
3,años dos gobierno madrid quot,22806,2026-04-10 00:01:10+00:00,2026-04-10 00:01:10+00:00
4,com diario españa internacional onefootball,2143,2026-04-10 00:01:10+00:00,2026-04-10 00:01:10+00:00
5,artemis astronautas ii luna misión,819,2026-04-10 00:01:10+00:00,2026-04-10 00:01:10+00:00
6,eeuu fuego irán ormuz trump,2201,2026-04-10 00:01:10+00:00,2026-04-10 00:01:10+00:00
7,directo guerra hora irán última,1826,2026-04-10 00:01:10+00:00,2026-04-10 00:01:10+00:00
8,años com dos españa tras,1523,2026-04-10 00:01:10+00:00,2026-04-10 00:01:10+00:00
9,cadena irán puede ser tras,720,2026-04-10 00:01:10+00:00,2026-04-10 00:01:10+00:00
10,com economía egipto españa millones,2680,2026-04-10 00:01:10+00:00,2026-04-10 00:01:10+00:00
11,2025 2026 declaración hacienda renta,298,2026-04-10 00:01:10+00:00,2026-04-10 00:01:10+00:00
12,2026 abril comprobar horóscopo hoy,919,2026-04-10 00:01:10+00:00,2026-04-10 00:01:10+00:00
13,bayern casademont madrid real zaragoza,1053,2026-04-10 00:01:10+00:00,2026-04-10 00:01:10+00:00
14,barcelona día gitano internacional pueblo,1003,2026-04-10 00:01:10+00:00,2026-04-10 00:01:10+00:00
0,años dos irán semanas tras,914,2026-04-10 00:31:09+00:00,2026-04-10 00:31:09+00:00
1,años gobierno quot trump zaragoza,23211,2026-04-10 00:31:09+00:00,2026-04-10 00:31:09+00:00
2,com economía egipto españa guerra,2747,2026-04-10 00:31:09+00:00,2026-04-10 00:31:09+00:00
3,000 dos internacional miles personas,376,2026-04-10 00:31:09+00:00,2026-04-10 00:31:09+00:00
4,directo guerra irán israel trump,2993,2026-04-10 00:31:09+00:00,2026-04-10 00:31:09+00:00
5,2026 abril horóscopo hoy marzo,1089,2026-04-10 00:31:09+00:00,2026-04-10 00:31:09+00:00
6,atlético barcelona bayern madrid real,1049,2026-04-10 00:31:09+00:00,2026-04-10 00:31:09+00:00
7,años españa meses tras tres,521,2026-04-10 00:31:09+00:00,2026-04-10 00:31:09+00:00
8,años españa irán tras trump,1539,2026-04-10 00:31:09+00:00,2026-04-10 00:31:09+00:00
9,2025 2026 declaración hacienda renta,300,2026-04-10 00:31:09+00:00,2026-04-10 00:31:09+00:00
10,000 10 españa euros millones,1364,2026-04-10 00:31:09+00:00,2026-04-10 00:31:09+00:00
11,artemis astronautas ii luna misión,828,2026-04-10 00:31:09+00:00,2026-04-10 00:31:09+00:00
12,2026 com día internacional pueblo,2454,2026-04-10 00:31:09+00:00,2026-04-10 00:31:09+00:00
13,deportivo españa internacional irán mundo,554,2026-04-10 00:31:09+00:00,2026-04-10 00:31:09+00:00
14,2026 españa málaga santa semana,1096,2026-04-10 00:31:09+00:00,2026-04-10 00:31:09+00:00
0,casademont dos real viento zaragoza,742,2026-04-10 01:01:11+00:00,2026-04-10 01:01:11+00:00
1,2026 abril hoy málaga picasso,437,2026-04-10 01:01:11+00:00,2026-04-10 01:01:11+00:00
2,039 años irán quot trump,458,2026-04-10 01:01:11+00:00,2026-04-10 01:01:11+00:00
3,2026 com día internacional pueblo,2485,2026-04-10 01:01:11+00:00,2026-04-10 01:01:11+00:00
4,años dos heridos irán tras,874,2026-04-10 01:01:11+00:00,2026-04-10 01:01:11+00:00
5,años españa hace muere tras,1200,2026-04-10 01:01:11+00:00,2026-04-10 01:01:11+00:00
6,atlético barcelona bayern madrid real,1049,2026-04-10 01:01:11+00:00,2026-04-10 01:01:11+00:00
7,com economía españa guerra millones,2773,2026-04-10 01:01:11+00:00,2026-04-10 01:01:11+00:00
8,eeuu fuego irán ormuz trump,2272,2026-04-10 01:01:11+00:00,2026-04-10 01:01:11+00:00
9,000 artemis gobierno luna tras,22847,2026-04-10 01:01:11+00:00,2026-04-10 01:01:11+00:00
10,2026 abril comprobar hoy marzo,1056,2026-04-10 01:01:11+00:00,2026-04-10 01:01:11+00:00
11,2026 españa málaga santa semana,1082,2026-04-10 01:01:11+00:00,2026-04-10 01:01:11+00:00
12,juicio koldo si sánchez ábalos,1313,2026-04-10 01:01:11+00:00,2026-04-10 01:01:11+00:00
13,directo guerra hora irán última,1801,2026-04-10 01:01:11+00:00,2026-04-10 01:01:11+00:00
14,así españa internacional irán nuevo,688,2026-04-10 01:01:11+00:00,2026-04-10 01:01:11+00:00
0,directo guerra irán israel última,2476,2026-04-10 01:31:11+00:00,2026-04-10 01:31:11+00:00
1,2026 com día españa internacional,2494,2026-04-10 01:31:11+00:00,2026-04-10 01:31:11+00:00
2,2026 abril comprobar hoy marzo,1424,2026-04-10 01:31:11+00:00,2026-04-10 01:31:11+00:00
3,atlético barcelona bayern madrid real,1088,2026-04-10 01:31:11+00:00,2026-04-10 01:31:11+00:00
4,años dos españa hace tras,1250,2026-04-10 01:31:11+00:00,2026-04-10 01:31:11+00:00
5,accidente com españa irán tras,1389,2026-04-10 01:31:11+00:00,2026-04-10 01:31:11+00:00
6,com españa gobierno santa semana,24893,2026-04-10 01:31:11+00:00,2026-04-10 01:31:11+00:00
7,españa internacional ley nueva york,596,2026-04-10 01:31:11+00:00,2026-04-10 01:31:11+00:00
8,039 años irán quot trump,457,2026-04-10 01:31:11+00:00,2026-04-10 01:31:11+00:00
9,cadena irán puede ser tras,683,2026-04-10 01:31:11+00:00,2026-04-10 01:31:11+00:00
10,eeuu guerra irán ormuz trump,1511,2026-04-10 01:31:11+00:00,2026-04-10 01:31:11+00:00
11,aldama juicio kitchen koldo ábalos,570,2026-04-10 01:31:11+00:00,2026-04-10 01:31:11+00:00
12,así españa nuevo sido tras,656,2026-04-10 01:31:11+00:00,2026-04-10 01:31:11+00:00
13,casademont real santa semana zaragoza,780,2026-04-10 01:31:11+00:00,2026-04-10 01:31:11+00:00
14,artemis astronautas ii luna misión,801,2026-04-10 01:31:11+00:00,2026-04-10 01:31:11+00:00
0,000 100 españa euros millones,1154,2026-04-10 02:01:13+00:00,2026-04-10 02:01:13+00:00
1,2026 com día internacional pueblo,2524,2026-04-10 02:01:13+00:00,2026-04-10 02:01:13+00:00
2,dos gobierno madrid quot zaragoza,22425,2026-04-10 02:01:13+00:00,2026-04-10 02:01:13+00:00
3,eeuu estrecho irán ormuz trump,1984,2026-04-10 02:01:13+00:00,2026-04-10 02:01:13+00:00
4,ataques irán israel líbano sur,792,2026-04-10 02:01:13+00:00,2026-04-10 02:01:13+00:00
5,atlético barcelona champions internacional madrid,515,2026-04-10 02:01:13+00:00,2026-04-10 02:01:13+00:00
6,com economía españa guerra millones,2671,2026-04-10 02:01:13+00:00,2026-04-10 02:01:13+00:00
7,alcaraz carlos dónde partido ver,815,2026-04-10 02:01:13+00:00,2026-04-10 02:01:13+00:00
8,directo guerra hora irán última,1700,2026-04-10 02:01:13+00:00,2026-04-10 02:01:13+00:00
9,2026 abril horóscopo hoy marzo,1114,2026-04-10 02:01:13+00:00,2026-04-10 02:01:13+00:00
10,artemis astronautas ii luna misión,828,2026-04-10 02:01:13+00:00,2026-04-10 02:01:13+00:00
11,com españa irán ser tras,1427,2026-04-10 02:01:13+00:00,2026-04-10 02:01:13+00:00
12,años dos españa hace tras,1345,2026-04-10 02:01:13+00:00,2026-04-10 02:01:13+00:00
13,feijóo gobierno pp psoe vox,646,2026-04-10 02:01:13+00:00,2026-04-10 02:01:13+00:00
14,2026 españa málaga santa semana,1111,2026-04-10 02:01:13+00:00,2026-04-10 02:01:13+00:00
0,000 2025 españa euros millones,1419,2026-04-10 02:31:09+00:00,2026-04-10 02:31:09+00:00
1,amenaza irán ormuz otan trump,1426,2026-04-10 02:31:09+00:00,2026-04-10 02:31:09+00:00
2,años dos quot si zaragoza,22991,2026-04-10 02:31:09+00:00,2026-04-10 02:31:09+00:00
3,años españa irán ser tras,1522,2026-04-10 02:31:09+00:00,2026-04-10 02:31:09+00:00
4,2026 com día internacional pueblo,2448,2026-04-10 02:31:09+00:00,2026-04-10 02:31:09+00:00
5,atlético barcelona bayern madrid real,1044,2026-04-10 02:31:09+00:00,2026-04-10 02:31:09+00:00
6,años deportivo internacional irán mundo,556,2026-04-10 02:31:09+00:00,2026-04-10 02:31:09+00:00
7,2026 españa málaga santa semana,1097,2026-04-10 02:31:09+00:00,2026-04-10 02:31:09+00:00
8,ataques guerra irán israel líbano,806,2026-04-10 02:31:09+00:00,2026-04-10 02:31:09+00:00
9,artemis astronautas ii luna misión,824,2026-04-10 02:31:09+00:00,2026-04-10 02:31:09+00:00
10,2026 abril horóscopo hoy marzo,1089,2026-04-10 02:31:09+00:00,2026-04-10 02:31:09+00:00
11,com españa gobierno pp vasco,871,2026-04-10 02:31:09+00:00,2026-04-10 02:31:09+00:00
12,abre españa internacional irán puerta,241,2026-04-10 02:31:09+00:00,2026-04-10 02:31:09+00:00
13,com economía egipto españa guerra,2609,2026-04-10 02:31:09+00:00,2026-04-10 02:31:09+00:00
14,directo guerra hora irán última,2117,2026-04-10 02:31:09+00:00,2026-04-10 02:31:09+00:00
0,com elplural españa internacional irán,1394,2026-04-10 03:01:09+00:00,2026-04-10 03:01:09+00:00
1,2026 diario día internacional pueblo,2167,2026-04-10 03:01:09+00:00,2026-04-10 03:01:09+00:00
2,gobierno madrid quot santa semana,23851,2026-04-10 03:01:09+00:00,2026-04-10 03:01:09+00:00
3,españa guerra irán israel mayor,350,2026-04-10 03:01:09+00:00,2026-04-10 03:01:09+00:00
4,economía egipto españa guerra millones,2481,2026-04-10 03:01:09+00:00,2026-04-10 03:01:09+00:00
5,años dos hace quot tras,1267,2026-04-10 03:01:09+00:00,2026-04-10 03:01:09+00:00
6,2026 abril comprobar hoy marzo,1138,2026-04-10 03:01:09+00:00,2026-04-10 03:01:09+00:00
7,casademont real santa semana zaragoza,758,2026-04-10 03:01:09+00:00,2026-04-10 03:01:09+00:00
8,artemis astronautas ii luna misión,813,2026-04-10 03:01:09+00:00,2026-04-10 03:01:09+00:00
9,españa internacional ley nueva york,585,2026-04-10 03:01:09+00:00,2026-04-10 03:01:09+00:00
10,directo guerra irán israel trump,2906,2026-04-10 03:01:09+00:00,2026-04-10 03:01:09+00:00
11,españa internacional irán nuevo piden,672,2026-04-10 03:01:09+00:00,2026-04-10 03:01:09+00:00
12,españa irán ser tras trump,1454,2026-04-10 03:01:09+00:00,2026-04-10 03:01:09+00:00
13,cómo hacer irán renta ver,573,2026-04-10 03:01:09+00:00,2026-04-10 03:01:09+00:00
14,así españa irán sido tras,653,2026-04-10 03:01:09+00:00,2026-04-10 03:01:09+00:00
0,costa españa partido selección sol,196,2026-04-10 03:31:09+00:00,2026-04-10 03:31:09+00:00
1,atlético barcelona bayern madrid real,1073,2026-04-10 03:31:09+00:00,2026-04-10 03:31:09+00:00
2,blanca casa españa salón trump,429,2026-04-10 03:31:09+00:00,2026-04-10 03:31:09+00:00
3,españa irán país trump vasco,692,2026-04-10 03:31:09+00:00,2026-04-10 03:31:09+00:00
4,artemis dos gobierno internacional quot,23855,2026-04-10 03:31:09+00:00,2026-04-10 03:31:09+00:00
5,directo guerra irán israel última,2255,2026-04-10 03:31:09+00:00,2026-04-10 03:31:09+00:00
6,años dos españa hace tras,1298,2026-04-10 03:31:09+00:00,2026-04-10 03:31:09+00:00
7,economía egipto españa guerra internacional,2409,2026-04-10 03:31:09+00:00,2026-04-10 03:31:09+00:00
8,000 2025 españa euros millones,1380,2026-04-10 03:31:09+00:00,2026-04-10 03:31:09+00:00
9,dos españa irán ser tras,1408,2026-04-10 03:31:09+00:00,2026-04-10 03:31:09+00:00
10,2026 españa málaga santa semana,1098,2026-04-10 03:31:09+00:00,2026-04-10 03:31:09+00:00
11,com dw elplural españa internacional,1401,2026-04-10 03:31:09+00:00,2026-04-10 03:31:09+00:00
12,casademont dos real viento zaragoza,745,2026-04-10 03:31:09+00:00,2026-04-10 03:31:09+00:00
13,eeuu guerra irán ormuz trump,1490,2026-04-10 03:31:09+00:00,2026-04-10 03:31:09+00:00
14,2026 abril horóscopo hoy marzo,1417,2026-04-10 03:31:09+00:00,2026-04-10 03:31:09+00:00
0,atlético barcelona bayern madrid real,1067,2026-04-10 04:01:11+00:00,2026-04-10 04:01:11+00:00
1,com dw elplural españa internacional,1321,2026-04-10 04:01:11+00:00,2026-04-10 04:01:11+00:00
2,000 años dos quot zaragoza,24123,2026-04-10 04:01:11+00:00,2026-04-10 04:01:11+00:00
3,economía egipto españa guerra millones,2347,2026-04-10 04:01:11+00:00,2026-04-10 04:01:11+00:00
4,años dos irán ser tras,1499,2026-04-10 04:01:11+00:00,2026-04-10 04:01:11+00:00
5,estrecho irán ormuz reabrir trump,572,2026-04-10 04:01:11+00:00,2026-04-10 04:01:11+00:00
6,eeuu guerra irán otan trump,1322,2026-04-10 04:01:11+00:00,2026-04-10 04:01:11+00:00
7,2026 españa málaga santa semana,1098,2026-04-10 04:01:11+00:00,2026-04-10 04:01:11+00:00
8,2026 abril comprobar hoy marzo,1127,2026-04-10 04:01:11+00:00,2026-04-10 04:01:11+00:00
9,directo guerra irán israel última,2114,2026-04-10 04:01:11+00:00,2026-04-10 04:01:11+00:00
10,2026 diario españa festival internacional,1848,2026-04-10 04:01:11+00:00,2026-04-10 04:01:11+00:00
11,com españa gobierno pp vasco,880,2026-04-10 04:01:11+00:00,2026-04-10 04:01:11+00:00
12,así españa internacional nuevo piden,694,2026-04-10 04:01:11+00:00,2026-04-10 04:01:11+00:00
13,celebra día gitano internacional pueblo,664,2026-04-10 04:01:11+00:00,2026-04-10 04:01:11+00:00
14,irán puede ser si trump,375,2026-04-10 04:01:11+00:00,2026-04-10 04:01:11+00:00
0,atlético barcelona bayern madrid real,1047,2026-04-10 04:31:10+00:00,2026-04-10 04:31:10+00:00
1,artemis astronautas ii luna misión,817,2026-04-10 04:31:10+00:00,2026-04-10 04:31:10+00:00
2,años dos españa hace tras,1312,2026-04-10 04:31:10+00:00,2026-04-10 04:31:10+00:00
3,com elplural españa internacional irán,1325,2026-04-10 04:31:10+00:00,2026-04-10 04:31:10+00:00
4,eeuu guerra irán ormuz trump,1537,2026-04-10 04:31:10+00:00,2026-04-10 04:31:10+00:00
5,economía egipto españa guerra millones,2399,2026-04-10 04:31:10+00:00,2026-04-10 04:31:10+00:00
6,2026 día gitano internacional pueblo,2153,2026-04-10 04:31:10+00:00,2026-04-10 04:31:10+00:00
7,2026 abril comprobar marzo sorteo,1018,2026-04-10 04:31:10+00:00,2026-04-10 04:31:10+00:00
8,2026 abril horóscopo hoy predicción,422,2026-04-10 04:31:10+00:00,2026-04-10 04:31:10+00:00
9,directo guerra irán israel última,2345,2026-04-10 04:31:10+00:00,2026-04-10 04:31:10+00:00
10,com cuerpo españa gobierno vasco,868,2026-04-10 04:31:10+00:00,2026-04-10 04:31:10+00:00
11,cadena irán puede ser tras,715,2026-04-10 04:31:10+00:00,2026-04-10 04:31:10+00:00
12,feijóo pp psoe senado vox,599,2026-04-10 04:31:10+00:00,2026-04-10 04:31:10+00:00
13,2026 españa málaga santa semana,1094,2026-04-10 04:31:10+00:00,2026-04-10 04:31:10+00:00
14,000 dos quot tras zaragoza,23469,2026-04-10 04:31:10+00:00,2026-04-10 04:31:10+00:00
0,2026 españa hoy internacional marzo,894,2026-04-10 05:01:12+00:00,2026-04-10 05:01:12+00:00
1,000 artemis dos euros quot,22140,2026-04-10 05:01:12+00:00,2026-04-10 05:01:12+00:00
2,com día gitano internacional pueblo,2356,2026-04-10 05:01:12+00:00,2026-04-10 05:01:12+00:00
3,com españa gobierno pp vasco,837,2026-04-10 05:01:12+00:00,2026-04-10 05:01:12+00:00
4,com egipto españa guerra millones,2418,2026-04-10 05:01:12+00:00,2026-04-10 05:01:12+00:00
5,bolsamania economía escribano españa indra,498,2026-04-10 05:01:12+00:00,2026-04-10 05:01:12+00:00
6,eeuu irán ser tras trump,2324,2026-04-10 05:01:12+00:00,2026-04-10 05:01:12+00:00
7,directo guerra irán israel última,1926,2026-04-10 05:01:12+00:00,2026-04-10 05:01:12+00:00
8,2026 abril comprobar horóscopo hoy,827,2026-04-10 05:01:12+00:00,2026-04-10 05:01:12+00:00
9,así españa internacional irán nuevo,678,2026-04-10 05:01:12+00:00,2026-04-10 05:01:12+00:00
10,alto así fuego irán uu,1356,2026-04-10 05:01:12+00:00,2026-04-10 05:01:12+00:00
11,guerra irán quot si trump,714,2026-04-10 05:01:12+00:00,2026-04-10 05:01:12+00:00
12,2026 españa málaga santa semana,1086,2026-04-10 05:01:12+00:00,2026-04-10 05:01:12+00:00
13,atlético barcelona madrid real zaragoza,1648,2026-04-10 05:01:12+00:00,2026-04-10 05:01:12+00:00
14,años dos españa hace tras,1361,2026-04-10 05:01:12+00:00,2026-04-10 05:01:12+00:00
0,directo guerra irán israel última,2362,2026-04-10 05:31:09+00:00,2026-04-10 05:31:09+00:00
1,amenaza guerra irán ormuz trump,1553,2026-04-10 05:31:09+00:00,2026-04-10 05:31:09+00:00
2,así españa internacional irán nuevo,669,2026-04-10 05:31:09+00:00,2026-04-10 05:31:09+00:00
3,000 com euros tras zaragoza,22817,2026-04-10 05:31:09+00:00,2026-04-10 05:31:09+00:00
4,2026 españa internacional marzo renta,843,2026-04-10 05:31:09+00:00,2026-04-10 05:31:09+00:00
5,artemis astronautas ii luna misión,813,2026-04-10 05:31:09+00:00,2026-04-10 05:31:09+00:00
6,in new objective of the,266,2026-04-10 05:31:09+00:00,2026-04-10 05:31:09+00:00
7,atlético barcelona bayern madrid real,1083,2026-04-10 05:31:09+00:00,2026-04-10 05:31:09+00:00
8,años dos hace quot tras,1643,2026-04-10 05:31:09+00:00,2026-04-10 05:31:09+00:00
9,2026 españa málaga santa semana,1084,2026-04-10 05:31:09+00:00,2026-04-10 05:31:09+00:00
10,españa guerra puede renta si,617,2026-04-10 05:31:09+00:00,2026-04-10 05:31:09+00:00
11,com día gitano internacional pueblo,2350,2026-04-10 05:31:09+00:00,2026-04-10 05:31:09+00:00
12,com economía españa guerra millones,2680,2026-04-10 05:31:09+00:00,2026-04-10 05:31:09+00:00
13,dos gobierno pp tras vasco,1363,2026-04-10 05:31:09+00:00,2026-04-10 05:31:09+00:00
14,2026 abril comprobar horóscopo hoy,919,2026-04-10 05:31:09+00:00,2026-04-10 05:31:09+00:00
0,com economía españa guerra millones,2577,2026-04-10 06:01:10+00:00,2026-04-10 06:01:10+00:00
1,2026 españa málaga santa semana,1076,2026-04-10 06:01:10+00:00,2026-04-10 06:01:10+00:00
2,2026 com día internacional pueblo,2478,2026-04-10 06:01:10+00:00,2026-04-10 06:01:10+00:00
3,atlético barcelona bayern madrid real,1058,2026-04-10 06:01:10+00:00,2026-04-10 06:01:10+00:00
4,años dos irán semanas tras,930,2026-04-10 06:01:10+00:00,2026-04-10 06:01:10+00:00
5,2026 abril horóscopo hoy marzo,1089,2026-04-10 06:01:10+00:00,2026-04-10 06:01:10+00:00
6,cada cuatro españa nuevos vez,596,2026-04-10 06:01:10+00:00,2026-04-10 06:01:10+00:00
7,directo guerra irán israel trump,2983,2026-04-10 06:01:10+00:00,2026-04-10 06:01:10+00:00
8,artemis astronautas ii luna misión,811,2026-04-10 06:01:10+00:00,2026-04-10 06:01:10+00:00
9,000 años euros trump zaragoza,23332,2026-04-10 06:01:10+00:00,2026-04-10 06:01:10+00:00
10,com españa gobierno nueva pp,1205,2026-04-10 06:01:10+00:00,2026-04-10 06:01:10+00:00
11,españa irán país trump vasco,706,2026-04-10 06:01:10+00:00,2026-04-10 06:01:10+00:00
12,039 años irán quot si,458,2026-04-10 06:01:10+00:00,2026-04-10 06:01:10+00:00
13,años españa irán tras trump,1487,2026-04-10 06:01:10+00:00,2026-04-10 06:01:10+00:00
14,30 años hoy lunes marzo,296,2026-04-10 06:01:10+00:00,2026-04-10 06:01:10+00:00
0,000 2025 españa euros millones,827,2026-04-10 06:31:11+00:00,2026-04-10 06:31:11+00:00
1,españa guerra irán renta si,633,2026-04-10 06:31:11+00:00,2026-04-10 06:31:11+00:00
2,artemis gobierno luna santa semana,22896,2026-04-10 06:31:11+00:00,2026-04-10 06:31:11+00:00
3,gobierno nueva pp psoe vox,998,2026-04-10 06:31:11+00:00,2026-04-10 06:31:11+00:00
4,com economía españa guerra irán,2747,2026-04-10 06:31:11+00:00,2026-04-10 06:31:11+00:00
5,años dos irán semanas tras,895,2026-04-10 06:31:11+00:00,2026-04-10 06:31:11+00:00
6,directo guerra hora irán última,771,2026-04-10 06:31:11+00:00,2026-04-10 06:31:11+00:00
7,039 años irán quot trump,455,2026-04-10 06:31:11+00:00,2026-04-10 06:31:11+00:00
8,50 años hace muere tras,1205,2026-04-10 06:31:11+00:00,2026-04-10 06:31:11+00:00
9,casademont real santa semana zaragoza,782,2026-04-10 06:31:11+00:00,2026-04-10 06:31:11+00:00
10,2026 abril horóscopo hoy marzo,1135,2026-04-10 06:31:11+00:00,2026-04-10 06:31:11+00:00
11,com españa irán ser tras,1480,2026-04-10 06:31:11+00:00,2026-04-10 06:31:11+00:00
12,atlético barcelona bayern madrid real,1092,2026-04-10 06:31:11+00:00,2026-04-10 06:31:11+00:00
13,2026 com día internacional pueblo,2510,2026-04-10 06:31:11+00:00,2026-04-10 06:31:11+00:00
14,eeuu guerra irán ormuz trump,2680,2026-04-10 06:31:11+00:00,2026-04-10 06:31:11+00:00
0,artemis años dos gobierno trump,23214,2026-04-10 07:01:12+00:00,2026-04-10 07:01:12+00:00
1,artemis así españa sido tras,660,2026-04-10 07:01:12+00:00,2026-04-10 07:01:12+00:00
2,000 100 españa euros millones,1117,2026-04-10 07:01:12+00:00,2026-04-10 07:01:12+00:00
3,aldama juicio kitchen koldo ábalos,562,2026-04-10 07:01:12+00:00,2026-04-10 07:01:12+00:00
4,com dw españa internacional irán,1431,2026-04-10 07:01:12+00:00,2026-04-10 07:01:12+00:00
5,2026 día gitano internacional pueblo,2154,2026-04-10 07:01:12+00:00,2026-04-10 07:01:12+00:00
6,2026 españa málaga santa semana,1069,2026-04-10 07:01:12+00:00,2026-04-10 07:01:12+00:00
7,españa internacional irán nuevo piden,674,2026-04-10 07:01:12+00:00,2026-04-10 07:01:12+00:00
8,atlético barcelona bayern madrid real,1045,2026-04-10 07:01:12+00:00,2026-04-10 07:01:12+00:00
9,casademont dos real viento zaragoza,725,2026-04-10 07:01:12+00:00,2026-04-10 07:01:12+00:00
10,2026 abril horóscopo hoy marzo,1124,2026-04-10 07:01:12+00:00,2026-04-10 07:01:12+00:00
11,039 años irán quot trump,455,2026-04-10 07:01:12+00:00,2026-04-10 07:01:12+00:00
12,economía egipto españa guerra millones,2418,2026-04-10 07:01:12+00:00,2026-04-10 07:01:12+00:00
13,años irán ser tras trump,1540,2026-04-10 07:01:12+00:00,2026-04-10 07:01:12+00:00
14,directo guerra irán israel trump,2904,2026-04-10 07:01:12+00:00,2026-04-10 07:01:12+00:00
0,000 2025 españa euros millones,816,2026-04-10 07:31:08+00:00,2026-04-10 07:31:08+00:00
1,dos españa gobierno madrid quot,25011,2026-04-10 07:31:08+00:00,2026-04-10 07:31:08+00:00
2,2026 españa málaga santa semana,1089,2026-04-10 07:31:08+00:00,2026-04-10 07:31:08+00:00
3,casademont dos real viento zaragoza,731,2026-04-10 07:31:08+00:00,2026-04-10 07:31:08+00:00
4,españa guerra irán oriente trump,1433,2026-04-10 07:31:08+00:00,2026-04-10 07:31:08+00:00
5,000 dos internacional miles personas,382,2026-04-10 07:31:08+00:00,2026-04-10 07:31:08+00:00
6,com dw elplural españa internacional,1329,2026-04-10 07:31:08+00:00,2026-04-10 07:31:08+00:00
7,2026 abril horóscopo hoy marzo,1258,2026-04-10 07:31:08+00:00,2026-04-10 07:31:08+00:00
8,eeuu fuego irán ormuz trump,2147,2026-04-10 07:31:08+00:00,2026-04-10 07:31:08+00:00
9,feijóo gobierno pp psoe vox,642,2026-04-10 07:31:08+00:00,2026-04-10 07:31:08+00:00
10,directo guerra hora irán última,677,2026-04-10 07:31:08+00:00,2026-04-10 07:31:08+00:00
11,años después dos hace tras,1322,2026-04-10 07:31:08+00:00,2026-04-10 07:31:08+00:00
12,dos españa irán tras trump,1360,2026-04-10 07:31:08+00:00,2026-04-10 07:31:08+00:00
13,cadena internacional irán ser tras,717,2026-04-10 07:31:08+00:00,2026-04-10 07:31:08+00:00
14,2026 diario día internacional pueblo,2183,2026-04-10 07:31:08+00:00,2026-04-10 07:31:08+00:00
0,accidente dos ser tras trump,1832,2026-04-10 08:01:09+00:00,2026-04-10 08:01:09+00:00
1,com economía españa guerra millones,2783,2026-04-10 08:01:09+00:00,2026-04-10 08:01:09+00:00
2,2026 españa málaga santa semana,1077,2026-04-10 08:01:09+00:00,2026-04-10 08:01:09+00:00
3,alto fuego guerra irán trump,516,2026-04-10 08:01:09+00:00,2026-04-10 08:01:09+00:00
4,000 com euros gobierno zaragoza,22004,2026-04-10 08:01:09+00:00,2026-04-10 08:01:09+00:00
5,2026 com día internacional pueblo,2532,2026-04-10 08:01:09+00:00,2026-04-10 08:01:09+00:00
6,españa país si trump vasco,1055,2026-04-10 08:01:09+00:00,2026-04-10 08:01:09+00:00
7,2026 abril comprobar hoy marzo,1155,2026-04-10 08:01:09+00:00,2026-04-10 08:01:09+00:00
8,2025 2026 declaración hacienda renta,307,2026-04-10 08:01:09+00:00,2026-04-10 08:01:09+00:00
9,años hace muere quot tras,1598,2026-04-10 08:01:09+00:00,2026-04-10 08:01:09+00:00
10,cada españa personas primera vez,852,2026-04-10 08:01:09+00:00,2026-04-10 08:01:09+00:00
11,artemis astronautas ii luna misión,808,2026-04-10 08:01:09+00:00,2026-04-10 08:01:09+00:00
12,directo guerra irán israel trump,2871,2026-04-10 08:01:09+00:00,2026-04-10 08:01:09+00:00
13,aldama juicio kitchen koldo ábalos,572,2026-04-10 08:01:09+00:00,2026-04-10 08:01:09+00:00
14,atlético barcelona bayern madrid real,1107,2026-04-10 08:01:09+00:00,2026-04-10 08:01:09+00:00
0,000 dos internacional miles personas,373,2026-04-10 08:31:12+00:00,2026-04-10 08:31:12+00:00
1,años españa internacional primera vez,503,2026-04-10 08:31:12+00:00,2026-04-10 08:31:12+00:00
2,039 años irán quot trump,458,2026-04-10 08:31:12+00:00,2026-04-10 08:31:12+00:00
3,directo guerra irán israel última,2291,2026-04-10 08:31:12+00:00,2026-04-10 08:31:12+00:00
4,cadena irán puede ser tras,695,2026-04-10 08:31:12+00:00,2026-04-10 08:31:12+00:00
5,amenaza guerra irán ormuz trump,1526,2026-04-10 08:31:12+00:00,2026-04-10 08:31:12+00:00
6,com españa gobierno pp vasco,866,2026-04-10 08:31:12+00:00,2026-04-10 08:31:12+00:00
7,000 así euros tras zaragoza,23220,2026-04-10 08:31:12+00:00,2026-04-10 08:31:12+00:00
8,2026 abril comprobar hoy marzo,1157,2026-04-10 08:31:12+00:00,2026-04-10 08:31:12+00:00
9,artemis años ii luna misión,1866,2026-04-10 08:31:12+00:00,2026-04-10 08:31:12+00:00
10,2026 españa málaga santa semana,1064,2026-04-10 08:31:12+00:00,2026-04-10 08:31:12+00:00
11,com economía españa guerra millones,2694,2026-04-10 08:31:12+00:00,2026-04-10 08:31:12+00:00
12,atlético barcelona bayern madrid real,1046,2026-04-10 08:31:12+00:00,2026-04-10 08:31:12+00:00
13,años dos irán semanas tras,858,2026-04-10 08:31:12+00:00,2026-04-10 08:31:12+00:00
14,2026 com día internacional pueblo,2448,2026-04-10 08:31:12+00:00,2026-04-10 08:31:12+00:00
0,años dos irán semanas tras,846,2026-04-10 09:01:10+00:00,2026-04-10 09:01:10+00:00
1,deja españa euros muertos tras,293,2026-04-10 09:01:10+00:00,2026-04-10 09:01:10+00:00
2,eeuu guerra irán ormuz trump,1505,2026-04-10 09:01:10+00:00,2026-04-10 09:01:10+00:00
3,años españa irán ser tras,1521,2026-04-10 09:01:10+00:00,2026-04-10 09:01:10+00:00
4,2026 abril horóscopo hoy marzo,1111,2026-04-10 09:01:10+00:00,2026-04-10 09:01:10+00:00
5,000 artemis años madrid quot,23579,2026-04-10 09:01:10+00:00,2026-04-10 09:01:10+00:00
6,gobierno pp psoe sánchez vox,1085,2026-04-10 09:01:10+00:00,2026-04-10 09:01:10+00:00
7,2026 españa málaga santa semana,1064,2026-04-10 09:01:10+00:00,2026-04-10 09:01:10+00:00
8,2026 com día internacional pueblo,2543,2026-04-10 09:01:10+00:00,2026-04-10 09:01:10+00:00
9,casademont dos real viento zaragoza,732,2026-04-10 09:01:10+00:00,2026-04-10 09:01:10+00:00
10,años españa meses tras tres,550,2026-04-10 09:01:10+00:00,2026-04-10 09:01:10+00:00
11,com economía españa guerra millones,2775,2026-04-10 09:01:10+00:00,2026-04-10 09:01:10+00:00
12,blanca casa irán salón trump,448,2026-04-10 09:01:10+00:00,2026-04-10 09:01:10+00:00
13,directo guerra irán israel última,2249,2026-04-10 09:01:10+00:00,2026-04-10 09:01:10+00:00
14,2025 2026 cómo declaración renta,772,2026-04-10 09:01:10+00:00,2026-04-10 09:01:10+00:00
0,así españa irán sido tras,634,2026-04-10 09:31:14+00:00,2026-04-10 09:31:14+00:00
1,directo guerra irán israel líbano,951,2026-04-10 09:31:14+00:00,2026-04-10 09:31:14+00:00
2,2026 com día internacional pueblo,2395,2026-04-10 09:31:14+00:00,2026-04-10 09:31:14+00:00
3,000 100 españa euros millones,1114,2026-04-10 09:31:14+00:00,2026-04-10 09:31:14+00:00
4,2026 abril hoy santa semana,1821,2026-04-10 09:31:14+00:00,2026-04-10 09:31:14+00:00
5,dos gobierno madrid quot si,22495,2026-04-10 09:31:14+00:00,2026-04-10 09:31:14+00:00
6,españa internacional ley nueva york,591,2026-04-10 09:31:14+00:00,2026-04-10 09:31:14+00:00
7,com españa irán tras trump,1366,2026-04-10 09:31:14+00:00,2026-04-10 09:31:14+00:00
8,españa internacional irán nuevo piden,658,2026-04-10 09:31:14+00:00,2026-04-10 09:31:14+00:00
9,casademont dos real viento zaragoza,703,2026-04-10 09:31:14+00:00,2026-04-10 09:31:14+00:00
10,eeuu guerra irán ormuz trump,2783,2026-04-10 09:31:14+00:00,2026-04-10 09:31:14+00:00
11,com economía españa guerra millones,2673,2026-04-10 09:31:14+00:00,2026-04-10 09:31:14+00:00
12,años dos hace muere tras,1295,2026-04-10 09:31:14+00:00,2026-04-10 09:31:14+00:00
13,artemis astronautas ii luna misión,825,2026-04-10 09:31:14+00:00,2026-04-10 09:31:14+00:00
14,cadena irán puede ser tras,701,2026-04-10 09:31:14+00:00,2026-04-10 09:31:14+00:00
0,amenaza eeuu irán otan trump,1209,2026-04-10 10:01:11+00:00,2026-04-10 10:01:11+00:00
1,com economía egipto españa millones,2599,2026-04-10 10:01:11+00:00,2026-04-10 10:01:11+00:00
2,2026 com día internacional pueblo,2517,2026-04-10 10:01:11+00:00,2026-04-10 10:01:11+00:00
3,ee guerra irán trump uu,471,2026-04-10 10:01:11+00:00,2026-04-10 10:01:11+00:00
4,blanca casa españa salón trump,431,2026-04-10 10:01:11+00:00,2026-04-10 10:01:11+00:00
5,directo guerra hora irán israel,1099,2026-04-10 10:01:11+00:00,2026-04-10 10:01:11+00:00
6,2026 españa málaga santa semana,1072,2026-04-10 10:01:11+00:00,2026-04-10 10:01:11+00:00
7,casademont dos real viento zaragoza,736,2026-04-10 10:01:11+00:00,2026-04-10 10:01:11+00:00
8,estrecho irán ormuz reabrir trump,545,2026-04-10 10:01:11+00:00,2026-04-10 10:01:11+00:00
9,artemis astronautas ii luna misión,835,2026-04-10 10:01:11+00:00,2026-04-10 10:01:11+00:00
10,años dos gobierno madrid quot,24369,2026-04-10 10:01:11+00:00,2026-04-10 10:01:11+00:00
11,2026 abril horóscopo hoy marzo,1131,2026-04-10 10:01:11+00:00,2026-04-10 10:01:11+00:00
12,000 100 españa euros millones,1146,2026-04-10 10:01:11+00:00,2026-04-10 10:01:11+00:00
13,com españa guerra irán oriente,1271,2026-04-10 10:01:11+00:00,2026-04-10 10:01:11+00:00
14,años com españa ser tras,1553,2026-04-10 10:01:11+00:00,2026-04-10 10:01:11+00:00
0,directo dónde españa partido ver,470,2026-04-10 10:31:11+00:00,2026-04-10 10:31:11+00:00
1,artemis astronautas ii luna misión,841,2026-04-10 10:31:11+00:00,2026-04-10 10:31:11+00:00
2,aldama juicio kitchen koldo ábalos,582,2026-04-10 10:31:11+00:00,2026-04-10 10:31:11+00:00
3,años dos hace muere tres,1772,2026-04-10 10:31:11+00:00,2026-04-10 10:31:11+00:00
4,com economía españa guerra millones,2640,2026-04-10 10:31:11+00:00,2026-04-10 10:31:11+00:00
5,españa guerra quot renta si,651,2026-04-10 10:31:11+00:00,2026-04-10 10:31:11+00:00
6,2026 españa málaga santa semana,1087,2026-04-10 10:31:11+00:00,2026-04-10 10:31:11+00:00
7,2026 abril comprobar hoy marzo,1144,2026-04-10 10:31:11+00:00,2026-04-10 10:31:11+00:00
8,atlético barcelona champions internacional madrid,521,2026-04-10 10:31:11+00:00,2026-04-10 10:31:11+00:00
9,000 euros gobierno madrid zaragoza,22952,2026-04-10 10:31:11+00:00,2026-04-10 10:31:11+00:00
10,2026 com día internacional pueblo,2525,2026-04-10 10:31:11+00:00,2026-04-10 10:31:11+00:00
11,directo guerra hora irán israel,2301,2026-04-10 10:31:11+00:00,2026-04-10 10:31:11+00:00
12,amenaza guerra irán ormuz trump,1551,2026-04-10 10:31:11+00:00,2026-04-10 10:31:11+00:00
13,años españa irán ser tras,1577,2026-04-10 10:31:11+00:00,2026-04-10 10:31:11+00:00
14,años canaria españa gran internacional,475,2026-04-10 10:31:11+00:00,2026-04-10 10:31:11+00:00
0,casademont dos real viento zaragoza,739,2026-04-10 11:03:11+00:00,2026-04-10 11:03:11+00:00
1,años dos heridos irán tras,854,2026-04-10 11:03:11+00:00,2026-04-10 11:03:11+00:00
2,2026 com día internacional pueblo,2365,2026-04-10 11:03:11+00:00,2026-04-10 11:03:11+00:00
3,españa europa internacional press trump,457,2026-04-10 11:03:11+00:00,2026-04-10 11:03:11+00:00
4,000 artemis años gobierno luna,23026,2026-04-10 11:03:11+00:00,2026-04-10 11:03:11+00:00
5,com economía egipto españa millones,2649,2026-04-10 11:03:11+00:00,2026-04-10 11:03:11+00:00
6,039 años irán quot trump,459,2026-04-10 11:03:11+00:00,2026-04-10 11:03:11+00:00
7,eeuu fuego irán ormuz trump,2097,2026-04-10 11:03:11+00:00,2026-04-10 11:03:11+00:00
8,años deportivo internacional irán mundo,554,2026-04-10 11:03:11+00:00,2026-04-10 11:03:11+00:00
9,2026 abril hoy madrid marzo,2121,2026-04-10 11:03:11+00:00,2026-04-10 11:03:11+00:00
10,españa internacional nueva país vasco,1022,2026-04-10 11:03:11+00:00,2026-04-10 11:03:11+00:00
11,años com españa ser tras,1542,2026-04-10 11:03:11+00:00,2026-04-10 11:03:11+00:00
12,basket cf mónica oltra valencia,319,2026-04-10 11:03:11+00:00,2026-04-10 11:03:11+00:00
13,2026 españa málaga santa semana,1053,2026-04-10 11:03:11+00:00,2026-04-10 11:03:11+00:00
14,directo guerra hora irán última,1728,2026-04-10 11:03:11+00:00,2026-04-10 11:03:11+00:00
0,directo guerra irán israel trump,3130,2026-04-10 11:31:10+00:00,2026-04-10 11:31:10+00:00
1,alto fuego irán israel trump,516,2026-04-10 11:31:10+00:00,2026-04-10 11:31:10+00:00
2,años dos hace muere tras,1376,2026-04-10 11:31:10+00:00,2026-04-10 11:31:10+00:00
3,000 100 españa euros millones,1169,2026-04-10 11:31:10+00:00,2026-04-10 11:31:10+00:00
4,artemis astronautas ii luna misión,742,2026-04-10 11:31:10+00:00,2026-04-10 11:31:10+00:00
5,directo guerra irán medio oriente,485,2026-04-10 11:31:10+00:00,2026-04-10 11:31:10+00:00
6,com españa internacional madrid tras,29270,2026-04-10 11:31:10+00:00,2026-04-10 11:31:10+00:00
7,dos españa internacional madrid nuevas,157,2026-04-10 11:31:10+00:00,2026-04-10 11:31:10+00:00
8,alemania energéticas españa impuesto piden,117,2026-04-10 11:31:10+00:00,2026-04-10 11:31:10+00:00
9,2026 españa málaga santa semana,1074,2026-04-10 11:31:10+00:00,2026-04-10 11:31:10+00:00
10,039 dice quot sánchez trump,109,2026-04-10 11:31:10+00:00,2026-04-10 11:31:10+00:00
11,artemis cara ii luna oculta,210,2026-04-10 11:31:10+00:00,2026-04-10 11:31:10+00:00
12,2025 2026 declaración hacienda renta,303,2026-04-10 11:31:10+00:00,2026-04-10 11:31:10+00:00
13,casademont dos real viento zaragoza,728,2026-04-10 11:31:10+00:00,2026-04-10 11:31:10+00:00
14,2026 abril horóscopo hoy marzo,1578,2026-04-10 11:31:10+00:00,2026-04-10 11:31:10+00:00
0,000 euros gobierno quot zaragoza,22525,2026-04-10 12:01:12+00:00,2026-04-10 12:01:12+00:00
1,artemis astronautas ii luna misión,835,2026-04-10 12:01:12+00:00,2026-04-10 12:01:12+00:00
2,2026 españa málaga santa semana,1049,2026-04-10 12:01:12+00:00,2026-04-10 12:01:12+00:00
3,com economía egipto españa millones,2610,2026-04-10 12:01:12+00:00,2026-04-10 12:01:12+00:00
4,así españa nuevo sido tras,653,2026-04-10 12:01:12+00:00,2026-04-10 12:01:12+00:00
5,años dos irán semanas tras,912,2026-04-10 12:01:12+00:00,2026-04-10 12:01:12+00:00
6,2026 abril comprobar hoy marzo,1119,2026-04-10 12:01:12+00:00,2026-04-10 12:01:12+00:00
7,2026 com día internacional pueblo,2453,2026-04-10 12:01:12+00:00,2026-04-10 12:01:12+00:00
8,atlético barcelona bayern madrid real,1054,2026-04-10 12:01:12+00:00,2026-04-10 12:01:12+00:00
9,amenaza guerra irán ormuz trump,1539,2026-04-10 12:01:12+00:00,2026-04-10 12:01:12+00:00
10,años hace muere tras tres,1256,2026-04-10 12:01:12+00:00,2026-04-10 12:01:12+00:00
11,irán puede quot renta si,640,2026-04-10 12:01:12+00:00,2026-04-10 12:01:12+00:00
12,canaria deportivo gran internacional mundo,758,2026-04-10 12:01:12+00:00,2026-04-10 12:01:12+00:00
13,directo guerra irán israel última,2149,2026-04-10 12:01:12+00:00,2026-04-10 12:01:12+00:00
14,com españa irán ser tras,1372,2026-04-10 12:01:12+00:00,2026-04-10 12:01:12+00:00
0,españa gobierno nueva pp vasco,1211,2026-04-10 12:31:12+00:00,2026-04-10 12:31:12+00:00
1,irán noche puede ser trump,357,2026-04-10 12:31:12+00:00,2026-04-10 12:31:12+00:00
2,años basket muere tras valencia,536,2026-04-10 12:31:12+00:00,2026-04-10 12:31:12+00:00
3,ee guerra irán israel uu,533,2026-04-10 12:31:12+00:00,2026-04-10 12:31:12+00:00
4,2026 com día internacional pueblo,2516,2026-04-10 12:31:12+00:00,2026-04-10 12:31:12+00:00
5,estrecho irán ormuz quot trump,1642,2026-04-10 12:31:12+00:00,2026-04-10 12:31:12+00:00
6,artemis astronautas ii luna misión,843,2026-04-10 12:31:12+00:00,2026-04-10 12:31:12+00:00
7,000 dos euros madrid zaragoza,23097,2026-04-10 12:31:12+00:00,2026-04-10 12:31:12+00:00
8,com españa irán tras trump,1444,2026-04-10 12:31:12+00:00,2026-04-10 12:31:12+00:00
9,2026 españa málaga santa semana,1064,2026-04-10 12:31:12+00:00,2026-04-10 12:31:12+00:00
10,años dos españa hace tras,1236,2026-04-10 12:31:12+00:00,2026-04-10 12:31:12+00:00
11,2026 abril comprobar hoy marzo,1118,2026-04-10 12:31:12+00:00,2026-04-10 12:31:12+00:00
12,así españa internacional irán nuevo,678,2026-04-10 12:31:12+00:00,2026-04-10 12:31:12+00:00
13,com economía egipto españa millones,2481,2026-04-10 12:31:12+00:00,2026-04-10 12:31:12+00:00
14,directo guerra irán israel última,2114,2026-04-10 12:31:12+00:00,2026-04-10 12:31:12+00:00
0,así com nuevo quot si,21469,2026-04-10 13:01:11+00:00,2026-04-10 13:01:11+00:00
1,2026 españa málaga santa semana,1018,2026-04-10 13:01:11+00:00,2026-04-10 13:01:11+00:00
2,amenaza guerra irán ormuz trump,1569,2026-04-10 13:01:11+00:00,2026-04-10 13:01:11+00:00
3,artemis astronautas ii luna misión,845,2026-04-10 13:01:11+00:00,2026-04-10 13:01:11+00:00
4,2026 abril horóscopo hoy marzo,1115,2026-04-10 13:01:11+00:00,2026-04-10 13:01:11+00:00
5,2026 com día internacional pueblo,2432,2026-04-10 13:01:11+00:00,2026-04-10 13:01:11+00:00
6,com cómo españa gobierno pp,1133,2026-04-10 13:01:11+00:00,2026-04-10 13:01:11+00:00
7,casademont dos real viento zaragoza,736,2026-04-10 13:01:11+00:00,2026-04-10 13:01:11+00:00
8,directo guerra irán israel última,2231,2026-04-10 13:01:11+00:00,2026-04-10 13:01:11+00:00
9,años dos irán semanas tras,864,2026-04-10 13:01:11+00:00,2026-04-10 13:01:11+00:00
10,000 100 españa euros millones,1280,2026-04-10 13:01:11+00:00,2026-04-10 13:01:11+00:00
11,com españa irán ser tras,1363,2026-04-10 13:01:11+00:00,2026-04-10 13:01:11+00:00
12,atlético barcelona bayern madrid real,1025,2026-04-10 13:01:11+00:00,2026-04-10 13:01:11+00:00
13,com economía egipto españa guerra,2493,2026-04-10 13:01:11+00:00,2026-04-10 13:01:11+00:00
14,años hace muere tras tres,1264,2026-04-10 13:01:11+00:00,2026-04-10 13:01:11+00:00
0,aldama directo juicio koldo ábalos,365,2026-04-10 13:31:10+00:00,2026-04-10 13:31:10+00:00
1,directo guerra irán israel trump,2864,2026-04-10 13:31:10+00:00,2026-04-10 13:31:10+00:00
2,artemis astronautas ii luna misión,866,2026-04-10 13:31:10+00:00,2026-04-10 13:31:10+00:00
3,estrecho irán ormuz reabrir trump,610,2026-04-10 13:31:10+00:00,2026-04-10 13:31:10+00:00
4,000 100 españa euros millones,1151,2026-04-10 13:31:10+00:00,2026-04-10 13:31:10+00:00
5,2026 com día internacional pueblo,2517,2026-04-10 13:31:10+00:00,2026-04-10 13:31:10+00:00
6,años dos irán semanas tras,864,2026-04-10 13:31:10+00:00,2026-04-10 13:31:10+00:00
7,casademont dos real viento zaragoza,735,2026-04-10 13:31:10+00:00,2026-04-10 13:31:10+00:00
8,com economía egipto españa millones,2696,2026-04-10 13:31:10+00:00,2026-04-10 13:31:10+00:00
9,castilla internacional león papa xiv,222,2026-04-10 13:31:10+00:00,2026-04-10 13:31:10+00:00
10,2026 abril años madrid tras,26210,2026-04-10 13:31:10+00:00,2026-04-10 13:31:10+00:00
11,abril baratas gasolina hoy precio,338,2026-04-10 13:31:10+00:00,2026-04-10 13:31:10+00:00
12,in malaga of the to,269,2026-04-10 13:31:10+00:00,2026-04-10 13:31:10+00:00
13,cruz jordi león papa xiv,69,2026-04-10 13:31:10+00:00,2026-04-10 13:31:10+00:00
14,2026 españa málaga santa semana,1013,2026-04-10 13:31:10+00:00,2026-04-10 13:31:10+00:00
0,cadena cómo puede ser tras,1017,2026-04-10 14:01:11+00:00,2026-04-10 14:01:11+00:00
1,directo guerra hora irán última,645,2026-04-10 14:01:11+00:00,2026-04-10 14:01:11+00:00
2,2026 día gitano internacional pueblo,2097,2026-04-10 14:01:11+00:00,2026-04-10 14:01:11+00:00
3,000 dos gobierno tras zaragoza,23671,2026-04-10 14:01:11+00:00,2026-04-10 14:01:11+00:00
4,2026 abril horóscopo hoy marzo,1107,2026-04-10 14:01:11+00:00,2026-04-10 14:01:11+00:00
5,economía egipto españa guerra millones,2361,2026-04-10 14:01:11+00:00,2026-04-10 14:01:11+00:00
6,estrecho irán ormuz reabrir trump,563,2026-04-10 14:01:11+00:00,2026-04-10 14:01:11+00:00
7,años dos hace muere tras,1265,2026-04-10 14:01:11+00:00,2026-04-10 14:01:11+00:00
8,eeuu guerra irán israel trump,2769,2026-04-10 14:01:11+00:00,2026-04-10 14:01:11+00:00
9,artemis astronautas ii luna misión,845,2026-04-10 14:01:11+00:00,2026-04-10 14:01:11+00:00
10,2026 españa málaga santa semana,1027,2026-04-10 14:01:11+00:00,2026-04-10 14:01:11+00:00
11,atlético barcelona bayern madrid real,1052,2026-04-10 14:01:11+00:00,2026-04-10 14:01:11+00:00
12,com elplural españa internacional irán,1330,2026-04-10 14:01:11+00:00,2026-04-10 14:01:11+00:00
13,años heridos meses tras tres,550,2026-04-10 14:01:11+00:00,2026-04-10 14:01:11+00:00
14,039 años irán quot trump,462,2026-04-10 14:01:11+00:00,2026-04-10 14:01:11+00:00
0,cánticos egipto españa partido racistas,235,2026-04-10 14:31:13+00:00,2026-04-10 14:31:13+00:00
1,000 artemis dos ii trump,23041,2026-04-10 14:31:13+00:00,2026-04-10 14:31:13+00:00
2,2026 abril comprobar hoy marzo,1113,2026-04-10 14:31:13+00:00,2026-04-10 14:31:13+00:00
3,años dos muere tras tres,2458,2026-04-10 14:31:13+00:00,2026-04-10 14:31:13+00:00
4,casademont centro nuevo real zaragoza,1140,2026-04-10 14:31:13+00:00,2026-04-10 14:31:13+00:00
5,atlético barcelona bayern madrid real,1000,2026-04-10 14:31:13+00:00,2026-04-10 14:31:13+00:00
6,gobierno pp psoe sánchez vox,1120,2026-04-10 14:31:13+00:00,2026-04-10 14:31:13+00:00
7,2026 com día internacional pueblo,2531,2026-04-10 14:31:13+00:00,2026-04-10 14:31:13+00:00
8,039 años irán quot trump,458,2026-04-10 14:31:13+00:00,2026-04-10 14:31:13+00:00
9,directo guerra irán israel trump,3091,2026-04-10 14:31:13+00:00,2026-04-10 14:31:13+00:00
10,cómo declaración irán renta ver,549,2026-04-10 14:31:13+00:00,2026-04-10 14:31:13+00:00
11,2026 españa málaga santa semana,1003,2026-04-10 14:31:13+00:00,2026-04-10 14:31:13+00:00
12,com economía españa guerra millones,2518,2026-04-10 14:31:13+00:00,2026-04-10 14:31:13+00:00
13,año años españa mejor mundo,332,2026-04-10 14:31:13+00:00,2026-04-10 14:31:13+00:00
14,aitana concierto lux madrid rosalía,201,2026-04-10 14:31:13+00:00,2026-04-10 14:31:13+00:00
0,039 años irán quot trump,461,2026-04-10 15:01:10+00:00,2026-04-10 15:01:10+00:00
1,atlético barcelona champions directo madrid,534,2026-04-10 15:01:10+00:00,2026-04-10 15:01:10+00:00
2,com economía españa guerra millones,2466,2026-04-10 15:01:10+00:00,2026-04-10 15:01:10+00:00
3,españa irán ser tras trump,1493,2026-04-10 15:01:10+00:00,2026-04-10 15:01:10+00:00
4,2026 abril horóscopo hoy marzo,1119,2026-04-10 15:01:10+00:00,2026-04-10 15:01:10+00:00
5,2026 españa málaga santa semana,1017,2026-04-10 15:01:10+00:00,2026-04-10 15:01:10+00:00
6,directo guerra irán israel trump,2925,2026-04-10 15:01:10+00:00,2026-04-10 15:01:10+00:00
7,bayern casademont madrid real zaragoza,982,2026-04-10 15:01:10+00:00,2026-04-10 15:01:10+00:00
8,000 100 españa euros millones,1081,2026-04-10 15:01:10+00:00,2026-04-10 15:01:10+00:00
9,españa internacional luna primera vez,605,2026-04-10 15:01:10+00:00,2026-04-10 15:01:10+00:00
10,ayuntamiento día gitano internacional pueblo,636,2026-04-10 15:01:10+00:00,2026-04-10 15:01:10+00:00
11,artemis dos gobierno madrid trump,23262,2026-04-10 15:01:10+00:00,2026-04-10 15:01:10+00:00
12,años españa hace muere tras,1307,2026-04-10 15:01:10+00:00,2026-04-10 15:01:10+00:00
13,2026 com diario españa internacional,2192,2026-04-10 15:01:10+00:00,2026-04-10 15:01:10+00:00
14,españa irán país trump vasco,712,2026-04-10 15:01:10+00:00,2026-04-10 15:01:10+00:00
0,abril comprobar lotería nacional sábado,254,2026-04-10 15:31:30+00:00,2026-04-10 15:31:30+00:00
1,artemis ii luna misión quot,1283,2026-04-10 15:31:30+00:00,2026-04-10 15:31:30+00:00
2,feijóo gobierno pp psoe vox,628,2026-04-10 15:31:30+00:00,2026-04-10 15:31:30+00:00
3,000 años euros gobierno zaragoza,22694,2026-04-10 15:31:30+00:00,2026-04-10 15:31:30+00:00
4,directo guerra irán israel última,2271,2026-04-10 15:31:30+00:00,2026-04-10 15:31:30+00:00
5,atlético barcelona bayern madrid real,1060,2026-04-10 15:31:30+00:00,2026-04-10 15:31:30+00:00
6,2026 españa málaga santa semana,1000,2026-04-10 15:31:30+00:00,2026-04-10 15:31:30+00:00
7,cadena irán puede ser tras,687,2026-04-10 15:31:30+00:00,2026-04-10 15:31:30+00:00
8,2026 abril hoy málaga picasso,443,2026-04-10 15:31:30+00:00,2026-04-10 15:31:30+00:00
9,com economía españa guerra millones,2675,2026-04-10 15:31:30+00:00,2026-04-10 15:31:30+00:00
10,así españa irán sido tras,648,2026-04-10 15:31:30+00:00,2026-04-10 15:31:30+00:00
11,2026 com día internacional pueblo,2465,2026-04-10 15:31:30+00:00,2026-04-10 15:31:30+00:00
12,amenaza guerra irán ormuz trump,1544,2026-04-10 15:31:30+00:00,2026-04-10 15:31:30+00:00
13,2026 abril horóscopo hoy marzo,1193,2026-04-10 15:31:30+00:00,2026-04-10 15:31:30+00:00
14,accidente años dos heridos tras,1948,2026-04-10 15:31:30+00:00,2026-04-10 15:31:30+00:00
0,com economía egipto españa guerra,2433,2026-04-10 16:01:10+00:00,2026-04-10 16:01:10+00:00
1,artemis astronautas ii luna misión,843,2026-04-10 16:01:10+00:00,2026-04-10 16:01:10+00:00
2,2026 com día internacional pueblo,2368,2026-04-10 16:01:10+00:00,2026-04-10 16:01:10+00:00
3,directo guerra irán israel trump,2888,2026-04-10 16:01:10+00:00,2026-04-10 16:01:10+00:00
4,años com irán tras trump,1487,2026-04-10 16:01:10+00:00,2026-04-10 16:01:10+00:00
5,000 gobierno quot trump zaragoza,22248,2026-04-10 16:01:10+00:00,2026-04-10 16:01:10+00:00
6,000 2025 españa euros millones,819,2026-04-10 16:01:10+00:00,2026-04-10 16:01:10+00:00
7,cadena irán puede ser tras,714,2026-04-10 16:01:10+00:00,2026-04-10 16:01:10+00:00
8,atlético barcelona bayern madrid real,1039,2026-04-10 16:01:10+00:00,2026-04-10 16:01:10+00:00
9,años dos hace muere tres,1708,2026-04-10 16:01:10+00:00,2026-04-10 16:01:10+00:00
10,2026 españa málaga santa semana,1006,2026-04-10 16:01:10+00:00,2026-04-10 16:01:10+00:00
11,españa internacional ley nueva york,599,2026-04-10 16:01:10+00:00,2026-04-10 16:01:10+00:00
12,2026 abril comprobar hoy marzo,1105,2026-04-10 16:01:10+00:00,2026-04-10 16:01:10+00:00
13,irán málaga quot renta si,917,2026-04-10 16:01:10+00:00,2026-04-10 16:01:10+00:00
14,así españa puedes sido tras,639,2026-04-10 16:01:10+00:00,2026-04-10 16:01:10+00:00
0,000 100 españa euros millones,1332,2026-04-10 16:31:10+00:00,2026-04-10 16:31:10+00:00
1,egipto españa guerra internacional millones,2333,2026-04-10 16:31:10+00:00,2026-04-10 16:31:10+00:00
2,quot santa semana si zaragoza,22088,2026-04-10 16:31:10+00:00,2026-04-10 16:31:10+00:00
3,bayern internacional madrid real rosalía,988,2026-04-10 16:31:10+00:00,2026-04-10 16:31:10+00:00
4,ee guerra irán israel uu,534,2026-04-10 16:31:10+00:00,2026-04-10 16:31:10+00:00
5,abril dos málaga santa semana,1102,2026-04-10 16:31:10+00:00,2026-04-10 16:31:10+00:00
6,com dw elplural españa internacional,1222,2026-04-10 16:31:10+00:00,2026-04-10 16:31:10+00:00
7,2026 abril día hoy internacional,2935,2026-04-10 16:31:10+00:00,2026-04-10 16:31:10+00:00
8,amenaza irán ormuz otan trump,1377,2026-04-10 16:31:10+00:00,2026-04-10 16:31:10+00:00
9,atlético barcelona champions directo madrid,523,2026-04-10 16:31:10+00:00,2026-04-10 16:31:10+00:00
10,años dos hace muere tras,1361,2026-04-10 16:31:10+00:00,2026-04-10 16:31:10+00:00
11,españa gobierno pp sánchez vasco,818,2026-04-10 16:31:10+00:00,2026-04-10 16:31:10+00:00
12,accidente irán israel ser tras,1372,2026-04-10 16:31:10+00:00,2026-04-10 16:31:10+00:00
13,artemis astronautas ii luna misión,853,2026-04-10 16:31:10+00:00,2026-04-10 16:31:10+00:00
14,directo guerra irán israel última,2003,2026-04-10 16:31:10+00:00,2026-04-10 16:31:10+00:00
0,españa gobierno pp sánchez vasco,813,2026-04-10 17:01:06+00:00,2026-04-10 17:01:06+00:00
1,2026 día gitano internacional pueblo,2181,2026-04-10 17:01:06+00:00,2026-04-10 17:01:06+00:00
2,039 años irán quot si,462,2026-04-10 17:01:06+00:00,2026-04-10 17:01:06+00:00
3,000 años dos tras zaragoza,24373,2026-04-10 17:01:06+00:00,2026-04-10 17:01:06+00:00
4,directo guerra irán israel líbano,1012,2026-04-10 17:01:06+00:00,2026-04-10 17:01:06+00:00
5,energéticas españa impuesto piden ue,363,2026-04-10 17:01:06+00:00,2026-04-10 17:01:06+00:00
6,eeuu guerra irán ormuz trump,2889,2026-04-10 17:01:06+00:00,2026-04-10 17:01:06+00:00
7,economía egipto españa guerra millones,2186,2026-04-10 17:01:06+00:00,2026-04-10 17:01:06+00:00
8,com elplural españa internacional irán,1302,2026-04-10 17:01:06+00:00,2026-04-10 17:01:06+00:00
9,artemis astronautas ii luna misión,853,2026-04-10 17:01:06+00:00,2026-04-10 17:01:06+00:00
10,2026 españa málaga santa semana,1015,2026-04-10 17:01:06+00:00,2026-04-10 17:01:06+00:00
11,2026 abril horóscopo hoy marzo,1169,2026-04-10 17:01:06+00:00,2026-04-10 17:01:06+00:00
12,atlético barcelona bayern madrid real,1076,2026-04-10 17:01:06+00:00,2026-04-10 17:01:06+00:00
13,2025 2026 cómo declaración renta,752,2026-04-10 17:01:06+00:00,2026-04-10 17:01:06+00:00
14,andalucía elecciones iu podemos sumar,368,2026-04-10 17:01:06+00:00,2026-04-10 17:01:06+00:00
0,artemis astronautas ii luna misión,856,2026-04-10 17:31:10+00:00,2026-04-10 17:31:10+00:00
1,2026 abril hoy quot zaragoza,24000,2026-04-10 17:31:10+00:00,2026-04-10 17:31:10+00:00
2,estrecho irán ormuz reabrir trump,562,2026-04-10 17:31:10+00:00,2026-04-10 17:31:10+00:00
3,fuego irán paz plan trump,201,2026-04-10 17:31:10+00:00,2026-04-10 17:31:10+00:00
4,2026 españa málaga santa semana,1021,2026-04-10 17:31:10+00:00,2026-04-10 17:31:10+00:00
5,atlético barcelona bayern madrid real,1094,2026-04-10 17:31:10+00:00,2026-04-10 17:31:10+00:00
6,así españa puedes sido tras,644,2026-04-10 17:31:10+00:00,2026-04-10 17:31:10+00:00
7,años dos hace muere quot,1757,2026-04-10 17:31:10+00:00,2026-04-10 17:31:10+00:00
8,com economía egipto españa millones,2490,2026-04-10 17:31:10+00:00,2026-04-10 17:31:10+00:00
9,españa europa internacional press trump,458,2026-04-10 17:31:10+00:00,2026-04-10 17:31:10+00:00
10,ee guerra irán israel uu,523,2026-04-10 17:31:10+00:00,2026-04-10 17:31:10+00:00
11,ataques guerra irán israel líbano,868,2026-04-10 17:31:10+00:00,2026-04-10 17:31:10+00:00
12,2026 com día internacional pueblo,2389,2026-04-10 17:31:10+00:00,2026-04-10 17:31:10+00:00
13,directo eeuu guerra irán trump,2428,2026-04-10 17:31:10+00:00,2026-04-10 17:31:10+00:00
14,accidente años españa ser tras,1506,2026-04-10 17:31:10+00:00,2026-04-10 17:31:10+00:00
0,039 años irán quot si,460,2026-04-10 18:01:10+00:00,2026-04-10 18:01:10+00:00
1,com elplural españa internacional irán,1331,2026-04-10 18:01:10+00:00,2026-04-10 18:01:10+00:00
2,dos españa gobierno nuevo si,22865,2026-04-10 18:01:10+00:00,2026-04-10 18:01:10+00:00
3,años dos hace muere tras,1320,2026-04-10 18:01:10+00:00,2026-04-10 18:01:10+00:00
4,artemis astronautas ii luna misión,855,2026-04-10 18:01:10+00:00,2026-04-10 18:01:10+00:00
5,2026 día españa internacional pueblo,2204,2026-04-10 18:01:10+00:00,2026-04-10 18:01:10+00:00
6,2026 abril horóscopo hoy marzo,1233,2026-04-10 18:01:10+00:00,2026-04-10 18:01:10+00:00
7,2026 españa málaga santa semana,1014,2026-04-10 18:01:10+00:00,2026-04-10 18:01:10+00:00
8,000 22 españa euros millones,1516,2026-04-10 18:01:10+00:00,2026-04-10 18:01:10+00:00
9,juicio koldo pp vox ábalos,1096,2026-04-10 18:01:10+00:00,2026-04-10 18:01:10+00:00
10,directo guerra hora irán israel,1051,2026-04-10 18:01:10+00:00,2026-04-10 18:01:10+00:00
11,casademont dos parque real zaragoza,715,2026-04-10 18:01:10+00:00,2026-04-10 18:01:10+00:00
12,eeuu guerra irán ormuz trump,2678,2026-04-10 18:01:10+00:00,2026-04-10 18:01:10+00:00
13,españa irán ser tras trump,1411,2026-04-10 18:01:10+00:00,2026-04-10 18:01:10+00:00
14,atlético barcelona bayern madrid real,1042,2026-04-10 18:01:10+00:00,2026-04-10 18:01:10+00:00
0,directo guerra hora irán última,754,2026-04-10 18:31:11+00:00,2026-04-10 18:31:11+00:00
1,casademont centro parque real zaragoza,729,2026-04-10 18:31:11+00:00,2026-04-10 18:31:11+00:00
2,artemis ii luna misión quot,1308,2026-04-10 18:31:11+00:00,2026-04-10 18:31:11+00:00
3,años dos heridos irán tras,816,2026-04-10 18:31:11+00:00,2026-04-10 18:31:11+00:00
4,aitana españa gijón pedro sánchez,627,2026-04-10 18:31:11+00:00,2026-04-10 18:31:11+00:00
5,000 2026 abril gobierno hoy,22771,2026-04-10 18:31:11+00:00,2026-04-10 18:31:11+00:00
6,años hace muere tras tres,2182,2026-04-10 18:31:11+00:00,2026-04-10 18:31:11+00:00
7,2026 com día internacional pueblo,2457,2026-04-10 18:31:11+00:00,2026-04-10 18:31:11+00:00
8,españa irán país vasco vida,856,2026-04-10 18:31:11+00:00,2026-04-10 18:31:11+00:00
9,cinco dos días españa irán,314,2026-04-10 18:31:11+00:00,2026-04-10 18:31:11+00:00
10,eeuu guerra irán ormuz trump,2676,2026-04-10 18:31:11+00:00,2026-04-10 18:31:11+00:00
11,com economía españa guerra millones,2608,2026-04-10 18:31:11+00:00,2026-04-10 18:31:11+00:00
12,atlético barcelona bayern madrid real,1059,2026-04-10 18:31:11+00:00,2026-04-10 18:31:11+00:00
13,cadena irán puede ser tras,679,2026-04-10 18:31:11+00:00,2026-04-10 18:31:11+00:00
14,2026 españa málaga santa semana,1002,2026-04-10 18:31:11+00:00,2026-04-10 18:31:11+00:00
0,as diario españa internacional madrid,427,2026-04-10 19:01:15+00:00,2026-04-10 19:01:15+00:00
1,000 artemis dos madrid zaragoza,24247,2026-04-10 19:01:15+00:00,2026-04-10 19:01:15+00:00
2,2026 com día internacional pueblo,2347,2026-04-10 19:01:15+00:00,2026-04-10 19:01:15+00:00
3,españa madrid málaga santa semana,1021,2026-04-10 19:01:15+00:00,2026-04-10 19:01:15+00:00
4,feijóo gobierno pp psoe vox,622,2026-04-10 19:01:15+00:00,2026-04-10 19:01:15+00:00
5,amenaza guerra irán ormuz trump,1487,2026-04-10 19:01:15+00:00,2026-04-10 19:01:15+00:00
6,aitana españa gijón pedro sánchez,605,2026-04-10 19:01:15+00:00,2026-04-10 19:01:15+00:00
7,accidente dos españa irán tras,1421,2026-04-10 19:01:15+00:00,2026-04-10 19:01:15+00:00
8,cadena irán puede ser tras,696,2026-04-10 19:01:15+00:00,2026-04-10 19:01:15+00:00
9,año años españa mejor mundo,338,2026-04-10 19:01:15+00:00,2026-04-10 19:01:15+00:00
10,com economía españa guerra millones,2451,2026-04-10 19:01:15+00:00,2026-04-10 19:01:15+00:00
11,2026 abril comprobar hoy marzo,1163,2026-04-10 19:01:15+00:00,2026-04-10 19:01:15+00:00
12,años dos hace muere tras,1334,2026-04-10 19:01:15+00:00,2026-04-10 19:01:15+00:00
13,directo guerra irán israel última,2215,2026-04-10 19:01:15+00:00,2026-04-10 19:01:15+00:00
14,039 años irán quot si,460,2026-04-10 19:01:15+00:00,2026-04-10 19:01:15+00:00
0,economía egipto españa guerra millones,2192,2026-04-10 19:31:11+00:00,2026-04-10 19:31:11+00:00
1,2026 españa málaga santa semana,1013,2026-04-10 19:31:11+00:00,2026-04-10 19:31:11+00:00
2,directo guerra hora irán última,654,2026-04-10 19:31:11+00:00,2026-04-10 19:31:11+00:00
3,dos gobierno quot tras zaragoza,23206,2026-04-10 19:31:11+00:00,2026-04-10 19:31:11+00:00
4,com elplural españa internacional irán,1268,2026-04-10 19:31:11+00:00,2026-04-10 19:31:11+00:00
5,años dos hace muere tras,1368,2026-04-10 19:31:11+00:00,2026-04-10 19:31:11+00:00
6,000 2025 españa euros millones,1399,2026-04-10 19:31:11+00:00,2026-04-10 19:31:11+00:00
7,eeuu estrecho irán ormuz trump,943,2026-04-10 19:31:11+00:00,2026-04-10 19:31:11+00:00
8,2026 abril horóscopo hoy marzo,1102,2026-04-10 19:31:11+00:00,2026-04-10 19:31:11+00:00
9,2026 día gitano internacional pueblo,2071,2026-04-10 19:31:11+00:00,2026-04-10 19:31:11+00:00
10,atlético barcelona bayern madrid real,1076,2026-04-10 19:31:11+00:00,2026-04-10 19:31:11+00:00
11,artemis astronautas ii luna misión,873,2026-04-10 19:31:11+00:00,2026-04-10 19:31:11+00:00
12,españa historia internacional italia mundial,610,2026-04-10 19:31:11+00:00,2026-04-10 19:31:11+00:00
13,ee guerra irán trump uu,2542,2026-04-10 19:31:11+00:00,2026-04-10 19:31:11+00:00
14,crisis españa guerra países ue,501,2026-04-10 19:31:11+00:00,2026-04-10 19:31:11+00:00
0,cómo directo irán renta ver,559,2026-04-10 20:01:11+00:00,2026-04-10 20:01:11+00:00
1,accidente com españa irán tras,1404,2026-04-10 20:01:11+00:00,2026-04-10 20:01:11+00:00
2,2026 com día internacional pueblo,2418,2026-04-10 20:01:11+00:00,2026-04-10 20:01:11+00:00
3,años hace muere tras tres,1201,2026-04-10 20:01:11+00:00,2026-04-10 20:01:11+00:00
4,artemis astronautas ii luna misión,847,2026-04-10 20:01:11+00:00,2026-04-10 20:01:11+00:00
5,amenaza guerra irán ormuz trump,1472,2026-04-10 20:01:11+00:00,2026-04-10 20:01:11+00:00
6,gobierno madrid santa semana zaragoza,23138,2026-04-10 20:01:11+00:00,2026-04-10 20:01:11+00:00
7,directo guerra irán israel última,2120,2026-04-10 20:01:11+00:00,2026-04-10 20:01:11+00:00
8,cadena irán puede ser tras,690,2026-04-10 20:01:11+00:00,2026-04-10 20:01:11+00:00
9,2026 abril comprobar hoy marzo,1147,2026-04-10 20:01:11+00:00,2026-04-10 20:01:11+00:00
10,años dos heridos irán tras,872,2026-04-10 20:01:11+00:00,2026-04-10 20:01:11+00:00
11,039 años irán quot si,464,2026-04-10 20:01:11+00:00,2026-04-10 20:01:11+00:00
12,000 100 españa euros millones,1340,2026-04-10 20:01:11+00:00,2026-04-10 20:01:11+00:00
13,españa internacional ley nueva york,589,2026-04-10 20:01:11+00:00,2026-04-10 20:01:11+00:00
14,com economía egipto españa guerra,2546,2026-04-10 20:01:11+00:00,2026-04-10 20:01:11+00:00
0,2026 día gitano internacional pueblo,2179,2026-04-10 20:31:12+00:00,2026-04-10 20:31:12+00:00
1,egipto españa guerra millones ue,2343,2026-04-10 20:31:12+00:00,2026-04-10 20:31:12+00:00
2,000 dos madrid quot tras,24003,2026-04-10 20:31:12+00:00,2026-04-10 20:31:12+00:00
3,españa madrid málaga santa semana,991,2026-04-10 20:31:12+00:00,2026-04-10 20:31:12+00:00
4,español hace historia mara málaga,605,2026-04-10 20:31:12+00:00,2026-04-10 20:31:12+00:00
5,artemis astronautas ii luna misión,875,2026-04-10 20:31:12+00:00,2026-04-10 20:31:12+00:00
6,años dos hace muere tras,1300,2026-04-10 20:31:12+00:00,2026-04-10 20:31:12+00:00
7,años cómo internacional quot vida,367,2026-04-10 20:31:12+00:00,2026-04-10 20:31:12+00:00
8,casademont centro dos real zaragoza,730,2026-04-10 20:31:12+00:00,2026-04-10 20:31:12+00:00
9,amenaza irán quot si trump,684,2026-04-10 20:31:12+00:00,2026-04-10 20:31:12+00:00
10,2026 abril comprobar horóscopo hoy,1114,2026-04-10 20:31:12+00:00,2026-04-10 20:31:12+00:00
11,españa gobierno pp sánchez vasco,823,2026-04-10 20:31:12+00:00,2026-04-10 20:31:12+00:00
12,com elplural españa internacional irán,1300,2026-04-10 20:31:12+00:00,2026-04-10 20:31:12+00:00
13,atlético barcelona champions directo madrid,531,2026-04-10 20:31:12+00:00,2026-04-10 20:31:12+00:00
14,directo guerra irán israel trump,2955,2026-04-10 20:31:12+00:00,2026-04-10 20:31:12+00:00
0,000 años gobierno madrid quot,23566,2026-04-10 21:01:12+00:00,2026-04-10 21:01:12+00:00
1,amenaza guerra irán ormuz trump,1455,2026-04-10 21:01:12+00:00,2026-04-10 21:01:12+00:00
2,artemis astronautas ii luna misión,865,2026-04-10 21:01:12+00:00,2026-04-10 21:01:12+00:00
3,2026 com día internacional pueblo,2517,2026-04-10 21:01:12+00:00,2026-04-10 21:01:12+00:00
4,com economía egipto españa millones,2547,2026-04-10 21:01:12+00:00,2026-04-10 21:01:12+00:00
5,españa madrid málaga santa semana,1012,2026-04-10 21:01:12+00:00,2026-04-10 21:01:12+00:00
6,debate españa internacional irán trump,284,2026-04-10 21:01:12+00:00,2026-04-10 21:01:12+00:00
7,así casademont nuevo real zaragoza,1134,2026-04-10 21:01:12+00:00,2026-04-10 21:01:12+00:00
8,años españa hace historia mejor,601,2026-04-10 21:01:12+00:00,2026-04-10 21:01:12+00:00
9,años dos heridos irán tras,882,2026-04-10 21:01:12+00:00,2026-04-10 21:01:12+00:00
10,ee guerra irán trump uu,503,2026-04-10 21:01:12+00:00,2026-04-10 21:01:12+00:00
11,años com españa ser tras,1529,2026-04-10 21:01:12+00:00,2026-04-10 21:01:12+00:00
12,2026 abril horóscopo hoy marzo,1112,2026-04-10 21:01:12+00:00,2026-04-10 21:01:12+00:00
13,directo guerra irán israel última,1882,2026-04-10 21:01:12+00:00,2026-04-10 21:01:12+00:00
14,10 cinco días medio oriente,882,2026-04-10 21:01:12+00:00,2026-04-10 21:01:12+00:00
0,amnistía españa internacional italia mundial,369,2026-04-10 21:31:12+00:00,2026-04-10 21:31:12+00:00
1,artemis astronautas ii luna misión,877,2026-04-10 21:31:12+00:00,2026-04-10 21:31:12+00:00
2,000 dos gobierno madrid tras,23673,2026-04-10 21:31:12+00:00,2026-04-10 21:31:12+00:00
3,españa madrid málaga santa semana,1005,2026-04-10 21:31:12+00:00,2026-04-10 21:31:12+00:00
4,directo guerra irán israel trump,3038,2026-04-10 21:31:12+00:00,2026-04-10 21:31:12+00:00
5,2026 com día internacional pueblo,2396,2026-04-10 21:31:12+00:00,2026-04-10 21:31:12+00:00
6,años dos hace quot tras,1601,2026-04-10 21:31:12+00:00,2026-04-10 21:31:12+00:00
7,2026 abril horóscopo hoy marzo,1130,2026-04-10 21:31:12+00:00,2026-04-10 21:31:12+00:00
8,com economía españa guerra millones,2577,2026-04-10 21:31:12+00:00,2026-04-10 21:31:12+00:00
9,cómo directo juicio koldo ábalos,813,2026-04-10 21:31:12+00:00,2026-04-10 21:31:12+00:00
10,cadena irán puede ser tras,699,2026-04-10 21:31:12+00:00,2026-04-10 21:31:12+00:00
11,bayern casademont madrid real zaragoza,1045,2026-04-10 21:31:12+00:00,2026-04-10 21:31:12+00:00
12,andalucía elecciones iu podemos sumar,367,2026-04-10 21:31:12+00:00,2026-04-10 21:31:12+00:00
13,atlético barcelona champions directo madrid,523,2026-04-10 21:31:12+00:00,2026-04-10 21:31:12+00:00
14,aitana españa gijón pedro sánchez,620,2026-04-10 21:31:12+00:00,2026-04-10 21:31:12+00:00
0,artemis años santa semana zaragoza,23742,2026-04-10 22:01:20+00:00,2026-04-10 22:01:20+00:00
1,com economía españa guerra millones,2580,2026-04-10 22:01:20+00:00,2026-04-10 22:01:20+00:00
2,2026 abril comprobar horóscopo hoy,1096,2026-04-10 22:01:20+00:00,2026-04-10 22:01:20+00:00
3,artemis así españa sido tras,672,2026-04-10 22:01:20+00:00,2026-04-10 22:01:20+00:00
4,cómo hacer irán renta ver,569,2026-04-10 22:01:20+00:00,2026-04-10 22:01:20+00:00
5,abril hoy málaga santa semana,491,2026-04-10 22:01:20+00:00,2026-04-10 22:01:20+00:00
6,blanca casa españa salón trump,422,2026-04-10 22:01:20+00:00,2026-04-10 22:01:20+00:00
7,2026 com día internacional pueblo,2463,2026-04-10 22:01:20+00:00,2026-04-10 22:01:20+00:00
8,directo guerra irán israel última,2154,2026-04-10 22:01:20+00:00,2026-04-10 22:01:20+00:00
9,000 100 españa euros millones,1089,2026-04-10 22:01:20+00:00,2026-04-10 22:01:20+00:00
10,amenaza guerra irán ormuz trump,1483,2026-04-10 22:01:20+00:00,2026-04-10 22:01:20+00:00
11,años dos heridos irán tras,856,2026-04-10 22:01:20+00:00,2026-04-10 22:01:20+00:00
12,años españa irán ser tras,1532,2026-04-10 22:01:20+00:00,2026-04-10 22:01:20+00:00
13,atlético barcelona bayern madrid real,1111,2026-04-10 22:01:20+00:00,2026-04-10 22:01:20+00:00
14,039 años irán quot si,466,2026-04-10 22:01:20+00:00,2026-04-10 22:01:20+00:00
0,artemis astronautas ii luna misión,878,2026-04-10 22:31:23+00:00,2026-04-10 22:31:23+00:00
1,2026 com día internacional pueblo,2448,2026-04-10 22:31:23+00:00,2026-04-10 22:31:23+00:00
2,españa madrid málaga santa semana,1009,2026-04-10 22:31:23+00:00,2026-04-10 22:31:23+00:00
3,com economía españa guerra millones,2550,2026-04-10 22:31:23+00:00,2026-04-10 22:31:23+00:00
4,com españa gobierno pp vasco,795,2026-04-10 22:31:23+00:00,2026-04-10 22:31:23+00:00
5,directo guerra hora irán última,1660,2026-04-10 22:31:23+00:00,2026-04-10 22:31:23+00:00
6,años dos madrid quot zaragoza,23748,2026-04-10 22:31:23+00:00,2026-04-10 22:31:23+00:00
7,eeuu fuego irán ormuz trump,2234,2026-04-10 22:31:23+00:00,2026-04-10 22:31:23+00:00
8,2026 abril comprobar hoy marzo,1146,2026-04-10 22:31:23+00:00,2026-04-10 22:31:23+00:00
9,años españa ser tras trump,1541,2026-04-10 22:31:23+00:00,2026-04-10 22:31:23+00:00
10,atlético barcelona champions directo madrid,539,2026-04-10 22:31:23+00:00,2026-04-10 22:31:23+00:00
11,denuncia dos policía psoe ábalos,526,2026-04-10 22:31:23+00:00,2026-04-10 22:31:23+00:00
12,feijóo kitchen pp psoe vox,594,2026-04-10 22:31:23+00:00,2026-04-10 22:31:23+00:00
13,años canaria españa gran internacional,461,2026-04-10 22:31:23+00:00,2026-04-10 22:31:23+00:00
14,años hace historia puede ser,614,2026-04-10 22:31:23+00:00,2026-04-10 22:31:23+00:00
0,casademont dos parque real zaragoza,716,2026-04-10 23:01:10+00:00,2026-04-10 23:01:10+00:00
1,artemis astronautas ii luna misión,883,2026-04-10 23:01:10+00:00,2026-04-10 23:01:10+00:00
2,españa madrid málaga santa semana,1003,2026-04-10 23:01:10+00:00,2026-04-10 23:01:10+00:00
3,com egipto españa guerra millones,2491,2026-04-10 23:01:10+00:00,2026-04-10 23:01:10+00:00
4,2026 com día internacional pueblo,2412,2026-04-10 23:01:10+00:00,2026-04-10 23:01:10+00:00
5,amenaza guerra irán ormuz trump,1568,2026-04-10 23:01:10+00:00,2026-04-10 23:01:10+00:00
6,españa internacional irán nuevo piden,660,2026-04-10 23:01:10+00:00,2026-04-10 23:01:10+00:00
7,años dos heridos irán tras,828,2026-04-10 23:01:10+00:00,2026-04-10 23:01:10+00:00
8,españa gobierno pp sánchez vasco,818,2026-04-10 23:01:10+00:00,2026-04-10 23:01:10+00:00
9,cadena irán puede ser tras,666,2026-04-10 23:01:10+00:00,2026-04-10 23:01:10+00:00
10,años detenido hombre pareja tras,276,2026-04-10 23:01:10+00:00,2026-04-10 23:01:10+00:00
11,atlético barcelona champions directo madrid,510,2026-04-10 23:01:10+00:00,2026-04-10 23:01:10+00:00
12,directo guerra irán israel última,2240,2026-04-10 23:01:10+00:00,2026-04-10 23:01:10+00:00
13,años hace muere quot tras,1202,2026-04-10 23:01:10+00:00,2026-04-10 23:01:10+00:00
14,2026 abril hoy madrid tras,24475,2026-04-10 23:01:10+00:00,2026-04-10 23:01:10+00:00
0,artemis dos madrid quot tras,25196,2026-04-10 23:31:09+00:00,2026-04-10 23:31:09+00:00
1,alto ee fuego irán uu,1179,2026-04-10 23:31:09+00:00,2026-04-10 23:31:09+00:00
2,años dos hace muere tras,1422,2026-04-10 23:31:09+00:00,2026-04-10 23:31:09+00:00
3,2025 2026 declaración mundo renta,1066,2026-04-10 23:31:09+00:00,2026-04-10 23:31:09+00:00
4,com economía españa guerra millones,2495,2026-04-10 23:31:09+00:00,2026-04-10 23:31:09+00:00
5,feijóo gobierno pp psoe vox,667,2026-04-10 23:31:09+00:00,2026-04-10 23:31:09+00:00
6,energéticas españa impuesto italia piden,264,2026-04-10 23:31:09+00:00,2026-04-10 23:31:09+00:00
7,directo guerra hora irán última,1545,2026-04-10 23:31:09+00:00,2026-04-10 23:31:09+00:00
8,guerra irán otan tras trump,1328,2026-04-10 23:31:09+00:00,2026-04-10 23:31:09+00:00
9,directo dónde españa partido ver,392,2026-04-10 23:31:09+00:00,2026-04-10 23:31:09+00:00
10,2026 abril horóscopo hoy predicción,228,2026-04-10 23:31:09+00:00,2026-04-10 23:31:09+00:00
11,españa madrid málaga santa semana,1014,2026-04-10 23:31:09+00:00,2026-04-10 23:31:09+00:00
12,estrecho irán ormuz reabrir trump,553,2026-04-10 23:31:09+00:00,2026-04-10 23:31:09+00:00
13,2026 com día internacional pueblo,2464,2026-04-10 23:31:09+00:00,2026-04-10 23:31:09+00:00
14,2026 abril comprobar hoy sorteo,895,2026-04-10 23:31:09+00:00,2026-04-10 23:31:09+00:00
0,españa irán israel tras trump,1458,2026-04-11 00:01:13+00:00,2026-04-11 00:01:13+00:00
1,quot santa semana trump zaragoza,22567,2026-04-11 00:01:13+00:00,2026-04-11 00:01:13+00:00
2,directo guerra irán israel trump,2866,2026-04-11 00:01:13+00:00,2026-04-11 00:01:13+00:00
3,cadena irán puede ser tras,707,2026-04-11 00:01:13+00:00,2026-04-11 00:01:13+00:00
4,2026 abril comprobar resultados sorteo,350,2026-04-11 00:01:13+00:00,2026-04-11 00:01:13+00:00
5,com economía españa guerra millones,2523,2026-04-11 00:01:13+00:00,2026-04-11 00:01:13+00:00
6,2026 abril horóscopo hoy predicción,1047,2026-04-11 00:01:13+00:00,2026-04-11 00:01:13+00:00
7,000 100 españa euros millones,1066,2026-04-11 00:01:13+00:00,2026-04-11 00:01:13+00:00
8,dos heridos irán nuevo zaragoza,1160,2026-04-11 00:01:13+00:00,2026-04-11 00:01:13+00:00
9,celebra día gitano internacional pueblo,642,2026-04-11 00:01:13+00:00,2026-04-11 00:01:13+00:00
10,artemis astronautas ii luna misión,893,2026-04-11 00:01:13+00:00,2026-04-11 00:01:13+00:00
11,años dos hace muere tras,1364,2026-04-11 00:01:13+00:00,2026-04-11 00:01:13+00:00
12,españa gobierno pp sánchez vasco,828,2026-04-11 00:01:13+00:00,2026-04-11 00:01:13+00:00
13,2026 com diario españa internacional,2166,2026-04-11 00:01:13+00:00,2026-04-11 00:01:13+00:00
14,atlético barcelona bayern madrid real,1083,2026-04-11 00:01:13+00:00,2026-04-11 00:01:13+00:00
0,andalucía elecciones iu podemos sumar,360,2026-04-11 00:31:10+00:00,2026-04-11 00:31:10+00:00
1,años canaria españa gran internacional,462,2026-04-11 00:31:10+00:00,2026-04-11 00:31:10+00:00
2,com egipto españa guerra millones,2627,2026-04-11 00:31:10+00:00,2026-04-11 00:31:10+00:00
3,eeuu irán ormuz tras trump,2624,2026-04-11 00:31:10+00:00,2026-04-11 00:31:10+00:00
4,años dos hace muere tras,1329,2026-04-11 00:31:10+00:00,2026-04-11 00:31:10+00:00
5,2026 abril comprobar horóscopo hoy,1092,2026-04-11 00:31:10+00:00,2026-04-11 00:31:10+00:00
6,000 dos euros gobierno quot,23022,2026-04-11 00:31:10+00:00,2026-04-11 00:31:10+00:00
7,artemis cara ii luna oculta,331,2026-04-11 00:31:10+00:00,2026-04-11 00:31:10+00:00
8,atlético barcelona bayern madrid real,1082,2026-04-11 00:31:10+00:00,2026-04-11 00:31:10+00:00
9,directo guerra hora irán israel,2462,2026-04-11 00:31:10+00:00,2026-04-11 00:31:10+00:00
10,españa málaga procesiones santa semana,987,2026-04-11 00:31:10+00:00,2026-04-11 00:31:10+00:00
11,artemis astronautas ii luna misión,699,2026-04-11 00:31:10+00:00,2026-04-11 00:31:10+00:00
12,2026 com día internacional pueblo,2335,2026-04-11 00:31:10+00:00,2026-04-11 00:31:10+00:00
13,españa internacional ley nueva york,593,2026-04-11 00:31:10+00:00,2026-04-11 00:31:10+00:00
14,casademont centro parque real zaragoza,723,2026-04-11 00:31:10+00:00,2026-04-11 00:31:10+00:00
0,así españa internacional irán nuevo,656,2026-04-11 01:01:12+00:00,2026-04-11 01:01:12+00:00
1,años muere quot tras tres,2358,2026-04-11 01:01:12+00:00,2026-04-11 01:01:12+00:00
2,2026 abril artemis hoy quot,23480,2026-04-11 01:01:12+00:00,2026-04-11 01:01:12+00:00
3,2025 2026 declaración hacienda renta,310,2026-04-11 01:01:12+00:00,2026-04-11 01:01:12+00:00
4,casademont dos parque real zaragoza,726,2026-04-11 01:01:12+00:00,2026-04-11 01:01:12+00:00
5,años dos irán semanas tras,835,2026-04-11 01:01:12+00:00,2026-04-11 01:01:12+00:00
6,amenaza irán ormuz otan trump,1463,2026-04-11 01:01:12+00:00,2026-04-11 01:01:12+00:00
7,2026 com día internacional pueblo,2415,2026-04-11 01:01:12+00:00,2026-04-11 01:01:12+00:00
8,españa málaga procesiones santa semana,981,2026-04-11 01:01:12+00:00,2026-04-11 01:01:12+00:00
9,com economía egipto españa millones,2522,2026-04-11 01:01:12+00:00,2026-04-11 01:01:12+00:00
10,atlético barcelona bayern madrid real,1112,2026-04-11 01:01:12+00:00,2026-04-11 01:01:12+00:00
11,aitana españa gijón pedro sánchez,639,2026-04-11 01:01:12+00:00,2026-04-11 01:01:12+00:00
12,directo guerra hora irán última,2045,2026-04-11 01:01:12+00:00,2026-04-11 01:01:12+00:00
13,000 internacional miles personas tras,363,2026-04-11 01:01:12+00:00,2026-04-11 01:01:12+00:00
14,ataques guerra irán israel líbano,842,2026-04-11 01:01:12+00:00,2026-04-11 01:01:12+00:00
0,así gobierno nuevo quot si,21897,2026-04-11 01:31:23+00:00,2026-04-11 01:31:23+00:00
1,españa málaga procesiones santa semana,973,2026-04-11 01:31:23+00:00,2026-04-11 01:31:23+00:00
2,atlético barça champions final madrid,495,2026-04-11 01:31:23+00:00,2026-04-11 01:31:23+00:00
3,años españa irán ser tras,1499,2026-04-11 01:31:23+00:00,2026-04-11 01:31:23+00:00
4,000 100 españa euros millones,1105,2026-04-11 01:31:23+00:00,2026-04-11 01:31:23+00:00
5,directo guerra irán israel líbano,985,2026-04-11 01:31:23+00:00,2026-04-11 01:31:23+00:00
6,años barcelona madrid muere real,1894,2026-04-11 01:31:23+00:00,2026-04-11 01:31:23+00:00
7,2026 com día internacional pueblo,2454,2026-04-11 01:31:23+00:00,2026-04-11 01:31:23+00:00
8,cada crisis energética españa vez,468,2026-04-11 01:31:23+00:00,2026-04-11 01:31:23+00:00
9,com egipto españa guerra millones,2548,2026-04-11 01:31:23+00:00,2026-04-11 01:31:23+00:00
10,2026 abril comprobar horóscopo hoy,1112,2026-04-11 01:31:23+00:00,2026-04-11 01:31:23+00:00
11,directo eeuu guerra irán trump,2817,2026-04-11 01:31:23+00:00,2026-04-11 01:31:23+00:00
12,artemis astronautas ii luna misión,910,2026-04-11 01:31:23+00:00,2026-04-11 01:31:23+00:00
13,casademont centro parque real zaragoza,732,2026-04-11 01:31:23+00:00,2026-04-11 01:31:23+00:00
14,años dos irán semanas tras,869,2026-04-11 01:31:23+00:00,2026-04-11 01:31:23+00:00
0,años hace muere tras tres,1272,2026-04-11 02:01:17+00:00,2026-04-11 02:01:17+00:00
1,gobierno madrid quot santa semana,22761,2026-04-11 02:01:17+00:00,2026-04-11 02:01:17+00:00
2,directo guerra hora irán última,628,2026-04-11 02:01:17+00:00,2026-04-11 02:01:17+00:00
3,amenaza guerra irán ormuz trump,1522,2026-04-11 02:01:17+00:00,2026-04-11 02:01:17+00:00
4,dos mujeres santa semana ábalos,174,2026-04-11 02:01:17+00:00,2026-04-11 02:01:17+00:00
5,2026 día gitano internacional pueblo,2184,2026-04-11 02:01:17+00:00,2026-04-11 02:01:17+00:00
6,2026 abril comprobar horóscopo hoy,1126,2026-04-11 02:01:17+00:00,2026-04-11 02:01:17+00:00
7,artemis astronautas ii luna misión,913,2026-04-11 02:01:17+00:00,2026-04-11 02:01:17+00:00
8,españa irán israel ser tras,1387,2026-04-11 02:01:17+00:00,2026-04-11 02:01:17+00:00
9,egipto españa guerra millones ue,2328,2026-04-11 02:01:17+00:00,2026-04-11 02:01:17+00:00
10,com dw elplural españa internacional,1278,2026-04-11 02:01:17+00:00,2026-04-11 02:01:17+00:00
11,000 100 españa euros millones,1326,2026-04-11 02:01:17+00:00,2026-04-11 02:01:17+00:00
12,años dos heridos irán tras,861,2026-04-11 02:01:17+00:00,2026-04-11 02:01:17+00:00
13,ee eeuu guerra irán israel,1907,2026-04-11 02:01:17+00:00,2026-04-11 02:01:17+00:00
14,bayern casademont madrid real zaragoza,1076,2026-04-11 02:01:17+00:00,2026-04-11 02:01:17+00:00
0,2026 abril comprobar horóscopo hoy,1095,2026-04-11 02:31:13+00:00,2026-04-11 02:31:13+00:00
1,años quot si trump zaragoza,22647,2026-04-11 02:31:13+00:00,2026-04-11 02:31:13+00:00
2,años españa irán tras trump,1537,2026-04-11 02:31:13+00:00,2026-04-11 02:31:13+00:00
3,años dos irán semanas tras,858,2026-04-11 02:31:13+00:00,2026-04-11 02:31:13+00:00
4,españa málaga procesiones santa semana,969,2026-04-11 02:31:13+00:00,2026-04-11 02:31:13+00:00
5,000 100 españa euros millones,1111,2026-04-11 02:31:13+00:00,2026-04-11 02:31:13+00:00
6,com egipto españa guerra millones,2505,2026-04-11 02:31:13+00:00,2026-04-11 02:31:13+00:00
7,2026 com día internacional pueblo,2393,2026-04-11 02:31:13+00:00,2026-04-11 02:31:13+00:00
8,artemis astronautas ii luna misión,913,2026-04-11 02:31:13+00:00,2026-04-11 02:31:13+00:00
9,directo guerra irán israel trump,2877,2026-04-11 02:31:13+00:00,2026-04-11 02:31:13+00:00
10,atlético barcelona bayern madrid real,1081,2026-04-11 02:31:13+00:00,2026-04-11 02:31:13+00:00
11,deportivo españa internacional irán mundo,543,2026-04-11 02:31:13+00:00,2026-04-11 02:31:13+00:00
12,aitana españa gijón pedro sánchez,631,2026-04-11 02:31:13+00:00,2026-04-11 02:31:13+00:00
13,cómo declaración hacer irán renta,549,2026-04-11 02:31:13+00:00,2026-04-11 02:31:13+00:00
14,juicio koldo pp vox ábalos,1041,2026-04-11 02:31:13+00:00,2026-04-11 02:31:13+00:00
0,años casademont dos real zaragoza,1364,2026-04-11 03:01:10+00:00,2026-04-11 03:01:10+00:00
1,atlético barcelona bayern madrid real,1092,2026-04-11 03:01:10+00:00,2026-04-11 03:01:10+00:00
2,039 años irán quot si,465,2026-04-11 03:01:10+00:00,2026-04-11 03:01:10+00:00
3,artemis así años ii luna,22158,2026-04-11 03:01:10+00:00,2026-04-11 03:01:10+00:00
4,com elplural españa internacional irán,1340,2026-04-11 03:01:10+00:00,2026-04-11 03:01:10+00:00
5,directo guerra irán israel última,2082,2026-04-11 03:01:10+00:00,2026-04-11 03:01:10+00:00
6,amenaza guerra irán ormuz trump,1471,2026-04-11 03:01:10+00:00,2026-04-11 03:01:10+00:00
7,egipto españa guerra internacional ue,2227,2026-04-11 03:01:10+00:00,2026-04-11 03:01:10+00:00
8,2026 abril día hoy internacional,3089,2026-04-11 03:01:10+00:00,2026-04-11 03:01:10+00:00
9,años detenido hombre pareja tras,321,2026-04-11 03:01:10+00:00,2026-04-11 03:01:10+00:00
10,22 españa euros gobierno millones,1207,2026-04-11 03:01:10+00:00,2026-04-11 03:01:10+00:00
11,años dos irán ser tras,1519,2026-04-11 03:01:10+00:00,2026-04-11 03:01:10+00:00
12,000 años españa euros millones,820,2026-04-11 03:01:10+00:00,2026-04-11 03:01:10+00:00
13,españa málaga procesiones santa semana,981,2026-04-11 03:01:10+00:00,2026-04-11 03:01:10+00:00
14,españa guerra irán renta si,603,2026-04-11 03:01:10+00:00,2026-04-11 03:01:10+00:00
0,españa málaga procesiones santa semana,983,2026-04-11 03:31:10+00:00,2026-04-11 03:31:10+00:00
1,2026 com día internacional pueblo,2439,2026-04-11 03:31:10+00:00,2026-04-11 03:31:10+00:00
2,directo eeuu guerra irán trump,2828,2026-04-11 03:31:10+00:00,2026-04-11 03:31:10+00:00
3,bayern directo internacional madrid real,1005,2026-04-11 03:31:10+00:00,2026-04-11 03:31:10+00:00
4,españa gobierno pp sánchez vasco,810,2026-04-11 03:31:10+00:00,2026-04-11 03:31:10+00:00
5,artemis así luna sido tras,683,2026-04-11 03:31:10+00:00,2026-04-11 03:31:10+00:00
6,años después dos hace muere,1711,2026-04-11 03:31:10+00:00,2026-04-11 03:31:10+00:00
7,años irán ser tras trump,1540,2026-04-11 03:31:10+00:00,2026-04-11 03:31:10+00:00
8,aldama juicio kitchen koldo ábalos,561,2026-04-11 03:31:10+00:00,2026-04-11 03:31:10+00:00
9,2026 abril comprobar horóscopo hoy,1119,2026-04-11 03:31:10+00:00,2026-04-11 03:31:10+00:00
10,atlético barcelona champions directo madrid,515,2026-04-11 03:31:10+00:00,2026-04-11 03:31:10+00:00
11,com economía españa guerra millones,2510,2026-04-11 03:31:10+00:00,2026-04-11 03:31:10+00:00
12,000 artemis euros ii zaragoza,22660,2026-04-11 03:31:10+00:00,2026-04-11 03:31:10+00:00
13,directo guerra irán israel líbano,988,2026-04-11 03:31:10+00:00,2026-04-11 03:31:10+00:00
14,039 años irán quot si,467,2026-04-11 03:31:10+00:00,2026-04-11 03:31:10+00:00
0,artemis astronautas ii luna misión,905,2026-04-11 04:01:12+00:00,2026-04-11 04:01:12+00:00
1,com economía españa guerra millones,2505,2026-04-11 04:01:12+00:00,2026-04-11 04:01:12+00:00
2,amenaza irán ormuz otan trump,1365,2026-04-11 04:01:12+00:00,2026-04-11 04:01:12+00:00
3,españa gobierno pp sánchez vasco,824,2026-04-11 04:01:12+00:00,2026-04-11 04:01:12+00:00
4,com españa irán ser tras,1357,2026-04-11 04:01:12+00:00,2026-04-11 04:01:12+00:00
5,directo guerra irán israel última,2015,2026-04-11 04:01:12+00:00,2026-04-11 04:01:12+00:00
6,españa madrid málaga santa semana,992,2026-04-11 04:01:12+00:00,2026-04-11 04:01:12+00:00
7,039 años irán quot si,468,2026-04-11 04:01:12+00:00,2026-04-11 04:01:12+00:00
8,000 así euros madrid zaragoza,23836,2026-04-11 04:01:12+00:00,2026-04-11 04:01:12+00:00
9,años dos mujer ser tras,271,2026-04-11 04:01:12+00:00,2026-04-11 04:01:12+00:00
10,2026 abril comprobar horóscopo hoy,1153,2026-04-11 04:01:12+00:00,2026-04-11 04:01:12+00:00
11,años hace muere tras tres,1209,2026-04-11 04:01:12+00:00,2026-04-11 04:01:12+00:00
12,ee guerra irán israel uu,526,2026-04-11 04:01:12+00:00,2026-04-11 04:01:12+00:00
13,2026 com día internacional pueblo,2502,2026-04-11 04:01:12+00:00,2026-04-11 04:01:12+00:00
14,años dos heridos irán tras,843,2026-04-11 04:01:12+00:00,2026-04-11 04:01:12+00:00
0,directo guerra hora irán última,1489,2026-04-11 04:31:13+00:00,2026-04-11 04:31:13+00:00
1,2026 abril hoy málaga picasso,443,2026-04-11 04:31:13+00:00,2026-04-11 04:31:13+00:00
2,artemis astronautas ii luna misión,899,2026-04-11 04:31:13+00:00,2026-04-11 04:31:13+00:00
3,españa madrid málaga santa semana,968,2026-04-11 04:31:13+00:00,2026-04-11 04:31:13+00:00
4,2026 día gitano internacional pueblo,2204,2026-04-11 04:31:13+00:00,2026-04-11 04:31:13+00:00
5,dos heridos israel ser tras,1875,2026-04-11 04:31:13+00:00,2026-04-11 04:31:13+00:00
6,así españa puedes sido tras,650,2026-04-11 04:31:13+00:00,2026-04-11 04:31:13+00:00
7,egipto españa guerra millones ue,2313,2026-04-11 04:31:13+00:00,2026-04-11 04:31:13+00:00
8,2026 abril comprobar horóscopo hoy,1043,2026-04-11 04:31:13+00:00,2026-04-11 04:31:13+00:00
9,039 años irán quot si,468,2026-04-11 04:31:13+00:00,2026-04-11 04:31:13+00:00
10,españa gobierno pp sánchez vasco,823,2026-04-11 04:31:13+00:00,2026-04-11 04:31:13+00:00
11,eeuu fuego irán ormuz trump,2192,2026-04-11 04:31:13+00:00,2026-04-11 04:31:13+00:00
12,000 euros madrid si zaragoza,22868,2026-04-11 04:31:13+00:00,2026-04-11 04:31:13+00:00
13,com elplural españa internacional irán,1278,2026-04-11 04:31:13+00:00,2026-04-11 04:31:13+00:00
14,años dos hace muere tras,1286,2026-04-11 04:31:13+00:00,2026-04-11 04:31:13+00:00
0,egipto españa guerra millones ue,2314,2026-04-11 05:01:16+00:00,2026-04-11 05:01:16+00:00
1,directo guerra irán israel última,1578,2026-04-11 05:01:16+00:00,2026-04-11 05:01:16+00:00
2,años dos heridos irán tras,820,2026-04-11 05:01:16+00:00,2026-04-11 05:01:16+00:00
3,eeuu estrecho irán ormuz trump,1988,2026-04-11 05:01:16+00:00,2026-04-11 05:01:16+00:00
4,así españa madrid sido tras,647,2026-04-11 05:01:16+00:00,2026-04-11 05:01:16+00:00
5,2026 andalucía españa podemos renta,847,2026-04-11 05:01:16+00:00,2026-04-11 05:01:16+00:00
6,cinco dos días españa tras,345,2026-04-11 05:01:16+00:00,2026-04-11 05:01:16+00:00
7,com elplural españa internacional irán,1299,2026-04-11 05:01:16+00:00,2026-04-11 05:01:16+00:00
8,años madrid quot semana tras,24243,2026-04-11 05:01:16+00:00,2026-04-11 05:01:16+00:00
9,2026 día gitano internacional pueblo,2213,2026-04-11 05:01:16+00:00,2026-04-11 05:01:16+00:00
10,artemis astronautas ii luna misión,870,2026-04-11 05:01:16+00:00,2026-04-11 05:01:16+00:00
11,cómo hacer irán renta ver,571,2026-04-11 05:01:16+00:00,2026-04-11 05:01:16+00:00
12,000 2025 españa euros millones,1421,2026-04-11 05:01:16+00:00,2026-04-11 05:01:16+00:00
13,2026 abril comprobar horóscopo hoy,979,2026-04-11 05:01:16+00:00,2026-04-11 05:01:16+00:00
14,años cada españa primera vez,596,2026-04-11 05:01:16+00:00,2026-04-11 05:01:16+00:00
0,gobierno madrid quot si zaragoza,22359,2026-04-11 05:31:09+00:00,2026-04-11 05:31:09+00:00
1,españa madrid málaga santa semana,982,2026-04-11 05:31:09+00:00,2026-04-11 05:31:09+00:00
2,com egipto españa guerra millones,2489,2026-04-11 05:31:09+00:00,2026-04-11 05:31:09+00:00
3,años com españa irán tras,1567,2026-04-11 05:31:09+00:00,2026-04-11 05:31:09+00:00
4,amenaza guerra irán ormuz trump,1549,2026-04-11 05:31:09+00:00,2026-04-11 05:31:09+00:00
5,años después dos hace muere,1743,2026-04-11 05:31:09+00:00,2026-04-11 05:31:09+00:00
6,2026 com día internacional pueblo,2401,2026-04-11 05:31:09+00:00,2026-04-11 05:31:09+00:00
7,2026 abril comprobar horóscopo hoy,1096,2026-04-11 05:31:09+00:00,2026-04-11 05:31:09+00:00
8,cómo directo málaga partido ver,781,2026-04-11 05:31:09+00:00,2026-04-11 05:31:09+00:00
9,directo guerra irán israel última,2160,2026-04-11 05:31:09+00:00,2026-04-11 05:31:09+00:00
10,000 100 españa euros millones,1106,2026-04-11 05:31:09+00:00,2026-04-11 05:31:09+00:00
11,españa internacional irán nuevo piden,662,2026-04-11 05:31:09+00:00,2026-04-11 05:31:09+00:00
12,españa internacional ley nueva york,606,2026-04-11 05:31:09+00:00,2026-04-11 05:31:09+00:00
13,2025 2026 declaración hacienda renta,306,2026-04-11 05:31:09+00:00,2026-04-11 05:31:09+00:00
14,artemis astronautas ii luna misión,913,2026-04-11 05:31:09+00:00,2026-04-11 05:31:09+00:00
0,alto fuego guerra irán trump,540,2026-04-11 06:01:10+00:00,2026-04-11 06:01:10+00:00
1,años dos hace muere tras,1302,2026-04-11 06:01:10+00:00,2026-04-11 06:01:10+00:00
2,2026 com día internacional pueblo,2397,2026-04-11 06:01:10+00:00,2026-04-11 06:01:10+00:00
3,bayern internacional madrid real rosalía,972,2026-04-11 06:01:10+00:00,2026-04-11 06:01:10+00:00
4,000 100 españa euros millones,1076,2026-04-11 06:01:10+00:00,2026-04-11 06:01:10+00:00
5,com economía españa guerra millones,2516,2026-04-11 06:01:10+00:00,2026-04-11 06:01:10+00:00
6,años heridos meses tras tres,555,2026-04-11 06:01:10+00:00,2026-04-11 06:01:10+00:00
7,atlético barcelona champions directo madrid,520,2026-04-11 06:01:10+00:00,2026-04-11 06:01:10+00:00
8,artemis españa ser tras trump,1391,2026-04-11 06:01:10+00:00,2026-04-11 06:01:10+00:00
9,directo guerra hora irán trump,2589,2026-04-11 06:01:10+00:00,2026-04-11 06:01:10+00:00
10,españa málaga procesiones santa semana,964,2026-04-11 06:01:10+00:00,2026-04-11 06:01:10+00:00
11,artemis dos gobierno ii zaragoza,23023,2026-04-11 06:01:10+00:00,2026-04-11 06:01:10+00:00
12,039 años irán quot si,468,2026-04-11 06:01:10+00:00,2026-04-11 06:01:10+00:00
13,2026 abril comprobar horóscopo hoy,1120,2026-04-11 06:01:10+00:00,2026-04-11 06:01:10+00:00
14,ee israel líbano nueva uu,1293,2026-04-11 06:01:10+00:00,2026-04-11 06:01:10+00:00
0,años heridos meses tras tres,565,2026-04-11 06:31:11+00:00,2026-04-11 06:31:11+00:00
1,com egipto españa guerra millones,2531,2026-04-11 06:31:11+00:00,2026-04-11 06:31:11+00:00
2,ayuntamiento día gitano internacional pueblo,637,2026-04-11 06:31:11+00:00,2026-04-11 06:31:11+00:00
3,años dos hace muere tras,1242,2026-04-11 06:31:11+00:00,2026-04-11 06:31:11+00:00
4,2026 com diario españa internacional,2187,2026-04-11 06:31:11+00:00,2026-04-11 06:31:11+00:00
5,españa madrid málaga santa semana,985,2026-04-11 06:31:11+00:00,2026-04-11 06:31:11+00:00
6,dos gobierno madrid trump zaragoza,22328,2026-04-11 06:31:11+00:00,2026-04-11 06:31:11+00:00
7,juicio koldo pp vox ábalos,1059,2026-04-11 06:31:11+00:00,2026-04-11 06:31:11+00:00
8,artemis astronautas ii luna misión,908,2026-04-11 06:31:11+00:00,2026-04-11 06:31:11+00:00
9,directo guerra irán israel trump,2982,2026-04-11 06:31:11+00:00,2026-04-11 06:31:11+00:00
10,cadena irán puede ser tras,689,2026-04-11 06:31:11+00:00,2026-04-11 06:31:11+00:00
11,039 años irán quot si,467,2026-04-11 06:31:11+00:00,2026-04-11 06:31:11+00:00
12,españa internacional irán nuevo piden,657,2026-04-11 06:31:11+00:00,2026-04-11 06:31:11+00:00
13,000 euros madrid millones tras,2398,2026-04-11 06:31:11+00:00,2026-04-11 06:31:11+00:00
14,2026 abril comprobar horóscopo hoy,1112,2026-04-11 06:31:11+00:00,2026-04-11 06:31:11+00:00
0,artemis astronautas ii luna misión,922,2026-04-11 07:01:38+00:00,2026-04-11 07:01:38+00:00
1,directo guerra irán israel última,2066,2026-04-11 07:01:38+00:00,2026-04-11 07:01:38+00:00
2,bayern internacional madrid real rosalía,972,2026-04-11 07:01:38+00:00,2026-04-11 07:01:38+00:00
3,años dos hace muere tras,1294,2026-04-11 07:01:38+00:00,2026-04-11 07:01:38+00:00
4,2026 com día internacional pueblo,2431,2026-04-11 07:01:38+00:00,2026-04-11 07:01:38+00:00
5,com economía egipto españa guerra,2511,2026-04-11 07:01:38+00:00,2026-04-11 07:01:38+00:00
6,cómo ee irán trump uu,820,2026-04-11 07:01:38+00:00,2026-04-11 07:01:38+00:00
7,039 años irán quot si,465,2026-04-11 07:01:38+00:00,2026-04-11 07:01:38+00:00
8,año años españa mejor mundo,340,2026-04-11 07:01:38+00:00,2026-04-11 07:01:38+00:00
9,2026 abril dos hoy tras,23846,2026-04-11 07:01:38+00:00,2026-04-11 07:01:38+00:00
10,casademont dos parque real zaragoza,726,2026-04-11 07:01:38+00:00,2026-04-11 07:01:38+00:00
11,amenaza guerra irán ormuz trump,1493,2026-04-11 07:01:38+00:00,2026-04-11 07:01:38+00:00
12,atlético barcelona champions directo madrid,523,2026-04-11 07:01:38+00:00,2026-04-11 07:01:38+00:00
13,españa málaga procesiones santa semana,966,2026-04-11 07:01:38+00:00,2026-04-11 07:01:38+00:00
14,000 2025 españa euros millones,1360,2026-04-11 07:01:38+00:00,2026-04-11 07:01:38+00:00
0,años dos gobierno quot zaragoza,22676,2026-04-11 07:31:11+00:00,2026-04-11 07:31:11+00:00
1,com economía egipto españa millones,2483,2026-04-11 07:31:11+00:00,2026-04-11 07:31:11+00:00
2,artemis astronautas ii luna misión,916,2026-04-11 07:31:11+00:00,2026-04-11 07:31:11+00:00
3,directo guerra hora irán última,623,2026-04-11 07:31:11+00:00,2026-04-11 07:31:11+00:00
4,españa málaga procesiones santa semana,967,2026-04-11 07:31:11+00:00,2026-04-11 07:31:11+00:00
5,años com españa ser tras,1542,2026-04-11 07:31:11+00:00,2026-04-11 07:31:11+00:00
6,atlético barcelona bayern madrid real,1103,2026-04-11 07:31:11+00:00,2026-04-11 07:31:11+00:00
7,eeuu guerra irán israel uu,1967,2026-04-11 07:31:11+00:00,2026-04-11 07:31:11+00:00
8,amenaza guerra irán ormuz trump,1540,2026-04-11 07:31:11+00:00,2026-04-11 07:31:11+00:00
9,años cómo hacer irán renta,539,2026-04-11 07:31:11+00:00,2026-04-11 07:31:11+00:00
10,españa internacional irán nuevo piden,652,2026-04-11 07:31:11+00:00,2026-04-11 07:31:11+00:00
11,2025 declaración quot renta si,820,2026-04-11 07:31:11+00:00,2026-04-11 07:31:11+00:00
12,000 años españa euros millones,1356,2026-04-11 07:31:11+00:00,2026-04-11 07:31:11+00:00
13,2026 com día internacional pueblo,2448,2026-04-11 07:31:11+00:00,2026-04-11 07:31:11+00:00
14,2026 abril comprobar horóscopo hoy,1100,2026-04-11 07:31:11+00:00,2026-04-11 07:31:11+00:00
0,causa dana jueza mazón pide,557,2026-04-11 08:01:09+00:00,2026-04-11 08:01:09+00:00
1,artemis astronautas ii luna misión,934,2026-04-11 08:01:09+00:00,2026-04-11 08:01:09+00:00
2,años españa irán ser tras,1447,2026-04-11 08:01:09+00:00,2026-04-11 08:01:09+00:00
3,eeuu guerra irán israel uu,1916,2026-04-11 08:01:09+00:00,2026-04-11 08:01:09+00:00
4,directo guerra hora irán última,620,2026-04-11 08:01:09+00:00,2026-04-11 08:01:09+00:00
5,españa málaga procesiones santa semana,954,2026-04-11 08:01:09+00:00,2026-04-11 08:01:09+00:00
6,2026 abril años hoy quot,23480,2026-04-11 08:01:09+00:00,2026-04-11 08:01:09+00:00
7,atlético barcelona bayern madrid real,1122,2026-04-11 08:01:09+00:00,2026-04-11 08:01:09+00:00
8,2026 día gitano internacional pueblo,2130,2026-04-11 08:01:09+00:00,2026-04-11 08:01:09+00:00
9,egipto españa guerra millones ue,2306,2026-04-11 08:01:09+00:00,2026-04-11 08:01:09+00:00
10,com dw elplural españa internacional,1256,2026-04-11 08:01:09+00:00,2026-04-11 08:01:09+00:00
11,casademont dos parque real zaragoza,733,2026-04-11 08:01:09+00:00,2026-04-11 08:01:09+00:00
12,amenaza guerra irán ormuz trump,1513,2026-04-11 08:01:09+00:00,2026-04-11 08:01:09+00:00
13,000 100 españa euros millones,1128,2026-04-11 08:01:09+00:00,2026-04-11 08:01:09+00:00
14,feijóo gobierno pp psoe vox,599,2026-04-11 08:01:09+00:00,2026-04-11 08:01:09+00:00
0,amenaza guerra irán otan trump,1446,2026-04-11 08:31:10+00:00,2026-04-11 08:31:10+00:00
1,com egipto españa guerra millones,2588,2026-04-11 08:31:10+00:00,2026-04-11 08:31:10+00:00
2,directo guerra hora irán última,696,2026-04-11 08:31:10+00:00,2026-04-11 08:31:10+00:00
3,000 100 españa euros millones,1100,2026-04-11 08:31:10+00:00,2026-04-11 08:31:10+00:00
4,atlético barcelona bayern madrid real,1121,2026-04-11 08:31:10+00:00,2026-04-11 08:31:10+00:00
5,españa gobierno pp sánchez vasco,829,2026-04-11 08:31:10+00:00,2026-04-11 08:31:10+00:00
6,casademont real santa semana zaragoza,771,2026-04-11 08:31:10+00:00,2026-04-11 08:31:10+00:00
7,2026 españa internacional marzo renta,834,2026-04-11 08:31:10+00:00,2026-04-11 08:31:10+00:00
8,eeuu guerra irán israel tras,2903,2026-04-11 08:31:10+00:00,2026-04-11 08:31:10+00:00
9,años quot santa semana si,22870,2026-04-11 08:31:10+00:00,2026-04-11 08:31:10+00:00
10,2026 abril comprobar horóscopo hoy,886,2026-04-11 08:31:10+00:00,2026-04-11 08:31:10+00:00
11,com día gitano internacional pueblo,2304,2026-04-11 08:31:10+00:00,2026-04-11 08:31:10+00:00
12,años dos heridos irán tras,845,2026-04-11 08:31:10+00:00,2026-04-11 08:31:10+00:00
13,estrecho irán ormuz reabrir trump,558,2026-04-11 08:31:10+00:00,2026-04-11 08:31:10+00:00
14,artemis astronautas ii luna misión,936,2026-04-11 08:31:10+00:00,2026-04-11 08:31:10+00:00
0,españa málaga procesiones santa semana,940,2026-04-11 09:01:08+00:00,2026-04-11 09:01:08+00:00
1,años dos irán semanas tras,866,2026-04-11 09:01:08+00:00,2026-04-11 09:01:08+00:00
2,2026 com día internacional pueblo,2348,2026-04-11 09:01:08+00:00,2026-04-11 09:01:08+00:00
3,2026 abril comprobar horóscopo hoy,1109,2026-04-11 09:01:08+00:00,2026-04-11 09:01:08+00:00
4,directo eeuu guerra irán trump,2834,2026-04-11 09:01:08+00:00,2026-04-11 09:01:08+00:00
5,gobierno nuevo quot si zaragoza,21830,2026-04-11 09:01:08+00:00,2026-04-11 09:01:08+00:00
6,españa internacional ley nueva york,588,2026-04-11 09:01:08+00:00,2026-04-11 09:01:08+00:00
7,com egipto españa guerra millones,2498,2026-04-11 09:01:08+00:00,2026-04-11 09:01:08+00:00
8,directo guerra irán israel líbano,967,2026-04-11 09:01:08+00:00,2026-04-11 09:01:08+00:00
9,000 100 españa euros millones,1322,2026-04-11 09:01:08+00:00,2026-04-11 09:01:08+00:00
10,com irán ser tras trump,1379,2026-04-11 09:01:08+00:00,2026-04-11 09:01:08+00:00
11,artemis astronautas ii luna misión,941,2026-04-11 09:01:08+00:00,2026-04-11 09:01:08+00:00
12,años hace muere quot tras,1267,2026-04-11 09:01:08+00:00,2026-04-11 09:01:08+00:00
13,bayern directo madrid real zaragoza,1084,2026-04-11 09:01:08+00:00,2026-04-11 09:01:08+00:00
14,atlético barcelona juicio koldo ábalos,722,2026-04-11 09:01:08+00:00,2026-04-11 09:01:08+00:00
0,com dw españa internacional irán,1278,2026-04-11 09:31:13+00:00,2026-04-11 09:31:13+00:00
1,españa gobierno pp sánchez vasco,800,2026-04-11 09:31:13+00:00,2026-04-11 09:31:13+00:00
2,artemis astronautas ii luna misión,935,2026-04-11 09:31:13+00:00,2026-04-11 09:31:13+00:00
3,casademont centro parque real zaragoza,741,2026-04-11 09:31:13+00:00,2026-04-11 09:31:13+00:00
4,egipto españa guerra millones ue,2332,2026-04-11 09:31:13+00:00,2026-04-11 09:31:13+00:00
5,2026 abril comprobar horóscopo hoy,1106,2026-04-11 09:31:13+00:00,2026-04-11 09:31:13+00:00
6,039 años españa irán quot,470,2026-04-11 09:31:13+00:00,2026-04-11 09:31:13+00:00
7,málaga pp psoe tras vox,858,2026-04-11 09:31:13+00:00,2026-04-11 09:31:13+00:00
8,000 euros madrid tras trump,23573,2026-04-11 09:31:13+00:00,2026-04-11 09:31:13+00:00
9,años dos irán semanas tras,853,2026-04-11 09:31:13+00:00,2026-04-11 09:31:13+00:00
10,directo guerra irán israel trump,2881,2026-04-11 09:31:13+00:00,2026-04-11 09:31:13+00:00
11,2026 día gitano internacional pueblo,2181,2026-04-11 09:31:13+00:00,2026-04-11 09:31:13+00:00
12,españa madrid málaga santa semana,943,2026-04-11 09:31:13+00:00,2026-04-11 09:31:13+00:00
13,atlético barcelona champions directo madrid,529,2026-04-11 09:31:13+00:00,2026-04-11 09:31:13+00:00
14,años hace muere tras tres,1197,2026-04-11 09:31:13+00:00,2026-04-11 09:31:13+00:00
0,2026 abril comprobar horóscopo hoy,1026,2026-04-11 10:01:15+00:00,2026-04-11 10:01:15+00:00
1,artemis astronautas ii luna misión,944,2026-04-11 10:01:15+00:00,2026-04-11 10:01:15+00:00
2,atlético barcelona bayern madrid real,1092,2026-04-11 10:01:15+00:00,2026-04-11 10:01:15+00:00
3,amenaza irán quot si trump,694,2026-04-11 10:01:15+00:00,2026-04-11 10:01:15+00:00
4,2026 com día internacional pueblo,2407,2026-04-11 10:01:15+00:00,2026-04-11 10:01:15+00:00
5,2026 abril hoy málaga picasso,442,2026-04-11 10:01:15+00:00,2026-04-11 10:01:15+00:00
6,españa málaga procesiones santa semana,940,2026-04-11 10:01:15+00:00,2026-04-11 10:01:15+00:00
7,000 dos españa euros millones,1760,2026-04-11 10:01:15+00:00,2026-04-11 10:01:15+00:00
8,com economía egipto españa guerra,2479,2026-04-11 10:01:15+00:00,2026-04-11 10:01:15+00:00
9,com gobierno quot trump zaragoza,22135,2026-04-11 10:01:15+00:00,2026-04-11 10:01:15+00:00
10,años dos hace muere tras,1335,2026-04-11 10:01:15+00:00,2026-04-11 10:01:15+00:00
11,españa irán ser tras trump,1415,2026-04-11 10:01:15+00:00,2026-04-11 10:01:15+00:00
12,heridos menos muerto muertos tras,507,2026-04-11 10:01:15+00:00,2026-04-11 10:01:15+00:00
13,directo guerra irán israel trump,2825,2026-04-11 10:01:15+00:00,2026-04-11 10:01:15+00:00
14,aitana españa gijón pedro sánchez,656,2026-04-11 10:01:15+00:00,2026-04-11 10:01:15+00:00
0,abril dinero hoy mental salud,204,2026-04-11 10:31:25+00:00,2026-04-11 10:31:25+00:00
1,españa madrid málaga santa semana,943,2026-04-11 10:31:25+00:00,2026-04-11 10:31:25+00:00
2,así españa madrid sido tras,631,2026-04-11 10:31:25+00:00,2026-04-11 10:31:25+00:00
3,alto fuego irán israel trump,557,2026-04-11 10:31:25+00:00,2026-04-11 10:31:25+00:00
4,gobierno madrid quot tras zaragoza,23817,2026-04-11 10:31:25+00:00,2026-04-11 10:31:25+00:00
5,años hace muere quot tras,1164,2026-04-11 10:31:25+00:00,2026-04-11 10:31:25+00:00
6,artemis astronautas ii luna misión,932,2026-04-11 10:31:25+00:00,2026-04-11 10:31:25+00:00
7,com egipto españa guerra millones,2568,2026-04-11 10:31:25+00:00,2026-04-11 10:31:25+00:00
8,años dos españa irán tras,830,2026-04-11 10:31:25+00:00,2026-04-11 10:31:25+00:00
9,2026 com día internacional pueblo,2470,2026-04-11 10:31:25+00:00,2026-04-11 10:31:25+00:00
10,años heridos meses tras tres,546,2026-04-11 10:31:25+00:00,2026-04-11 10:31:25+00:00
11,2026 abril comprobar horóscopo hoy,1115,2026-04-11 10:31:25+00:00,2026-04-11 10:31:25+00:00
12,000 2025 españa euros millones,1377,2026-04-11 10:31:25+00:00,2026-04-11 10:31:25+00:00
13,directo guerra irán israel trump,2801,2026-04-11 10:31:25+00:00,2026-04-11 10:31:25+00:00
14,irán ormuz quot si trump,693,2026-04-11 10:31:25+00:00,2026-04-11 10:31:25+00:00
0,artemis astronautas ii luna misión,643,2026-04-11 11:01:25+00:00,2026-04-11 11:01:25+00:00
1,2026 com día internacional pueblo,2467,2026-04-11 11:01:25+00:00,2026-04-11 11:01:25+00:00
2,dos gobierno quot si tras,22969,2026-04-11 11:01:25+00:00,2026-04-11 11:01:25+00:00
3,2026 abril comprobar horóscopo hoy,1101,2026-04-11 11:01:25+00:00,2026-04-11 11:01:25+00:00
4,ee guerra irán trump uu,521,2026-04-11 11:01:25+00:00,2026-04-11 11:01:25+00:00
5,casademont dos parque real zaragoza,729,2026-04-11 11:01:25+00:00,2026-04-11 11:01:25+00:00
6,000 2025 españa euros millones,1392,2026-04-11 11:01:25+00:00,2026-04-11 11:01:25+00:00
7,atlético barcelona bayern madrid real,1105,2026-04-11 11:01:25+00:00,2026-04-11 11:01:25+00:00
8,aldama juicio kitchen koldo ábalos,579,2026-04-11 11:01:25+00:00,2026-04-11 11:01:25+00:00
9,españa málaga procesiones santa semana,947,2026-04-11 11:01:25+00:00,2026-04-11 11:01:25+00:00
10,com egipto españa guerra millones,2596,2026-04-11 11:01:25+00:00,2026-04-11 11:01:25+00:00
11,artemis astronautas ii misión tierra,402,2026-04-11 11:01:25+00:00,2026-04-11 11:01:25+00:00
12,años dos hace muere tras,1356,2026-04-11 11:01:25+00:00,2026-04-11 11:01:25+00:00
13,alto fuego irán israel líbano,1150,2026-04-11 11:01:25+00:00,2026-04-11 11:01:25+00:00
14,directo eeuu guerra irán trump,2672,2026-04-11 11:01:25+00:00,2026-04-11 11:01:25+00:00
0,así com dos quot ser,21634,2026-04-11 11:31:13+00:00,2026-04-11 11:31:13+00:00
1,2026 abril comprobar horóscopo hoy,1096,2026-04-11 11:31:13+00:00,2026-04-11 11:31:13+00:00
2,atlético barcelona bayern madrid real,1069,2026-04-11 11:31:13+00:00,2026-04-11 11:31:13+00:00
3,000 100 españa euros millones,1080,2026-04-11 11:31:13+00:00,2026-04-11 11:31:13+00:00
4,artemis astronautas ii luna misión,943,2026-04-11 11:31:13+00:00,2026-04-11 11:31:13+00:00
5,españa gobierno pp sánchez vasco,817,2026-04-11 11:31:13+00:00,2026-04-11 11:31:13+00:00
6,años dos hace muere tras,1325,2026-04-11 11:31:13+00:00,2026-04-11 11:31:13+00:00
7,com españa irán ser tras,1421,2026-04-11 11:31:13+00:00,2026-04-11 11:31:13+00:00
8,españa internacional irán nuevo piden,656,2026-04-11 11:31:13+00:00,2026-04-11 11:31:13+00:00
9,2026 com día españa internacional,4487,2026-04-11 11:31:13+00:00,2026-04-11 11:31:13+00:00
10,amenaza guerra irán ormuz trump,1548,2026-04-11 11:31:13+00:00,2026-04-11 11:31:13+00:00
11,españa irán quot renta si,631,2026-04-11 11:31:13+00:00,2026-04-11 11:31:13+00:00
12,casademont dos parque real zaragoza,724,2026-04-11 11:31:13+00:00,2026-04-11 11:31:13+00:00
13,directo guerra irán israel última,2245,2026-04-11 11:31:13+00:00,2026-04-11 11:31:13+00:00
14,españa internacional málaga santa semana,953,2026-04-11 11:31:13+00:00,2026-04-11 11:31:13+00:00
0,directo guerra hora irán última,1563,2026-04-11 12:01:10+00:00,2026-04-11 12:01:10+00:00
1,españa madrid málaga santa semana,941,2026-04-11 12:01:10+00:00,2026-04-11 12:01:10+00:00
2,com economía españa guerra millones,2505,2026-04-11 12:01:10+00:00,2026-04-11 12:01:10+00:00
3,artemis astronautas ii luna misión,935,2026-04-11 12:01:10+00:00,2026-04-11 12:01:10+00:00
4,españa gobierno pp psoe vox,1221,2026-04-11 12:01:10+00:00,2026-04-11 12:01:10+00:00
5,2026 abril años hoy madrid,23279,2026-04-11 12:01:10+00:00,2026-04-11 12:01:10+00:00
6,eeuu fuego irán ormuz trump,2181,2026-04-11 12:01:10+00:00,2026-04-11 12:01:10+00:00
7,2026 com día internacional pueblo,2430,2026-04-11 12:01:10+00:00,2026-04-11 12:01:10+00:00
8,basket civil guardia internacional valencia,403,2026-04-11 12:01:10+00:00,2026-04-11 12:01:10+00:00
9,así españa irán sido tras,638,2026-04-11 12:01:10+00:00,2026-04-11 12:01:10+00:00
10,000 100 españa euros millones,1121,2026-04-11 12:01:10+00:00,2026-04-11 12:01:10+00:00
11,años españa irán ser tras,1468,2026-04-11 12:01:10+00:00,2026-04-11 12:01:10+00:00
12,años dos españa heridos tras,848,2026-04-11 12:01:10+00:00,2026-04-11 12:01:10+00:00
13,cómo declaración irán renta ver,560,2026-04-11 12:01:10+00:00,2026-04-11 12:01:10+00:00
14,atlético barcelona champions directo madrid,531,2026-04-11 12:01:10+00:00,2026-04-11 12:01:10+00:00
0,quot santa semana trump zaragoza,22308,2026-04-11 12:31:08+00:00,2026-04-11 12:31:08+00:00
1,años dos irán semanas tras,902,2026-04-11 12:31:08+00:00,2026-04-11 12:31:08+00:00
2,artemis astronautas ii luna misión,943,2026-04-11 12:31:08+00:00,2026-04-11 12:31:08+00:00
3,2026 com día internacional pueblo,2407,2026-04-11 12:31:08+00:00,2026-04-11 12:31:08+00:00
4,2026 abril horóscopo hoy predicción,410,2026-04-11 12:31:08+00:00,2026-04-11 12:31:08+00:00
5,así málaga santa semana tras,891,2026-04-11 12:31:08+00:00,2026-04-11 12:31:08+00:00
6,000 100 españa euros millones,1290,2026-04-11 12:31:08+00:00,2026-04-11 12:31:08+00:00
7,com egipto españa guerra millones,2458,2026-04-11 12:31:08+00:00,2026-04-11 12:31:08+00:00
8,españa gobierno pp sánchez vasco,821,2026-04-11 12:31:08+00:00,2026-04-11 12:31:08+00:00
9,atlético barcelona bayern madrid real,1099,2026-04-11 12:31:08+00:00,2026-04-11 12:31:08+00:00
10,directo guerra irán israel trump,2853,2026-04-11 12:31:08+00:00,2026-04-11 12:31:08+00:00
11,2026 abril comprobar hoy sorteo,924,2026-04-11 12:31:08+00:00,2026-04-11 12:31:08+00:00
12,años hace muere quot tras,1267,2026-04-11 12:31:08+00:00,2026-04-11 12:31:08+00:00
13,com españa irán tras trump,1421,2026-04-11 12:31:08+00:00,2026-04-11 12:31:08+00:00
14,españa internacional irán marca nuevo,638,2026-04-11 12:31:08+00:00,2026-04-11 12:31:08+00:00
0,cadena irán puede ser tras,691,2026-04-11 13:01:09+00:00,2026-04-11 13:01:09+00:00
1,directo guerra irán israel última,1988,2026-04-11 13:01:09+00:00,2026-04-11 13:01:09+00:00
2,artemis astronautas ii luna misión,935,2026-04-11 13:01:09+00:00,2026-04-11 13:01:09+00:00
3,2026 día gitano internacional pueblo,2122,2026-04-11 13:01:09+00:00,2026-04-11 13:01:09+00:00
4,egipto españa guerra millones ue,2387,2026-04-11 13:01:09+00:00,2026-04-11 13:01:09+00:00
5,así españa puedes sido tras,636,2026-04-11 13:01:09+00:00,2026-04-11 13:01:09+00:00
6,000 dos quot semana tras,23919,2026-04-11 13:01:09+00:00,2026-04-11 13:01:09+00:00
7,alto fuego irán israel trump,538,2026-04-11 13:01:09+00:00,2026-04-11 13:01:09+00:00
8,atlético barcelona bayern madrid real,1107,2026-04-11 13:01:09+00:00,2026-04-11 13:01:09+00:00
9,2026 abril comprobar horóscopo hoy,1040,2026-04-11 13:01:09+00:00,2026-04-11 13:01:09+00:00
10,com elplural españa internacional irán,1284,2026-04-11 13:01:09+00:00,2026-04-11 13:01:09+00:00
11,amenaza guerra irán ormuz trump,1430,2026-04-11 13:01:09+00:00,2026-04-11 13:01:09+00:00
12,años dos hace muere tras,1307,2026-04-11 13:01:09+00:00,2026-04-11 13:01:09+00:00
13,abril hoy málaga santa semana,488,2026-04-11 13:01:09+00:00,2026-04-11 13:01:09+00:00
14,casademont real santa semana zaragoza,769,2026-04-11 13:01:09+00:00,2026-04-11 13:01:09+00:00
0,alerta alto españa irán riesgo,222,2026-04-11 13:31:11+00:00,2026-04-11 13:31:11+00:00
1,000 2025 españa euros millones,1367,2026-04-11 13:31:11+00:00,2026-04-11 13:31:11+00:00
2,directo guerra irán israel última,1513,2026-04-11 13:31:11+00:00,2026-04-11 13:31:11+00:00
3,aldama juicio kitchen koldo ábalos,560,2026-04-11 13:31:11+00:00,2026-04-11 13:31:11+00:00
4,2026 abril comprobar horóscopo hoy,1114,2026-04-11 13:31:11+00:00,2026-04-11 13:31:11+00:00
5,españa gobierno pp sánchez vasco,782,2026-04-11 13:31:11+00:00,2026-04-11 13:31:11+00:00
6,2026 com día internacional pueblo,2523,2026-04-11 13:31:11+00:00,2026-04-11 13:31:11+00:00
7,eeuu irán ormuz quot trump,2581,2026-04-11 13:31:11+00:00,2026-04-11 13:31:11+00:00
8,com economía egipto españa millones,2533,2026-04-11 13:31:11+00:00,2026-04-11 13:31:11+00:00
9,bayern directo madrid real zaragoza,1105,2026-04-11 13:31:11+00:00,2026-04-11 13:31:11+00:00
10,irán quot renta si trump,669,2026-04-11 13:31:11+00:00,2026-04-11 13:31:11+00:00
11,así com dos madrid tras,22280,2026-04-11 13:31:11+00:00,2026-04-11 13:31:11+00:00
12,artemis años ii luna misión,2093,2026-04-11 13:31:11+00:00,2026-04-11 13:31:11+00:00
13,directo guerra irán medio oriente,464,2026-04-11 13:31:11+00:00,2026-04-11 13:31:11+00:00
14,españa madrid málaga santa semana,943,2026-04-11 13:31:11+00:00,2026-04-11 13:31:11+00:00
0,amenaza guerra irán ormuz trump,1512,2026-04-11 14:01:11+00:00,2026-04-11 14:01:11+00:00
1,com españa guerra irán medio,1211,2026-04-11 14:01:11+00:00,2026-04-11 14:01:11+00:00
2,españa internacional irán nuevo piden,676,2026-04-11 14:01:11+00:00,2026-04-11 14:01:11+00:00
3,000 euros gobierno quot zaragoza,22393,2026-04-11 14:01:11+00:00,2026-04-11 14:01:11+00:00
4,com españa millones santa semana,3052,2026-04-11 14:01:11+00:00,2026-04-11 14:01:11+00:00
5,2026 abril horóscopo hoy predicción,1008,2026-04-11 14:01:11+00:00,2026-04-11 14:01:11+00:00
6,com españa heridos ser tras,1436,2026-04-11 14:01:11+00:00,2026-04-11 14:01:11+00:00
7,2026 com diario españa internacional,2222,2026-04-11 14:01:11+00:00,2026-04-11 14:01:11+00:00
8,años dos hace muere tras,1400,2026-04-11 14:01:11+00:00,2026-04-11 14:01:11+00:00
9,directo guerra irán israel última,1609,2026-04-11 14:01:11+00:00,2026-04-11 14:01:11+00:00
10,2026 abril comprobar resultados sorteo,357,2026-04-11 14:01:11+00:00,2026-04-11 14:01:11+00:00
11,conmemora día gitano internacional pueblo,647,2026-04-11 14:01:11+00:00,2026-04-11 14:01:11+00:00
12,así dos días españa zaragoza,1164,2026-04-11 14:01:11+00:00,2026-04-11 14:01:11+00:00
13,atlético barcelona bayern madrid real,1155,2026-04-11 14:01:11+00:00,2026-04-11 14:01:11+00:00
14,artemis astronautas ii luna misión,920,2026-04-11 14:01:11+00:00,2026-04-11 14:01:11+00:00
0,2025 2026 declaración hacienda renta,315,2026-04-11 14:31:05+00:00,2026-04-11 14:31:05+00:00
1,2026 com día internacional pueblo,2521,2026-04-11 14:31:05+00:00,2026-04-11 14:31:05+00:00
2,artemis dos ii luna madrid,22407,2026-04-11 14:31:05+00:00,2026-04-11 14:31:05+00:00
3,directo guerra irán israel líbano,978,2026-04-11 14:31:05+00:00,2026-04-11 14:31:05+00:00
4,com economía egipto españa millones,2593,2026-04-11 14:31:05+00:00,2026-04-11 14:31:05+00:00
5,españa madrid málaga santa semana,940,2026-04-11 14:31:05+00:00,2026-04-11 14:31:05+00:00
6,directo eeuu guerra irán última,1978,2026-04-11 14:31:05+00:00,2026-04-11 14:31:05+00:00
7,años dos muere tras tres,2421,2026-04-11 14:31:05+00:00,2026-04-11 14:31:05+00:00
8,feijóo gobierno pp psoe vox,659,2026-04-11 14:31:05+00:00,2026-04-11 14:31:05+00:00
9,039 españa irán quot si,474,2026-04-11 14:31:05+00:00,2026-04-11 14:31:05+00:00
10,2026 abril comprobar horóscopo hoy,1124,2026-04-11 14:31:05+00:00,2026-04-11 14:31:05+00:00
11,bayern directo madrid real zaragoza,1094,2026-04-11 14:31:05+00:00,2026-04-11 14:31:05+00:00
12,amenaza guerra irán ormuz trump,1512,2026-04-11 14:31:05+00:00,2026-04-11 14:31:05+00:00
13,blanca casa españa salón trump,425,2026-04-11 14:31:05+00:00,2026-04-11 14:31:05+00:00
14,000 100 españa euros millones,1318,2026-04-11 14:31:05+00:00,2026-04-11 14:31:05+00:00
0,2025 2026 declaración hacienda renta,322,2026-04-11 15:01:09+00:00,2026-04-11 15:01:09+00:00
1,barcelona día internacional madrid pueblo,1046,2026-04-11 15:01:09+00:00,2026-04-11 15:01:09+00:00
2,directo guerra hora irán última,1512,2026-04-11 15:01:09+00:00,2026-04-11 15:01:09+00:00
3,españa irán país trump vasco,710,2026-04-11 15:01:09+00:00,2026-04-11 15:01:09+00:00
4,2026 com españa festival internacional,2084,2026-04-11 15:01:09+00:00,2026-04-11 15:01:09+00:00
5,artemis astronautas ii luna misión,941,2026-04-11 15:01:09+00:00,2026-04-11 15:01:09+00:00
6,años dos madrid quot zaragoza,24109,2026-04-11 15:01:09+00:00,2026-04-11 15:01:09+00:00
7,cadena irán puede ser tras,706,2026-04-11 15:01:09+00:00,2026-04-11 15:01:09+00:00
8,eeuu fuego irán ormuz trump,2212,2026-04-11 15:01:09+00:00,2026-04-11 15:01:09+00:00
9,2026 abril comprobar horóscopo hoy,1116,2026-04-11 15:01:09+00:00,2026-04-11 15:01:09+00:00
10,españa madrid málaga santa semana,951,2026-04-11 15:01:09+00:00,2026-04-11 15:01:09+00:00
11,aitana españa gijón pedro sánchez,647,2026-04-11 15:01:09+00:00,2026-04-11 15:01:09+00:00
12,as diario españa internacional madrid,423,2026-04-11 15:01:09+00:00,2026-04-11 15:01:09+00:00
13,años españa irán tras trump,1508,2026-04-11 15:01:09+00:00,2026-04-11 15:01:09+00:00
14,com egipto españa guerra millones,2482,2026-04-11 15:01:09+00:00,2026-04-11 15:01:09+00:00
0,constitucional garcía juicio koldo ortiz,165,2026-04-11 15:31:12+00:00,2026-04-11 15:31:12+00:00
1,amenaza guerra irán ormuz trump,1570,2026-04-11 15:31:12+00:00,2026-04-11 15:31:12+00:00
2,españa madrid málaga santa semana,935,2026-04-11 15:31:12+00:00,2026-04-11 15:31:12+00:00
3,españa internacional luna primera vez,595,2026-04-11 15:31:12+00:00,2026-04-11 15:31:12+00:00
4,años dos españa irán tras,819,2026-04-11 15:31:12+00:00,2026-04-11 15:31:12+00:00
5,artemis gobierno ii madrid quot,23296,2026-04-11 15:31:12+00:00,2026-04-11 15:31:12+00:00
6,com economía egipto españa guerra,2488,2026-04-11 15:31:12+00:00,2026-04-11 15:31:12+00:00
7,españa guerra quot renta si,646,2026-04-11 15:31:12+00:00,2026-04-11 15:31:12+00:00
8,casademont dos parque real zaragoza,727,2026-04-11 15:31:12+00:00,2026-04-11 15:31:12+00:00
9,000 españa euros millones millón,1097,2026-04-11 15:31:12+00:00,2026-04-11 15:31:12+00:00
10,años después hace muere tras,1259,2026-04-11 15:31:12+00:00,2026-04-11 15:31:12+00:00
11,2026 com día internacional pueblo,2446,2026-04-11 15:31:12+00:00,2026-04-11 15:31:12+00:00
12,directo guerra irán israel última,2162,2026-04-11 15:31:12+00:00,2026-04-11 15:31:12+00:00
13,2026 abril comprobar horóscopo hoy,1115,2026-04-11 15:31:12+00:00,2026-04-11 15:31:12+00:00
14,artemis españa irán ser tras,1455,2026-04-11 15:31:12+00:00,2026-04-11 15:31:12+00:00
0,2026 día gitano internacional pueblo,2138,2026-04-11 16:01:07+00:00,2026-04-11 16:01:07+00:00
1,españa gobierno pp sánchez vasco,821,2026-04-11 16:01:07+00:00,2026-04-11 16:01:07+00:00
2,españa irán israel líbano sánchez,1125,2026-04-11 16:01:07+00:00,2026-04-11 16:01:07+00:00
3,eeuu estrecho irán ormuz trump,1920,2026-04-11 16:01:07+00:00,2026-04-11 16:01:07+00:00
4,años españa irán ser tras,1427,2026-04-11 16:01:07+00:00,2026-04-11 16:01:07+00:00
5,años dos heridos irán tras,840,2026-04-11 16:01:07+00:00,2026-04-11 16:01:07+00:00
6,así años quot si zaragoza,21875,2026-04-11 16:01:07+00:00,2026-04-11 16:01:07+00:00
7,000 100 españa euros millones,1125,2026-04-11 16:01:07+00:00,2026-04-11 16:01:07+00:00
8,años cada españa primera vez,592,2026-04-11 16:01:07+00:00,2026-04-11 16:01:07+00:00
9,com elplural españa internacional irán,1272,2026-04-11 16:01:07+00:00,2026-04-11 16:01:07+00:00
10,artemis astronautas ii luna misión,922,2026-04-11 16:01:07+00:00,2026-04-11 16:01:07+00:00
11,directo guerra hora irán última,1428,2026-04-11 16:01:07+00:00,2026-04-11 16:01:07+00:00
12,españa málaga procesiones santa semana,918,2026-04-11 16:01:07+00:00,2026-04-11 16:01:07+00:00
13,atlético barcelona bayern madrid real,1114,2026-04-11 16:01:07+00:00,2026-04-11 16:01:07+00:00
14,2026 abril españa hoy marzo,3275,2026-04-11 16:01:07+00:00,2026-04-11 16:01:07+00:00
0,abril hoy luz precio vídeo,250,2026-04-11 16:31:07+00:00,2026-04-11 16:31:07+00:00
1,2026 com día internacional pueblo,2353,2026-04-11 16:31:07+00:00,2026-04-11 16:31:07+00:00
2,artemis españa irán tras trump,1471,2026-04-11 16:31:07+00:00,2026-04-11 16:31:07+00:00
3,directo guerra irán israel trump,2897,2026-04-11 16:31:07+00:00,2026-04-11 16:31:07+00:00
4,artemis dos quot trump zaragoza,23639,2026-04-11 16:31:07+00:00,2026-04-11 16:31:07+00:00
5,cadena irán puede ser tras,725,2026-04-11 16:31:07+00:00,2026-04-11 16:31:07+00:00
6,2026 abril comprobar horóscopo hoy,1030,2026-04-11 16:31:07+00:00,2026-04-11 16:31:07+00:00
7,com economía egipto españa guerra,2490,2026-04-11 16:31:07+00:00,2026-04-11 16:31:07+00:00
8,atlético barcelona bayern madrid real,1079,2026-04-11 16:31:07+00:00,2026-04-11 16:31:07+00:00
9,000 100 españa euros millones,1086,2026-04-11 16:31:07+00:00,2026-04-11 16:31:07+00:00
10,cada españa luna primera vez,603,2026-04-11 16:31:07+00:00,2026-04-11 16:31:07+00:00
11,cómo declaración irán renta ver,582,2026-04-11 16:31:07+00:00,2026-04-11 16:31:07+00:00
12,andalucía elecciones iu podemos sumar,355,2026-04-11 16:31:07+00:00,2026-04-11 16:31:07+00:00
13,españa málaga procesiones santa semana,934,2026-04-11 16:31:07+00:00,2026-04-11 16:31:07+00:00
14,años después hace muere tras,1345,2026-04-11 16:31:07+00:00,2026-04-11 16:31:07+00:00
0,000 dos internacional miles personas,376,2026-04-11 17:01:09+00:00,2026-04-11 17:01:09+00:00
1,com españa gobierno quot trump,23603,2026-04-11 17:01:09+00:00,2026-04-11 17:01:09+00:00
2,españa país pp si vox,1647,2026-04-11 17:01:09+00:00,2026-04-11 17:01:09+00:00
3,alto estrecho fuego irán ormuz,952,2026-04-11 17:01:09+00:00,2026-04-11 17:01:09+00:00
4,atlético barcelona champions directo madrid,533,2026-04-11 17:01:09+00:00,2026-04-11 17:01:09+00:00
5,artemis astronautas ii luna misión,957,2026-04-11 17:01:09+00:00,2026-04-11 17:01:09+00:00
6,bayern internacional madrid real rosalía,1015,2026-04-11 17:01:09+00:00,2026-04-11 17:01:09+00:00
7,años detenido hombre muerte pena,560,2026-04-11 17:01:09+00:00,2026-04-11 17:01:09+00:00
8,españa málaga procesiones santa semana,946,2026-04-11 17:01:09+00:00,2026-04-11 17:01:09+00:00
9,2026 com día internacional pueblo,2449,2026-04-11 17:01:09+00:00,2026-04-11 17:01:09+00:00
10,años españa irán tras trump,1494,2026-04-11 17:01:09+00:00,2026-04-11 17:01:09+00:00
11,000 años españa euros millones,1755,2026-04-11 17:01:09+00:00,2026-04-11 17:01:09+00:00
12,directo guerra irán israel trump,2629,2026-04-11 17:01:09+00:00,2026-04-11 17:01:09+00:00
13,2026 abril comprobar horóscopo hoy,1172,2026-04-11 17:01:09+00:00,2026-04-11 17:01:09+00:00
14,casademont dos parque real zaragoza,730,2026-04-11 17:01:09+00:00,2026-04-11 17:01:09+00:00
0,15 años españa millones víctimas,347,2026-04-11 17:31:09+00:00,2026-04-11 17:31:09+00:00
1,alto así fuego irán trump,1011,2026-04-11 17:31:09+00:00,2026-04-11 17:31:09+00:00
2,españa internacional ley nueva york,606,2026-04-11 17:31:09+00:00,2026-04-11 17:31:09+00:00
3,2026 abril artemis hoy zaragoza,24341,2026-04-11 17:31:09+00:00,2026-04-11 17:31:09+00:00
4,egipto españa guerra millones ue,2277,2026-04-11 17:31:09+00:00,2026-04-11 17:31:09+00:00
5,españa málaga procesiones santa semana,927,2026-04-11 17:31:09+00:00,2026-04-11 17:31:09+00:00
6,años heridos meses tras tres,561,2026-04-11 17:31:09+00:00,2026-04-11 17:31:09+00:00
7,atlético barcelona bayern madrid real,1094,2026-04-11 17:31:09+00:00,2026-04-11 17:31:09+00:00
8,directo guerra irán israel trump,2494,2026-04-11 17:31:09+00:00,2026-04-11 17:31:09+00:00
9,com dw españa internacional irán,1311,2026-04-11 17:31:09+00:00,2026-04-11 17:31:09+00:00
10,2026 día gitano internacional pueblo,2052,2026-04-11 17:31:09+00:00,2026-04-11 17:31:09+00:00
11,50 años hace muere tras,1141,2026-04-11 17:31:09+00:00,2026-04-11 17:31:09+00:00
12,039 españa irán quot si,476,2026-04-11 17:31:09+00:00,2026-04-11 17:31:09+00:00
13,artemis irán ser tras trump,1367,2026-04-11 17:31:09+00:00,2026-04-11 17:31:09+00:00
14,años detenidos dos irán tras,844,2026-04-11 17:31:09+00:00,2026-04-11 17:31:09+00:00
0,guerra irán medio oriente última,396,2026-04-11 18:01:09+00:00,2026-04-11 18:01:09+00:00
1,amenaza guerra irán ormuz trump,1503,2026-04-11 18:01:09+00:00,2026-04-11 18:01:09+00:00
2,000 100 españa euros millones,1135,2026-04-11 18:01:09+00:00,2026-04-11 18:01:09+00:00
3,directo eeuu guerra irán israel,1916,2026-04-11 18:01:09+00:00,2026-04-11 18:01:09+00:00
4,2026 com diario españa internacional,2237,2026-04-11 18:01:09+00:00,2026-04-11 18:01:09+00:00
5,años dos hace muere tras,1352,2026-04-11 18:01:09+00:00,2026-04-11 18:01:09+00:00
6,casademont dos parque real zaragoza,731,2026-04-11 18:01:09+00:00,2026-04-11 18:01:09+00:00
7,directo juicio koldo mundo ábalos,1299,2026-04-11 18:01:09+00:00,2026-04-11 18:01:09+00:00
8,españa madrid málaga santa semana,944,2026-04-11 18:01:09+00:00,2026-04-11 18:01:09+00:00
9,2026 abril comprobar horóscopo hoy,1082,2026-04-11 18:01:09+00:00,2026-04-11 18:01:09+00:00
10,dos gobierno madrid quot tras,23650,2026-04-11 18:01:09+00:00,2026-04-11 18:01:09+00:00
11,ee guerra irán trump uu,493,2026-04-11 18:01:09+00:00,2026-04-11 18:01:09+00:00
12,com economía egipto españa millones,2528,2026-04-11 18:01:09+00:00,2026-04-11 18:01:09+00:00
13,artemis astronautas ii luna misión,959,2026-04-11 18:01:09+00:00,2026-04-11 18:01:09+00:00
14,celebra día gitano internacional pueblo,620,2026-04-11 18:01:09+00:00,2026-04-11 18:01:09+00:00
0,directo gobierno madrid quot zaragoza,22545,2026-04-11 18:31:07+00:00,2026-04-11 18:31:07+00:00
1,2026 com día internacional pueblo,2439,2026-04-11 18:31:07+00:00,2026-04-11 18:31:07+00:00
2,directo guerra irán israel última,1823,2026-04-11 18:31:07+00:00,2026-04-11 18:31:07+00:00
3,com españa irán israel tras,1334,2026-04-11 18:31:07+00:00,2026-04-11 18:31:07+00:00
4,alto eeuu fuego irán trump,690,2026-04-11 18:31:07+00:00,2026-04-11 18:31:07+00:00
5,años dos españa heridos tras,848,2026-04-11 18:31:07+00:00,2026-04-11 18:31:07+00:00
6,años hace muere tras tres,1234,2026-04-11 18:31:07+00:00,2026-04-11 18:31:07+00:00
7,2026 abril comprobar horóscopo hoy,1100,2026-04-11 18:31:07+00:00,2026-04-11 18:31:07+00:00
8,españa puedes quot renta si,646,2026-04-11 18:31:07+00:00,2026-04-11 18:31:07+00:00
9,amenaza guerra irán ormuz trump,1376,2026-04-11 18:31:07+00:00,2026-04-11 18:31:07+00:00
10,cadena internacional irán ser tras,688,2026-04-11 18:31:07+00:00,2026-04-11 18:31:07+00:00
11,000 así españa euros millones,1760,2026-04-11 18:31:07+00:00,2026-04-11 18:31:07+00:00
12,com economía egipto españa guerra,2486,2026-04-11 18:31:07+00:00,2026-04-11 18:31:07+00:00
13,artemis astronautas ii luna misión,938,2026-04-11 18:31:07+00:00,2026-04-11 18:31:07+00:00
14,españa madrid málaga santa semana,940,2026-04-11 18:31:07+00:00,2026-04-11 18:31:07+00:00
0,com economía egipto españa guerra,2492,2026-04-11 19:01:12+00:00,2026-04-11 19:01:12+00:00
1,000 años euros nuevo tras,1349,2026-04-11 19:01:12+00:00,2026-04-11 19:01:12+00:00
2,2025 2026 declaración hacienda renta,318,2026-04-11 19:01:12+00:00,2026-04-11 19:01:12+00:00
3,cadena irán puede ser tras,719,2026-04-11 19:01:12+00:00,2026-04-11 19:01:12+00:00
4,directo guerra irán israel trump,3053,2026-04-11 19:01:12+00:00,2026-04-11 19:01:12+00:00
5,2026 abril comprobar horóscopo hoy,1027,2026-04-11 19:01:12+00:00,2026-04-11 19:01:12+00:00
6,000 22 españa euros millones,809,2026-04-11 19:01:12+00:00,2026-04-11 19:01:12+00:00
7,ayuntamiento día gitano internacional pueblo,639,2026-04-11 19:01:12+00:00,2026-04-11 19:01:12+00:00
8,artemis astronautas ii luna misión,964,2026-04-11 19:01:12+00:00,2026-04-11 19:01:12+00:00
9,2026 com diario festival internacional,2168,2026-04-11 19:01:12+00:00,2026-04-11 19:01:12+00:00
10,atlético barcelona bayern madrid real,1118,2026-04-11 19:01:12+00:00,2026-04-11 19:01:12+00:00
11,blanca casa españa salón trump,446,2026-04-11 19:01:12+00:00,2026-04-11 19:01:12+00:00
12,españa gobierno pp sánchez vasco,811,2026-04-11 19:01:12+00:00,2026-04-11 19:01:12+00:00
13,abril hoy málaga santa semana,510,2026-04-11 19:01:12+00:00,2026-04-11 19:01:12+00:00
14,años dos quot semana tras,24435,2026-04-11 19:01:12+00:00,2026-04-11 19:01:12+00:00
0,aldama juicio kitchen koldo ábalos,578,2026-04-11 19:31:08+00:00,2026-04-11 19:31:08+00:00
1,2026 abril com hoy internacional,24985,2026-04-11 19:31:08+00:00,2026-04-11 19:31:08+00:00
2,años irán nueva quot vida,341,2026-04-11 19:31:08+00:00,2026-04-11 19:31:08+00:00
3,años dos hace muere tras,1268,2026-04-11 19:31:08+00:00,2026-04-11 19:31:08+00:00
4,directo guerra irán israel última,2237,2026-04-11 19:31:08+00:00,2026-04-11 19:31:08+00:00
5,com egipto españa guerra internacional,2509,2026-04-11 19:31:08+00:00,2026-04-11 19:31:08+00:00
6,000 22 españa euros millones,822,2026-04-11 19:31:08+00:00,2026-04-11 19:31:08+00:00
7,españa internacional málaga santa semana,939,2026-04-11 19:31:08+00:00,2026-04-11 19:31:08+00:00
8,2025 2026 cómo declaración renta,744,2026-04-11 19:31:08+00:00,2026-04-11 19:31:08+00:00
9,amenaza guerra irán ormuz trump,1582,2026-04-11 19:31:08+00:00,2026-04-11 19:31:08+00:00
10,artemis astronautas ii luna misión,962,2026-04-11 19:31:08+00:00,2026-04-11 19:31:08+00:00
11,2026 as diario españa internacional,470,2026-04-11 19:31:08+00:00,2026-04-11 19:31:08+00:00
12,com gobierno pp ser tras,1839,2026-04-11 19:31:08+00:00,2026-04-11 19:31:08+00:00
13,años detenido hombre mujer tras,490,2026-04-11 19:31:08+00:00,2026-04-11 19:31:08+00:00
14,atlético barcelona directo madrid real,1093,2026-04-11 19:31:08+00:00,2026-04-11 19:31:08+00:00
0,años dos irán semanas tras,857,2026-04-11 20:01:07+00:00,2026-04-11 20:01:07+00:00
1,españa irán ser tras trump,1429,2026-04-11 20:01:07+00:00,2026-04-11 20:01:07+00:00
2,artemis ii santa semana trump,23058,2026-04-11 20:01:07+00:00,2026-04-11 20:01:07+00:00
3,españa gobierno pp sánchez vasco,832,2026-04-11 20:01:07+00:00,2026-04-11 20:01:07+00:00
4,039 españa irán quot si,474,2026-04-11 20:01:07+00:00,2026-04-11 20:01:07+00:00
5,directo guerra irán israel trump,2824,2026-04-11 20:01:07+00:00,2026-04-11 20:01:07+00:00
6,com egipto españa guerra millones,2466,2026-04-11 20:01:07+00:00,2026-04-11 20:01:07+00:00
7,artemis así luna sido tras,656,2026-04-11 20:01:07+00:00,2026-04-11 20:01:07+00:00
8,atlético barcelona directo madrid real,1076,2026-04-11 20:01:07+00:00,2026-04-11 20:01:07+00:00
9,casademont parque real semana zaragoza,743,2026-04-11 20:01:07+00:00,2026-04-11 20:01:07+00:00
10,españa internacional irán nuevo piden,678,2026-04-11 20:01:07+00:00,2026-04-11 20:01:07+00:00
11,2026 com día internacional pueblo,2411,2026-04-11 20:01:07+00:00,2026-04-11 20:01:07+00:00
12,000 100 españa euros millones,1021,2026-04-11 20:01:07+00:00,2026-04-11 20:01:07+00:00
13,2026 abril comprobar horóscopo hoy,1104,2026-04-11 20:01:07+00:00,2026-04-11 20:01:07+00:00
14,50 años hace muere tras,1227,2026-04-11 20:01:07+00:00,2026-04-11 20:01:07+00:00
0,directo guerra irán israel última,2319,2026-04-11 20:31:10+00:00,2026-04-11 20:31:10+00:00
1,atlético barcelona bayern madrid real,1061,2026-04-11 20:31:10+00:00,2026-04-11 20:31:10+00:00
2,españa internacional ley nueva york,603,2026-04-11 20:31:10+00:00,2026-04-11 20:31:10+00:00
3,dos gobierno quot tras zaragoza,24017,2026-04-11 20:31:10+00:00,2026-04-11 20:31:10+00:00
4,2025 2026 declaración hacienda renta,324,2026-04-11 20:31:10+00:00,2026-04-11 20:31:10+00:00
5,amnistía españa internacional italia mundial,355,2026-04-11 20:31:10+00:00,2026-04-11 20:31:10+00:00
6,artemis astronautas ii luna misión,965,2026-04-11 20:31:10+00:00,2026-04-11 20:31:10+00:00
7,españa málaga santa semana tras,938,2026-04-11 20:31:10+00:00,2026-04-11 20:31:10+00:00
8,amenaza guerra irán ormuz trump,1583,2026-04-11 20:31:10+00:00,2026-04-11 20:31:10+00:00
9,2026 abril comprobar horóscopo hoy,1116,2026-04-11 20:31:10+00:00,2026-04-11 20:31:10+00:00
10,años dos hace muere tras,1367,2026-04-11 20:31:10+00:00,2026-04-11 20:31:10+00:00
11,directo dónde horario partido ver,529,2026-04-11 20:31:10+00:00,2026-04-11 20:31:10+00:00
12,com economía españa guerra millones,2544,2026-04-11 20:31:10+00:00,2026-04-11 20:31:10+00:00
13,barcelona bilbao heridos menos tras,820,2026-04-11 20:31:10+00:00,2026-04-11 20:31:10+00:00
14,2026 com día internacional pueblo,2346,2026-04-11 20:31:10+00:00,2026-04-11 20:31:10+00:00
0,alcaraz final masters montecarlo primer,707,2026-04-11 21:01:08+00:00,2026-04-11 21:01:08+00:00
1,artemis astronautas ii luna misión,962,2026-04-11 21:01:08+00:00,2026-04-11 21:01:08+00:00
2,egipto españa guerra millones ue,2300,2026-04-11 21:01:08+00:00,2026-04-11 21:01:08+00:00
3,2026 día gitano internacional pueblo,2119,2026-04-11 21:01:08+00:00,2026-04-11 21:01:08+00:00
4,años dos quot tras zaragoza,23447,2026-04-11 21:01:08+00:00,2026-04-11 21:01:08+00:00
5,españa málaga procesiones santa semana,929,2026-04-11 21:01:08+00:00,2026-04-11 21:01:08+00:00
6,amenaza guerra irán ormuz trump,1510,2026-04-11 21:01:08+00:00,2026-04-11 21:01:08+00:00
7,españa gobierno pp sánchez vasco,803,2026-04-11 21:01:08+00:00,2026-04-11 21:01:08+00:00
8,directo guerra irán israel última,2196,2026-04-11 21:01:08+00:00,2026-04-11 21:01:08+00:00
9,com elplural españa internacional irán,1240,2026-04-11 21:01:08+00:00,2026-04-11 21:01:08+00:00
10,atlético barcelona bayern madrid real,1104,2026-04-11 21:01:08+00:00,2026-04-11 21:01:08+00:00
11,cadena irán puede ser tras,707,2026-04-11 21:01:08+00:00,2026-04-11 21:01:08+00:00
12,000 dos internacional personas tras,364,2026-04-11 21:01:08+00:00,2026-04-11 21:01:08+00:00
13,000 100 españa euros millones,1378,2026-04-11 21:01:08+00:00,2026-04-11 21:01:08+00:00
14,2026 abril comprobar horóscopo hoy,1101,2026-04-11 21:01:08+00:00,2026-04-11 21:01:08+00:00
0,españa europa internacional press trump,470,2026-04-11 21:31:08+00:00,2026-04-11 21:31:08+00:00
1,directo guerra hora irán trump,2719,2026-04-11 21:31:08+00:00,2026-04-11 21:31:08+00:00
2,amenaza irán ormuz si trump,668,2026-04-11 21:31:08+00:00,2026-04-11 21:31:08+00:00
3,españa israel líbano netanyahu nueva,1122,2026-04-11 21:31:08+00:00,2026-04-11 21:31:08+00:00
4,artemis astronautas ii luna misión,949,2026-04-11 21:31:08+00:00,2026-04-11 21:31:08+00:00
5,años dos españa madrid tras,25375,2026-04-11 21:31:08+00:00,2026-04-11 21:31:08+00:00
6,2026 diario día internacional pueblo,2127,2026-04-11 21:31:08+00:00,2026-04-11 21:31:08+00:00
7,000 años españa euros millones,995,2026-04-11 21:31:08+00:00,2026-04-11 21:31:08+00:00
8,2026 abril comprobar horóscopo hoy,1148,2026-04-11 21:31:08+00:00,2026-04-11 21:31:08+00:00
9,cadena irán puede ser tras,695,2026-04-11 21:31:08+00:00,2026-04-11 21:31:08+00:00
10,españa madrid málaga santa semana,944,2026-04-11 21:31:08+00:00,2026-04-11 21:31:08+00:00
11,españa euros millones real zaragoza,1306,2026-04-11 21:31:08+00:00,2026-04-11 21:31:08+00:00
12,deportivo españa internacional irán mundo,510,2026-04-11 21:31:08+00:00,2026-04-11 21:31:08+00:00
13,039 españa irán quot si,464,2026-04-11 21:31:08+00:00,2026-04-11 21:31:08+00:00
14,com dw españa internacional irán,1325,2026-04-11 21:31:08+00:00,2026-04-11 21:31:08+00:00
0,cerca detenidos dos tras tráfico,249,2026-04-11 22:01:13+00:00,2026-04-11 22:01:13+00:00
1,2026 com día internacional pueblo,2486,2026-04-11 22:01:13+00:00,2026-04-11 22:01:13+00:00
2,amenaza guerra irán ormuz trump,1536,2026-04-11 22:01:13+00:00,2026-04-11 22:01:13+00:00
3,directo guerra irán israel última,2303,2026-04-11 22:01:13+00:00,2026-04-11 22:01:13+00:00
4,000 dos euros gobierno zaragoza,22893,2026-04-11 22:01:13+00:00,2026-04-11 22:01:13+00:00
5,años dos muere tras tres,2323,2026-04-11 22:01:13+00:00,2026-04-11 22:01:13+00:00
6,2025 2026 declaración país renta,930,2026-04-11 22:01:13+00:00,2026-04-11 22:01:13+00:00
7,com egipto españa guerra millones,2634,2026-04-11 22:01:13+00:00,2026-04-11 22:01:13+00:00
8,atlético barcelona internacional madrid rosalía,878,2026-04-11 22:01:13+00:00,2026-04-11 22:01:13+00:00
9,artemis astronautas ii luna misión,948,2026-04-11 22:01:13+00:00,2026-04-11 22:01:13+00:00
10,039 españa irán quot si,467,2026-04-11 22:01:13+00:00,2026-04-11 22:01:13+00:00
11,españa málaga procesiones santa semana,930,2026-04-11 22:01:13+00:00,2026-04-11 22:01:13+00:00
12,2026 abril comprobar horóscopo hoy,1115,2026-04-11 22:01:13+00:00,2026-04-11 22:01:13+00:00
13,aldama juicio kitchen koldo ábalos,570,2026-04-11 22:01:13+00:00,2026-04-11 22:01:13+00:00
14,bayern directo madrid real zaragoza,542,2026-04-11 22:01:13+00:00,2026-04-11 22:01:13+00:00
0,000 euros gobierno si tras,23369,2026-04-11 22:31:07+00:00,2026-04-11 22:31:07+00:00
1,economía egipto españa millones ue,2299,2026-04-11 22:31:07+00:00,2026-04-11 22:31:07+00:00
2,artemis astronautas ii luna misión,955,2026-04-11 22:31:07+00:00,2026-04-11 22:31:07+00:00
3,españa málaga procesiones santa semana,924,2026-04-11 22:31:07+00:00,2026-04-11 22:31:07+00:00
4,años hace muere quot tras,1524,2026-04-11 22:31:07+00:00,2026-04-11 22:31:07+00:00
5,españa guerra irán medio oriente,1119,2026-04-11 22:31:07+00:00,2026-04-11 22:31:07+00:00
6,2026 día gitano internacional pueblo,2141,2026-04-11 22:31:07+00:00,2026-04-11 22:31:07+00:00
7,amenaza guerra irán ormuz trump,1477,2026-04-11 22:31:07+00:00,2026-04-11 22:31:07+00:00
8,años detenidos dos heridos tras,832,2026-04-11 22:31:07+00:00,2026-04-11 22:31:07+00:00
9,35 final ibex internacional puntos,444,2026-04-11 22:31:07+00:00,2026-04-11 22:31:07+00:00
10,2026 abril comprobar horóscopo hoy,1104,2026-04-11 22:31:07+00:00,2026-04-11 22:31:07+00:00
11,casademont dos parque real zaragoza,744,2026-04-11 22:31:07+00:00,2026-04-11 22:31:07+00:00
12,directo guerra irán israel última,1535,2026-04-11 22:31:07+00:00,2026-04-11 22:31:07+00:00
13,com dw elplural españa internacional,1236,2026-04-11 22:31:07+00:00,2026-04-11 22:31:07+00:00
14,atlético barcelona directo madrid real,1129,2026-04-11 22:31:07+00:00,2026-04-11 22:31:07+00:00
0,artemis com españa gobierno quot,23618,2026-04-11 23:01:06+00:00,2026-04-11 23:01:06+00:00
1,000 2025 españa euros millones,1539,2026-04-11 23:01:06+00:00,2026-04-11 23:01:06+00:00
2,artemis así luna sido tras,678,2026-04-11 23:01:06+00:00,2026-04-11 23:01:06+00:00
3,años dos heridos irán tras,875,2026-04-11 23:01:06+00:00,2026-04-11 23:01:06+00:00
4,com día gitano internacional pueblo,2274,2026-04-11 23:01:06+00:00,2026-04-11 23:01:06+00:00
5,atlético barcelona champions directo madrid,558,2026-04-11 23:01:06+00:00,2026-04-11 23:01:06+00:00
6,españa irán israel ser tras,1410,2026-04-11 23:01:06+00:00,2026-04-11 23:01:06+00:00
7,2026 españa hoy internacional marzo,798,2026-04-11 23:01:06+00:00,2026-04-11 23:01:06+00:00
8,2026 abril comprobar horóscopo hoy,922,2026-04-11 23:01:06+00:00,2026-04-11 23:01:06+00:00
9,amenaza guerra irán ormuz trump,1565,2026-04-11 23:01:06+00:00,2026-04-11 23:01:06+00:00
10,directo guerra irán israel última,2336,2026-04-11 23:01:06+00:00,2026-04-11 23:01:06+00:00
11,bayern directo internacional madrid real,948,2026-04-11 23:01:06+00:00,2026-04-11 23:01:06+00:00
12,casademont españa nuevo real zaragoza,1126,2026-04-11 23:01:06+00:00,2026-04-11 23:01:06+00:00
13,50 años hace muere tras,1290,2026-04-11 23:01:06+00:00,2026-04-11 23:01:06+00:00
14,españa málaga procesiones santa semana,920,2026-04-11 23:01:06+00:00,2026-04-11 23:01:06+00:00
0,com economía egipto españa millones,2424,2026-04-11 23:31:07+00:00,2026-04-11 23:31:07+00:00
1,atlético barcelona bayern madrid real,1113,2026-04-11 23:31:07+00:00,2026-04-11 23:31:07+00:00
2,directo guerra irán trump última,1430,2026-04-11 23:31:07+00:00,2026-04-11 23:31:07+00:00
3,años gobierno quot si zaragoza,22445,2026-04-11 23:31:07+00:00,2026-04-11 23:31:07+00:00
4,artemis astronautas ii luna misión,960,2026-04-11 23:31:07+00:00,2026-04-11 23:31:07+00:00
5,directo guerra irán israel líbano,967,2026-04-11 23:31:07+00:00,2026-04-11 23:31:07+00:00
6,2026 abril comprobar horóscopo hoy,1107,2026-04-11 23:31:07+00:00,2026-04-11 23:31:07+00:00
7,españa internacional irán nuevo piden,660,2026-04-11 23:31:07+00:00,2026-04-11 23:31:07+00:00
8,españa málaga procesiones santa semana,918,2026-04-11 23:31:07+00:00,2026-04-11 23:31:07+00:00
9,años dos heridos irán tras,852,2026-04-11 23:31:07+00:00,2026-04-11 23:31:07+00:00
10,2026 com día internacional pueblo,2433,2026-04-11 23:31:07+00:00,2026-04-11 23:31:07+00:00
11,feijóo gobierno pp psoe vox,631,2026-04-11 23:31:07+00:00,2026-04-11 23:31:07+00:00
12,000 100 españa euros millones,1363,2026-04-11 23:31:07+00:00,2026-04-11 23:31:07+00:00
13,años españa irán tras trump,1466,2026-04-11 23:31:07+00:00,2026-04-11 23:31:07+00:00
14,eeuu estrecho irán ormuz trump,2021,2026-04-11 23:31:07+00:00,2026-04-11 23:31:07+00:00
0,2026 día gitano internacional pueblo,2165,2026-04-12 00:01:07+00:00,2026-04-12 00:01:07+00:00
1,000 dos euros quot zaragoza,22152,2026-04-12 00:01:07+00:00,2026-04-12 00:01:07+00:00
2,años dos muere tras tres,2314,2026-04-12 00:01:07+00:00,2026-04-12 00:01:07+00:00
3,com elplural españa internacional irán,1259,2026-04-12 00:01:07+00:00,2026-04-12 00:01:07+00:00
4,2026 abril horóscopo hoy predicción,475,2026-04-12 00:01:07+00:00,2026-04-12 00:01:07+00:00
5,atlético barcelona directo madrid real,1135,2026-04-12 00:01:07+00:00,2026-04-12 00:01:07+00:00
6,españa gobierno pp psoe vox,1203,2026-04-12 00:01:07+00:00,2026-04-12 00:01:07+00:00
7,2026 abril comprobar resultados sorteo,912,2026-04-12 00:01:07+00:00,2026-04-12 00:01:07+00:00
8,artemis astronautas ii luna misión,962,2026-04-12 00:01:07+00:00,2026-04-12 00:01:07+00:00
9,amenaza guerra irán ormuz trump,1480,2026-04-12 00:01:07+00:00,2026-04-12 00:01:07+00:00
10,directo guerra hora irán última,1969,2026-04-12 00:01:07+00:00,2026-04-12 00:01:07+00:00
11,españa málaga procesiones santa semana,921,2026-04-12 00:01:07+00:00,2026-04-12 00:01:07+00:00
12,egipto españa guerra millones ue,2294,2026-04-12 00:01:07+00:00,2026-04-12 00:01:07+00:00
13,españa irán quot renta si,665,2026-04-12 00:01:07+00:00,2026-04-12 00:01:07+00:00
14,ataques irán israel líbano netanyahu,852,2026-04-12 00:01:07+00:00,2026-04-12 00:01:07+00:00
0,artemis astronautas ii luna misión,961,2026-04-12 00:31:07+00:00,2026-04-12 00:31:07+00:00
1,años dos hace muere tras,1296,2026-04-12 00:31:07+00:00,2026-04-12 00:31:07+00:00
2,atlético barcelona bayern madrid real,1077,2026-04-12 00:31:07+00:00,2026-04-12 00:31:07+00:00
3,así dos tras trump zaragoza,23880,2026-04-12 00:31:07+00:00,2026-04-12 00:31:07+00:00
4,039 españa irán quot si,466,2026-04-12 00:31:07+00:00,2026-04-12 00:31:07+00:00
5,escribano indra presidente simón ángel,202,2026-04-12 00:31:07+00:00,2026-04-12 00:31:07+00:00
6,españa málaga santa semana tras,918,2026-04-12 00:31:07+00:00,2026-04-12 00:31:07+00:00
7,2026 com día internacional pueblo,2420,2026-04-12 00:31:07+00:00,2026-04-12 00:31:07+00:00
8,com egipto españa guerra millones,2486,2026-04-12 00:31:07+00:00,2026-04-12 00:31:07+00:00
9,000 100 españa euros millones,1080,2026-04-12 00:31:07+00:00,2026-04-12 00:31:07+00:00
10,directo guerra irán israel trump,3112,2026-04-12 00:31:07+00:00,2026-04-12 00:31:07+00:00
11,años canaria españa gran internacional,447,2026-04-12 00:31:07+00:00,2026-04-12 00:31:07+00:00
12,españa gobierno pp sánchez vasco,784,2026-04-12 00:31:07+00:00,2026-04-12 00:31:07+00:00
13,aldama juicio kitchen koldo ábalos,544,2026-04-12 00:31:07+00:00,2026-04-12 00:31:07+00:00
14,2026 abril comprobar horóscopo hoy,1104,2026-04-12 00:31:07+00:00,2026-04-12 00:31:07+00:00
0,2026 abril años hoy tras,23683,2026-04-12 01:01:07+00:00,2026-04-12 01:01:07+00:00
1,europa millones primera sánchez vez,1677,2026-04-12 01:01:07+00:00,2026-04-12 01:01:07+00:00
2,2026 com día internacional pueblo,2418,2026-04-12 01:01:07+00:00,2026-04-12 01:01:07+00:00
3,años dos heridos irán tras,824,2026-04-12 01:01:07+00:00,2026-04-12 01:01:07+00:00
4,com economía egipto españa guerra,2525,2026-04-12 01:01:07+00:00,2026-04-12 01:01:07+00:00
5,039 españa irán quot si,466,2026-04-12 01:01:07+00:00,2026-04-12 01:01:07+00:00
6,artemis astronautas ii luna misión,957,2026-04-12 01:01:07+00:00,2026-04-12 01:01:07+00:00
7,000 100 españa euros millones,1100,2026-04-12 01:01:07+00:00,2026-04-12 01:01:07+00:00
8,españa málaga procesiones santa semana,908,2026-04-12 01:01:07+00:00,2026-04-12 01:01:07+00:00
9,cómo declaración irán renta ver,540,2026-04-12 01:01:07+00:00,2026-04-12 01:01:07+00:00
10,casademont dos parque real zaragoza,735,2026-04-12 01:01:07+00:00,2026-04-12 01:01:07+00:00
11,directo guerra irán israel trump,2487,2026-04-12 01:01:07+00:00,2026-04-12 01:01:07+00:00
12,alto estrecho fuego irán ormuz,931,2026-04-12 01:01:07+00:00,2026-04-12 01:01:07+00:00
13,atlético barcelona directo madrid real,1131,2026-04-12 01:01:07+00:00,2026-04-12 01:01:07+00:00
14,andalucía elecciones iu podemos sumar,395,2026-04-12 01:01:07+00:00,2026-04-12 01:01:07+00:00
0,años cada españa primera vez,584,2026-04-12 01:31:29+00:00,2026-04-12 01:31:29+00:00
1,directo guerra irán israel trump,2835,2026-04-12 01:31:29+00:00,2026-04-12 01:31:29+00:00
2,2026 abril hoy santa semana,23526,2026-04-12 01:31:29+00:00,2026-04-12 01:31:29+00:00
3,2026 com diario festival internacional,2120,2026-04-12 01:31:29+00:00,2026-04-12 01:31:29+00:00
4,com egipto españa guerra millones,2500,2026-04-12 01:31:29+00:00,2026-04-12 01:31:29+00:00
5,españa internacional irán nuevo piden,687,2026-04-12 01:31:29+00:00,2026-04-12 01:31:29+00:00
6,artemis astronautas ii luna misión,926,2026-04-12 01:31:29+00:00,2026-04-12 01:31:29+00:00
7,años después dos hace muere,1594,2026-04-12 01:31:29+00:00,2026-04-12 01:31:29+00:00
8,años españa irán tras trump,1546,2026-04-12 01:31:29+00:00,2026-04-12 01:31:29+00:00
9,abril día gitano internacional pueblo,622,2026-04-12 01:31:29+00:00,2026-04-12 01:31:29+00:00
10,atlético barcelona bayern madrid real,1151,2026-04-12 01:31:29+00:00,2026-04-12 01:31:29+00:00
11,039 españa irán quot si,467,2026-04-12 01:31:29+00:00,2026-04-12 01:31:29+00:00
12,casademont parque real semana zaragoza,748,2026-04-12 01:31:29+00:00,2026-04-12 01:31:29+00:00
13,alcaraz carlos españa montecarlo país,881,2026-04-12 01:31:29+00:00,2026-04-12 01:31:29+00:00
14,españa internacional ley nueva york,608,2026-04-12 01:31:29+00:00,2026-04-12 01:31:29+00:00
0,com directo gobierno madrid trump,23046,2026-04-12 02:01:08+00:00,2026-04-12 02:01:08+00:00
1,años hace muere tras tres,1208,2026-04-12 02:01:08+00:00,2026-04-12 02:01:08+00:00
2,directo guerra irán israel trump,2753,2026-04-12 02:01:08+00:00,2026-04-12 02:01:08+00:00
3,casademont dos parque real zaragoza,729,2026-04-12 02:01:08+00:00,2026-04-12 02:01:08+00:00
4,2026 abril comprobar horóscopo hoy,1112,2026-04-12 02:01:08+00:00,2026-04-12 02:01:08+00:00
5,2026 com día internacional pueblo,2471,2026-04-12 02:01:08+00:00,2026-04-12 02:01:08+00:00
6,españa madrid málaga santa semana,919,2026-04-12 02:01:08+00:00,2026-04-12 02:01:08+00:00
7,com españa irán tras trump,1461,2026-04-12 02:01:08+00:00,2026-04-12 02:01:08+00:00
8,artemis astronautas ii luna misión,954,2026-04-12 02:01:08+00:00,2026-04-12 02:01:08+00:00
9,com egipto españa guerra millones,2400,2026-04-12 02:01:08+00:00,2026-04-12 02:01:08+00:00
10,años dos irán semanas tras,888,2026-04-12 02:01:08+00:00,2026-04-12 02:01:08+00:00
11,039 españa irán quot si,465,2026-04-12 02:01:08+00:00,2026-04-12 02:01:08+00:00
12,000 100 españa euros millones,1301,2026-04-12 02:01:08+00:00,2026-04-12 02:01:08+00:00
13,amenaza irán ormuz si trump,669,2026-04-12 02:01:08+00:00,2026-04-12 02:01:08+00:00
14,bolsamania com economía españa ley,431,2026-04-12 02:01:08+00:00,2026-04-12 02:01:08+00:00
0,china eeuu españa irán sánchez,284,2026-04-12 02:31:06+00:00,2026-04-12 02:31:06+00:00
1,2026 com día internacional pueblo,2428,2026-04-12 02:31:06+00:00,2026-04-12 02:31:06+00:00
2,así dos madrid tras zaragoza,23575,2026-04-12 02:31:06+00:00,2026-04-12 02:31:06+00:00
3,com economía egipto españa guerra,2455,2026-04-12 02:31:06+00:00,2026-04-12 02:31:06+00:00
4,españa madrid málaga santa semana,933,2026-04-12 02:31:06+00:00,2026-04-12 02:31:06+00:00
5,atlético barcelona champions directo madrid,574,2026-04-12 02:31:06+00:00,2026-04-12 02:31:06+00:00
6,artemis astronautas ii luna misión,957,2026-04-12 02:31:06+00:00,2026-04-12 02:31:06+00:00
7,años dos hace muere tras,1298,2026-04-12 02:31:06+00:00,2026-04-12 02:31:06+00:00
8,039 españa irán quot si,466,2026-04-12 02:31:06+00:00,2026-04-12 02:31:06+00:00
9,estrecho irán ormuz reabrir trump,602,2026-04-12 02:31:06+00:00,2026-04-12 02:31:06+00:00
10,españa gobierno pp psoe vox,1270,2026-04-12 02:31:06+00:00,2026-04-12 02:31:06+00:00
11,ee fuego irán israel uu,1569,2026-04-12 02:31:06+00:00,2026-04-12 02:31:06+00:00
12,000 100 españa euros millones,1372,2026-04-12 02:31:06+00:00,2026-04-12 02:31:06+00:00
13,directo guerra irán trump última,1902,2026-04-12 02:31:06+00:00,2026-04-12 02:31:06+00:00
14,2026 abril comprobar horóscopo hoy,1126,2026-04-12 02:31:06+00:00,2026-04-12 02:31:06+00:00
0,2026 adiós primavera siempre tendencia,286,2026-04-12 03:01:06+00:00,2026-04-12 03:01:06+00:00
1,000 euros quot tras zaragoza,23531,2026-04-12 03:01:06+00:00,2026-04-12 03:01:06+00:00
2,artemis astronautas ii luna misión,966,2026-04-12 03:01:06+00:00,2026-04-12 03:01:06+00:00
3,directo guerra hora irán última,1536,2026-04-12 03:01:06+00:00,2026-04-12 03:01:06+00:00
4,2026 abril comprobar horóscopo hoy,1101,2026-04-12 03:01:06+00:00,2026-04-12 03:01:06+00:00
5,com egipto españa guerra millones,2472,2026-04-12 03:01:06+00:00,2026-04-12 03:01:06+00:00
6,alto fuego irán israel trump,565,2026-04-12 03:01:06+00:00,2026-04-12 03:01:06+00:00
7,ee eeuu irán ormuz trump,2104,2026-04-12 03:01:06+00:00,2026-04-12 03:01:06+00:00
8,atlético barcelona directo madrid real,1125,2026-04-12 03:01:06+00:00,2026-04-12 03:01:06+00:00
9,españa internacional irán nuevo piden,656,2026-04-12 03:01:06+00:00,2026-04-12 03:01:06+00:00
10,2026 com día internacional pueblo,2481,2026-04-12 03:01:06+00:00,2026-04-12 03:01:06+00:00
11,aemet españa internacional irán según,275,2026-04-12 03:01:06+00:00,2026-04-12 03:01:06+00:00
12,años dos hace muere tras,1898,2026-04-12 03:01:06+00:00,2026-04-12 03:01:06+00:00
13,españa gobierno pp sánchez vasco,811,2026-04-12 03:01:06+00:00,2026-04-12 03:01:06+00:00
14,españa málaga santa semana tras,924,2026-04-12 03:01:06+00:00,2026-04-12 03:01:06+00:00
0,cadena irán puede ser tras,710,2026-04-12 03:31:07+00:00,2026-04-12 03:31:07+00:00
1,com elplural españa primera vez,1243,2026-04-12 03:31:07+00:00,2026-04-12 03:31:07+00:00
2,amenaza guerra irán ormuz trump,1408,2026-04-12 03:31:07+00:00,2026-04-12 03:31:07+00:00
3,2026 com día internacional pueblo,2437,2026-04-12 03:31:07+00:00,2026-04-12 03:31:07+00:00
4,atlético barcelona bayern madrid real,1126,2026-04-12 03:31:07+00:00,2026-04-12 03:31:07+00:00
5,años heridos meses tras tres,549,2026-04-12 03:31:07+00:00,2026-04-12 03:31:07+00:00
6,2026 abril comprobar horóscopo hoy,1117,2026-04-12 03:31:07+00:00,2026-04-12 03:31:07+00:00
7,declaración españa hacer renta según,481,2026-04-12 03:31:07+00:00,2026-04-12 03:31:07+00:00
8,ee guerra irán trump uu,541,2026-04-12 03:31:07+00:00,2026-04-12 03:31:07+00:00
9,039 españa irán quot si,466,2026-04-12 03:31:07+00:00,2026-04-12 03:31:07+00:00
10,españa málaga santa semana tras,924,2026-04-12 03:31:07+00:00,2026-04-12 03:31:07+00:00
11,egipto españa guerra millones ue,2341,2026-04-12 03:31:07+00:00,2026-04-12 03:31:07+00:00
12,directo guerra irán israel última,1983,2026-04-12 03:31:07+00:00,2026-04-12 03:31:07+00:00
13,000 años dos tras zaragoza,24449,2026-04-12 03:31:07+00:00,2026-04-12 03:31:07+00:00
14,artemis astronautas ii luna misión,947,2026-04-12 03:31:07+00:00,2026-04-12 03:31:07+00:00
0,atlético barcelona directo madrid real,1162,2026-04-12 04:01:09+00:00,2026-04-12 04:01:09+00:00
1,amenaza guerra irán otan trump,1317,2026-04-12 04:01:09+00:00,2026-04-12 04:01:09+00:00
2,com economía españa guerra millones,2581,2026-04-12 04:01:09+00:00,2026-04-12 04:01:09+00:00
3,estrecho irán ormuz reabrir trump,560,2026-04-12 04:01:09+00:00,2026-04-12 04:01:09+00:00
4,2026 com día internacional pueblo,2404,2026-04-12 04:01:09+00:00,2026-04-12 04:01:09+00:00
5,aday final internacional mara ncaa,417,2026-04-12 04:01:09+00:00,2026-04-12 04:01:09+00:00
6,años dos hace muere tras,1312,2026-04-12 04:01:09+00:00,2026-04-12 04:01:09+00:00
7,abril hoy málaga santa semana,520,2026-04-12 04:01:09+00:00,2026-04-12 04:01:09+00:00
8,alto fuego irán israel líbano,1532,2026-04-12 04:01:09+00:00,2026-04-12 04:01:09+00:00
9,dos españa heridos ser tras,1329,2026-04-12 04:01:09+00:00,2026-04-12 04:01:09+00:00
10,000 gobierno santa semana zaragoza,23652,2026-04-12 04:01:09+00:00,2026-04-12 04:01:09+00:00
11,039 españa irán quot si,467,2026-04-12 04:01:09+00:00,2026-04-12 04:01:09+00:00
12,2026 abril comprobar horóscopo hoy,1066,2026-04-12 04:01:09+00:00,2026-04-12 04:01:09+00:00
13,directo guerra hora irán última,1395,2026-04-12 04:01:09+00:00,2026-04-12 04:01:09+00:00
14,artemis astronautas ii luna misión,929,2026-04-12 04:01:09+00:00,2026-04-12 04:01:09+00:00
0,atlético barça champions liga madrid,241,2026-04-12 04:31:05+00:00,2026-04-12 04:31:05+00:00
1,años dos muere tras tres,2369,2026-04-12 04:31:05+00:00,2026-04-12 04:31:05+00:00
2,2026 abril comprobar horóscopo hoy,1117,2026-04-12 04:31:05+00:00,2026-04-12 04:31:05+00:00
3,2026 com día internacional pueblo,2470,2026-04-12 04:31:05+00:00,2026-04-12 04:31:05+00:00
4,cómo españa gijón pedro sánchez,1061,2026-04-12 04:31:05+00:00,2026-04-12 04:31:05+00:00
5,artemis astronautas ii luna misión,957,2026-04-12 04:31:05+00:00,2026-04-12 04:31:05+00:00
6,erc frente izquierda montero rufián,440,2026-04-12 04:31:05+00:00,2026-04-12 04:31:05+00:00
7,000 dos madrid quot zaragoza,23556,2026-04-12 04:31:05+00:00,2026-04-12 04:31:05+00:00
8,españa internacional ley nueva york,612,2026-04-12 04:31:05+00:00,2026-04-12 04:31:05+00:00
9,alto fuego irán israel trump,560,2026-04-12 04:31:05+00:00,2026-04-12 04:31:05+00:00
10,directo guerra irán israel última,2044,2026-04-12 04:31:05+00:00,2026-04-12 04:31:05+00:00
11,españa madrid málaga santa semana,925,2026-04-12 04:31:05+00:00,2026-04-12 04:31:05+00:00
12,com egipto españa guerra millones,2600,2026-04-12 04:31:05+00:00,2026-04-12 04:31:05+00:00
13,año años españa mejor mundo,333,2026-04-12 04:31:05+00:00,2026-04-12 04:31:05+00:00
14,amenaza guerra irán ormuz trump,1452,2026-04-12 04:31:05+00:00,2026-04-12 04:31:05+00:00
0,atlético barcelona bayern madrid real,1108,2026-04-12 05:01:05+00:00,2026-04-12 05:01:05+00:00
1,alto ee fuego irán uu,1398,2026-04-12 05:01:05+00:00,2026-04-12 05:01:05+00:00
2,com españa heridos ser tras,1324,2026-04-12 05:01:05+00:00,2026-04-12 05:01:05+00:00
3,casademont parque partido real zaragoza,732,2026-04-12 05:01:05+00:00,2026-04-12 05:01:05+00:00
4,2026 abril com hoy internacional,3210,2026-04-12 05:01:05+00:00,2026-04-12 05:01:05+00:00
5,aitana españa gijón pedro sánchez,657,2026-04-12 05:01:05+00:00,2026-04-12 05:01:05+00:00
6,así gobierno nuevo quot ser,20950,2026-04-12 05:01:05+00:00,2026-04-12 05:01:05+00:00
7,000 100 españa euros millones,1307,2026-04-12 05:01:05+00:00,2026-04-12 05:01:05+00:00
8,com economía egipto españa guerra,2516,2026-04-12 05:01:05+00:00,2026-04-12 05:01:05+00:00
9,directo guerra hora irán última,1295,2026-04-12 05:01:05+00:00,2026-04-12 05:01:05+00:00
10,españa málaga procesiones santa semana,909,2026-04-12 05:01:05+00:00,2026-04-12 05:01:05+00:00
11,artemis astronautas ii luna misión,960,2026-04-12 05:01:05+00:00,2026-04-12 05:01:05+00:00
12,dos pp psoe si vox,1598,2026-04-12 05:01:05+00:00,2026-04-12 05:01:05+00:00
13,amenaza guerra irán ormuz trump,1424,2026-04-12 05:01:05+00:00,2026-04-12 05:01:05+00:00
14,años dos hace muere tras,1325,2026-04-12 05:01:05+00:00,2026-04-12 05:01:05+00:00
0,2026 com día internacional pueblo,2485,2026-04-12 05:31:06+00:00,2026-04-12 05:31:06+00:00
1,039 españa irán quot si,465,2026-04-12 05:31:06+00:00,2026-04-12 05:31:06+00:00
2,gobierno santa semana ser tras,22753,2026-04-12 05:31:06+00:00,2026-04-12 05:31:06+00:00
3,artemis astronautas ii luna misión,946,2026-04-12 05:31:06+00:00,2026-04-12 05:31:06+00:00
4,eeuu guerra irán ormuz trump,2842,2026-04-12 05:31:06+00:00,2026-04-12 05:31:06+00:00
5,años dos heridos irán tras,871,2026-04-12 05:31:06+00:00,2026-04-12 05:31:06+00:00
6,com confirma españa países ue,546,2026-04-12 05:31:06+00:00,2026-04-12 05:31:06+00:00
7,atlético barcelona directo madrid real,1111,2026-04-12 05:31:06+00:00,2026-04-12 05:31:06+00:00
8,2026 abril comprobar horóscopo hoy,1087,2026-04-12 05:31:06+00:00,2026-04-12 05:31:06+00:00
9,directo guerra hora irán última,754,2026-04-12 05:31:06+00:00,2026-04-12 05:31:06+00:00
10,así españa irán sido tras,647,2026-04-12 05:31:06+00:00,2026-04-12 05:31:06+00:00
11,años hace muere tras tres,1211,2026-04-12 05:31:06+00:00,2026-04-12 05:31:06+00:00
12,com egipto españa guerra millones,2543,2026-04-12 05:31:06+00:00,2026-04-12 05:31:06+00:00
13,000 euros millones real zaragoza,1908,2026-04-12 05:31:06+00:00,2026-04-12 05:31:06+00:00
14,2025 aragón declaración hacienda renta,553,2026-04-12 05:31:06+00:00,2026-04-12 05:31:06+00:00
0,2026 abril hoy málaga picasso,466,2026-04-12 06:01:08+00:00,2026-04-12 06:01:08+00:00
1,in malaga of the to,290,2026-04-12 06:01:08+00:00,2026-04-12 06:01:08+00:00
2,eeuu guerra irán ormuz trump,2837,2026-04-12 06:01:08+00:00,2026-04-12 06:01:08+00:00
3,años dos gobierno quot zaragoza,23668,2026-04-12 06:01:08+00:00,2026-04-12 06:01:08+00:00
4,000 22 españa euros millones,797,2026-04-12 06:01:08+00:00,2026-04-12 06:01:08+00:00
5,directo guerra hora irán última,744,2026-04-12 06:01:08+00:00,2026-04-12 06:01:08+00:00
6,com egipto españa guerra irán,2556,2026-04-12 06:01:08+00:00,2026-04-12 06:01:08+00:00
7,años heridos meses tras tres,530,2026-04-12 06:01:08+00:00,2026-04-12 06:01:08+00:00
8,2026 com día internacional pueblo,2406,2026-04-12 06:01:08+00:00,2026-04-12 06:01:08+00:00
9,artemis astronautas ii luna misión,960,2026-04-12 06:01:08+00:00,2026-04-12 06:01:08+00:00
10,000 100 años euros millón,886,2026-04-12 06:01:08+00:00,2026-04-12 06:01:08+00:00
11,años irán ser tras trump,1519,2026-04-12 06:01:08+00:00,2026-04-12 06:01:08+00:00
12,españa internacional málaga santa semana,905,2026-04-12 06:01:08+00:00,2026-04-12 06:01:08+00:00
13,2026 abril comprobar horóscopo hoy,1034,2026-04-12 06:01:08+00:00,2026-04-12 06:01:08+00:00
14,atlético barcelona bayern madrid real,1126,2026-04-12 06:01:08+00:00,2026-04-12 06:01:08+00:00
0,alcaraz carlos juan masters montecarlo,487,2026-04-12 06:31:06+00:00,2026-04-12 06:31:06+00:00
1,casademont parque real semana zaragoza,753,2026-04-12 06:31:06+00:00,2026-04-12 06:31:06+00:00
2,2026 com diario festival internacional,2282,2026-04-12 06:31:06+00:00,2026-04-12 06:31:06+00:00
3,bolsamania economía españa millones récord,488,2026-04-12 06:31:06+00:00,2026-04-12 06:31:06+00:00
4,día gitano internacional nuevo pueblo,1107,2026-04-12 06:31:06+00:00,2026-04-12 06:31:06+00:00
5,039 españa irán quot si,466,2026-04-12 06:31:06+00:00,2026-04-12 06:31:06+00:00
6,alto fuego irán israel trump,545,2026-04-12 06:31:06+00:00,2026-04-12 06:31:06+00:00
7,2026 abril comprobar horóscopo hoy,1104,2026-04-12 06:31:06+00:00,2026-04-12 06:31:06+00:00
8,años dos madrid semana tras,25281,2026-04-12 06:31:06+00:00,2026-04-12 06:31:06+00:00
9,directo guerra medio oriente última,461,2026-04-12 06:31:06+00:00,2026-04-12 06:31:06+00:00
10,artemis así luna sido tras,678,2026-04-12 06:31:06+00:00,2026-04-12 06:31:06+00:00
11,000 100 2025 euros millones,1346,2026-04-12 06:31:06+00:00,2026-04-12 06:31:06+00:00
12,causa dana jueza mazón rtve,504,2026-04-12 06:31:06+00:00,2026-04-12 06:31:06+00:00
13,directo guerra irán israel trump,2772,2026-04-12 06:31:06+00:00,2026-04-12 06:31:06+00:00
14,com egipto españa guerra ue,2462,2026-04-12 06:31:06+00:00,2026-04-12 06:31:06+00:00
0,2026 cine edición festival internacional,195,2026-04-12 07:01:06+00:00,2026-04-12 07:01:06+00:00
1,com dw españa internacional irán,1254,2026-04-12 07:01:06+00:00,2026-04-12 07:01:06+00:00
2,dos ee irán trump uu,1121,2026-04-12 07:01:06+00:00,2026-04-12 07:01:06+00:00
3,españa málaga santa semana tras,904,2026-04-12 07:01:06+00:00,2026-04-12 07:01:06+00:00
4,españa irán país trump vasco,708,2026-04-12 07:01:06+00:00,2026-04-12 07:01:06+00:00
5,atlético barcelona bayern madrid real,1072,2026-04-12 07:01:06+00:00,2026-04-12 07:01:06+00:00
6,directo guerra irán israel trump,2630,2026-04-12 07:01:06+00:00,2026-04-12 07:01:06+00:00
7,años dos hace muere tras,1300,2026-04-12 07:01:06+00:00,2026-04-12 07:01:06+00:00
8,casademont parque partido real zaragoza,733,2026-04-12 07:01:06+00:00,2026-04-12 07:01:06+00:00
9,2026 día gitano internacional pueblo,2042,2026-04-12 07:01:06+00:00,2026-04-12 07:01:06+00:00
10,artemis ii luna quot tras,23668,2026-04-12 07:01:06+00:00,2026-04-12 07:01:06+00:00
11,egipto españa guerra millones ue,2300,2026-04-12 07:01:06+00:00,2026-04-12 07:01:06+00:00
12,2026 abril comprobar horóscopo hoy,1015,2026-04-12 07:01:06+00:00,2026-04-12 07:01:06+00:00
13,000 2025 españa euros millones,1354,2026-04-12 07:01:06+00:00,2026-04-12 07:01:06+00:00
14,abril dos hoy málaga picasso,466,2026-04-12 07:01:06+00:00,2026-04-12 07:01:06+00:00
0,2026 abril comprobar horóscopo hoy,1083,2026-04-12 07:31:05+00:00,2026-04-12 07:31:05+00:00
1,casademont parque real semana zaragoza,752,2026-04-12 07:31:05+00:00,2026-04-12 07:31:05+00:00
2,economía egipto españa guerra millones,2365,2026-04-12 07:31:05+00:00,2026-04-12 07:31:05+00:00
3,ee guerra irán trump uu,488,2026-04-12 07:31:05+00:00,2026-04-12 07:31:05+00:00
4,eeuu estrecho irán ormuz trump,1938,2026-04-12 07:31:05+00:00,2026-04-12 07:31:05+00:00
5,000 años dos euros millones,1659,2026-04-12 07:31:05+00:00,2026-04-12 07:31:05+00:00
6,años españa irán ser tras,1518,2026-04-12 07:31:05+00:00,2026-04-12 07:31:05+00:00
7,españa internacional ley nueva york,615,2026-04-12 07:31:05+00:00,2026-04-12 07:31:05+00:00
8,directo guerra hora irán última,1340,2026-04-12 07:31:05+00:00,2026-04-12 07:31:05+00:00
9,españa internacional irán nuevo piden,667,2026-04-12 07:31:05+00:00,2026-04-12 07:31:05+00:00
10,años gobierno quot santa semana,22880,2026-04-12 07:31:05+00:00,2026-04-12 07:31:05+00:00
11,2026 día gitano internacional pueblo,2123,2026-04-12 07:31:05+00:00,2026-04-12 07:31:05+00:00
12,com elplural españa internacional irán,1244,2026-04-12 07:31:05+00:00,2026-04-12 07:31:05+00:00
13,atlético barcelona bayern madrid real,1138,2026-04-12 07:31:05+00:00,2026-04-12 07:31:05+00:00
14,artemis astronautas ii luna misión,957,2026-04-12 07:31:05+00:00,2026-04-12 07:31:05+00:00
0,alcaraz carlos juan masters montecarlo,452,2026-04-12 08:01:07+00:00,2026-04-12 08:01:07+00:00
1,eeuu fuego irán ormuz trump,2371,2026-04-12 08:01:07+00:00,2026-04-12 08:01:07+00:00
2,españa irán israel tras trump,1480,2026-04-12 08:01:07+00:00,2026-04-12 08:01:07+00:00
3,directo guerra hora irán última,686,2026-04-12 08:01:07+00:00,2026-04-12 08:01:07+00:00
4,com egipto españa santa semana,2879,2026-04-12 08:01:07+00:00,2026-04-12 08:01:07+00:00
5,2026 com día internacional pueblo,2556,2026-04-12 08:01:07+00:00,2026-04-12 08:01:07+00:00
6,cambio científicos climático españa españoles,387,2026-04-12 08:01:07+00:00,2026-04-12 08:01:07+00:00
7,años dos heridos irán tras,850,2026-04-12 08:01:07+00:00,2026-04-12 08:01:07+00:00
8,artemis astronautas ii luna misión,944,2026-04-12 08:01:07+00:00,2026-04-12 08:01:07+00:00
9,casademont parque real semana zaragoza,765,2026-04-12 08:01:07+00:00,2026-04-12 08:01:07+00:00
10,2026 abril hoy madrid quot,21917,2026-04-12 08:01:07+00:00,2026-04-12 08:01:07+00:00
11,000 22 españa euros millones,1496,2026-04-12 08:01:07+00:00,2026-04-12 08:01:07+00:00
12,cómo españa quot renta si,1002,2026-04-12 08:01:07+00:00,2026-04-12 08:01:07+00:00
13,com españa gobierno guerra irán,1725,2026-04-12 08:01:07+00:00,2026-04-12 08:01:07+00:00
14,años hace muere tras tres,1251,2026-04-12 08:01:07+00:00,2026-04-12 08:01:07+00:00
0,comisión irán pp rtve senado,311,2026-04-12 08:31:07+00:00,2026-04-12 08:31:07+00:00
1,039 años irán quot si,466,2026-04-12 08:31:07+00:00,2026-04-12 08:31:07+00:00
2,artemis com españa ii tras,25211,2026-04-12 08:31:07+00:00,2026-04-12 08:31:07+00:00
3,españa málaga santa semana tras,911,2026-04-12 08:31:07+00:00,2026-04-12 08:31:07+00:00
4,atlético barcelona bayern madrid real,1077,2026-04-12 08:31:07+00:00,2026-04-12 08:31:07+00:00
5,cómo declaración irán renta ver,551,2026-04-12 08:31:07+00:00,2026-04-12 08:31:07+00:00
6,2026 com día españa internacional,2470,2026-04-12 08:31:07+00:00,2026-04-12 08:31:07+00:00
7,años heridos meses tras tres,544,2026-04-12 08:31:07+00:00,2026-04-12 08:31:07+00:00
8,años dos hace muere tras,1233,2026-04-12 08:31:07+00:00,2026-04-12 08:31:07+00:00
9,ee irán país trump uu,1026,2026-04-12 08:31:07+00:00,2026-04-12 08:31:07+00:00
10,casademont parque partido real zaragoza,718,2026-04-12 08:31:07+00:00,2026-04-12 08:31:07+00:00
11,000 2025 españa euros millones,1560,2026-04-12 08:31:07+00:00,2026-04-12 08:31:07+00:00
12,2026 abril comprobar horóscopo hoy,1139,2026-04-12 08:31:07+00:00,2026-04-12 08:31:07+00:00
13,escribano gobierno indra pp vox,788,2026-04-12 08:31:07+00:00,2026-04-12 08:31:07+00:00
14,directo guerra irán israel trump,2845,2026-04-12 08:31:07+00:00,2026-04-12 08:31:07+00:00
0,000 100 españa euros millones,1088,2026-04-12 09:01:06+00:00,2026-04-12 09:01:06+00:00
1,directo guerra irán israel trump,2879,2026-04-12 09:01:06+00:00,2026-04-12 09:01:06+00:00
2,quot santa semana trump zaragoza,23198,2026-04-12 09:01:06+00:00,2026-04-12 09:01:06+00:00
3,2026 abril comprobar horóscopo hoy,1100,2026-04-12 09:01:06+00:00,2026-04-12 09:01:06+00:00
4,años hace muere tras tres,1231,2026-04-12 09:01:06+00:00,2026-04-12 09:01:06+00:00
5,atlético barcelona directo madrid real,1099,2026-04-12 09:01:06+00:00,2026-04-12 09:01:06+00:00
6,centro españa madrid pueblo zaragoza,425,2026-04-12 09:01:06+00:00,2026-04-12 09:01:06+00:00
7,años dos irán semanas tras,882,2026-04-12 09:01:06+00:00,2026-04-12 09:01:06+00:00
8,com egipto españa guerra millones,2544,2026-04-12 09:01:06+00:00,2026-04-12 09:01:06+00:00
9,escribano indra presidente simón ángel,199,2026-04-12 09:01:06+00:00,2026-04-12 09:01:06+00:00
10,artemis astronautas ii luna misión,961,2026-04-12 09:01:06+00:00,2026-04-12 09:01:06+00:00
11,alcaraz carlos final juan montecarlo,715,2026-04-12 09:01:06+00:00,2026-04-12 09:01:06+00:00
12,cadena irán puede ser tras,726,2026-04-12 09:01:06+00:00,2026-04-12 09:01:06+00:00
13,españa irán israel tras trump,1371,2026-04-12 09:01:06+00:00,2026-04-12 09:01:06+00:00
14,2026 com día internacional pueblo,2418,2026-04-12 09:01:06+00:00,2026-04-12 09:01:06+00:00
0,2026 com día internacional pueblo,2410,2026-04-12 09:31:07+00:00,2026-04-12 09:31:07+00:00
1,aitana barcelona españa pedro sánchez,964,2026-04-12 09:31:07+00:00,2026-04-12 09:31:07+00:00
2,com españa irán ser tras,1398,2026-04-12 09:31:07+00:00,2026-04-12 09:31:07+00:00
3,años dos hace muere tras,1355,2026-04-12 09:31:07+00:00,2026-04-12 09:31:07+00:00
4,amenaza guerra irán ormuz trump,1451,2026-04-12 09:31:07+00:00,2026-04-12 09:31:07+00:00
5,com egipto españa guerra millones,2514,2026-04-12 09:31:07+00:00,2026-04-12 09:31:07+00:00
6,2026 abril comprobar horóscopo hoy,1088,2026-04-12 09:31:07+00:00,2026-04-12 09:31:07+00:00
7,aldama juicio kitchen koldo ábalos,582,2026-04-12 09:31:07+00:00,2026-04-12 09:31:07+00:00
8,directo guerra irán israel última,1976,2026-04-12 09:31:07+00:00,2026-04-12 09:31:07+00:00
9,andalucía elecciones iu podemos sumar,364,2026-04-12 09:31:07+00:00,2026-04-12 09:31:07+00:00
10,españa internacional málaga santa semana,906,2026-04-12 09:31:07+00:00,2026-04-12 09:31:07+00:00
11,000 dos euros quot zaragoza,23222,2026-04-12 09:31:07+00:00,2026-04-12 09:31:07+00:00
12,atlético barcelona bayern madrid real,1125,2026-04-12 09:31:07+00:00,2026-04-12 09:31:07+00:00
13,artemis astronautas ii luna misión,965,2026-04-12 09:31:07+00:00,2026-04-12 09:31:07+00:00
14,ee guerra irán trump uu,527,2026-04-12 09:31:07+00:00,2026-04-12 09:31:07+00:00
0,así españa irán sido tras,640,2026-04-12 10:01:07+00:00,2026-04-12 10:01:07+00:00
1,alto fuego irán israel líbano,1677,2026-04-12 10:01:07+00:00,2026-04-12 10:01:07+00:00
2,2026 com día internacional pueblo,2476,2026-04-12 10:01:07+00:00,2026-04-12 10:01:07+00:00
3,000 100 años euros millón,900,2026-04-12 10:01:07+00:00,2026-04-12 10:01:07+00:00
4,atlético barcelona directo madrid real,1130,2026-04-12 10:01:07+00:00,2026-04-12 10:01:07+00:00
5,directo guerra hora irán última,1361,2026-04-12 10:01:07+00:00,2026-04-12 10:01:07+00:00
6,com economía egipto españa guerra,2450,2026-04-12 10:01:07+00:00,2026-04-12 10:01:07+00:00
7,amenaza irán ormuz otan trump,1475,2026-04-12 10:01:07+00:00,2026-04-12 10:01:07+00:00
8,039 españa irán quot si,463,2026-04-12 10:01:07+00:00,2026-04-12 10:01:07+00:00
9,años dos santa semana tras,23995,2026-04-12 10:01:07+00:00,2026-04-12 10:01:07+00:00
10,000 22 españa euros millones,800,2026-04-12 10:01:07+00:00,2026-04-12 10:01:07+00:00
11,2026 abril comprobar horóscopo hoy,1096,2026-04-12 10:01:07+00:00,2026-04-12 10:01:07+00:00
12,artemis astronautas ii luna misión,949,2026-04-12 10:01:07+00:00,2026-04-12 10:01:07+00:00
13,casademont parque real semana zaragoza,761,2026-04-12 10:01:07+00:00,2026-04-12 10:01:07+00:00
14,años españa irán país vasco,669,2026-04-12 10:01:07+00:00,2026-04-12 10:01:07+00:00
0,abril españa gasolina hoy precio,369,2026-04-12 10:31:06+00:00,2026-04-12 10:31:06+00:00
1,años dos españa irán tras,1468,2026-04-12 10:31:06+00:00,2026-04-12 10:31:06+00:00
2,españa internacional málaga santa semana,889,2026-04-12 10:31:06+00:00,2026-04-12 10:31:06+00:00
3,com economía egipto españa millones,2439,2026-04-12 10:31:06+00:00,2026-04-12 10:31:06+00:00
4,años dos gobierno quot zaragoza,23522,2026-04-12 10:31:06+00:00,2026-04-12 10:31:06+00:00
5,2026 com día internacional pueblo,2384,2026-04-12 10:31:06+00:00,2026-04-12 10:31:06+00:00
6,años detenido dos hombre málaga,650,2026-04-12 10:31:06+00:00,2026-04-12 10:31:06+00:00
7,atlético barcelona bayern madrid real,1095,2026-04-12 10:31:06+00:00,2026-04-12 10:31:06+00:00
8,aitana españa gijón pedro sánchez,634,2026-04-12 10:31:06+00:00,2026-04-12 10:31:06+00:00
9,directo guerra irán israel última,2178,2026-04-12 10:31:06+00:00,2026-04-12 10:31:06+00:00
10,artemis astronautas ii luna misión,963,2026-04-12 10:31:06+00:00,2026-04-12 10:31:06+00:00
11,2026 abril comprobar horóscopo hoy,953,2026-04-12 10:31:06+00:00,2026-04-12 10:31:06+00:00
12,000 100 españa euros millones,1113,2026-04-12 10:31:06+00:00,2026-04-12 10:31:06+00:00
13,cadena irán puede ser tras,702,2026-04-12 10:31:06+00:00,2026-04-12 10:31:06+00:00
14,amenaza guerra irán ormuz trump,1487,2026-04-12 10:31:06+00:00,2026-04-12 10:31:06+00:00
0,irán israel líbano málaga netanyahu,1115,2026-04-12 11:01:07+00:00,2026-04-12 11:01:07+00:00
1,2026 com día internacional pueblo,2480,2026-04-12 11:01:07+00:00,2026-04-12 11:01:07+00:00
2,directo guerra hora irán última,1526,2026-04-12 11:01:07+00:00,2026-04-12 11:01:07+00:00
3,años heridos meses tras tres,549,2026-04-12 11:01:07+00:00,2026-04-12 11:01:07+00:00
4,alcaraz carlos juan montecarlo vida,788,2026-04-12 11:01:07+00:00,2026-04-12 11:01:07+00:00
5,2026 abril comprobar horóscopo hoy,1084,2026-04-12 11:01:07+00:00,2026-04-12 11:01:07+00:00
6,eeuu estrecho irán ormuz trump,2336,2026-04-12 11:01:07+00:00,2026-04-12 11:01:07+00:00
7,com economía egipto españa millones,2572,2026-04-12 11:01:07+00:00,2026-04-12 11:01:07+00:00
8,aldama juicio kitchen koldo ábalos,594,2026-04-12 11:01:07+00:00,2026-04-12 11:01:07+00:00
9,años dos gobierno quot tras,22907,2026-04-12 11:01:07+00:00,2026-04-12 11:01:07+00:00
10,casademont dos parque real zaragoza,736,2026-04-12 11:01:07+00:00,2026-04-12 11:01:07+00:00
11,artemis astronautas ii luna misión,982,2026-04-12 11:01:07+00:00,2026-04-12 11:01:07+00:00
12,atlético barcelona bayern madrid real,1129,2026-04-12 11:01:07+00:00,2026-04-12 11:01:07+00:00
13,españa málaga santa semana tras,895,2026-04-12 11:01:07+00:00,2026-04-12 11:01:07+00:00
14,000 100 españa euros millones,1137,2026-04-12 11:01:07+00:00,2026-04-12 11:01:07+00:00
0,000 así años euros tras,23784,2026-04-12 11:31:04+00:00,2026-04-12 11:31:04+00:00
1,años dos heridos irán tras,816,2026-04-12 11:31:04+00:00,2026-04-12 11:31:04+00:00
2,eeuu guerra irán ormuz trump,2286,2026-04-12 11:31:04+00:00,2026-04-12 11:31:04+00:00
3,atlético barcelona bayern madrid real,1142,2026-04-12 11:31:04+00:00,2026-04-12 11:31:04+00:00
4,com españa millones santa semana,3218,2026-04-12 11:31:04+00:00,2026-04-12 11:31:04+00:00
5,2026 abril comprobar horóscopo hoy,1124,2026-04-12 11:31:04+00:00,2026-04-12 11:31:04+00:00
6,españa europa internacional press vida,748,2026-04-12 11:31:04+00:00,2026-04-12 11:31:04+00:00
7,casademont parque real semana zaragoza,785,2026-04-12 11:31:04+00:00,2026-04-12 11:31:04+00:00
8,directo guerra hora irán última,764,2026-04-12 11:31:04+00:00,2026-04-12 11:31:04+00:00
9,2026 com día internacional pueblo,2498,2026-04-12 11:31:04+00:00,2026-04-12 11:31:04+00:00
10,artemis astronautas ii luna misión,973,2026-04-12 11:31:04+00:00,2026-04-12 11:31:04+00:00
11,alto ee fuego irán uu,877,2026-04-12 11:31:04+00:00,2026-04-12 11:31:04+00:00
12,039 españa irán quot si,466,2026-04-12 11:31:04+00:00,2026-04-12 11:31:04+00:00
13,españa gobierno pp sánchez vasco,807,2026-04-12 11:31:04+00:00,2026-04-12 11:31:04+00:00
14,aldama juicio kitchen koldo ábalos,538,2026-04-12 11:31:04+00:00,2026-04-12 11:31:04+00:00
0,alcaraz carlos juan masters montecarlo,485,2026-04-12 12:01:08+00:00,2026-04-12 12:01:08+00:00
1,directo guerra irán israel última,2146,2026-04-12 12:01:08+00:00,2026-04-12 12:01:08+00:00
2,años españa irán ser tras,1521,2026-04-12 12:01:08+00:00,2026-04-12 12:01:08+00:00
3,2026 com día españa internacional,4574,2026-04-12 12:01:08+00:00,2026-04-12 12:01:08+00:00
4,com españa gobierno pp vasco,768,2026-04-12 12:01:08+00:00,2026-04-12 12:01:08+00:00
5,amenaza guerra irán otan trump,1326,2026-04-12 12:01:08+00:00,2026-04-12 12:01:08+00:00
6,atlético barcelona bayern madrid real,1121,2026-04-12 12:01:08+00:00,2026-04-12 12:01:08+00:00
7,2026 abril comprobar horóscopo hoy,1127,2026-04-12 12:01:08+00:00,2026-04-12 12:01:08+00:00
8,aitana españa gijón pedro sánchez,626,2026-04-12 12:01:08+00:00,2026-04-12 12:01:08+00:00
9,estrecho irán ormuz reabrir trump,598,2026-04-12 12:01:08+00:00,2026-04-12 12:01:08+00:00
10,españa internacional málaga santa semana,914,2026-04-12 12:01:08+00:00,2026-04-12 12:01:08+00:00
11,000 años dos euros zaragoza,23052,2026-04-12 12:01:08+00:00,2026-04-12 12:01:08+00:00
12,039 españa irán quot si,465,2026-04-12 12:01:08+00:00,2026-04-12 12:01:08+00:00
13,artemis astronautas ii luna misión,966,2026-04-12 12:01:08+00:00,2026-04-12 12:01:08+00:00
14,juicio kitchen koldo país ábalos,1116,2026-04-12 12:01:08+00:00,2026-04-12 12:01:08+00:00
0,años detenidos dos heridos tras,853,2026-04-12 12:31:02+00:00,2026-04-12 12:31:02+00:00
1,2026 com día internacional pueblo,2449,2026-04-12 12:31:02+00:00,2026-04-12 12:31:02+00:00
2,artemis astronautas ii luna misión,966,2026-04-12 12:31:02+00:00,2026-04-12 12:31:02+00:00
3,com egipto españa guerra millones,2511,2026-04-12 12:31:02+00:00,2026-04-12 12:31:02+00:00
4,años hace muere tras tres,1220,2026-04-12 12:31:02+00:00,2026-04-12 12:31:02+00:00
5,españa málaga santa semana tras,896,2026-04-12 12:31:02+00:00,2026-04-12 12:31:02+00:00
6,atlético barcelona directo madrid real,1180,2026-04-12 12:31:02+00:00,2026-04-12 12:31:02+00:00
7,amenaza guerra irán ormuz trump,1475,2026-04-12 12:31:02+00:00,2026-04-12 12:31:02+00:00
8,2026 abril comprobar horóscopo hoy,1102,2026-04-12 12:31:02+00:00,2026-04-12 12:31:02+00:00
9,039 españa irán quot si,466,2026-04-12 12:31:02+00:00,2026-04-12 12:31:02+00:00
10,directo guerra irán israel última,2033,2026-04-12 12:31:02+00:00,2026-04-12 12:31:02+00:00
11,000 euros gobierno tras zaragoza,23828,2026-04-12 12:31:02+00:00,2026-04-12 12:31:02+00:00
12,ee guerra irán trump uu,537,2026-04-12 12:31:02+00:00,2026-04-12 12:31:02+00:00
13,feijóo gobierno pp psoe vox,655,2026-04-12 12:31:02+00:00,2026-04-12 12:31:02+00:00
14,españa internacional irán nuevo piden,665,2026-04-12 12:31:02+00:00,2026-04-12 12:31:02+00:00
0,abril dos hoy málaga picasso,471,2026-04-12 13:01:06+00:00,2026-04-12 13:01:06+00:00
1,000 años quot tras trump,24536,2026-04-12 13:01:06+00:00,2026-04-12 13:01:06+00:00
2,com egipto españa guerra millones,2688,2026-04-12 13:01:06+00:00,2026-04-12 13:01:06+00:00
3,aena ayuntamiento euros internacional premio,409,2026-04-12 13:01:06+00:00,2026-04-12 13:01:06+00:00
4,cadena irán puede ser tras,716,2026-04-12 13:01:06+00:00,2026-04-12 13:01:06+00:00
5,directo guerra irán israel trump,3027,2026-04-12 13:01:06+00:00,2026-04-12 13:01:06+00:00
6,años dos irán semanas tras,864,2026-04-12 13:01:06+00:00,2026-04-12 13:01:06+00:00
7,artemis astronautas ii luna misión,978,2026-04-12 13:01:06+00:00,2026-04-12 13:01:06+00:00
8,2026 abril comprobar horóscopo hoy,1049,2026-04-12 13:01:06+00:00,2026-04-12 13:01:06+00:00
9,españa málaga santa semana tras,877,2026-04-12 13:01:06+00:00,2026-04-12 13:01:06+00:00
10,bayern directo madrid real zaragoza,548,2026-04-12 13:01:06+00:00,2026-04-12 13:01:06+00:00
11,aldama juicio kitchen koldo ábalos,546,2026-04-12 13:01:06+00:00,2026-04-12 13:01:06+00:00
12,2026 com día internacional pueblo,2252,2026-04-12 13:01:06+00:00,2026-04-12 13:01:06+00:00
13,atlético barcelona internacional madrid rosalía,854,2026-04-12 13:01:06+00:00,2026-04-12 13:01:06+00:00
14,años internacional nueva país vasco,1030,2026-04-12 13:01:06+00:00,2026-04-12 13:01:06+00:00
0,dos quot santa semana zaragoza,23829,2026-04-12 13:31:05+00:00,2026-04-12 13:31:05+00:00
1,cadena irán puede ser tras,712,2026-04-12 13:31:05+00:00,2026-04-12 13:31:05+00:00
2,dos heridos irán israel tras,1281,2026-04-12 13:31:05+00:00,2026-04-12 13:31:05+00:00
3,alto ee fuego irán uu,891,2026-04-12 13:31:05+00:00,2026-04-12 13:31:05+00:00
4,ayuntamiento día gitano internacional pueblo,644,2026-04-12 13:31:05+00:00,2026-04-12 13:31:05+00:00
5,egipto españa guerra impuesto ue,2160,2026-04-12 13:31:05+00:00,2026-04-12 13:31:05+00:00
6,2026 diario españa festival internacional,1856,2026-04-12 13:31:05+00:00,2026-04-12 13:31:05+00:00
7,com dw elplural españa internacional,1166,2026-04-12 13:31:05+00:00,2026-04-12 13:31:05+00:00
8,2026 abril comprobar horóscopo hoy,1099,2026-04-12 13:31:05+00:00,2026-04-12 13:31:05+00:00
9,directo guerra hora irán última,1679,2026-04-12 13:31:05+00:00,2026-04-12 13:31:05+00:00
10,000 22 españa euros millones,839,2026-04-12 13:31:05+00:00,2026-04-12 13:31:05+00:00
11,artemis astronautas ii luna misión,963,2026-04-12 13:31:05+00:00,2026-04-12 13:31:05+00:00
12,años dos hace muere tras,1308,2026-04-12 13:31:05+00:00,2026-04-12 13:31:05+00:00
13,amenaza guerra irán ormuz trump,1315,2026-04-12 13:31:05+00:00,2026-04-12 13:31:05+00:00
14,atlético barcelona bayern madrid real,1121,2026-04-12 13:31:05+00:00,2026-04-12 13:31:05+00:00
0,35 ibex irán petróleo puntos,194,2026-04-12 14:01:09+00:00,2026-04-12 14:01:09+00:00
1,2026 com día españa internacional,2545,2026-04-12 14:01:09+00:00,2026-04-12 14:01:09+00:00
2,aldama directo juicio koldo ábalos,374,2026-04-12 14:01:09+00:00,2026-04-12 14:01:09+00:00
3,2026 abril comprobar resultados sorteo,368,2026-04-12 14:01:09+00:00,2026-04-12 14:01:09+00:00
4,directo guerra irán israel trump,3267,2026-04-12 14:01:09+00:00,2026-04-12 14:01:09+00:00
5,artemis astronautas ii luna misión,983,2026-04-12 14:01:09+00:00,2026-04-12 14:01:09+00:00
6,cuba indulto petrolero presos ruso,129,2026-04-12 14:01:09+00:00,2026-04-12 14:01:09+00:00
7,españa internacional irán nuevo piden,665,2026-04-12 14:01:09+00:00,2026-04-12 14:01:09+00:00
8,años heridos meses tras tres,557,2026-04-12 14:01:09+00:00,2026-04-12 14:01:09+00:00
9,000 2025 españa euros millones,1602,2026-04-12 14:01:09+00:00,2026-04-12 14:01:09+00:00
10,años casa comprar españa vivienda,81,2026-04-12 14:01:09+00:00,2026-04-12 14:01:09+00:00
11,años españa madrid quot tras,27730,2026-04-12 14:01:09+00:00,2026-04-12 14:01:09+00:00
12,españa madrid málaga santa semana,918,2026-04-12 14:01:09+00:00,2026-04-12 14:01:09+00:00
13,2026 abril horóscopo hoy predicción,686,2026-04-12 14:01:09+00:00,2026-04-12 14:01:09+00:00
14,españa gobierno pp sánchez vasco,782,2026-04-12 14:01:09+00:00,2026-04-12 14:01:09+00:00
0,años irán nueva tras vida,353,2026-04-12 14:31:06+00:00,2026-04-12 14:31:06+00:00
1,guerra irán israel líbano netanyahu,869,2026-04-12 14:31:06+00:00,2026-04-12 14:31:06+00:00
2,años dos irán semanas tras,894,2026-04-12 14:31:06+00:00,2026-04-12 14:31:06+00:00
3,2026 com diario festival internacional,2146,2026-04-12 14:31:06+00:00,2026-04-12 14:31:06+00:00
4,000 años euros quot zaragoza,23311,2026-04-12 14:31:06+00:00,2026-04-12 14:31:06+00:00
5,cadena irán puede ser tras,716,2026-04-12 14:31:06+00:00,2026-04-12 14:31:06+00:00
6,directo eeuu guerra irán trump,2711,2026-04-12 14:31:06+00:00,2026-04-12 14:31:06+00:00
7,atlético barcelona directo madrid real,1092,2026-04-12 14:31:06+00:00,2026-04-12 14:31:06+00:00
8,españa málaga santa semana tras,889,2026-04-12 14:31:06+00:00,2026-04-12 14:31:06+00:00
9,ayuntamiento día gitano internacional pueblo,632,2026-04-12 14:31:06+00:00,2026-04-12 14:31:06+00:00
10,2026 abril comprobar horóscopo hoy,1083,2026-04-12 14:31:06+00:00,2026-04-12 14:31:06+00:00
11,años españa irán tras trump,1454,2026-04-12 14:31:06+00:00,2026-04-12 14:31:06+00:00
12,com egipto españa guerra millones,2493,2026-04-12 14:31:06+00:00,2026-04-12 14:31:06+00:00
13,españa gobierno pp quot si,1270,2026-04-12 14:31:06+00:00,2026-04-12 14:31:06+00:00
14,artemis astronautas ii luna misión,968,2026-04-12 14:31:06+00:00,2026-04-12 14:31:06+00:00
0,casademont dos parque real zaragoza,744,2026-04-12 15:01:06+00:00,2026-04-12 15:01:06+00:00
1,alto ee fuego irán uu,1488,2026-04-12 15:01:06+00:00,2026-04-12 15:01:06+00:00
2,2026 abril comprobar horóscopo hoy,1094,2026-04-12 15:01:06+00:00,2026-04-12 15:01:06+00:00
3,artemis astronautas ii luna misión,971,2026-04-12 15:01:06+00:00,2026-04-12 15:01:06+00:00
4,com egipto españa guerra ue,2484,2026-04-12 15:01:06+00:00,2026-04-12 15:01:06+00:00
5,blanca casa españa salón trump,467,2026-04-12 15:01:06+00:00,2026-04-12 15:01:06+00:00
6,000 así gobierno quot si,22114,2026-04-12 15:01:06+00:00,2026-04-12 15:01:06+00:00
7,años dos hace muere tras,1301,2026-04-12 15:01:06+00:00,2026-04-12 15:01:06+00:00
8,directo guerra irán trump última,2065,2026-04-12 15:01:06+00:00,2026-04-12 15:01:06+00:00
9,000 22 españa euros millones,817,2026-04-12 15:01:06+00:00,2026-04-12 15:01:06+00:00
10,atlético barcelona bayern madrid real,1097,2026-04-12 15:01:06+00:00,2026-04-12 15:01:06+00:00
11,españa málaga santa semana tras,890,2026-04-12 15:01:06+00:00,2026-04-12 15:01:06+00:00
12,2026 com día internacional pueblo,2409,2026-04-12 15:01:06+00:00,2026-04-12 15:01:06+00:00
13,españa irán ser tras trump,1401,2026-04-12 15:01:06+00:00,2026-04-12 15:01:06+00:00
14,dos juicio koldo sánchez ábalos,1527,2026-04-12 15:01:06+00:00,2026-04-12 15:01:06+00:00
0,anboto eta fiscalía opone presos,69,2026-04-12 15:31:05+00:00,2026-04-12 15:31:05+00:00
1,eeuu fuego irán ormuz trump,2490,2026-04-12 15:31:05+00:00,2026-04-12 15:31:05+00:00
2,com egipto españa guerra millones,2598,2026-04-12 15:31:05+00:00,2026-04-12 15:31:05+00:00
3,2026 abril comprobar horóscopo hoy,1083,2026-04-12 15:31:05+00:00,2026-04-12 15:31:05+00:00
4,atlético barcelona bayern madrid real,1109,2026-04-12 15:31:05+00:00,2026-04-12 15:31:05+00:00
5,dos santa semana tras zaragoza,23676,2026-04-12 15:31:05+00:00,2026-04-12 15:31:05+00:00
6,artemis astronautas ii luna misión,975,2026-04-12 15:31:05+00:00,2026-04-12 15:31:05+00:00
7,000 2025 españa euros millones,1401,2026-04-12 15:31:05+00:00,2026-04-12 15:31:05+00:00
8,039 españa irán quot si,464,2026-04-12 15:31:05+00:00,2026-04-12 15:31:05+00:00
9,directo guerra hora irán última,1619,2026-04-12 15:31:05+00:00,2026-04-12 15:31:05+00:00
10,2026 com diario españa internacional,2214,2026-04-12 15:31:05+00:00,2026-04-12 15:31:05+00:00
11,años dos hace muere tras,1335,2026-04-12 15:31:05+00:00,2026-04-12 15:31:05+00:00
12,ayuntamiento día gitano internacional pueblo,650,2026-04-12 15:31:05+00:00,2026-04-12 15:31:05+00:00
13,alcaraz directo montecarlo partido ver,601,2026-04-12 15:31:05+00:00,2026-04-12 15:31:05+00:00
14,caso juicio kitchen koldo ábalos,590,2026-04-12 15:31:05+00:00,2026-04-12 15:31:05+00:00
0,000 10 españa euros millones,1360,2026-04-12 16:01:06+00:00,2026-04-12 16:01:06+00:00
1,españa pedro primera sánchez vez,1048,2026-04-12 16:01:06+00:00,2026-04-12 16:01:06+00:00
2,2026 com día internacional pueblo,2422,2026-04-12 16:01:06+00:00,2026-04-12 16:01:06+00:00
3,com españa santa semana ue,2994,2026-04-12 16:01:06+00:00,2026-04-12 16:01:06+00:00
4,así años quot ser tras,22255,2026-04-12 16:01:06+00:00,2026-04-12 16:01:06+00:00
5,atlético barcelona bayern madrid real,1116,2026-04-12 16:01:06+00:00,2026-04-12 16:01:06+00:00
6,casademont parque real semana zaragoza,753,2026-04-12 16:01:06+00:00,2026-04-12 16:01:06+00:00
7,españa gobierno pp sánchez vasco,791,2026-04-12 16:01:06+00:00,2026-04-12 16:01:06+00:00
8,años detenidos dos heridos tras,791,2026-04-12 16:01:06+00:00,2026-04-12 16:01:06+00:00
9,artemis astronautas ii luna misión,981,2026-04-12 16:01:06+00:00,2026-04-12 16:01:06+00:00
10,2026 abril comprobar horóscopo hoy,1080,2026-04-12 16:01:06+00:00,2026-04-12 16:01:06+00:00
11,españa irán quot renta si,664,2026-04-12 16:01:06+00:00,2026-04-12 16:01:06+00:00
12,españa internacional ley nueva york,610,2026-04-12 16:01:06+00:00,2026-04-12 16:01:06+00:00
13,eeuu fuego irán ormuz trump,2431,2026-04-12 16:01:06+00:00,2026-04-12 16:01:06+00:00
14,directo guerra hora irán última,1597,2026-04-12 16:01:06+00:00,2026-04-12 16:01:06+00:00
0,artemis clave españa irán luna,187,2026-04-12 16:31:09+00:00,2026-04-12 16:31:09+00:00
1,000 artemis años dos ii,23965,2026-04-12 16:31:09+00:00,2026-04-12 16:31:09+00:00
2,com egipto españa guerra millones,2576,2026-04-12 16:31:09+00:00,2026-04-12 16:31:09+00:00
3,aitana españa gijón pedro sánchez,616,2026-04-12 16:31:09+00:00,2026-04-12 16:31:09+00:00
4,atlético barcelona madrid quot real,1462,2026-04-12 16:31:09+00:00,2026-04-12 16:31:09+00:00
5,años blanca casa primera vez,728,2026-04-12 16:31:09+00:00,2026-04-12 16:31:09+00:00
6,cómo directo irán renta ver,567,2026-04-12 16:31:09+00:00,2026-04-12 16:31:09+00:00
7,casademont dos parque real zaragoza,733,2026-04-12 16:31:09+00:00,2026-04-12 16:31:09+00:00
8,2026 abril comprobar horóscopo hoy,1094,2026-04-12 16:31:09+00:00,2026-04-12 16:31:09+00:00
9,2026 com día internacional pueblo,2443,2026-04-12 16:31:09+00:00,2026-04-12 16:31:09+00:00
10,000 año españa millones primer,427,2026-04-12 16:31:09+00:00,2026-04-12 16:31:09+00:00
11,años irán ser tras trump,1627,2026-04-12 16:31:09+00:00,2026-04-12 16:31:09+00:00
12,españa málaga santa semana tras,887,2026-04-12 16:31:09+00:00,2026-04-12 16:31:09+00:00
13,directo guerra irán israel trump,3009,2026-04-12 16:31:09+00:00,2026-04-12 16:31:09+00:00
14,aldama juicio kitchen koldo ábalos,584,2026-04-12 16:31:09+00:00,2026-04-12 16:31:09+00:00
0,años españa huesca sd solo,389,2026-04-12 17:01:05+00:00,2026-04-12 17:01:05+00:00
1,com dw españa internacional irán,1217,2026-04-12 17:01:05+00:00,2026-04-12 17:01:05+00:00
2,atlético barcelona champions directo madrid,565,2026-04-12 17:01:05+00:00,2026-04-12 17:01:05+00:00
3,años dos santa semana tras,3151,2026-04-12 17:01:05+00:00,2026-04-12 17:01:05+00:00
4,000 artemis dos ii trump,23193,2026-04-12 17:01:05+00:00,2026-04-12 17:01:05+00:00
5,directo guerra irán israel trump,2916,2026-04-12 17:01:05+00:00,2026-04-12 17:01:05+00:00
6,egipto españa guerra millones ue,2236,2026-04-12 17:01:05+00:00,2026-04-12 17:01:05+00:00
7,039 españa irán quot si,463,2026-04-12 17:01:05+00:00,2026-04-12 17:01:05+00:00
8,cadena irán puede ser tras,717,2026-04-12 17:01:05+00:00,2026-04-12 17:01:05+00:00
9,2026 abril comprobar horóscopo hoy,1115,2026-04-12 17:01:05+00:00,2026-04-12 17:01:05+00:00
10,casademont real santa semana zaragoza,769,2026-04-12 17:01:05+00:00,2026-04-12 17:01:05+00:00
11,españa gobierno pp sánchez vasco,810,2026-04-12 17:01:05+00:00,2026-04-12 17:01:05+00:00
12,bayern internacional madrid real rosalía,987,2026-04-12 17:01:05+00:00,2026-04-12 17:01:05+00:00
13,2026 día gitano internacional pueblo,2121,2026-04-12 17:01:05+00:00,2026-04-12 17:01:05+00:00
14,bolsamania com economía españa millones,265,2026-04-12 17:01:05+00:00,2026-04-12 17:01:05+00:00
0,años cuatro españa países tras,308,2026-04-12 17:31:05+00:00,2026-04-12 17:31:05+00:00
1,años dos irán semanas tras,862,2026-04-12 17:31:05+00:00,2026-04-12 17:31:05+00:00
2,españa gobierno madrid quot tras,25292,2026-04-12 17:31:05+00:00,2026-04-12 17:31:05+00:00
3,directo guerra irán israel trump,3050,2026-04-12 17:31:05+00:00,2026-04-12 17:31:05+00:00
4,abril dos hoy málaga picasso,464,2026-04-12 17:31:05+00:00,2026-04-12 17:31:05+00:00
5,2026 abril comprobar horóscopo hoy,1037,2026-04-12 17:31:05+00:00,2026-04-12 17:31:05+00:00
6,españa madrid málaga santa semana,881,2026-04-12 17:31:05+00:00,2026-04-12 17:31:05+00:00
7,com dw españa internacional irán,1283,2026-04-12 17:31:05+00:00,2026-04-12 17:31:05+00:00
8,artemis astronautas ii luna misión,970,2026-04-12 17:31:05+00:00,2026-04-12 17:31:05+00:00
9,2026 día gitano internacional pueblo,2195,2026-04-12 17:31:05+00:00,2026-04-12 17:31:05+00:00
10,cómo directo irán renta ver,557,2026-04-12 17:31:05+00:00,2026-04-12 17:31:05+00:00
11,años después hace muere tras,1113,2026-04-12 17:31:05+00:00,2026-04-12 17:31:05+00:00
12,atlético años barça tras tres,710,2026-04-12 17:31:05+00:00,2026-04-12 17:31:05+00:00
13,000 100 españa euros millones,1146,2026-04-12 17:31:05+00:00,2026-04-12 17:31:05+00:00
14,así casademont nueva real zaragoza,1066,2026-04-12 17:31:05+00:00,2026-04-12 17:31:05+00:00
0,cómo declaración irán renta ver,547,2026-04-12 18:01:07+00:00,2026-04-12 18:01:07+00:00
1,años dos españa ser tras,1497,2026-04-12 18:01:07+00:00,2026-04-12 18:01:07+00:00
2,guerra irán medio oriente última,377,2026-04-12 18:01:07+00:00,2026-04-12 18:01:07+00:00
3,atlético barcelona bayern madrid real,1127,2026-04-12 18:01:07+00:00,2026-04-12 18:01:07+00:00
4,españa puede quot renta si,633,2026-04-12 18:01:07+00:00,2026-04-12 18:01:07+00:00
5,años dos gobierno quot zaragoza,23501,2026-04-12 18:01:07+00:00,2026-04-12 18:01:07+00:00
6,2026 com día internacional pueblo,2447,2026-04-12 18:01:07+00:00,2026-04-12 18:01:07+00:00
7,000 año españa euros millones,1171,2026-04-12 18:01:07+00:00,2026-04-12 18:01:07+00:00
8,alto fuego irán israel líbano,978,2026-04-12 18:01:07+00:00,2026-04-12 18:01:07+00:00
9,amenaza estrecho irán ormuz trump,1501,2026-04-12 18:01:07+00:00,2026-04-12 18:01:07+00:00
10,artemis astronautas ii luna misión,968,2026-04-12 18:01:07+00:00,2026-04-12 18:01:07+00:00
11,directo guerra hora irán última,1750,2026-04-12 18:01:07+00:00,2026-04-12 18:01:07+00:00
12,2026 abril comprobar horóscopo hoy,1068,2026-04-12 18:01:07+00:00,2026-04-12 18:01:07+00:00
13,españa málaga santa semana tras,883,2026-04-12 18:01:07+00:00,2026-04-12 18:01:07+00:00
14,com economía egipto españa millones,2481,2026-04-12 18:01:07+00:00,2026-04-12 18:01:07+00:00
0,centro hacer huesca sd zaragoza,579,2026-04-12 18:31:06+00:00,2026-04-12 18:31:06+00:00
1,2026 com día internacional pueblo,2385,2026-04-12 18:31:06+00:00,2026-04-12 18:31:06+00:00
2,2026 abril comprobar horóscopo hoy,1113,2026-04-12 18:31:06+00:00,2026-04-12 18:31:06+00:00
3,000 dos euros gobierno zaragoza,23831,2026-04-12 18:31:06+00:00,2026-04-12 18:31:06+00:00
4,alto fuego irán israel trump,557,2026-04-12 18:31:06+00:00,2026-04-12 18:31:06+00:00
5,artemis astronautas ii luna misión,960,2026-04-12 18:31:06+00:00,2026-04-12 18:31:06+00:00
6,españa irán israel tras trump,1346,2026-04-12 18:31:06+00:00,2026-04-12 18:31:06+00:00
7,atlético barcelona bayern madrid real,1096,2026-04-12 18:31:06+00:00,2026-04-12 18:31:06+00:00
8,años dos hace muere tras,1253,2026-04-12 18:31:06+00:00,2026-04-12 18:31:06+00:00
9,com egipto españa guerra millones,2566,2026-04-12 18:31:06+00:00,2026-04-12 18:31:06+00:00
10,directo guerra irán israel trump,2654,2026-04-12 18:31:06+00:00,2026-04-12 18:31:06+00:00
11,años heridos meses tras tres,554,2026-04-12 18:31:06+00:00,2026-04-12 18:31:06+00:00
12,españa málaga santa semana tras,884,2026-04-12 18:31:06+00:00,2026-04-12 18:31:06+00:00
13,039 españa irán quot si,464,2026-04-12 18:31:06+00:00,2026-04-12 18:31:06+00:00
14,cadena irán puede ser tras,703,2026-04-12 18:31:06+00:00,2026-04-12 18:31:06+00:00
0,com egipto españa guerra millones,2553,2026-04-12 19:01:09+00:00,2026-04-12 19:01:09+00:00
1,españa madrid málaga santa semana,884,2026-04-12 19:01:09+00:00,2026-04-12 19:01:09+00:00
2,años hace muere tras tres,1251,2026-04-12 19:01:09+00:00,2026-04-12 19:01:09+00:00
3,039 españa irán quot si,463,2026-04-12 19:01:09+00:00,2026-04-12 19:01:09+00:00
4,eeuu estrecho irán ormuz trump,2282,2026-04-12 19:01:09+00:00,2026-04-12 19:01:09+00:00
5,2026 abril comprobar horóscopo hoy,1092,2026-04-12 19:01:09+00:00,2026-04-12 19:01:09+00:00
6,años dos españa heridos tras,880,2026-04-12 19:01:09+00:00,2026-04-12 19:01:09+00:00
7,000 euros gobierno madrid si,22736,2026-04-12 19:01:09+00:00,2026-04-12 19:01:09+00:00
8,bayern directo madrid real zaragoza,1078,2026-04-12 19:01:09+00:00,2026-04-12 19:01:09+00:00
9,confirma da españa gobierno luz,501,2026-04-12 19:01:09+00:00,2026-04-12 19:01:09+00:00
10,españa irán ser tras trump,1419,2026-04-12 19:01:09+00:00,2026-04-12 19:01:09+00:00
11,artemis astronautas ii luna misión,962,2026-04-12 19:01:09+00:00,2026-04-12 19:01:09+00:00
12,directo guerra hora irán última,1569,2026-04-12 19:01:09+00:00,2026-04-12 19:01:09+00:00
13,barcelona día gitano internacional pueblo,1064,2026-04-12 19:01:09+00:00,2026-04-12 19:01:09+00:00
14,2026 com diario festival internacional,2198,2026-04-12 19:01:09+00:00,2026-04-12 19:01:09+00:00
0,aragón españa pp vox zaragoza,288,2026-04-12 19:31:05+00:00,2026-04-12 19:31:05+00:00
1,com economía españa guerra millones,2529,2026-04-12 19:31:05+00:00,2026-04-12 19:31:05+00:00
2,ee estrecho irán ormuz uu,1211,2026-04-12 19:31:05+00:00,2026-04-12 19:31:05+00:00
3,directo guerra irán israel última,1819,2026-04-12 19:31:05+00:00,2026-04-12 19:31:05+00:00
4,039 españa irán quot si,461,2026-04-12 19:31:05+00:00,2026-04-12 19:31:05+00:00
5,eeuu irán ser tras trump,2295,2026-04-12 19:31:05+00:00,2026-04-12 19:31:05+00:00
6,2026 com día internacional pueblo,2380,2026-04-12 19:31:05+00:00,2026-04-12 19:31:05+00:00
7,atlético barcelona champions directo madrid,559,2026-04-12 19:31:05+00:00,2026-04-12 19:31:05+00:00
8,artemis astronautas ii luna misión,969,2026-04-12 19:31:05+00:00,2026-04-12 19:31:05+00:00
9,2026 abril comprobar horóscopo hoy,1083,2026-04-12 19:31:05+00:00,2026-04-12 19:31:05+00:00
10,españa gobierno pp sánchez vasco,786,2026-04-12 19:31:05+00:00,2026-04-12 19:31:05+00:00
11,años dos hace muere tras,1341,2026-04-12 19:31:05+00:00,2026-04-12 19:31:05+00:00
12,españa málaga santa semana tras,877,2026-04-12 19:31:05+00:00,2026-04-12 19:31:05+00:00
13,000 dos euros si zaragoza,23229,2026-04-12 19:31:05+00:00,2026-04-12 19:31:05+00:00
14,bayern directo madrid real zaragoza,1111,2026-04-12 19:31:05+00:00,2026-04-12 19:31:05+00:00
0,2026 com día internacional pueblo,2457,2026-04-12 20:01:10+00:00,2026-04-12 20:01:10+00:00
1,años españa hace muere tras,1351,2026-04-12 20:01:10+00:00,2026-04-12 20:01:10+00:00
2,artemis astronautas ii luna misión,973,2026-04-12 20:01:10+00:00,2026-04-12 20:01:10+00:00
3,000 euros madrid quot si,22818,2026-04-12 20:01:10+00:00,2026-04-12 20:01:10+00:00
4,energéticas españa impuesto ley piden,317,2026-04-12 20:01:10+00:00,2026-04-12 20:01:10+00:00
5,estrecho guerra irán ormuz trump,1601,2026-04-12 20:01:10+00:00,2026-04-12 20:01:10+00:00
6,gobierno kitchen pp psoe vox,630,2026-04-12 20:01:10+00:00,2026-04-12 20:01:10+00:00
7,españa madrid málaga santa semana,889,2026-04-12 20:01:10+00:00,2026-04-12 20:01:10+00:00
8,alcaraz directo juicio montecarlo ábalos,915,2026-04-12 20:01:10+00:00,2026-04-12 20:01:10+00:00
9,directo guerra irán israel última,2274,2026-04-12 20:01:10+00:00,2026-04-12 20:01:10+00:00
10,accidente dos heridos ser tras,1806,2026-04-12 20:01:10+00:00,2026-04-12 20:01:10+00:00
11,casademont dos parque real zaragoza,739,2026-04-12 20:01:10+00:00,2026-04-12 20:01:10+00:00
12,com economía egipto españa millones,2476,2026-04-12 20:01:10+00:00,2026-04-12 20:01:10+00:00
13,aitana españa gijón pedro sánchez,637,2026-04-12 20:01:10+00:00,2026-04-12 20:01:10+00:00
14,2026 abril comprobar horóscopo hoy,1078,2026-04-12 20:01:10+00:00,2026-04-12 20:01:10+00:00
0,000 dos madrid tras zaragoza,24628,2026-04-12 20:31:08+00:00,2026-04-12 20:31:08+00:00
1,años dos españa muere tras,1324,2026-04-12 20:31:08+00:00,2026-04-12 20:31:08+00:00
2,ee guerra irán trump uu,547,2026-04-12 20:31:08+00:00,2026-04-12 20:31:08+00:00
3,2026 españa internacional marzo renta,836,2026-04-12 20:31:08+00:00,2026-04-12 20:31:08+00:00
4,españa madrid málaga santa semana,902,2026-04-12 20:31:08+00:00,2026-04-12 20:31:08+00:00
5,así españa madrid sido tras,656,2026-04-12 20:31:08+00:00,2026-04-12 20:31:08+00:00
6,directo guerra irán israel última,2005,2026-04-12 20:31:08+00:00,2026-04-12 20:31:08+00:00
7,años españa nueva tras vida,341,2026-04-12 20:31:08+00:00,2026-04-12 20:31:08+00:00
8,2026 abril comprobar horóscopo hoy,929,2026-04-12 20:31:08+00:00,2026-04-12 20:31:08+00:00
9,com egipto españa guerra millones,2512,2026-04-12 20:31:08+00:00,2026-04-12 20:31:08+00:00
10,estrecho guerra irán ormuz trump,1489,2026-04-12 20:31:08+00:00,2026-04-12 20:31:08+00:00
11,039 españa irán quot si,459,2026-04-12 20:31:08+00:00,2026-04-12 20:31:08+00:00
12,artemis astronautas ii luna misión,955,2026-04-12 20:31:08+00:00,2026-04-12 20:31:08+00:00
13,españa internacional nuevo puede si,1085,2026-04-12 20:31:08+00:00,2026-04-12 20:31:08+00:00
14,com día gitano internacional pueblo,2288,2026-04-12 20:31:08+00:00,2026-04-12 20:31:08+00:00
0,amenaza estrecho irán ormuz trump,1482,2026-04-12 21:01:02+00:00,2026-04-12 21:01:02+00:00
1,2026 abril comprobar horóscopo hoy,1104,2026-04-12 21:01:02+00:00,2026-04-12 21:01:02+00:00
2,guerra irán israel líbano netanyahu,725,2026-04-12 21:01:02+00:00,2026-04-12 21:01:02+00:00
3,artemis años luna ser tras,1489,2026-04-12 21:01:02+00:00,2026-04-12 21:01:02+00:00
4,así españa nueva nuevo york,1045,2026-04-12 21:01:02+00:00,2026-04-12 21:01:02+00:00
5,ee eeuu fuego irán uu,1096,2026-04-12 21:01:02+00:00,2026-04-12 21:01:02+00:00
6,atlético barcelona bayern madrid real,1116,2026-04-12 21:01:02+00:00,2026-04-12 21:01:02+00:00
7,aemet lluvias pone temperaturas viento,413,2026-04-12 21:01:02+00:00,2026-04-12 21:01:02+00:00
8,españa málaga santa semana tras,867,2026-04-12 21:01:02+00:00,2026-04-12 21:01:02+00:00
9,com egipto españa guerra millones,2539,2026-04-12 21:01:02+00:00,2026-04-12 21:01:02+00:00
10,000 artemis años quot zaragoza,24159,2026-04-12 21:01:02+00:00,2026-04-12 21:01:02+00:00
11,da españa irán luz trump,304,2026-04-12 21:01:02+00:00,2026-04-12 21:01:02+00:00
12,años dos españa heridos tras,892,2026-04-12 21:01:02+00:00,2026-04-12 21:01:02+00:00
13,2026 com día internacional pueblo,2390,2026-04-12 21:01:02+00:00,2026-04-12 21:01:02+00:00
14,directo guerra hora irán última,1340,2026-04-12 21:01:02+00:00,2026-04-12 21:01:02+00:00
0,artemis dos españa gobierno zaragoza,23972,2026-04-12 21:31:06+00:00,2026-04-12 21:31:06+00:00
1,000 2025 españa euros millones,1558,2026-04-12 21:31:06+00:00,2026-04-12 21:31:06+00:00
2,2026 abril comprobar horóscopo hoy,1140,2026-04-12 21:31:06+00:00,2026-04-12 21:31:06+00:00
3,atlético barcelona bayern madrid real,1093,2026-04-12 21:31:06+00:00,2026-04-12 21:31:06+00:00
4,directo guerra hora irán última,1551,2026-04-12 21:31:06+00:00,2026-04-12 21:31:06+00:00
5,2026 com día internacional pueblo,2491,2026-04-12 21:31:06+00:00,2026-04-12 21:31:06+00:00
6,años dos españa muere tras,2298,2026-04-12 21:31:06+00:00,2026-04-12 21:31:06+00:00
7,años diez españa toda va,470,2026-04-12 21:31:06+00:00,2026-04-12 21:31:06+00:00
8,artemis así españa sido tras,681,2026-04-12 21:31:06+00:00,2026-04-12 21:31:06+00:00
9,años heridos meses tras tres,544,2026-04-12 21:31:06+00:00,2026-04-12 21:31:06+00:00
10,alto fuego irán israel líbano,1055,2026-04-12 21:31:06+00:00,2026-04-12 21:31:06+00:00
11,039 españa irán quot si,460,2026-04-12 21:31:06+00:00,2026-04-12 21:31:06+00:00
12,españa málaga santa semana tras,875,2026-04-12 21:31:06+00:00,2026-04-12 21:31:06+00:00
13,eeuu estrecho irán ormuz trump,1998,2026-04-12 21:31:06+00:00,2026-04-12 21:31:06+00:00
14,años españa hace ia mejor,792,2026-04-12 21:31:06+00:00,2026-04-12 21:31:06+00:00
0,directo guerra hora irán última,656,2026-04-12 22:01:12+00:00,2026-04-12 22:01:12+00:00
1,españa irán ser tras trump,1377,2026-04-12 22:01:12+00:00,2026-04-12 22:01:12+00:00
2,000 españa euros millones millón,1090,2026-04-12 22:01:12+00:00,2026-04-12 22:01:12+00:00
3,com gobierno internacional santa semana,24305,2026-04-12 22:01:12+00:00,2026-04-12 22:01:12+00:00
4,años dos españa heridos tras,853,2026-04-12 22:01:12+00:00,2026-04-12 22:01:12+00:00
5,com españa guerra irán trump,1264,2026-04-12 22:01:12+00:00,2026-04-12 22:01:12+00:00
6,atlético barcelona bayern madrid real,1122,2026-04-12 22:01:12+00:00,2026-04-12 22:01:12+00:00
7,com egipto españa internacional millones,2459,2026-04-12 22:01:12+00:00,2026-04-12 22:01:12+00:00
8,españa meses país tres vasco,937,2026-04-12 22:01:12+00:00,2026-04-12 22:01:12+00:00
9,039 españa irán quot si,459,2026-04-12 22:01:12+00:00,2026-04-12 22:01:12+00:00
10,artemis astronautas ii luna misión,955,2026-04-12 22:01:12+00:00,2026-04-12 22:01:12+00:00
11,casademont parque real semana zaragoza,759,2026-04-12 22:01:12+00:00,2026-04-12 22:01:12+00:00
12,2026 abril comprobar horóscopo hoy,1175,2026-04-12 22:01:12+00:00,2026-04-12 22:01:12+00:00
13,años españa hace muere tras,1237,2026-04-12 22:01:12+00:00,2026-04-12 22:01:12+00:00
14,eeuu estrecho irán ormuz trump,2327,2026-04-12 22:01:12+00:00,2026-04-12 22:01:12+00:00
0,gobierno kitchen pp psoe vox,635,2026-04-12 22:31:05+00:00,2026-04-12 22:31:05+00:00
1,com egipto españa guerra millones,2556,2026-04-12 22:31:05+00:00,2026-04-12 22:31:05+00:00
2,años dos hace muere tras,1293,2026-04-12 22:31:05+00:00,2026-04-12 22:31:05+00:00
3,directo guerra irán israel trump,2847,2026-04-12 22:31:05+00:00,2026-04-12 22:31:05+00:00
4,cómo deportivo mundo trump ver,821,2026-04-12 22:31:05+00:00,2026-04-12 22:31:05+00:00
5,españa irán ser tras trump,1441,2026-04-12 22:31:05+00:00,2026-04-12 22:31:05+00:00
6,dos nuevo quot trump zaragoza,22385,2026-04-12 22:31:05+00:00,2026-04-12 22:31:05+00:00
7,españa málaga santa semana tras,862,2026-04-12 22:31:05+00:00,2026-04-12 22:31:05+00:00
8,000 2025 españa euros millones,1339,2026-04-12 22:31:05+00:00,2026-04-12 22:31:05+00:00
9,artemis astronautas ii luna misión,957,2026-04-12 22:31:05+00:00,2026-04-12 22:31:05+00:00
10,irán ormuz quot si trump,718,2026-04-12 22:31:05+00:00,2026-04-12 22:31:05+00:00
11,atlético barcelona bayern madrid real,1075,2026-04-12 22:31:05+00:00,2026-04-12 22:31:05+00:00
12,2026 com día internacional pueblo,2384,2026-04-12 22:31:05+00:00,2026-04-12 22:31:05+00:00
13,años heridos meses tras tres,542,2026-04-12 22:31:05+00:00,2026-04-12 22:31:05+00:00
14,2026 abril comprobar horóscopo hoy,1073,2026-04-12 22:31:05+00:00,2026-04-12 22:31:05+00:00
0,2026 abril comprobar horóscopo hoy,1128,2026-04-12 23:01:05+00:00,2026-04-12 23:01:05+00:00
1,com egipto españa guerra millones,2823,2026-04-12 23:01:05+00:00,2026-04-12 23:01:05+00:00
2,20 llamada louis minutos parar,1,2026-04-12 23:01:05+00:00,2026-04-12 23:01:05+00:00
3,aitana concierto lux madrid rosalía,198,2026-04-12 23:01:05+00:00,2026-04-12 23:01:05+00:00
4,años dos madrid semana tras,27515,2026-04-12 23:01:05+00:00,2026-04-12 23:01:05+00:00
5,años españa irán quot si,424,2026-04-12 23:01:05+00:00,2026-04-12 23:01:05+00:00
6,españa internacional ley nueva york,625,2026-04-12 23:01:05+00:00,2026-04-12 23:01:05+00:00
7,adamuz civil guardia guerra revolucionaria,210,2026-04-12 23:01:05+00:00,2026-04-12 23:01:05+00:00
8,artemis astronautas ii luna misión,970,2026-04-12 23:01:05+00:00,2026-04-12 23:01:05+00:00
9,2026 com día internacional pueblo,2459,2026-04-12 23:01:05+00:00,2026-04-12 23:01:05+00:00
10,in malaga of the to,281,2026-04-12 23:01:05+00:00,2026-04-12 23:01:05+00:00
11,directo guerra irán israel trump,3108,2026-04-12 23:01:05+00:00,2026-04-12 23:01:05+00:00
12,039 dice españa quot the,113,2026-04-12 23:01:05+00:00,2026-04-12 23:01:05+00:00
13,aldama directo juicio koldo ábalos,388,2026-04-12 23:01:05+00:00,2026-04-12 23:01:05+00:00
14,cadena irán puede ser tras,707,2026-04-12 23:01:05+00:00,2026-04-12 23:01:05+00:00
0,años dos hace muere tras,1358,2026-04-12 23:31:03+00:00,2026-04-12 23:31:03+00:00
1,2026 com día internacional pueblo,2351,2026-04-12 23:31:03+00:00,2026-04-12 23:31:03+00:00
2,así dos quot si zaragoza,22075,2026-04-12 23:31:03+00:00,2026-04-12 23:31:03+00:00
3,com economía egipto españa millones,2278,2026-04-12 23:31:03+00:00,2026-04-12 23:31:03+00:00
4,com españa guerra irán trump,1154,2026-04-12 23:31:03+00:00,2026-04-12 23:31:03+00:00
5,000 100 españa euros millones,1116,2026-04-12 23:31:03+00:00,2026-04-12 23:31:03+00:00
6,directo guerra hora irán última,1428,2026-04-12 23:31:03+00:00,2026-04-12 23:31:03+00:00
7,2026 abril comprobar horóscopo hoy,1092,2026-04-12 23:31:03+00:00,2026-04-12 23:31:03+00:00
8,amenaza estrecho irán ormuz trump,1451,2026-04-12 23:31:03+00:00,2026-04-12 23:31:03+00:00
9,españa gobierno pp sánchez vasco,794,2026-04-12 23:31:03+00:00,2026-04-12 23:31:03+00:00
10,españa gijón gran pedro sánchez,840,2026-04-12 23:31:03+00:00,2026-04-12 23:31:03+00:00
11,madrid real santa semana tras,2779,2026-04-12 23:31:03+00:00,2026-04-12 23:31:03+00:00
12,artemis astronautas ii luna misión,972,2026-04-12 23:31:03+00:00,2026-04-12 23:31:03+00:00
13,ataques irán israel líbano netanyahu,734,2026-04-12 23:31:03+00:00,2026-04-12 23:31:03+00:00
14,años deportivo internacional irán mundo,529,2026-04-12 23:31:03+00:00,2026-04-12 23:31:03+00:00
0,españa gobierno irán pide trump,445,2026-04-13 00:01:04+00:00,2026-04-13 00:01:04+00:00
1,amenaza estrecho irán ormuz trump,1559,2026-04-13 00:01:04+00:00,2026-04-13 00:01:04+00:00
2,000 años madrid quot zaragoza,23507,2026-04-13 00:01:04+00:00,2026-04-13 00:01:04+00:00
3,españa madrid málaga santa semana,895,2026-04-13 00:01:04+00:00,2026-04-13 00:01:04+00:00
4,2026 abril comprobar horóscopo hoy,1105,2026-04-13 00:01:04+00:00,2026-04-13 00:01:04+00:00
5,alcaraz directo montecarlo partido ver,783,2026-04-13 00:01:04+00:00,2026-04-13 00:01:04+00:00
6,artemis astronautas ii luna misión,941,2026-04-13 00:01:04+00:00,2026-04-13 00:01:04+00:00
7,años españa irán ser tras,1547,2026-04-13 00:01:04+00:00,2026-04-13 00:01:04+00:00
8,años dos heridos irán tras,862,2026-04-13 00:01:04+00:00,2026-04-13 00:01:04+00:00
9,2026 com día internacional pueblo,2459,2026-04-13 00:01:04+00:00,2026-04-13 00:01:04+00:00
10,2025 2026 declaración hacienda renta,336,2026-04-13 00:01:04+00:00,2026-04-13 00:01:04+00:00
11,hace historia mujer primera vez,1153,2026-04-13 00:01:04+00:00,2026-04-13 00:01:04+00:00
12,españa internacional irán marca nuevo,674,2026-04-13 00:01:04+00:00,2026-04-13 00:01:04+00:00
13,com egipto españa guerra millones,2516,2026-04-13 00:01:04+00:00,2026-04-13 00:01:04+00:00
14,directo guerra irán israel última,2164,2026-04-13 00:01:04+00:00,2026-04-13 00:01:04+00:00
0,años dos muere tras tres,2403,2026-04-13 00:31:05+00:00,2026-04-13 00:31:05+00:00
1,artemis astronautas ii luna misión,963,2026-04-13 00:31:05+00:00,2026-04-13 00:31:05+00:00
2,com egipto españa guerra millones,2572,2026-04-13 00:31:05+00:00,2026-04-13 00:31:05+00:00
3,directo guerra irán israel trump,3038,2026-04-13 00:31:05+00:00,2026-04-13 00:31:05+00:00
4,com día gitano internacional pueblo,2202,2026-04-13 00:31:05+00:00,2026-04-13 00:31:05+00:00
5,000 2025 españa euros millones,1351,2026-04-13 00:31:05+00:00,2026-04-13 00:31:05+00:00
6,cadena irán puede ser tras,702,2026-04-13 00:31:05+00:00,2026-04-13 00:31:05+00:00
7,2026 abril comprobar horóscopo hoy,964,2026-04-13 00:31:05+00:00,2026-04-13 00:31:05+00:00
8,dos gobierno si trump zaragoza,22609,2026-04-13 00:31:05+00:00,2026-04-13 00:31:05+00:00
9,atlético barcelona internacional madrid rosalía,834,2026-04-13 00:31:05+00:00,2026-04-13 00:31:05+00:00
10,españa málaga santa semana tras,870,2026-04-13 00:31:05+00:00,2026-04-13 00:31:05+00:00
11,bayern directo madrid real zaragoza,533,2026-04-13 00:31:05+00:00,2026-04-13 00:31:05+00:00
12,039 españa irán quot si,460,2026-04-13 00:31:05+00:00,2026-04-13 00:31:05+00:00
13,2026 declaración españa internacional renta,793,2026-04-13 00:31:05+00:00,2026-04-13 00:31:05+00:00
14,adiós aemet lluvias tiempo valencia,701,2026-04-13 00:31:05+00:00,2026-04-13 00:31:05+00:00
0,españa internacional irán nuevo piden,663,2026-04-13 01:01:07+00:00,2026-04-13 01:01:07+00:00
1,artemis astronautas ii luna misión,972,2026-04-13 01:01:07+00:00,2026-04-13 01:01:07+00:00
2,atlético barcelona bayern madrid real,1071,2026-04-13 01:01:07+00:00,2026-04-13 01:01:07+00:00
3,2026 abril comprobar horóscopo hoy,1105,2026-04-13 01:01:07+00:00,2026-04-13 01:01:07+00:00
4,000 22 españa euros millones,820,2026-04-13 01:01:07+00:00,2026-04-13 01:01:07+00:00
5,directo guerra hora irán última,622,2026-04-13 01:01:07+00:00,2026-04-13 01:01:07+00:00
6,2026 día gitano internacional pueblo,2057,2026-04-13 01:01:07+00:00,2026-04-13 01:01:07+00:00
7,años dos hace muere tras,1346,2026-04-13 01:01:07+00:00,2026-04-13 01:01:07+00:00
8,deportivo españa internacional irán mundo,535,2026-04-13 01:01:07+00:00,2026-04-13 01:01:07+00:00
9,estrecho guerra irán ormuz trump,1551,2026-04-13 01:01:07+00:00,2026-04-13 01:01:07+00:00
10,000 dos quot tras zaragoza,24218,2026-04-13 01:01:07+00:00,2026-04-13 01:01:07+00:00
11,egipto españa gobierno guerra ue,2147,2026-04-13 01:01:07+00:00,2026-04-13 01:01:07+00:00
12,com dw elplural españa internacional,1165,2026-04-13 01:01:07+00:00,2026-04-13 01:01:07+00:00
13,españa málaga santa semana tras,878,2026-04-13 01:01:07+00:00,2026-04-13 01:01:07+00:00
14,ee eeuu guerra irán uu,1854,2026-04-13 01:01:07+00:00,2026-04-13 01:01:07+00:00
0,50 años hace muere tras,1306,2026-04-13 01:31:08+00:00,2026-04-13 01:31:08+00:00
1,guerra irán otan tras trump,1383,2026-04-13 01:31:08+00:00,2026-04-13 01:31:08+00:00
2,directo guerra irán israel última,1814,2026-04-13 01:31:08+00:00,2026-04-13 01:31:08+00:00
3,egipto españa guerra millones ue,2356,2026-04-13 01:31:08+00:00,2026-04-13 01:31:08+00:00
4,com dw elplural españa internacional,1185,2026-04-13 01:31:08+00:00,2026-04-13 01:31:08+00:00
5,españa málaga santa semana tras,861,2026-04-13 01:31:08+00:00,2026-04-13 01:31:08+00:00
6,000 artemis ii quot tras,24262,2026-04-13 01:31:08+00:00,2026-04-13 01:31:08+00:00
7,2025 2026 cómo declaración renta,758,2026-04-13 01:31:08+00:00,2026-04-13 01:31:08+00:00
8,casademont dos parque real zaragoza,733,2026-04-13 01:31:08+00:00,2026-04-13 01:31:08+00:00
9,2026 abril comprobar horóscopo hoy,1079,2026-04-13 01:31:08+00:00,2026-04-13 01:31:08+00:00
10,atlético barcelona bayern madrid real,1075,2026-04-13 01:31:08+00:00,2026-04-13 01:31:08+00:00
11,ee estrecho irán ormuz uu,895,2026-04-13 01:31:08+00:00,2026-04-13 01:31:08+00:00
12,años dos españa heridos tras,859,2026-04-13 01:31:08+00:00,2026-04-13 01:31:08+00:00
13,2026 día gitano internacional pueblo,2092,2026-04-13 01:31:08+00:00,2026-04-13 01:31:08+00:00
14,años españa nueva quot vida,352,2026-04-13 01:31:08+00:00,2026-04-13 01:31:08+00:00
0,14 años españa millones vivienda,153,2026-04-13 02:01:08+00:00,2026-04-13 02:01:08+00:00
1,000 dos euros gobierno quot,23296,2026-04-13 02:01:08+00:00,2026-04-13 02:01:08+00:00
2,directo guerra irán ormuz trump,2839,2026-04-13 02:01:08+00:00,2026-04-13 02:01:08+00:00
3,blanca casa españa nuevo trump,957,2026-04-13 02:01:08+00:00,2026-04-13 02:01:08+00:00
4,artemis astronautas ii luna misión,972,2026-04-13 02:01:08+00:00,2026-04-13 02:01:08+00:00
5,2026 com día internacional pueblo,2381,2026-04-13 02:01:08+00:00,2026-04-13 02:01:08+00:00
6,2026 abril comprobar horóscopo hoy,1101,2026-04-13 02:01:08+00:00,2026-04-13 02:01:08+00:00
7,atlético barcelona bayern madrid real,1110,2026-04-13 02:01:08+00:00,2026-04-13 02:01:08+00:00
8,dos españa irán tras trump,1442,2026-04-13 02:01:08+00:00,2026-04-13 02:01:08+00:00
9,años dos hace muere tras,1392,2026-04-13 02:01:08+00:00,2026-04-13 02:01:08+00:00
10,casademont dos parque real zaragoza,732,2026-04-13 02:01:08+00:00,2026-04-13 02:01:08+00:00
11,directo guerra irán israel líbano,896,2026-04-13 02:01:08+00:00,2026-04-13 02:01:08+00:00
12,españa málaga santa semana tras,875,2026-04-13 02:01:08+00:00,2026-04-13 02:01:08+00:00
13,com egipto españa guerra millones,2557,2026-04-13 02:01:08+00:00,2026-04-13 02:01:08+00:00
14,alcaraz carlos masters montecarlo sinner,296,2026-04-13 02:01:08+00:00,2026-04-13 02:01:08+00:00
0,españa gobierno pp sánchez vasco,778,2026-04-13 02:31:07+00:00,2026-04-13 02:31:07+00:00
1,directo guerra hora irán última,1529,2026-04-13 02:31:07+00:00,2026-04-13 02:31:07+00:00
2,artemis madrid santa semana zaragoza,23961,2026-04-13 02:31:07+00:00,2026-04-13 02:31:07+00:00
3,años detenidos dos heridos tras,883,2026-04-13 02:31:07+00:00,2026-04-13 02:31:07+00:00
4,039 españa irán quot si,457,2026-04-13 02:31:07+00:00,2026-04-13 02:31:07+00:00
5,andalucía elecciones hungría orbán podemos,795,2026-04-13 02:31:07+00:00,2026-04-13 02:31:07+00:00
6,eeuu estrecho irán ormuz trump,2278,2026-04-13 02:31:07+00:00,2026-04-13 02:31:07+00:00
7,com egipto españa guerra ue,2365,2026-04-13 02:31:07+00:00,2026-04-13 02:31:07+00:00
8,artemis irán ser tras trump,1436,2026-04-13 02:31:07+00:00,2026-04-13 02:31:07+00:00
9,2026 com día internacional pueblo,2378,2026-04-13 02:31:07+00:00,2026-04-13 02:31:07+00:00
10,000 22 españa euros millones,835,2026-04-13 02:31:07+00:00,2026-04-13 02:31:07+00:00
11,50 años hace muere tras,1236,2026-04-13 02:31:07+00:00,2026-04-13 02:31:07+00:00
12,blanca casa españa salón trump,477,2026-04-13 02:31:07+00:00,2026-04-13 02:31:07+00:00
13,2026 abril comprobar horóscopo hoy,1114,2026-04-13 02:31:07+00:00,2026-04-13 02:31:07+00:00
14,concierto internacional madrid mundial rosalía,499,2026-04-13 02:31:07+00:00,2026-04-13 02:31:07+00:00
0,españa internacional irán marca nuevo,672,2026-04-13 03:01:05+00:00,2026-04-13 03:01:05+00:00
1,com egipto españa guerra millones,2518,2026-04-13 03:01:05+00:00,2026-04-13 03:01:05+00:00
2,000 españa euros millones millón,1089,2026-04-13 03:01:05+00:00,2026-04-13 03:01:05+00:00
3,artemis años dos trump zaragoza,23667,2026-04-13 03:01:05+00:00,2026-04-13 03:01:05+00:00
4,039 españa irán quot si,457,2026-04-13 03:01:05+00:00,2026-04-13 03:01:05+00:00
5,atlético barcelona bayern madrid real,1104,2026-04-13 03:01:05+00:00,2026-04-13 03:01:05+00:00
6,basket cf civil guardia valencia,434,2026-04-13 03:01:05+00:00,2026-04-13 03:01:05+00:00
7,2025 declaración mundo renta si,1141,2026-04-13 03:01:05+00:00,2026-04-13 03:01:05+00:00
8,directo guerra irán israel trump,2933,2026-04-13 03:01:05+00:00,2026-04-13 03:01:05+00:00
9,ayuntamiento día gitano internacional pueblo,633,2026-04-13 03:01:05+00:00,2026-04-13 03:01:05+00:00
10,2026 com diario festival internacional,2111,2026-04-13 03:01:05+00:00,2026-04-13 03:01:05+00:00
11,españa fin málaga santa semana,867,2026-04-13 03:01:05+00:00,2026-04-13 03:01:05+00:00
12,años españa irán tras trump,1666,2026-04-13 03:01:05+00:00,2026-04-13 03:01:05+00:00
13,cómo hacer irán renta ver,553,2026-04-13 03:01:05+00:00,2026-04-13 03:01:05+00:00
14,2026 abril comprobar horóscopo hoy,1088,2026-04-13 03:01:05+00:00,2026-04-13 03:01:05+00:00
0,años después hace muere tras,1401,2026-04-13 03:31:04+00:00,2026-04-13 03:31:04+00:00
1,amenaza ataque irán israel trump,479,2026-04-13 03:31:04+00:00,2026-04-13 03:31:04+00:00
2,2026 abril comprobar horóscopo hoy,1106,2026-04-13 03:31:04+00:00,2026-04-13 03:31:04+00:00
3,directo guerra irán israel última,2178,2026-04-13 03:31:04+00:00,2026-04-13 03:31:04+00:00
4,039 españa irán quot si,455,2026-04-13 03:31:04+00:00,2026-04-13 03:31:04+00:00
5,2026 com día internacional pueblo,2422,2026-04-13 03:31:04+00:00,2026-04-13 03:31:04+00:00
6,artemis gobierno ii luna madrid,22351,2026-04-13 03:31:04+00:00,2026-04-13 03:31:04+00:00
7,estrecho guerra irán ormuz trump,1457,2026-04-13 03:31:04+00:00,2026-04-13 03:31:04+00:00
8,cómo hacer renta si ver,1011,2026-04-13 03:31:04+00:00,2026-04-13 03:31:04+00:00
9,canaria españa gran internacional primer,439,2026-04-13 03:31:04+00:00,2026-04-13 03:31:04+00:00
10,000 2025 españa euros millones,1349,2026-04-13 03:31:04+00:00,2026-04-13 03:31:04+00:00
11,dos madrid real tras zaragoza,2283,2026-04-13 03:31:04+00:00,2026-04-13 03:31:04+00:00
12,com egipto españa guerra millones,2542,2026-04-13 03:31:04+00:00,2026-04-13 03:31:04+00:00
13,españa madrid málaga santa semana,873,2026-04-13 03:31:04+00:00,2026-04-13 03:31:04+00:00
14,aldama juicio kitchen koldo ábalos,557,2026-04-13 03:31:04+00:00,2026-04-13 03:31:04+00:00
0,000 100 españa euros millones,1125,2026-04-13 04:01:08+00:00,2026-04-13 04:01:08+00:00
1,directo guerra irán israel trump,3005,2026-04-13 04:01:08+00:00,2026-04-13 04:01:08+00:00
2,españa madrid málaga santa semana,864,2026-04-13 04:01:08+00:00,2026-04-13 04:01:08+00:00
3,2026 com día internacional pueblo,2381,2026-04-13 04:01:08+00:00,2026-04-13 04:01:08+00:00
4,casademont dos parque real zaragoza,706,2026-04-13 04:01:08+00:00,2026-04-13 04:01:08+00:00
5,2026 abril comprobar horóscopo hoy,1087,2026-04-13 04:01:08+00:00,2026-04-13 04:01:08+00:00
6,cara cuatro luna oculta tras,417,2026-04-13 04:01:08+00:00,2026-04-13 04:01:08+00:00
7,blanca casa españa nuevo trump,937,2026-04-13 04:01:08+00:00,2026-04-13 04:01:08+00:00
8,años dos irán semanas tras,874,2026-04-13 04:01:08+00:00,2026-04-13 04:01:08+00:00
9,artemis astronautas ii luna misión,853,2026-04-13 04:01:08+00:00,2026-04-13 04:01:08+00:00
10,años hace muere tras tres,1273,2026-04-13 04:01:08+00:00,2026-04-13 04:01:08+00:00
11,años irán nueva quot vida,355,2026-04-13 04:01:08+00:00,2026-04-13 04:01:08+00:00
12,gobierno madrid quot tras trump,23467,2026-04-13 04:01:08+00:00,2026-04-13 04:01:08+00:00
13,alcaraz cadena montecarlo ser sinner,939,2026-04-13 04:01:08+00:00,2026-04-13 04:01:08+00:00
14,com egipto españa guerra millones,2573,2026-04-13 04:01:08+00:00,2026-04-13 04:01:08+00:00
0,eeuu guerra irán ormuz trump,2797,2026-04-13 04:31:04+00:00,2026-04-13 04:31:04+00:00
1,atlético barcelona españa país vasco,896,2026-04-13 04:31:04+00:00,2026-04-13 04:31:04+00:00
2,atlético barcelona bayern madrid real,1084,2026-04-13 04:31:04+00:00,2026-04-13 04:31:04+00:00
3,españa gobierno pp psoe vox,1125,2026-04-13 04:31:04+00:00,2026-04-13 04:31:04+00:00
4,000 dos euros quot si,21992,2026-04-13 04:31:04+00:00,2026-04-13 04:31:04+00:00
5,años dos hace muere tras,1393,2026-04-13 04:31:04+00:00,2026-04-13 04:31:04+00:00
6,2026 com día internacional pueblo,2309,2026-04-13 04:31:04+00:00,2026-04-13 04:31:04+00:00
7,alcaraz carlos montecarlo nueva sinner,871,2026-04-13 04:31:04+00:00,2026-04-13 04:31:04+00:00
8,dos irán ser tras trump,1397,2026-04-13 04:31:04+00:00,2026-04-13 04:31:04+00:00
9,casademont dos parque real zaragoza,734,2026-04-13 04:31:04+00:00,2026-04-13 04:31:04+00:00
10,com egipto españa guerra millones,2502,2026-04-13 04:31:04+00:00,2026-04-13 04:31:04+00:00
11,españa madrid málaga santa semana,846,2026-04-13 04:31:04+00:00,2026-04-13 04:31:04+00:00
12,artemis astronautas ii luna misión,961,2026-04-13 04:31:04+00:00,2026-04-13 04:31:04+00:00
13,2026 abril comprobar horóscopo hoy,1105,2026-04-13 04:31:04+00:00,2026-04-13 04:31:04+00:00
14,directo guerra irán israel líbano,958,2026-04-13 04:31:04+00:00,2026-04-13 04:31:04+00:00
0,artemis astronautas ii luna misión,979,2026-04-13 05:01:08+00:00,2026-04-13 05:01:08+00:00
1,directo guerra irán israel trump,3130,2026-04-13 05:01:08+00:00,2026-04-13 05:01:08+00:00
2,000 22 españa euros millones,798,2026-04-13 05:01:08+00:00,2026-04-13 05:01:08+00:00
3,2026 com día internacional pueblo,2382,2026-04-13 05:01:08+00:00,2026-04-13 05:01:08+00:00
4,españa internacional irán marca nuevo,663,2026-04-13 05:01:08+00:00,2026-04-13 05:01:08+00:00
5,2026 abril comprobar horóscopo hoy,1073,2026-04-13 05:01:08+00:00,2026-04-13 05:01:08+00:00
6,com egipto españa guerra ue,2462,2026-04-13 05:01:08+00:00,2026-04-13 05:01:08+00:00
7,años detenido hombre muerte tras,722,2026-04-13 05:01:08+00:00,2026-04-13 05:01:08+00:00
8,000 100 años euros millón,909,2026-04-13 05:01:08+00:00,2026-04-13 05:01:08+00:00
9,españa málaga santa semana tras,843,2026-04-13 05:01:08+00:00,2026-04-13 05:01:08+00:00
10,atlético barcelona bayern madrid real,1103,2026-04-13 05:01:08+00:00,2026-04-13 05:01:08+00:00
11,alcaraz carlos juan montecarlo sinner,503,2026-04-13 05:01:08+00:00,2026-04-13 05:01:08+00:00
12,años dos irán semanas tras,874,2026-04-13 05:01:08+00:00,2026-04-13 05:01:08+00:00
13,gobierno pp psoe tras vox,663,2026-04-13 05:01:08+00:00,2026-04-13 05:01:08+00:00
14,años quot tras trump zaragoza,23873,2026-04-13 05:01:08+00:00,2026-04-13 05:01:08+00:00
0,com día internacional quot zaragoza,24071,2026-04-13 05:31:05+00:00,2026-04-13 05:31:05+00:00
1,amenaza estrecho irán ormuz trump,1540,2026-04-13 05:31:05+00:00,2026-04-13 05:31:05+00:00
2,000 declaración euros millones renta,1581,2026-04-13 05:31:05+00:00,2026-04-13 05:31:05+00:00
3,años detenidos dos heridos tras,859,2026-04-13 05:31:05+00:00,2026-04-13 05:31:05+00:00
4,com irán ser tras trump,1337,2026-04-13 05:31:05+00:00,2026-04-13 05:31:05+00:00
5,artemis astronautas ii luna misión,956,2026-04-13 05:31:05+00:00,2026-04-13 05:31:05+00:00
6,aitana españa gijón pedro sánchez,654,2026-04-13 05:31:05+00:00,2026-04-13 05:31:05+00:00
7,atlético barcelona bayern madrid real,1090,2026-04-13 05:31:05+00:00,2026-04-13 05:31:05+00:00
8,alto eeuu fuego irán trump,688,2026-04-13 05:31:05+00:00,2026-04-13 05:31:05+00:00
9,2026 abril comprobar horóscopo hoy,1169,2026-04-13 05:31:05+00:00,2026-04-13 05:31:05+00:00
10,com egipto españa guerra ue,2455,2026-04-13 05:31:05+00:00,2026-04-13 05:31:05+00:00
11,españa internacional ley nueva york,621,2026-04-13 05:31:05+00:00,2026-04-13 05:31:05+00:00
12,años hace muere tras tres,1287,2026-04-13 05:31:05+00:00,2026-04-13 05:31:05+00:00
13,españa internacional málaga santa semana,857,2026-04-13 05:31:05+00:00,2026-04-13 05:31:05+00:00
14,directo guerra irán israel última,1799,2026-04-13 05:31:05+00:00,2026-04-13 05:31:05+00:00
0,artemis dos ii madrid quot,23227,2026-04-13 06:01:07+00:00,2026-04-13 06:01:07+00:00
1,eeuu estrecho irán ormuz trump,2403,2026-04-13 06:01:07+00:00,2026-04-13 06:01:07+00:00
2,cadena casademont real ser zaragoza,1132,2026-04-13 06:01:07+00:00,2026-04-13 06:01:07+00:00
3,com egipto españa guerra ue,2422,2026-04-13 06:01:07+00:00,2026-04-13 06:01:07+00:00
4,directo guerra hora irán última,1556,2026-04-13 06:01:07+00:00,2026-04-13 06:01:07+00:00
5,000 2025 22 españa millones,687,2026-04-13 06:01:07+00:00,2026-04-13 06:01:07+00:00
6,2026 abril comprobar horóscopo hoy,1036,2026-04-13 06:01:07+00:00,2026-04-13 06:01:07+00:00
7,000 españa euros millones millón,809,2026-04-13 06:01:07+00:00,2026-04-13 06:01:07+00:00
8,artemis irán ser tras trump,1498,2026-04-13 06:01:07+00:00,2026-04-13 06:01:07+00:00
9,españa internacional ley nueva york,628,2026-04-13 06:01:07+00:00,2026-04-13 06:01:07+00:00
10,abril dos hoy málaga picasso,482,2026-04-13 06:01:07+00:00,2026-04-13 06:01:07+00:00
11,años después dos muere tras,1391,2026-04-13 06:01:07+00:00,2026-04-13 06:01:07+00:00
12,españa madrid málaga santa semana,844,2026-04-13 06:01:07+00:00,2026-04-13 06:01:07+00:00
13,2026 com día internacional pueblo,2312,2026-04-13 06:01:07+00:00,2026-04-13 06:01:07+00:00
14,aldama juicio kitchen koldo ábalos,554,2026-04-13 06:01:07+00:00,2026-04-13 06:01:07+00:00
0,2026 adiós españa nuevos siempre,411,2026-04-13 06:31:06+00:00,2026-04-13 06:31:06+00:00
1,estrecho irán ormuz tras trump,1607,2026-04-13 06:31:06+00:00,2026-04-13 06:31:06+00:00
2,guerra irán israel líbano netanyahu,802,2026-04-13 06:31:06+00:00,2026-04-13 06:31:06+00:00
3,com egipto españa millones ue,2489,2026-04-13 06:31:06+00:00,2026-04-13 06:31:06+00:00
4,cómo declaración hacer irán renta,538,2026-04-13 06:31:06+00:00,2026-04-13 06:31:06+00:00
5,2026 abril comprobar horóscopo hoy,1069,2026-04-13 06:31:06+00:00,2026-04-13 06:31:06+00:00
6,años después dos muere tras,1413,2026-04-13 06:31:06+00:00,2026-04-13 06:31:06+00:00
7,2026 com día internacional pueblo,2444,2026-04-13 06:31:06+00:00,2026-04-13 06:31:06+00:00
8,artemis dos madrid tras zaragoza,23938,2026-04-13 06:31:06+00:00,2026-04-13 06:31:06+00:00
9,españa madrid málaga santa semana,862,2026-04-13 06:31:06+00:00,2026-04-13 06:31:06+00:00
10,años irán nueva tras vida,355,2026-04-13 06:31:06+00:00,2026-04-13 06:31:06+00:00
11,directo guerra hora irán última,1987,2026-04-13 06:31:06+00:00,2026-04-13 06:31:06+00:00
12,000 año españa euros millones,1398,2026-04-13 06:31:06+00:00,2026-04-13 06:31:06+00:00
13,españa puede quot renta si,637,2026-04-13 06:31:06+00:00,2026-04-13 06:31:06+00:00
14,alcaraz carlos directo montecarlo ver,1063,2026-04-13 06:31:06+00:00,2026-04-13 06:31:06+00:00
0,abril internacional previsión tiempo valència,183,2026-04-13 07:01:04+00:00,2026-04-13 07:01:04+00:00
1,años quot si trump zaragoza,22925,2026-04-13 07:01:04+00:00,2026-04-13 07:01:04+00:00
2,000 10 españa euros millones,1399,2026-04-13 07:01:04+00:00,2026-04-13 07:01:04+00:00
3,cadena irán puede ser tras,726,2026-04-13 07:01:04+00:00,2026-04-13 07:01:04+00:00
4,2026 abril comprobar horóscopo hoy,1082,2026-04-13 07:01:04+00:00,2026-04-13 07:01:04+00:00
5,españa madrid málaga santa semana,841,2026-04-13 07:01:04+00:00,2026-04-13 07:01:04+00:00
6,años dos irán semanas tras,868,2026-04-13 07:01:04+00:00,2026-04-13 07:01:04+00:00
7,así españa irán sido tras,652,2026-04-13 07:01:04+00:00,2026-04-13 07:01:04+00:00
8,atlético años madrid real tras,2247,2026-04-13 07:01:04+00:00,2026-04-13 07:01:04+00:00
9,com egipto españa guerra millones,2643,2026-04-13 07:01:04+00:00,2026-04-13 07:01:04+00:00
10,artemis astronautas ii luna misión,959,2026-04-13 07:01:04+00:00,2026-04-13 07:01:04+00:00
11,directo guerra irán israel trump,2976,2026-04-13 07:01:04+00:00,2026-04-13 07:01:04+00:00
12,españa internacional ley nueva york,625,2026-04-13 07:01:04+00:00,2026-04-13 07:01:04+00:00
13,aldama juicio kitchen koldo ábalos,536,2026-04-13 07:01:04+00:00,2026-04-13 07:01:04+00:00
14,2026 com día internacional pueblo,2342,2026-04-13 07:01:04+00:00,2026-04-13 07:01:04+00:00
0,50 años hace muere tras,1279,2026-04-13 07:31:06+00:00,2026-04-13 07:31:06+00:00
1,as diario españa internacional mejor,667,2026-04-13 07:31:06+00:00,2026-04-13 07:31:06+00:00
2,cómo directo irán renta ver,563,2026-04-13 07:31:06+00:00,2026-04-13 07:31:06+00:00
3,directo guerra irán israel última,2190,2026-04-13 07:31:06+00:00,2026-04-13 07:31:06+00:00
4,barcelona madrid quot real tras,2535,2026-04-13 07:31:06+00:00,2026-04-13 07:31:06+00:00
5,000 artemis euros ii luna,22809,2026-04-13 07:31:06+00:00,2026-04-13 07:31:06+00:00
6,españa madrid málaga santa semana,841,2026-04-13 07:31:06+00:00,2026-04-13 07:31:06+00:00
7,com egipto españa guerra millones,2401,2026-04-13 07:31:06+00:00,2026-04-13 07:31:06+00:00
8,2026 abril comprobar horóscopo hoy,1054,2026-04-13 07:31:06+00:00,2026-04-13 07:31:06+00:00
9,2026 com día internacional pueblo,2223,2026-04-13 07:31:06+00:00,2026-04-13 07:31:06+00:00
10,casademont centro parque real zaragoza,727,2026-04-13 07:31:06+00:00,2026-04-13 07:31:06+00:00
11,estrecho guerra irán ormuz trump,1600,2026-04-13 07:31:06+00:00,2026-04-13 07:31:06+00:00
12,años dos heridos irán tras,862,2026-04-13 07:31:06+00:00,2026-04-13 07:31:06+00:00
13,españa europa internacional press trump,508,2026-04-13 07:31:06+00:00,2026-04-13 07:31:06+00:00
14,españa gobierno pp sánchez vasco,779,2026-04-13 07:31:06+00:00,2026-04-13 07:31:06+00:00
0,quot santa semana trump zaragoza,22524,2026-04-13 08:01:04+00:00,2026-04-13 08:01:04+00:00
1,ayuntamiento día gitano internacional pueblo,655,2026-04-13 08:01:04+00:00,2026-04-13 08:01:04+00:00
2,2026 abril comprobar horóscopo hoy,1061,2026-04-13 08:01:04+00:00,2026-04-13 08:01:04+00:00
3,artemis astronautas ii luna misión,964,2026-04-13 08:01:04+00:00,2026-04-13 08:01:04+00:00
4,2026 com diario festival internacional,2128,2026-04-13 08:01:04+00:00,2026-04-13 08:01:04+00:00
5,españa irán ser tras trump,1387,2026-04-13 08:01:04+00:00,2026-04-13 08:01:04+00:00
6,alto eeuu fuego irán trump,723,2026-04-13 08:01:04+00:00,2026-04-13 08:01:04+00:00
7,com egipto españa guerra millones,2547,2026-04-13 08:01:04+00:00,2026-04-13 08:01:04+00:00
8,años hace muere tras tres,1267,2026-04-13 08:01:04+00:00,2026-04-13 08:01:04+00:00
9,directo guerra irán israel trump,2564,2026-04-13 08:01:04+00:00,2026-04-13 08:01:04+00:00
10,aldama gobierno juicio koldo ábalos,1134,2026-04-13 08:01:04+00:00,2026-04-13 08:01:04+00:00
11,años detenido hombre muerte tras,531,2026-04-13 08:01:04+00:00,2026-04-13 08:01:04+00:00
12,000 así euros millones millón,1497,2026-04-13 08:01:04+00:00,2026-04-13 08:01:04+00:00
13,atlético barcelona bayern madrid real,1103,2026-04-13 08:01:04+00:00,2026-04-13 08:01:04+00:00
14,años dos irán semanas tras,915,2026-04-13 08:01:04+00:00,2026-04-13 08:01:04+00:00
0,com españa impulsa internacional proyecto,247,2026-04-13 08:31:04+00:00,2026-04-13 08:31:04+00:00
1,atlético barcelona bayern madrid real,1054,2026-04-13 08:31:04+00:00,2026-04-13 08:31:04+00:00
2,españa málaga santa semana tras,834,2026-04-13 08:31:04+00:00,2026-04-13 08:31:04+00:00
3,com egipto españa guerra millones,2471,2026-04-13 08:31:04+00:00,2026-04-13 08:31:04+00:00
4,españa internacional irán marca nuevo,644,2026-04-13 08:31:04+00:00,2026-04-13 08:31:04+00:00
5,dos quot tras trump zaragoza,23919,2026-04-13 08:31:04+00:00,2026-04-13 08:31:04+00:00
6,así españa irán sido tras,644,2026-04-13 08:31:04+00:00,2026-04-13 08:31:04+00:00
7,artemis astronautas ii luna misión,967,2026-04-13 08:31:04+00:00,2026-04-13 08:31:04+00:00
8,2026 com día internacional pueblo,2292,2026-04-13 08:31:04+00:00,2026-04-13 08:31:04+00:00
9,años dos hace muere tras,1391,2026-04-13 08:31:04+00:00,2026-04-13 08:31:04+00:00
10,alcaraz carlos juan montecarlo sinner,493,2026-04-13 08:31:04+00:00,2026-04-13 08:31:04+00:00
11,2026 abril comprobar horóscopo hoy,1081,2026-04-13 08:31:04+00:00,2026-04-13 08:31:04+00:00
12,directo guerra irán israel trump,3134,2026-04-13 08:31:04+00:00,2026-04-13 08:31:04+00:00
13,españa gobierno pp sánchez vasco,761,2026-04-13 08:31:04+00:00,2026-04-13 08:31:04+00:00
14,000 100 españa euros millones,1080,2026-04-13 08:31:04+00:00,2026-04-13 08:31:04+00:00
0,atlético barcelona champions directo madrid,566,2026-04-13 09:01:04+00:00,2026-04-13 09:01:04+00:00
1,años españa irán ser tras,1560,2026-04-13 09:01:04+00:00,2026-04-13 09:01:04+00:00
2,españa madrid málaga santa semana,855,2026-04-13 09:01:04+00:00,2026-04-13 09:01:04+00:00
3,2026 com día internacional pueblo,2421,2026-04-13 09:01:04+00:00,2026-04-13 09:01:04+00:00
4,com españa guerra millones ue,2479,2026-04-13 09:01:04+00:00,2026-04-13 09:01:04+00:00
5,000 dos menos personas tras,351,2026-04-13 09:01:04+00:00,2026-04-13 09:01:04+00:00
6,2026 abril comprobar horóscopo hoy,1075,2026-04-13 09:01:04+00:00,2026-04-13 09:01:04+00:00
7,españa gobierno pp sánchez vasco,756,2026-04-13 09:01:04+00:00,2026-04-13 09:01:04+00:00
8,000 españa euros millones millón,1104,2026-04-13 09:01:04+00:00,2026-04-13 09:01:04+00:00
9,039 años irán quot si,452,2026-04-13 09:01:04+00:00,2026-04-13 09:01:04+00:00
10,artemis astronautas ii luna misión,959,2026-04-13 09:01:04+00:00,2026-04-13 09:01:04+00:00
11,directo guerra irán israel última,2176,2026-04-13 09:01:04+00:00,2026-04-13 09:01:04+00:00
12,blanca casa españa salón trump,457,2026-04-13 09:01:04+00:00,2026-04-13 09:01:04+00:00
13,estrecho guerra irán ormuz trump,1525,2026-04-13 09:01:04+00:00,2026-04-13 09:01:04+00:00
14,así años dos madrid zaragoza,24260,2026-04-13 09:01:04+00:00,2026-04-13 09:01:04+00:00
0,000 euros gobierno si zaragoza,21711,2026-04-13 09:31:08+00:00,2026-04-13 09:31:08+00:00
1,dos españa irán tras trump,1476,2026-04-13 09:31:08+00:00,2026-04-13 09:31:08+00:00
2,039 españa irán quot si,449,2026-04-13 09:31:08+00:00,2026-04-13 09:31:08+00:00
3,alcaraz carlos juan montecarlo sinner,490,2026-04-13 09:31:08+00:00,2026-04-13 09:31:08+00:00
4,000 22 españa euros millones,841,2026-04-13 09:31:08+00:00,2026-04-13 09:31:08+00:00
5,directo guerra hora irán última,1629,2026-04-13 09:31:08+00:00,2026-04-13 09:31:08+00:00
6,2026 com día españa internacional,4455,2026-04-13 09:31:08+00:00,2026-04-13 09:31:08+00:00
7,artemis astronautas ii luna misión,957,2026-04-13 09:31:08+00:00,2026-04-13 09:31:08+00:00
8,2026 abril hoy santa semana,1858,2026-04-13 09:31:08+00:00,2026-04-13 09:31:08+00:00
9,años dos hace muere tras,1329,2026-04-13 09:31:08+00:00,2026-04-13 09:31:08+00:00
10,eeuu estrecho irán ormuz trump,2338,2026-04-13 09:31:08+00:00,2026-04-13 09:31:08+00:00
11,españa internacional irán nuevo piden,678,2026-04-13 09:31:08+00:00,2026-04-13 09:31:08+00:00
12,aldama dos juicio koldo ábalos,1164,2026-04-13 09:31:08+00:00,2026-04-13 09:31:08+00:00
13,atlético barcelona bayern madrid real,1134,2026-04-13 09:31:08+00:00,2026-04-13 09:31:08+00:00
14,elecciones hungría magyar orbán perú,474,2026-04-13 09:31:08+00:00,2026-04-13 09:31:08+00:00
0,atlético barcelona champions directo madrid,569,2026-04-13 10:01:08+00:00,2026-04-13 10:01:08+00:00
1,artemis astronautas ii luna misión,963,2026-04-13 10:01:08+00:00,2026-04-13 10:01:08+00:00
2,039 bayern madrid quot real,1296,2026-04-13 10:01:08+00:00,2026-04-13 10:01:08+00:00
3,com egipto españa guerra millones,2568,2026-04-13 10:01:08+00:00,2026-04-13 10:01:08+00:00
4,000 euros gobierno millones si,22030,2026-04-13 10:01:08+00:00,2026-04-13 10:01:08+00:00
5,directo guerra hora irán última,1551,2026-04-13 10:01:08+00:00,2026-04-13 10:01:08+00:00
6,eeuu estrecho irán ormuz trump,2354,2026-04-13 10:01:08+00:00,2026-04-13 10:01:08+00:00
7,españa internacional málaga santa semana,817,2026-04-13 10:01:08+00:00,2026-04-13 10:01:08+00:00
8,alcaraz carlos dos montecarlo sinner,1002,2026-04-13 10:01:08+00:00,2026-04-13 10:01:08+00:00
9,2026 declaración deportivo mundo renta,867,2026-04-13 10:01:08+00:00,2026-04-13 10:01:08+00:00
10,casademont centro parque real zaragoza,725,2026-04-13 10:01:08+00:00,2026-04-13 10:01:08+00:00
11,2026 com día internacional pueblo,2400,2026-04-13 10:01:08+00:00,2026-04-13 10:01:08+00:00
12,años dos muere tras tres,1379,2026-04-13 10:01:08+00:00,2026-04-13 10:01:08+00:00
13,españa irán ser tras trump,1409,2026-04-13 10:01:08+00:00,2026-04-13 10:01:08+00:00
14,2026 abril comprobar horóscopo hoy,1009,2026-04-13 10:01:08+00:00,2026-04-13 10:01:08+00:00
0,000 dos euros tras zaragoza,23277,2026-04-13 10:31:10+00:00,2026-04-13 10:31:10+00:00
1,españa fin málaga santa semana,842,2026-04-13 10:31:10+00:00,2026-04-13 10:31:10+00:00
2,años dos muere quot tras,1625,2026-04-13 10:31:10+00:00,2026-04-13 10:31:10+00:00
3,2026 abril comprobar horóscopo hoy,1057,2026-04-13 10:31:10+00:00,2026-04-13 10:31:10+00:00
4,eeuu estrecho irán ormuz trump,2429,2026-04-13 10:31:10+00:00,2026-04-13 10:31:10+00:00
5,españa internacional irán marca nuevo,660,2026-04-13 10:31:10+00:00,2026-04-13 10:31:10+00:00
6,años deportivo españa internacional mundo,508,2026-04-13 10:31:10+00:00,2026-04-13 10:31:10+00:00
7,atlético barcelona bayern madrid real,1095,2026-04-13 10:31:10+00:00,2026-04-13 10:31:10+00:00
8,directo guerra irán israel última,1429,2026-04-13 10:31:10+00:00,2026-04-13 10:31:10+00:00
9,guerra irán medio oriente última,458,2026-04-13 10:31:10+00:00,2026-04-13 10:31:10+00:00
10,artemis ii internacional luna misión,3113,2026-04-13 10:31:10+00:00,2026-04-13 10:31:10+00:00
11,años detenido hombre pareja tras,551,2026-04-13 10:31:10+00:00,2026-04-13 10:31:10+00:00
12,2025 declaración hacienda renta si,872,2026-04-13 10:31:10+00:00,2026-04-13 10:31:10+00:00
13,com egipto españa internacional millones,2584,2026-04-13 10:31:10+00:00,2026-04-13 10:31:10+00:00
14,alcaraz carlos juan montecarlo sinner,475,2026-04-13 10:31:10+00:00,2026-04-13 10:31:10+00:00
0,000 dos euros quot trump,23007,2026-04-13 11:01:06+00:00,2026-04-13 11:01:06+00:00
1,artemis astronautas ii luna misión,930,2026-04-13 11:01:06+00:00,2026-04-13 11:01:06+00:00
2,directo guerra irán israel trump,2962,2026-04-13 11:01:06+00:00,2026-04-13 11:01:06+00:00
3,com egipto españa guerra millones,2540,2026-04-13 11:01:06+00:00,2026-04-13 11:01:06+00:00
4,2026 abril comprobar horóscopo hoy,1060,2026-04-13 11:01:06+00:00,2026-04-13 11:01:06+00:00
5,así cadena irán puede ser,1068,2026-04-13 11:01:06+00:00,2026-04-13 11:01:06+00:00
6,años dos muere tras tres,1355,2026-04-13 11:01:06+00:00,2026-04-13 11:01:06+00:00
7,heridos ia menos muerto muertos,555,2026-04-13 11:01:06+00:00,2026-04-13 11:01:06+00:00
8,atlético barcelona bayern madrid real,1092,2026-04-13 11:01:06+00:00,2026-04-13 11:01:06+00:00
9,casademont centro parque real zaragoza,713,2026-04-13 11:01:06+00:00,2026-04-13 11:01:06+00:00
10,españa internacional málaga santa semana,819,2026-04-13 11:01:06+00:00,2026-04-13 11:01:06+00:00
11,españa internacional ley nueva york,612,2026-04-13 11:01:06+00:00,2026-04-13 11:01:06+00:00
12,2026 com día internacional pueblo,2284,2026-04-13 11:01:06+00:00,2026-04-13 11:01:06+00:00
13,dos españa irán tras trump,1480,2026-04-13 11:01:06+00:00,2026-04-13 11:01:06+00:00
14,años españa internacional primera vez,504,2026-04-13 11:01:06+00:00,2026-04-13 11:01:06+00:00
0,2026 abril comprobar horóscopo hoy,1030,2026-04-13 11:31:08+00:00,2026-04-13 11:31:08+00:00
1,artemis astronautas ii luna misión,956,2026-04-13 11:31:08+00:00,2026-04-13 11:31:08+00:00
2,2026 com día internacional pueblo,2472,2026-04-13 11:31:08+00:00,2026-04-13 11:31:08+00:00
3,españa madrid nuevo quot zaragoza,23002,2026-04-13 11:31:08+00:00,2026-04-13 11:31:08+00:00
4,abril hoy málaga netanyahu picasso,480,2026-04-13 11:31:08+00:00,2026-04-13 11:31:08+00:00
5,españa madrid málaga santa semana,837,2026-04-13 11:31:08+00:00,2026-04-13 11:31:08+00:00
6,alcaraz dos juicio país ábalos,1814,2026-04-13 11:31:08+00:00,2026-04-13 11:31:08+00:00
7,000 años españa euros millón,972,2026-04-13 11:31:08+00:00,2026-04-13 11:31:08+00:00
8,años dos españa muere tras,2385,2026-04-13 11:31:08+00:00,2026-04-13 11:31:08+00:00
9,cadena irán puede ser tras,737,2026-04-13 11:31:08+00:00,2026-04-13 11:31:08+00:00
10,ee guerra irán trump uu,565,2026-04-13 11:31:08+00:00,2026-04-13 11:31:08+00:00
11,000 22 españa euros millones,820,2026-04-13 11:31:08+00:00,2026-04-13 11:31:08+00:00
12,guerra irán ormuz tras trump,1535,2026-04-13 11:31:08+00:00,2026-04-13 11:31:08+00:00
13,com españa gobierno pp vox,1317,2026-04-13 11:31:08+00:00,2026-04-13 11:31:08+00:00
14,directo eeuu guerra irán israel,2083,2026-04-13 11:31:08+00:00,2026-04-13 11:31:08+00:00
0,in malaga of the to,273,2026-04-13 12:01:09+00:00,2026-04-13 12:01:09+00:00
1,años dos real tras zaragoza,1934,2026-04-13 12:01:09+00:00,2026-04-13 12:01:09+00:00
2,año españa europa internacional press,845,2026-04-13 12:01:09+00:00,2026-04-13 12:01:09+00:00
3,2026 día gitano internacional pueblo,2095,2026-04-13 12:01:09+00:00,2026-04-13 12:01:09+00:00
4,dos euros madrid quot tras,24566,2026-04-13 12:01:09+00:00,2026-04-13 12:01:09+00:00
5,ee guerra irán israel uu,576,2026-04-13 12:01:09+00:00,2026-04-13 12:01:09+00:00
6,egipto españa guerra millones ue,2315,2026-04-13 12:01:09+00:00,2026-04-13 12:01:09+00:00
7,artemis astronautas ii luna misión,970,2026-04-13 12:01:09+00:00,2026-04-13 12:01:09+00:00
8,2026 abril comprobar horóscopo hoy,1075,2026-04-13 12:01:09+00:00,2026-04-13 12:01:09+00:00
9,eeuu guerra irán ormuz trump,2726,2026-04-13 12:01:09+00:00,2026-04-13 12:01:09+00:00
10,com elplural españa internacional irán,1163,2026-04-13 12:01:09+00:00,2026-04-13 12:01:09+00:00
11,españa madrid málaga santa semana,846,2026-04-13 12:01:09+00:00,2026-04-13 12:01:09+00:00
12,guerra irán israel líbano netanyahu,794,2026-04-13 12:01:09+00:00,2026-04-13 12:01:09+00:00
13,años español hace historia mara,326,2026-04-13 12:01:09+00:00,2026-04-13 12:01:09+00:00
14,000 adamuz civil guardia personas,492,2026-04-13 12:01:09+00:00,2026-04-13 12:01:09+00:00
0,000 años dos euros quot,24347,2026-04-13 12:31:12+00:00,2026-04-13 12:31:12+00:00
1,heridos ia menos quot solo,759,2026-04-13 12:31:12+00:00,2026-04-13 12:31:12+00:00
2,años detenido hombre pareja tras,535,2026-04-13 12:31:12+00:00,2026-04-13 12:31:12+00:00
3,directo guerra hora irán última,623,2026-04-13 12:31:12+00:00,2026-04-13 12:31:12+00:00
4,2026 com día internacional pueblo,2436,2026-04-13 12:31:12+00:00,2026-04-13 12:31:12+00:00
5,españa fin málaga santa semana,825,2026-04-13 12:31:12+00:00,2026-04-13 12:31:12+00:00
6,bayern directo madrid real zaragoza,1114,2026-04-13 12:31:12+00:00,2026-04-13 12:31:12+00:00
7,2026 abril comprobar horóscopo hoy,1052,2026-04-13 12:31:12+00:00,2026-04-13 12:31:12+00:00
8,com egipto españa guerra millones,2600,2026-04-13 12:31:12+00:00,2026-04-13 12:31:12+00:00
9,años dos españa ser tras,1439,2026-04-13 12:31:12+00:00,2026-04-13 12:31:12+00:00
10,atlético barcelona champions directo madrid,551,2026-04-13 12:31:12+00:00,2026-04-13 12:31:12+00:00
11,eeuu fuego guerra irán uu,1947,2026-04-13 12:31:12+00:00,2026-04-13 12:31:12+00:00
12,estrecho guerra irán ormuz trump,1647,2026-04-13 12:31:12+00:00,2026-04-13 12:31:12+00:00
13,artemis astronautas ii luna misión,972,2026-04-13 12:31:12+00:00,2026-04-13 12:31:12+00:00
14,deja españa euros muertos tras,295,2026-04-13 12:31:12+00:00,2026-04-13 12:31:12+00:00
0,deportivo españa internacional mundo trump,532,2026-04-13 13:01:08+00:00,2026-04-13 13:01:08+00:00
1,así años quot si zaragoza,23016,2026-04-13 13:01:08+00:00,2026-04-13 13:01:08+00:00
2,com españa millones santa semana,2994,2026-04-13 13:01:08+00:00,2026-04-13 13:01:08+00:00
3,2026 com día internacional pueblo,2465,2026-04-13 13:01:08+00:00,2026-04-13 13:01:08+00:00
4,2026 cómo declaración renta ver,555,2026-04-13 13:01:08+00:00,2026-04-13 13:01:08+00:00
5,atlético barcelona bayern madrid real,1121,2026-04-13 13:01:08+00:00,2026-04-13 13:01:08+00:00
6,años dos heridos irán tras,863,2026-04-13 13:01:08+00:00,2026-04-13 13:01:08+00:00
7,directo guerra irán israel trump,2768,2026-04-13 13:01:08+00:00,2026-04-13 13:01:08+00:00
8,años españa ser tras trump,1592,2026-04-13 13:01:08+00:00,2026-04-13 13:01:08+00:00
9,000 10 españa euros millones,1187,2026-04-13 13:01:08+00:00,2026-04-13 13:01:08+00:00
10,artemis astronautas ii luna misión,960,2026-04-13 13:01:08+00:00,2026-04-13 13:01:08+00:00
11,alto fuego irán israel trump,574,2026-04-13 13:01:08+00:00,2026-04-13 13:01:08+00:00
12,2026 abril comprobar horóscopo hoy,1077,2026-04-13 13:01:08+00:00,2026-04-13 13:01:08+00:00
13,juicio koldo pp vox ábalos,1128,2026-04-13 13:01:08+00:00,2026-04-13 13:01:08+00:00
14,años irán nueva quot vida,359,2026-04-13 13:01:08+00:00,2026-04-13 13:01:08+00:00
0,constitucional garcía juicio koldo ortiz,170,2026-04-13 13:31:08+00:00,2026-04-13 13:31:08+00:00
1,2026 abril comprobar horóscopo hoy,1060,2026-04-13 13:31:08+00:00,2026-04-13 13:31:08+00:00
2,alerta colon cribado cáncer españa,363,2026-04-13 13:31:08+00:00,2026-04-13 13:31:08+00:00
3,atlético barcelona directo madrid real,1141,2026-04-13 13:31:08+00:00,2026-04-13 13:31:08+00:00
4,directo guerra hora irán última,1549,2026-04-13 13:31:08+00:00,2026-04-13 13:31:08+00:00
5,com egipto españa guerra millones,2729,2026-04-13 13:31:08+00:00,2026-04-13 13:31:08+00:00
6,eeuu fuego irán ormuz trump,2591,2026-04-13 13:31:08+00:00,2026-04-13 13:31:08+00:00
7,españa fin málaga santa semana,820,2026-04-13 13:31:08+00:00,2026-04-13 13:31:08+00:00
8,2026 com día internacional pueblo,2431,2026-04-13 13:31:08+00:00,2026-04-13 13:31:08+00:00
9,000 años euros quot tras,24427,2026-04-13 13:31:08+00:00,2026-04-13 13:31:08+00:00
10,artemis astronautas ii luna misión,964,2026-04-13 13:31:08+00:00,2026-04-13 13:31:08+00:00
11,000 dos miles personas tras,359,2026-04-13 13:31:08+00:00,2026-04-13 13:31:08+00:00
12,años español hace historia mara,323,2026-04-13 13:31:08+00:00,2026-04-13 13:31:08+00:00
13,casademont centro parque real zaragoza,717,2026-04-13 13:31:08+00:00,2026-04-13 13:31:08+00:00
14,años cómo dos tras tres,1583,2026-04-13 13:31:08+00:00,2026-04-13 13:31:08+00:00
0,alcaraz busca internacional sánchez tras,221,2026-04-13 15:31:38+00:00,2026-04-13 15:31:38+00:00
1,000 españa euros millones millón,1119,2026-04-13 15:31:38+00:00,2026-04-13 15:31:38+00:00
2,años dos muere tras tres,1828,2026-04-13 15:31:38+00:00,2026-04-13 15:31:38+00:00
3,com egipto españa guerra millones,2558,2026-04-13 15:31:38+00:00,2026-04-13 15:31:38+00:00
4,gobierno quot si tras trump,23388,2026-04-13 15:31:38+00:00,2026-04-13 15:31:38+00:00
5,españa fin málaga santa semana,808,2026-04-13 15:31:38+00:00,2026-04-13 15:31:38+00:00
6,2026 com día internacional pueblo,2312,2026-04-13 15:31:38+00:00,2026-04-13 15:31:38+00:00
7,españa internacional irán marca nuevo,672,2026-04-13 15:31:38+00:00,2026-04-13 15:31:38+00:00
8,atlético barcelona bayern madrid real,1101,2026-04-13 15:31:38+00:00,2026-04-13 15:31:38+00:00
9,ataques israel líbano netanyahu nueva,1031,2026-04-13 15:31:38+00:00,2026-04-13 15:31:38+00:00
10,casademont parque partido real zaragoza,698,2026-04-13 15:31:38+00:00,2026-04-13 15:31:38+00:00
11,años irán nueva quot vida,350,2026-04-13 15:31:38+00:00,2026-04-13 15:31:38+00:00
12,artemis astronautas ii luna misión,968,2026-04-13 15:31:38+00:00,2026-04-13 15:31:38+00:00
13,2026 abril comprobar horóscopo hoy,1057,2026-04-13 15:31:38+00:00,2026-04-13 15:31:38+00:00
14,directo guerra irán israel trump,3113,2026-04-13 15:31:38+00:00,2026-04-13 15:31:38+00:00
0,000 22 españa euros millones,782,2026-04-13 16:01:10+00:00,2026-04-13 16:01:10+00:00
1,000 años dos tras zaragoza,25287,2026-04-13 16:01:10+00:00,2026-04-13 16:01:10+00:00
2,estrecho irán ormuz tras trump,1485,2026-04-13 16:01:10+00:00,2026-04-13 16:01:10+00:00
3,com egipto españa guerra ue,2414,2026-04-13 16:01:10+00:00,2026-04-13 16:01:10+00:00
4,canaria españa gran internacional primer,670,2026-04-13 16:01:10+00:00,2026-04-13 16:01:10+00:00
5,directo guerra irán israel última,2134,2026-04-13 16:01:10+00:00,2026-04-13 16:01:10+00:00
6,2026 com día internacional pueblo,2363,2026-04-13 16:01:10+00:00,2026-04-13 16:01:10+00:00
7,039 años irán quot si,456,2026-04-13 16:01:10+00:00,2026-04-13 16:01:10+00:00
8,españa fin málaga santa semana,808,2026-04-13 16:01:10+00:00,2026-04-13 16:01:10+00:00
9,alto fuego irán israel trump,559,2026-04-13 16:01:10+00:00,2026-04-13 16:01:10+00:00
10,artemis astronautas ii luna misión,963,2026-04-13 16:01:10+00:00,2026-04-13 16:01:10+00:00
11,000 año españa millones primer,416,2026-04-13 16:01:10+00:00,2026-04-13 16:01:10+00:00
12,gobierno pp psoe tras vox,698,2026-04-13 16:01:10+00:00,2026-04-13 16:01:10+00:00
13,2026 abril comprobar horóscopo hoy,1069,2026-04-13 16:01:10+00:00,2026-04-13 16:01:10+00:00
14,atlético barcelona bayern madrid real,1123,2026-04-13 16:01:10+00:00,2026-04-13 16:01:10+00:00
0,gobierno pp psoe tras vox,696,2026-04-13 16:31:08+00:00,2026-04-13 16:31:08+00:00
1,caza derribado irán piloto rescate,223,2026-04-13 16:31:08+00:00,2026-04-13 16:31:08+00:00
2,celebra día gitano internacional pueblo,665,2026-04-13 16:31:08+00:00,2026-04-13 16:31:08+00:00
3,2026 com diario españa internacional,2221,2026-04-13 16:31:08+00:00,2026-04-13 16:31:08+00:00
4,directo guerra irán israel última,2245,2026-04-13 16:31:08+00:00,2026-04-13 16:31:08+00:00
5,com egipto españa guerra millones,2695,2026-04-13 16:31:08+00:00,2026-04-13 16:31:08+00:00
6,atlético barcelona bayern madrid real,1157,2026-04-13 16:31:08+00:00,2026-04-13 16:31:08+00:00
7,años dos heridos irán tras,895,2026-04-13 16:31:08+00:00,2026-04-13 16:31:08+00:00
8,cómo debes quién saber si,84,2026-04-13 16:31:08+00:00,2026-04-13 16:31:08+00:00
9,2026 abril comprobar horóscopo hoy,1061,2026-04-13 16:31:08+00:00,2026-04-13 16:31:08+00:00
10,actor años huelga muere sanidad,148,2026-04-13 16:31:08+00:00,2026-04-13 16:31:08+00:00
11,guerra irán ormuz tras trump,1670,2026-04-13 16:31:08+00:00,2026-04-13 16:31:08+00:00
12,2025 2026 declaración hacienda renta,345,2026-04-13 16:31:08+00:00,2026-04-13 16:31:08+00:00
13,artemis años quot semana tras,26944,2026-04-13 16:31:08+00:00,2026-04-13 16:31:08+00:00
14,30 años españa marzo menos,249,2026-04-13 16:31:08+00:00,2026-04-13 16:31:08+00:00
0,atlético barcelona champions directo madrid,573,2026-04-13 17:01:09+00:00,2026-04-13 17:01:09+00:00
1,2026 abril comprobar horóscopo hoy,1090,2026-04-13 17:01:09+00:00,2026-04-13 17:01:09+00:00
2,000 dos euros madrid semana,24141,2026-04-13 17:01:09+00:00,2026-04-13 17:01:09+00:00
3,artemis astronautas ii luna misión,950,2026-04-13 17:01:09+00:00,2026-04-13 17:01:09+00:00
4,egipto españa guerra millones ue,2312,2026-04-13 17:01:09+00:00,2026-04-13 17:01:09+00:00
5,com dw españa internacional irán,1152,2026-04-13 17:01:09+00:00,2026-04-13 17:01:09+00:00
6,directo guerra irán israel última,2124,2026-04-13 17:01:09+00:00,2026-04-13 17:01:09+00:00
7,casademont centro parque real zaragoza,762,2026-04-13 17:01:09+00:00,2026-04-13 17:01:09+00:00
8,estrecho guerra irán ormuz trump,1531,2026-04-13 17:01:09+00:00,2026-04-13 17:01:09+00:00
9,2026 diario día internacional pueblo,2209,2026-04-13 17:01:09+00:00,2026-04-13 17:01:09+00:00
10,elecciones hungría magyar orbán péter,505,2026-04-13 17:01:09+00:00,2026-04-13 17:01:09+00:00
11,detenido dos irán ser tras,1442,2026-04-13 17:01:09+00:00,2026-04-13 17:01:09+00:00
12,españa gobierno pp sánchez vasco,750,2026-04-13 17:01:09+00:00,2026-04-13 17:01:09+00:00
13,años dos hace muere tras,1317,2026-04-13 17:01:09+00:00,2026-04-13 17:01:09+00:00
14,039 irán quot si trump,457,2026-04-13 17:01:09+00:00,2026-04-13 17:01:09+00:00
0,años dos hace muere tras,1395,2026-04-13 17:31:06+00:00,2026-04-13 17:31:06+00:00
1,000 euros gobierno madrid quot,22454,2026-04-13 17:31:06+00:00,2026-04-13 17:31:06+00:00
2,alcaraz dos koldo montecarlo ábalos,1316,2026-04-13 17:31:06+00:00,2026-04-13 17:31:06+00:00
3,2026 com día internacional pueblo,2432,2026-04-13 17:31:06+00:00,2026-04-13 17:31:06+00:00
4,2026 abril comprobar horóscopo hoy,1031,2026-04-13 17:31:06+00:00,2026-04-13 17:31:06+00:00
5,españa pide primer sánchez trimestre,685,2026-04-13 17:31:06+00:00,2026-04-13 17:31:06+00:00
6,españa quot renta si trump,684,2026-04-13 17:31:06+00:00,2026-04-13 17:31:06+00:00
7,com egipto españa guerra millones,2591,2026-04-13 17:31:06+00:00,2026-04-13 17:31:06+00:00
8,fin hungría orbán primavera semana,330,2026-04-13 17:31:06+00:00,2026-04-13 17:31:06+00:00
9,bayern madrid partido real zaragoza,1101,2026-04-13 17:31:06+00:00,2026-04-13 17:31:06+00:00
10,guerra irán ormuz tras trump,1679,2026-04-13 17:31:06+00:00,2026-04-13 17:31:06+00:00
11,artemis astronautas ii luna misión,957,2026-04-13 17:31:06+00:00,2026-04-13 17:31:06+00:00
12,directo guerra irán israel última,2222,2026-04-13 17:31:06+00:00,2026-04-13 17:31:06+00:00
13,abril hoy málaga santa semana,521,2026-04-13 17:31:06+00:00,2026-04-13 17:31:06+00:00
14,madrid santa semana ser tras,1950,2026-04-13 17:31:06+00:00,2026-04-13 17:31:06+00:00
0,detenido dos hombre irán tras,1395,2026-04-13 18:01:15+00:00,2026-04-13 18:01:15+00:00
1,dos gobierno madrid quot zaragoza,23751,2026-04-13 18:01:15+00:00,2026-04-13 18:01:15+00:00
2,2026 abril comprobar horóscopo hoy,1078,2026-04-13 18:01:15+00:00,2026-04-13 18:01:15+00:00
3,artemis astronautas ii luna misión,941,2026-04-13 18:01:15+00:00,2026-04-13 18:01:15+00:00
4,cadena irán puede ser tras,743,2026-04-13 18:01:15+00:00,2026-04-13 18:01:15+00:00
5,españa madrid málaga santa semana,818,2026-04-13 18:01:15+00:00,2026-04-13 18:01:15+00:00
6,cómo declaración directo renta ver,573,2026-04-13 18:01:15+00:00,2026-04-13 18:01:15+00:00
7,com egipto españa guerra ue,2463,2026-04-13 18:01:15+00:00,2026-04-13 18:01:15+00:00
8,alto fuego irán israel trump,572,2026-04-13 18:01:15+00:00,2026-04-13 18:01:15+00:00
9,directo guerra irán israel última,1972,2026-04-13 18:01:15+00:00,2026-04-13 18:01:15+00:00
10,2026 com día internacional pueblo,2385,2026-04-13 18:01:15+00:00,2026-04-13 18:01:15+00:00
11,españa internacional irán según valència,406,2026-04-13 18:01:15+00:00,2026-04-13 18:01:15+00:00
12,años dos hace muere tras,1403,2026-04-13 18:01:15+00:00,2026-04-13 18:01:15+00:00
13,amenaza estrecho irán ormuz trump,1478,2026-04-13 18:01:15+00:00,2026-04-13 18:01:15+00:00
14,000 10 españa euros millones,1387,2026-04-13 18:01:15+00:00,2026-04-13 18:01:15+00:00
0,años después dos real zaragoza,1835,2026-04-13 18:31:08+00:00,2026-04-13 18:31:08+00:00
1,000 2025 españa euros millones,1342,2026-04-13 18:31:08+00:00,2026-04-13 18:31:08+00:00
2,artemis dos ii quot si,23410,2026-04-13 18:31:08+00:00,2026-04-13 18:31:08+00:00
3,amenaza guerra irán otan trump,1425,2026-04-13 18:31:08+00:00,2026-04-13 18:31:08+00:00
4,com egipto españa guerra ue,2383,2026-04-13 18:31:08+00:00,2026-04-13 18:31:08+00:00
5,eeuu estrecho irán ormuz trump,700,2026-04-13 18:31:08+00:00,2026-04-13 18:31:08+00:00
6,as diario españa internacional madrid,436,2026-04-13 18:31:08+00:00,2026-04-13 18:31:08+00:00
7,años españa luna primera vez,546,2026-04-13 18:31:08+00:00,2026-04-13 18:31:08+00:00
8,directo guerra irán israel última,2002,2026-04-13 18:31:08+00:00,2026-04-13 18:31:08+00:00
9,españa málaga procesiones santa semana,786,2026-04-13 18:31:08+00:00,2026-04-13 18:31:08+00:00
10,artemis años dos irán tras,1673,2026-04-13 18:31:08+00:00,2026-04-13 18:31:08+00:00
11,2026 com día internacional pueblo,2176,2026-04-13 18:31:08+00:00,2026-04-13 18:31:08+00:00
12,atlético barcelona bayern madrid real,1086,2026-04-13 18:31:08+00:00,2026-04-13 18:31:08+00:00
13,2026 abril comprobar horóscopo hoy,1061,2026-04-13 18:31:08+00:00,2026-04-13 18:31:08+00:00
14,españa europa internacional press trump,509,2026-04-13 18:31:08+00:00,2026-04-13 18:31:08+00:00
0,cómo españa explica renta tras,72,2026-04-13 19:01:12+00:00,2026-04-13 19:01:12+00:00
1,000 dos madrid tras zaragoza,25150,2026-04-13 19:01:12+00:00,2026-04-13 19:01:12+00:00
2,artemis astronautas ii luna misión,962,2026-04-13 19:01:12+00:00,2026-04-13 19:01:12+00:00
3,españa madrid málaga santa semana,824,2026-04-13 19:01:12+00:00,2026-04-13 19:01:12+00:00
4,com egipto españa guerra millones,2508,2026-04-13 19:01:12+00:00,2026-04-13 19:01:12+00:00
5,abre españa internacional nueva york,635,2026-04-13 19:01:12+00:00,2026-04-13 19:01:12+00:00
6,039 irán quot si trump,456,2026-04-13 19:01:12+00:00,2026-04-13 19:01:12+00:00
7,2026 abril comprobar horóscopo hoy,956,2026-04-13 19:01:12+00:00,2026-04-13 19:01:12+00:00
8,años dos hace muere tras,1393,2026-04-13 19:01:12+00:00,2026-04-13 19:01:12+00:00
9,alcaraz carlos juan montecarlo sinner,488,2026-04-13 19:01:12+00:00,2026-04-13 19:01:12+00:00
10,atlético barcelona directo madrid país,1075,2026-04-13 19:01:12+00:00,2026-04-13 19:01:12+00:00
11,2026 abril españa internacional renta,791,2026-04-13 19:01:12+00:00,2026-04-13 19:01:12+00:00
12,com día gitano internacional pueblo,2226,2026-04-13 19:01:12+00:00,2026-04-13 19:01:12+00:00
13,directo guerra irán israel trump,3181,2026-04-13 19:01:12+00:00,2026-04-13 19:01:12+00:00
14,españa internacional irán marca nuevo,674,2026-04-13 19:01:12+00:00,2026-04-13 19:01:12+00:00
0,dos gobierno madrid si zaragoza,23237,2026-04-13 19:31:08+00:00,2026-04-13 19:31:08+00:00
1,celebra día gitano internacional pueblo,671,2026-04-13 19:31:08+00:00,2026-04-13 19:31:08+00:00
2,com egipto españa millones ue,2590,2026-04-13 19:31:08+00:00,2026-04-13 19:31:08+00:00
3,baile blanca casa salón trump,460,2026-04-13 19:31:08+00:00,2026-04-13 19:31:08+00:00
4,alcaraz montecarlo partido ver vida,942,2026-04-13 19:31:08+00:00,2026-04-13 19:31:08+00:00
5,estrecho guerra irán ormuz trump,1641,2026-04-13 19:31:08+00:00,2026-04-13 19:31:08+00:00
6,2026 abril comprobar horóscopo hoy,1053,2026-04-13 19:31:08+00:00,2026-04-13 19:31:08+00:00
7,artemis astronautas ii luna misión,959,2026-04-13 19:31:08+00:00,2026-04-13 19:31:08+00:00
8,directo guerra hora irán última,630,2026-04-13 19:31:08+00:00,2026-04-13 19:31:08+00:00
9,años dos hombre muere tras,2487,2026-04-13 19:31:08+00:00,2026-04-13 19:31:08+00:00
10,000 10 españa euros millones,1211,2026-04-13 19:31:08+00:00,2026-04-13 19:31:08+00:00
11,eeuu fuego guerra irán israel,2014,2026-04-13 19:31:08+00:00,2026-04-13 19:31:08+00:00
12,españa madrid málaga santa semana,818,2026-04-13 19:31:08+00:00,2026-04-13 19:31:08+00:00
13,039 años irán quot si,459,2026-04-13 19:31:08+00:00,2026-04-13 19:31:08+00:00
14,2026 com congreso diario internacional,2222,2026-04-13 19:31:08+00:00,2026-04-13 19:31:08+00:00
0,abril internacional previsión tiempo valència,182,2026-04-13 20:01:08+00:00,2026-04-13 20:01:08+00:00
1,000 22 españa euros millones,808,2026-04-13 20:01:08+00:00,2026-04-13 20:01:08+00:00
2,com egipto españa guerra ue,2520,2026-04-13 20:01:08+00:00,2026-04-13 20:01:08+00:00
3,2026 abril día hoy internacional,3330,2026-04-13 20:01:08+00:00,2026-04-13 20:01:08+00:00
4,000 años dos ser si,23724,2026-04-13 20:01:08+00:00,2026-04-13 20:01:08+00:00
5,españa fin málaga santa semana,791,2026-04-13 20:01:08+00:00,2026-04-13 20:01:08+00:00
6,039 años irán quot si,458,2026-04-13 20:01:08+00:00,2026-04-13 20:01:08+00:00
7,alto fuego irán israel trump,571,2026-04-13 20:01:08+00:00,2026-04-13 20:01:08+00:00
8,feijóo gobierno pp psoe vox,687,2026-04-13 20:01:08+00:00,2026-04-13 20:01:08+00:00
9,directo guerra irán israel trump,2857,2026-04-13 20:01:08+00:00,2026-04-13 20:01:08+00:00
10,años detenido ser tras trump,1565,2026-04-13 20:01:08+00:00,2026-04-13 20:01:08+00:00
11,españa internacional ley nueva york,628,2026-04-13 20:01:08+00:00,2026-04-13 20:01:08+00:00
12,así años casademont real zaragoza,1157,2026-04-13 20:01:08+00:00,2026-04-13 20:01:08+00:00
13,artemis astronautas ii luna misión,970,2026-04-13 20:01:08+00:00,2026-04-13 20:01:08+00:00
14,atlético barcelona bayern madrid real,1137,2026-04-13 20:01:08+00:00,2026-04-13 20:01:08+00:00
0,in malaga of the to,453,2026-04-13 20:31:08+00:00,2026-04-13 20:31:08+00:00
1,039 años irán quot si,459,2026-04-13 20:31:08+00:00,2026-04-13 20:31:08+00:00
2,años detenido ser tras trump,1643,2026-04-13 20:31:08+00:00,2026-04-13 20:31:08+00:00
3,años dos madrid semana zaragoza,24596,2026-04-13 20:31:08+00:00,2026-04-13 20:31:08+00:00
4,2026 abril comprobar horóscopo hoy,1082,2026-04-13 20:31:08+00:00,2026-04-13 20:31:08+00:00
5,2026 com día internacional pueblo,2443,2026-04-13 20:31:08+00:00,2026-04-13 20:31:08+00:00
6,españa gobierno pp sánchez vasco,743,2026-04-13 20:31:08+00:00,2026-04-13 20:31:08+00:00
7,elecciones hungría magyar mundo orbán,850,2026-04-13 20:31:08+00:00,2026-04-13 20:31:08+00:00
8,ee guerra irán israel uu,582,2026-04-13 20:31:08+00:00,2026-04-13 20:31:08+00:00
9,directo eeuu guerra irán trump,2768,2026-04-13 20:31:08+00:00,2026-04-13 20:31:08+00:00
10,artemis astronautas ii luna misión,952,2026-04-13 20:31:08+00:00,2026-04-13 20:31:08+00:00
11,cómo declaración directo renta ver,551,2026-04-13 20:31:08+00:00,2026-04-13 20:31:08+00:00
12,com españa guerra millones ue,2526,2026-04-13 20:31:08+00:00,2026-04-13 20:31:08+00:00
13,atlético barcelona champions directo madrid,588,2026-04-13 20:31:08+00:00,2026-04-13 20:31:08+00:00
14,000 españa euros millones millón,1121,2026-04-13 20:31:08+00:00,2026-04-13 20:31:08+00:00
0,2026 abril comprobar horóscopo hoy,1068,2026-04-13 21:01:06+00:00,2026-04-13 21:01:06+00:00
1,2026 com día internacional pueblo,2409,2026-04-13 21:01:06+00:00,2026-04-13 21:01:06+00:00
2,españa historia internacional primera vez,740,2026-04-13 21:01:06+00:00,2026-04-13 21:01:06+00:00
3,artemis astronautas ii luna misión,945,2026-04-13 21:01:06+00:00,2026-04-13 21:01:06+00:00
4,com egipto españa guerra millones,2627,2026-04-13 21:01:06+00:00,2026-04-13 21:01:06+00:00
5,directo guerra irán israel última,2253,2026-04-13 21:01:06+00:00,2026-04-13 21:01:06+00:00
6,españa fin málaga santa semana,790,2026-04-13 21:01:06+00:00,2026-04-13 21:01:06+00:00
7,años dos hace muere tras,1385,2026-04-13 21:01:06+00:00,2026-04-13 21:01:06+00:00
8,casademont centro parque real zaragoza,735,2026-04-13 21:01:06+00:00,2026-04-13 21:01:06+00:00
9,atlético barcelona bayern madrid real,1116,2026-04-13 21:01:06+00:00,2026-04-13 21:01:06+00:00
10,000 dos euros quot tras,23498,2026-04-13 21:01:06+00:00,2026-04-13 21:01:06+00:00
11,atlético barcelona nuevo país vasco,1286,2026-04-13 21:01:06+00:00,2026-04-13 21:01:06+00:00
12,guerra irán ormuz tras trump,1734,2026-04-13 21:01:06+00:00,2026-04-13 21:01:06+00:00
13,accidente adamuz civil guardia tras,449,2026-04-13 21:01:06+00:00,2026-04-13 21:01:06+00:00
14,alcaraz carlos masters montecarlo sinner,314,2026-04-13 21:01:06+00:00,2026-04-13 21:01:06+00:00
0,2026 com día internacional pueblo,2407,2026-04-13 21:31:23+00:00,2026-04-13 21:31:23+00:00
1,españa internacional málaga santa semana,751,2026-04-13 21:31:23+00:00,2026-04-13 21:31:23+00:00
2,alcaraz carlos masters montecarlo sinner,309,2026-04-13 21:31:23+00:00,2026-04-13 21:31:23+00:00
3,directo guerra irán israel trump,2907,2026-04-13 21:31:23+00:00,2026-04-13 21:31:23+00:00
4,años gobierno nuevo quot trump,23181,2026-04-13 21:31:23+00:00,2026-04-13 21:31:23+00:00
5,atlético barcelona bayern madrid real,1121,2026-04-13 21:31:23+00:00,2026-04-13 21:31:23+00:00
6,2026 abril comprobar horóscopo hoy,1074,2026-04-13 21:31:23+00:00,2026-04-13 21:31:23+00:00
7,artemis astronautas ii luna misión,962,2026-04-13 21:31:23+00:00,2026-04-13 21:31:23+00:00
8,cómo declaración hacer irán renta,547,2026-04-13 21:31:23+00:00,2026-04-13 21:31:23+00:00
9,años irán ser tras trump,1607,2026-04-13 21:31:23+00:00,2026-04-13 21:31:23+00:00
10,com egipto españa guerra millones,2596,2026-04-13 21:31:23+00:00,2026-04-13 21:31:23+00:00
11,casademont centro parque real zaragoza,718,2026-04-13 21:31:23+00:00,2026-04-13 21:31:23+00:00
12,dice fin irán semana trump,504,2026-04-13 21:31:23+00:00,2026-04-13 21:31:23+00:00
13,años dos quot si tras,1288,2026-04-13 21:31:23+00:00,2026-04-13 21:31:23+00:00
14,000 10 españa euros millones,1390,2026-04-13 21:31:23+00:00,2026-04-13 21:31:23+00:00
0,com egipto españa guerra millones,2564,2026-04-13 22:01:14+00:00,2026-04-13 22:01:14+00:00
1,españa internacional málaga santa semana,783,2026-04-13 22:01:14+00:00,2026-04-13 22:01:14+00:00
2,años dos heridos irán tras,852,2026-04-13 22:01:14+00:00,2026-04-13 22:01:14+00:00
3,atlético barcelona directo madrid real,1075,2026-04-13 22:01:14+00:00,2026-04-13 22:01:14+00:00
4,alto fuego irán israel trump,567,2026-04-13 22:01:14+00:00,2026-04-13 22:01:14+00:00
5,000 euros gobierno quot tras,24161,2026-04-13 22:01:14+00:00,2026-04-13 22:01:14+00:00
6,estrecho irán ormuz tras trump,1528,2026-04-13 22:01:14+00:00,2026-04-13 22:01:14+00:00
7,2026 abril comprobar horóscopo hoy,1077,2026-04-13 22:01:14+00:00,2026-04-13 22:01:14+00:00
8,2026 com día internacional pueblo,2357,2026-04-13 22:01:14+00:00,2026-04-13 22:01:14+00:00
9,directo guerra irán israel última,2073,2026-04-13 22:01:14+00:00,2026-04-13 22:01:14+00:00
10,cadena irán puede ser tras,731,2026-04-13 22:01:14+00:00,2026-04-13 22:01:14+00:00
11,así españa irán sido tras,644,2026-04-13 22:01:14+00:00,2026-04-13 22:01:14+00:00
12,casademont centro parque real zaragoza,725,2026-04-13 22:01:14+00:00,2026-04-13 22:01:14+00:00
13,artemis astronautas ii luna misión,944,2026-04-13 22:01:14+00:00,2026-04-13 22:01:14+00:00
14,años hace muere tras tres,1279,2026-04-13 22:01:14+00:00,2026-04-13 22:01:14+00:00
0,2026 com internacional santa semana,2570,2026-04-13 22:31:09+00:00,2026-04-13 22:31:09+00:00
1,artemis dos ii madrid zaragoza,23422,2026-04-13 22:31:09+00:00,2026-04-13 22:31:09+00:00
2,artemis dos irán ser tras,1538,2026-04-13 22:31:09+00:00,2026-04-13 22:31:09+00:00
3,años dos hace muere tras,1421,2026-04-13 22:31:09+00:00,2026-04-13 22:31:09+00:00
4,2025 2026 declaración hacienda renta,339,2026-04-13 22:31:09+00:00,2026-04-13 22:31:09+00:00
5,2026 abril comprobar horóscopo hoy,1014,2026-04-13 22:31:09+00:00,2026-04-13 22:31:09+00:00
6,celebra día gitano internacional pueblo,680,2026-04-13 22:31:09+00:00,2026-04-13 22:31:09+00:00
7,estrecho guerra irán ormuz trump,1673,2026-04-13 22:31:09+00:00,2026-04-13 22:31:09+00:00
8,com egipto españa guerra ue,2586,2026-04-13 22:31:09+00:00,2026-04-13 22:31:09+00:00
9,000 10 españa euros millones,1339,2026-04-13 22:31:09+00:00,2026-04-13 22:31:09+00:00
10,directo guerra irán israel última,2160,2026-04-13 22:31:09+00:00,2026-04-13 22:31:09+00:00
11,feijóo gobierno pp psoe vox,659,2026-04-13 22:31:09+00:00,2026-04-13 22:31:09+00:00
12,abril hoy málaga santa semana,526,2026-04-13 22:31:09+00:00,2026-04-13 22:31:09+00:00
13,039 irán quot si trump,457,2026-04-13 22:31:09+00:00,2026-04-13 22:31:09+00:00
14,alcaraz carlos montecarlo nuevo sinner,925,2026-04-13 22:31:09+00:00,2026-04-13 22:31:09+00:00
0,así blanca casa tras trump,959,2026-04-13 23:01:09+00:00,2026-04-13 23:01:09+00:00
1,egipto españa guerra millones ue,2365,2026-04-13 23:01:09+00:00,2026-04-13 23:01:09+00:00
2,artemis astronautas ii luna misión,943,2026-04-13 23:01:09+00:00,2026-04-13 23:01:09+00:00
3,dos quot semana tras zaragoza,23939,2026-04-13 23:01:09+00:00,2026-04-13 23:01:09+00:00
4,com dw españa internacional irán,1172,2026-04-13 23:01:09+00:00,2026-04-13 23:01:09+00:00
5,2026 día gitano internacional pueblo,2136,2026-04-13 23:01:09+00:00,2026-04-13 23:01:09+00:00
6,directo guerra irán israel trump,3020,2026-04-13 23:01:09+00:00,2026-04-13 23:01:09+00:00
7,atlético barcelona bayern madrid real,1101,2026-04-13 23:01:09+00:00,2026-04-13 23:01:09+00:00
8,begoña caso gómez juez peinado,239,2026-04-13 23:01:09+00:00,2026-04-13 23:01:09+00:00
9,2026 abril comprobar resultados sorteo,362,2026-04-13 23:01:09+00:00,2026-04-13 23:01:09+00:00
10,alcaraz carlos juan montecarlo tres,863,2026-04-13 23:01:09+00:00,2026-04-13 23:01:09+00:00
11,cadena irán puede ser tras,750,2026-04-13 23:01:09+00:00,2026-04-13 23:01:09+00:00
12,años dos hace muere tras,1389,2026-04-13 23:01:09+00:00,2026-04-13 23:01:09+00:00
13,000 10 españa euros millones,1402,2026-04-13 23:01:09+00:00,2026-04-13 23:01:09+00:00
14,2026 abril horóscopo hoy predicción,724,2026-04-13 23:01:09+00:00,2026-04-13 23:01:09+00:00
0,busca in internacional malaga of,349,2026-04-13 23:31:07+00:00,2026-04-13 23:31:07+00:00
1,2026 día gitano internacional pueblo,2107,2026-04-13 23:31:07+00:00,2026-04-13 23:31:07+00:00
2,años detenido dos muere tras,2424,2026-04-13 23:31:07+00:00,2026-04-13 23:31:07+00:00
3,dos gobierno semana trump zaragoza,22567,2026-04-13 23:31:07+00:00,2026-04-13 23:31:07+00:00
4,alcaraz carlos juan montecarlo sinner,485,2026-04-13 23:31:07+00:00,2026-04-13 23:31:07+00:00
5,2026 abril comprobar horóscopo hoy,1095,2026-04-13 23:31:07+00:00,2026-04-13 23:31:07+00:00
6,cadena cómo puede ser tras,1095,2026-04-13 23:31:07+00:00,2026-04-13 23:31:07+00:00
7,com dw españa internacional irán,1194,2026-04-13 23:31:07+00:00,2026-04-13 23:31:07+00:00
8,039 años irán quot si,457,2026-04-13 23:31:07+00:00,2026-04-13 23:31:07+00:00
9,directo guerra irán israel trump,2928,2026-04-13 23:31:07+00:00,2026-04-13 23:31:07+00:00
10,000 10 españa euros millones,1363,2026-04-13 23:31:07+00:00,2026-04-13 23:31:07+00:00
11,artemis astronautas ii luna misión,941,2026-04-13 23:31:07+00:00,2026-04-13 23:31:07+00:00
12,egipto españa guerra millones ue,2362,2026-04-13 23:31:07+00:00,2026-04-13 23:31:07+00:00
13,atlético barcelona bayern madrid real,1129,2026-04-13 23:31:07+00:00,2026-04-13 23:31:07+00:00
14,málaga primera santa semana vez,860,2026-04-13 23:31:07+00:00,2026-04-13 23:31:07+00:00
0,cómo declaración irán renta ver,549,2026-04-14 00:01:08+00:00,2026-04-14 00:01:08+00:00
1,directo guerra irán israel última,2336,2026-04-14 00:01:08+00:00,2026-04-14 00:01:08+00:00
2,000 dos euros gobierno tras,24171,2026-04-14 00:01:08+00:00,2026-04-14 00:01:08+00:00
3,casademont centro parque real zaragoza,719,2026-04-14 00:01:08+00:00,2026-04-14 00:01:08+00:00
4,2026 abril comprobar horóscopo hoy,1071,2026-04-14 00:01:08+00:00,2026-04-14 00:01:08+00:00
5,estrecho irán ormuz tras trump,1705,2026-04-14 00:01:08+00:00,2026-04-14 00:01:08+00:00
6,celebra día gitano internacional pueblo,629,2026-04-14 00:01:08+00:00,2026-04-14 00:01:08+00:00
7,años dos hace muere tras,1365,2026-04-14 00:01:08+00:00,2026-04-14 00:01:08+00:00
8,atlético barcelona directo madrid real,1097,2026-04-14 00:01:08+00:00,2026-04-14 00:01:08+00:00
9,españa internacional irán marca nuevo,678,2026-04-14 00:01:08+00:00,2026-04-14 00:01:08+00:00
10,españa fin málaga santa semana,808,2026-04-14 00:01:08+00:00,2026-04-14 00:01:08+00:00
11,039 irán quot si trump,456,2026-04-14 00:01:08+00:00,2026-04-14 00:01:08+00:00
12,artemis astronautas ii luna misión,939,2026-04-14 00:01:08+00:00,2026-04-14 00:01:08+00:00
13,ciudad euros gana internacional premio,464,2026-04-14 00:01:08+00:00,2026-04-14 00:01:08+00:00
14,2026 com españa internacional millones,4367,2026-04-14 00:01:08+00:00,2026-04-14 00:01:08+00:00
0,039 años irán quot si,457,2026-04-14 00:31:09+00:00,2026-04-14 00:31:09+00:00
1,estrecho guerra irán ormuz trump,1663,2026-04-14 00:31:09+00:00,2026-04-14 00:31:09+00:00
2,feijóo gobierno pp psoe vox,675,2026-04-14 00:31:09+00:00,2026-04-14 00:31:09+00:00
3,2026 abril comprobar horóscopo hoy,1066,2026-04-14 00:31:09+00:00,2026-04-14 00:31:09+00:00
4,años detenido dos ser tras,1614,2026-04-14 00:31:09+00:00,2026-04-14 00:31:09+00:00
5,2026 com congreso diario internacional,2199,2026-04-14 00:31:09+00:00,2026-04-14 00:31:09+00:00
6,directo guerra irán israel última,2116,2026-04-14 00:31:09+00:00,2026-04-14 00:31:09+00:00
7,000 años españa euros millones,1412,2026-04-14 00:31:09+00:00,2026-04-14 00:31:09+00:00
8,artemis años dos ii madrid,23852,2026-04-14 00:31:09+00:00,2026-04-14 00:31:09+00:00
9,artemis así luna sido tras,684,2026-04-14 00:31:09+00:00,2026-04-14 00:31:09+00:00
10,bayern directo madrid real zaragoza,1055,2026-04-14 00:31:09+00:00,2026-04-14 00:31:09+00:00
11,españa madrid málaga santa semana,792,2026-04-14 00:31:09+00:00,2026-04-14 00:31:09+00:00
12,cómo directo irán renta ver,588,2026-04-14 00:31:09+00:00,2026-04-14 00:31:09+00:00
13,com egipto españa guerra ue,2547,2026-04-14 00:31:09+00:00,2026-04-14 00:31:09+00:00
14,celebra día gitano internacional pueblo,658,2026-04-14 00:31:09+00:00,2026-04-14 00:31:09+00:00
0,2026 com día internacional pueblo,2311,2026-04-14 01:01:07+00:00,2026-04-14 01:01:07+00:00
1,000 años euros quot trump,24549,2026-04-14 01:01:07+00:00,2026-04-14 01:01:07+00:00
2,feijóo gobierno pp psoe vox,651,2026-04-14 01:01:07+00:00,2026-04-14 01:01:07+00:00
3,aitana china españa pedro sánchez,692,2026-04-14 01:01:07+00:00,2026-04-14 01:01:07+00:00
4,directo guerra irán israel trump,3029,2026-04-14 01:01:07+00:00,2026-04-14 01:01:07+00:00
5,artemis astronautas ii luna misión,960,2026-04-14 01:01:07+00:00,2026-04-14 01:01:07+00:00
6,años irán ser tras trump,1565,2026-04-14 01:01:07+00:00,2026-04-14 01:01:07+00:00
7,bayern directo madrid real zaragoza,535,2026-04-14 01:01:07+00:00,2026-04-14 01:01:07+00:00
8,com egipto españa guerra millones,2539,2026-04-14 01:01:07+00:00,2026-04-14 01:01:07+00:00
9,años dos irán semanas tras,888,2026-04-14 01:01:07+00:00,2026-04-14 01:01:07+00:00
10,atlético barcelona champions directo madrid,565,2026-04-14 01:01:07+00:00,2026-04-14 01:01:07+00:00
11,2026 abril comprobar horóscopo hoy,1093,2026-04-14 01:01:07+00:00,2026-04-14 01:01:07+00:00
12,atlético años comunidad internacional madrid,760,2026-04-14 01:01:07+00:00,2026-04-14 01:01:07+00:00
13,españa fin málaga santa semana,790,2026-04-14 01:01:07+00:00,2026-04-14 01:01:07+00:00
14,canaria españa gran internacional primer,445,2026-04-14 01:01:07+00:00,2026-04-14 01:01:07+00:00
0,artemis astronautas ii luna misión,944,2026-04-14 01:31:24+00:00,2026-04-14 01:31:24+00:00
1,2026 com día internacional pueblo,2330,2026-04-14 01:31:24+00:00,2026-04-14 01:31:24+00:00
2,detenido dos heridos ser tras,1379,2026-04-14 01:31:24+00:00,2026-04-14 01:31:24+00:00
3,ee eeuu guerra irán uu,1868,2026-04-14 01:31:24+00:00,2026-04-14 01:31:24+00:00
4,dos gobierno nuevo quot si,23085,2026-04-14 01:31:24+00:00,2026-04-14 01:31:24+00:00
5,com egipto españa guerra ue,2521,2026-04-14 01:31:24+00:00,2026-04-14 01:31:24+00:00
6,bloqueo estrecho irán ormuz trump,708,2026-04-14 01:31:24+00:00,2026-04-14 01:31:24+00:00
7,directo guerra hora irán última,613,2026-04-14 01:31:24+00:00,2026-04-14 01:31:24+00:00
8,casademont centro parque real zaragoza,720,2026-04-14 01:31:24+00:00,2026-04-14 01:31:24+00:00
9,años dos hace muere tras,1424,2026-04-14 01:31:24+00:00,2026-04-14 01:31:24+00:00
10,atlético barcelona bayern madrid real,1093,2026-04-14 01:31:24+00:00,2026-04-14 01:31:24+00:00
11,000 2025 españa euros millones,1352,2026-04-14 01:31:24+00:00,2026-04-14 01:31:24+00:00
12,2026 abril comprobar horóscopo hoy,1072,2026-04-14 01:31:24+00:00,2026-04-14 01:31:24+00:00
13,españa fin málaga santa semana,789,2026-04-14 01:31:24+00:00,2026-04-14 01:31:24+00:00
14,guerra irán otan tras trump,1475,2026-04-14 01:31:24+00:00,2026-04-14 01:31:24+00:00
0,000 22 españa euros millones,809,2026-04-14 02:01:10+00:00,2026-04-14 02:01:10+00:00
1,españa fin málaga santa semana,789,2026-04-14 02:01:10+00:00,2026-04-14 02:01:10+00:00
2,artemis ii luna quot si,22934,2026-04-14 02:01:10+00:00,2026-04-14 02:01:10+00:00
3,años después dos hace muere,1697,2026-04-14 02:01:10+00:00,2026-04-14 02:01:10+00:00
4,com egipto españa guerra ue,2483,2026-04-14 02:01:10+00:00,2026-04-14 02:01:10+00:00
5,directo eeuu guerra irán trump,2755,2026-04-14 02:01:10+00:00,2026-04-14 02:01:10+00:00
6,casademont centro parque real zaragoza,719,2026-04-14 02:01:10+00:00,2026-04-14 02:01:10+00:00
7,artemis años irán tras trump,1612,2026-04-14 02:01:10+00:00,2026-04-14 02:01:10+00:00
8,cadena irán puede ser tras,759,2026-04-14 02:01:10+00:00,2026-04-14 02:01:10+00:00
9,blanca casa españa nuevo trump,973,2026-04-14 02:01:10+00:00,2026-04-14 02:01:10+00:00
10,2026 abril com hoy internacional,3186,2026-04-14 02:01:10+00:00,2026-04-14 02:01:10+00:00
11,celebra día gitano internacional pueblo,618,2026-04-14 02:01:10+00:00,2026-04-14 02:01:10+00:00
12,años españa nueva quot vida,348,2026-04-14 02:01:10+00:00,2026-04-14 02:01:10+00:00
13,atlético barcelona bayern madrid real,1099,2026-04-14 02:01:10+00:00,2026-04-14 02:01:10+00:00
14,ee guerra irán israel uu,588,2026-04-14 02:01:10+00:00,2026-04-14 02:01:10+00:00
0,000 euros gobierno quot zaragoza,23090,2026-04-14 02:31:08+00:00,2026-04-14 02:31:08+00:00
1,eeuu ormuz otan tras trump,2116,2026-04-14 02:31:08+00:00,2026-04-14 02:31:08+00:00
2,artemis astronautas ii luna misión,942,2026-04-14 02:31:08+00:00,2026-04-14 02:31:08+00:00
3,directo guerra irán israel trump,2844,2026-04-14 02:31:08+00:00,2026-04-14 02:31:08+00:00
4,aldama dos juicio koldo ábalos,1057,2026-04-14 02:31:08+00:00,2026-04-14 02:31:08+00:00
5,españa fin málaga santa semana,803,2026-04-14 02:31:08+00:00,2026-04-14 02:31:08+00:00
6,basket cf internacional plaza valencia,287,2026-04-14 02:31:08+00:00,2026-04-14 02:31:08+00:00
7,2026 com día españa internacional,4643,2026-04-14 02:31:08+00:00,2026-04-14 02:31:08+00:00
8,atlético barcelona directo madrid real,1100,2026-04-14 02:31:08+00:00,2026-04-14 02:31:08+00:00
9,digital españa ia quot riesgo,258,2026-04-14 02:31:08+00:00,2026-04-14 02:31:08+00:00
10,cadena irán puede ser tras,727,2026-04-14 02:31:08+00:00,2026-04-14 02:31:08+00:00
11,años detenido hombre mujer tras,337,2026-04-14 02:31:08+00:00,2026-04-14 02:31:08+00:00
12,españa irán país trump vasco,706,2026-04-14 02:31:08+00:00,2026-04-14 02:31:08+00:00
13,años dos hace muere tras,1325,2026-04-14 02:31:08+00:00,2026-04-14 02:31:08+00:00
14,2026 abril comprobar horóscopo hoy,1132,2026-04-14 02:31:08+00:00,2026-04-14 02:31:08+00:00
0,alerta españa internacional marca nuevo,418,2026-04-14 03:01:09+00:00,2026-04-14 03:01:09+00:00
1,dos irán ser tras trump,1499,2026-04-14 03:01:09+00:00,2026-04-14 03:01:09+00:00
2,artemis astronautas ii luna misión,931,2026-04-14 03:01:09+00:00,2026-04-14 03:01:09+00:00
3,años dos hace muere tras,1359,2026-04-14 03:01:09+00:00,2026-04-14 03:01:09+00:00
4,2026 diario día internacional pueblo,2181,2026-04-14 03:01:09+00:00,2026-04-14 03:01:09+00:00
5,egipto españa millones sánchez ue,2222,2026-04-14 03:01:09+00:00,2026-04-14 03:01:09+00:00
6,2026 abril comprobar horóscopo hoy,1113,2026-04-14 03:01:09+00:00,2026-04-14 03:01:09+00:00
7,com dw españa internacional irán,1146,2026-04-14 03:01:09+00:00,2026-04-14 03:01:09+00:00
8,directo guerra hora irán última,644,2026-04-14 03:01:09+00:00,2026-04-14 03:01:09+00:00
9,españa guerra irán israel trump,1193,2026-04-14 03:01:09+00:00,2026-04-14 03:01:09+00:00
10,000 dos madrid semana zaragoza,24986,2026-04-14 03:01:09+00:00,2026-04-14 03:01:09+00:00
11,039 irán quot si trump,456,2026-04-14 03:01:09+00:00,2026-04-14 03:01:09+00:00
12,2026 clave españa internacional primavera,274,2026-04-14 03:01:09+00:00,2026-04-14 03:01:09+00:00
13,años deportivo internacional irán mundo,547,2026-04-14 03:01:09+00:00,2026-04-14 03:01:09+00:00
14,eeuu estrecho irán ormuz trump,2318,2026-04-14 03:01:09+00:00,2026-04-14 03:01:09+00:00
0,2026 abril comprobar horóscopo hoy,1104,2026-04-14 03:31:09+00:00,2026-04-14 03:31:09+00:00
1,atlético barcelona bayern madrid real,1090,2026-04-14 03:31:09+00:00,2026-04-14 03:31:09+00:00
2,039 irán quot si trump,455,2026-04-14 03:31:09+00:00,2026-04-14 03:31:09+00:00
3,artemis dos ii trump zaragoza,25022,2026-04-14 03:31:09+00:00,2026-04-14 03:31:09+00:00
4,artemis dos irán tras trump,1583,2026-04-14 03:31:09+00:00,2026-04-14 03:31:09+00:00
5,españa irán pide sánchez trump,439,2026-04-14 03:31:09+00:00,2026-04-14 03:31:09+00:00
6,com egipto españa guerra ue,2405,2026-04-14 03:31:09+00:00,2026-04-14 03:31:09+00:00
7,000 22 españa euros millones,788,2026-04-14 03:31:09+00:00,2026-04-14 03:31:09+00:00
8,españa fin málaga santa semana,780,2026-04-14 03:31:09+00:00,2026-04-14 03:31:09+00:00
9,2026 com día internacional pueblo,2328,2026-04-14 03:31:09+00:00,2026-04-14 03:31:09+00:00
10,años después dos muere tras,1315,2026-04-14 03:31:09+00:00,2026-04-14 03:31:09+00:00
11,directo guerra irán israel trump,2523,2026-04-14 03:31:09+00:00,2026-04-14 03:31:09+00:00
12,2025 2026 declaración hacienda renta,344,2026-04-14 03:31:09+00:00,2026-04-14 03:31:09+00:00
13,años españa hace historia oficial,353,2026-04-14 03:31:09+00:00,2026-04-14 03:31:09+00:00
14,eeuu estrecho irán ormuz trump,744,2026-04-14 03:31:09+00:00,2026-04-14 03:31:09+00:00
0,amenaza estrecho irán ormuz trump,1501,2026-04-14 04:01:09+00:00,2026-04-14 04:01:09+00:00
1,españa europa internacional press tres,787,2026-04-14 04:01:09+00:00,2026-04-14 04:01:09+00:00
2,artemis dos irán luna tras,1416,2026-04-14 04:01:09+00:00,2026-04-14 04:01:09+00:00
3,años después dos muere tras,1401,2026-04-14 04:01:09+00:00,2026-04-14 04:01:09+00:00
4,cadena irán puede ser tras,759,2026-04-14 04:01:09+00:00,2026-04-14 04:01:09+00:00
5,alto fuego irán israel trump,573,2026-04-14 04:01:09+00:00,2026-04-14 04:01:09+00:00
6,casademont centro parque real zaragoza,736,2026-04-14 04:01:09+00:00,2026-04-14 04:01:09+00:00
7,2026 com día internacional pueblo,2272,2026-04-14 04:01:09+00:00,2026-04-14 04:01:09+00:00
8,españa fin málaga santa semana,778,2026-04-14 04:01:09+00:00,2026-04-14 04:01:09+00:00
9,000 artemis dos ii quot,23792,2026-04-14 04:01:09+00:00,2026-04-14 04:01:09+00:00
10,elecciones hungría magyar orbán péter,525,2026-04-14 04:01:09+00:00,2026-04-14 04:01:09+00:00
11,2026 abril comprobar horóscopo hoy,1082,2026-04-14 04:01:09+00:00,2026-04-14 04:01:09+00:00
12,directo guerra irán israel última,2049,2026-04-14 04:01:09+00:00,2026-04-14 04:01:09+00:00
13,com economía egipto españa millones,2481,2026-04-14 04:01:09+00:00,2026-04-14 04:01:09+00:00
14,atlético barcelona directo madrid real,1086,2026-04-14 04:01:09+00:00,2026-04-14 04:01:09+00:00
0,atlético barcelona bayern madrid real,1066,2026-04-14 04:31:08+00:00,2026-04-14 04:31:08+00:00
1,estrecho irán ormuz tras trump,1705,2026-04-14 04:31:08+00:00,2026-04-14 04:31:08+00:00
2,directo guerra irán israel última,2399,2026-04-14 04:31:08+00:00,2026-04-14 04:31:08+00:00
3,años después dos muere tras,1304,2026-04-14 04:31:08+00:00,2026-04-14 04:31:08+00:00
4,artemis astronautas ii luna misión,942,2026-04-14 04:31:08+00:00,2026-04-14 04:31:08+00:00
5,2026 declaración españa internacional renta,782,2026-04-14 04:31:08+00:00,2026-04-14 04:31:08+00:00
6,com dos españa quot zaragoza,24040,2026-04-14 04:31:08+00:00,2026-04-14 04:31:08+00:00
7,aldama juicio kitchen koldo ábalos,623,2026-04-14 04:31:08+00:00,2026-04-14 04:31:08+00:00
8,com día gitano internacional pueblo,2230,2026-04-14 04:31:08+00:00,2026-04-14 04:31:08+00:00
9,adamuz civil guardia guerra valència,351,2026-04-14 04:31:08+00:00,2026-04-14 04:31:08+00:00
10,años españa hace historia ia,577,2026-04-14 04:31:08+00:00,2026-04-14 04:31:08+00:00
11,000 22 españa euros millones,1543,2026-04-14 04:31:08+00:00,2026-04-14 04:31:08+00:00
12,dos españa santa semana tras,2056,2026-04-14 04:31:08+00:00,2026-04-14 04:31:08+00:00
13,2026 abril comprobar horóscopo hoy,998,2026-04-14 04:31:08+00:00,2026-04-14 04:31:08+00:00
14,cadena irán puede ser tras,744,2026-04-14 04:31:08+00:00,2026-04-14 04:31:08+00:00
0,com egipto españa millones ue,2390,2026-04-14 05:01:13+00:00,2026-04-14 05:01:13+00:00
1,2026 com día internacional pueblo,2466,2026-04-14 05:01:13+00:00,2026-04-14 05:01:13+00:00
2,directo guerra irán israel última,1396,2026-04-14 05:01:13+00:00,2026-04-14 05:01:13+00:00
3,000 años dos euros millones,2074,2026-04-14 05:01:13+00:00,2026-04-14 05:01:13+00:00
4,2026 abril comprobar horóscopo hoy,1093,2026-04-14 05:01:13+00:00,2026-04-14 05:01:13+00:00
5,años madrid quot semana zaragoza,24175,2026-04-14 05:01:13+00:00,2026-04-14 05:01:13+00:00
6,amenaza estrecho irán ormuz trump,1464,2026-04-14 05:01:13+00:00,2026-04-14 05:01:13+00:00
7,ee guerra irán trump uu,509,2026-04-14 05:01:13+00:00,2026-04-14 05:01:13+00:00
8,artemis astronautas ii luna misión,940,2026-04-14 05:01:13+00:00,2026-04-14 05:01:13+00:00
9,feijóo gobierno pp psoe vox,662,2026-04-14 05:01:13+00:00,2026-04-14 05:01:13+00:00
10,com españa guerra irán trump,1090,2026-04-14 05:01:13+00:00,2026-04-14 05:01:13+00:00
11,aitana china españa pedro sánchez,720,2026-04-14 05:01:13+00:00,2026-04-14 05:01:13+00:00
12,in new objective of the,259,2026-04-14 05:01:13+00:00,2026-04-14 05:01:13+00:00
13,cómo declaración directo renta ver,560,2026-04-14 05:01:13+00:00,2026-04-14 05:01:13+00:00
14,años detenido dos ser tras,1553,2026-04-14 05:01:13+00:00,2026-04-14 05:01:13+00:00
0,atlético barcelona bayern madrid real,1090,2026-04-14 05:31:08+00:00,2026-04-14 05:31:08+00:00
1,eeuu guerra irán ormuz trump,2799,2026-04-14 05:31:08+00:00,2026-04-14 05:31:08+00:00
2,000 2025 españa euros millones,1316,2026-04-14 05:31:08+00:00,2026-04-14 05:31:08+00:00
3,2026 abril comprobar horóscopo hoy,1048,2026-04-14 05:31:08+00:00,2026-04-14 05:31:08+00:00
4,así dos nueva nuevo quot,21198,2026-04-14 05:31:08+00:00,2026-04-14 05:31:08+00:00
5,día gitano internacional pueblo si,1047,2026-04-14 05:31:08+00:00,2026-04-14 05:31:08+00:00
6,años dos hace muere tras,1417,2026-04-14 05:31:08+00:00,2026-04-14 05:31:08+00:00
7,cadena gobierno mundo ser sánchez,1731,2026-04-14 05:31:08+00:00,2026-04-14 05:31:08+00:00
8,españa fin málaga santa semana,773,2026-04-14 05:31:08+00:00,2026-04-14 05:31:08+00:00
9,detenido dos irán tras trump,1508,2026-04-14 05:31:08+00:00,2026-04-14 05:31:08+00:00
10,com egipto españa guerra millones,2526,2026-04-14 05:31:08+00:00,2026-04-14 05:31:08+00:00
11,casademont parque partido real zaragoza,716,2026-04-14 05:31:08+00:00,2026-04-14 05:31:08+00:00
12,directo guerra irán israel líbano,959,2026-04-14 05:31:08+00:00,2026-04-14 05:31:08+00:00
13,2026 com diario día internacional,2269,2026-04-14 05:31:08+00:00,2026-04-14 05:31:08+00:00
14,artemis astronautas ii luna misión,940,2026-04-14 05:31:08+00:00,2026-04-14 05:31:08+00:00
0,años irán ser tras trump,1625,2026-04-14 06:01:12+00:00,2026-04-14 06:01:12+00:00
1,españa fin málaga santa semana,778,2026-04-14 06:01:12+00:00,2026-04-14 06:01:12+00:00
2,000 años euros quot zaragoza,23845,2026-04-14 06:01:12+00:00,2026-04-14 06:01:12+00:00
3,años dos euros quot si,1296,2026-04-14 06:01:12+00:00,2026-04-14 06:01:12+00:00
4,atlético barcelona champions directo madrid,569,2026-04-14 06:01:12+00:00,2026-04-14 06:01:12+00:00
5,2026 com día internacional pueblo,2329,2026-04-14 06:01:12+00:00,2026-04-14 06:01:12+00:00
6,artemis astronautas ii luna misión,949,2026-04-14 06:01:12+00:00,2026-04-14 06:01:12+00:00
7,eeuu guerra irán ormuz trump,2894,2026-04-14 06:01:12+00:00,2026-04-14 06:01:12+00:00
8,2026 abril comprobar resultados sorteo,873,2026-04-14 06:01:12+00:00,2026-04-14 06:01:12+00:00
9,bayern comunidad internacional madrid real,1013,2026-04-14 06:01:12+00:00,2026-04-14 06:01:12+00:00
10,com economía españa guerra millones,2495,2026-04-14 06:01:12+00:00,2026-04-14 06:01:12+00:00
11,españa europa internacional press trump,517,2026-04-14 06:01:12+00:00,2026-04-14 06:01:12+00:00
12,españa gobierno pp regularización vasco,754,2026-04-14 06:01:12+00:00,2026-04-14 06:01:12+00:00
13,2026 abril horóscopo hoy predicción,517,2026-04-14 06:01:12+00:00,2026-04-14 06:01:12+00:00
14,directo guerra irán israel líbano,950,2026-04-14 06:01:12+00:00,2026-04-14 06:01:12+00:00
0,aéreo casademont espacio españa zaragoza,175,2026-04-14 06:31:07+00:00,2026-04-14 06:31:07+00:00
1,centro cultural internacional madrid zaragoza,272,2026-04-14 06:31:07+00:00,2026-04-14 06:31:07+00:00
2,así día parque real zaragoza,649,2026-04-14 06:31:07+00:00,2026-04-14 06:31:07+00:00
3,000 dos madrid quot tras,24809,2026-04-14 06:31:07+00:00,2026-04-14 06:31:07+00:00
4,artemis astronautas ii luna misión,939,2026-04-14 06:31:07+00:00,2026-04-14 06:31:07+00:00
5,directo guerra irán israel última,2259,2026-04-14 06:31:07+00:00,2026-04-14 06:31:07+00:00
6,cadena irán puede ser tras,739,2026-04-14 06:31:07+00:00,2026-04-14 06:31:07+00:00
7,2026 abril comprobar horóscopo hoy,1062,2026-04-14 06:31:07+00:00,2026-04-14 06:31:07+00:00
8,años dos hace muere tras,1395,2026-04-14 06:31:07+00:00,2026-04-14 06:31:07+00:00
9,com egipto españa guerra millones,2645,2026-04-14 06:31:07+00:00,2026-04-14 06:31:07+00:00
10,estrecho irán ormuz tras trump,1692,2026-04-14 06:31:07+00:00,2026-04-14 06:31:07+00:00
11,alcaraz directo final montecarlo mundo,1048,2026-04-14 06:31:07+00:00,2026-04-14 06:31:07+00:00
12,españa madrid málaga santa semana,790,2026-04-14 06:31:07+00:00,2026-04-14 06:31:07+00:00
13,adiós basket cf tiempo valencia,603,2026-04-14 06:31:07+00:00,2026-04-14 06:31:07+00:00
14,2026 com día internacional pueblo,2360,2026-04-14 06:31:07+00:00,2026-04-14 06:31:07+00:00
0,años dos irán semanas tras,867,2026-04-14 07:01:12+00:00,2026-04-14 07:01:12+00:00
1,directo guerra irán israel trump,2966,2026-04-14 07:01:12+00:00,2026-04-14 07:01:12+00:00
2,así españa irán sido tras,630,2026-04-14 07:01:12+00:00,2026-04-14 07:01:12+00:00
3,nuevo quot si trump zaragoza,21820,2026-04-14 07:01:12+00:00,2026-04-14 07:01:12+00:00
4,detenido españa irán tras trump,1453,2026-04-14 07:01:12+00:00,2026-04-14 07:01:12+00:00
5,españa internacional ley nueva york,614,2026-04-14 07:01:12+00:00,2026-04-14 07:01:12+00:00
6,años hace muere niño tras,1277,2026-04-14 07:01:12+00:00,2026-04-14 07:01:12+00:00
7,alcaraz elecciones hungría orbán ábalos,1225,2026-04-14 07:01:12+00:00,2026-04-14 07:01:12+00:00
8,2026 com día internacional pueblo,2331,2026-04-14 07:01:12+00:00,2026-04-14 07:01:12+00:00
9,artemis astronautas ii luna misión,934,2026-04-14 07:01:12+00:00,2026-04-14 07:01:12+00:00
10,com egipto españa guerra millones,2577,2026-04-14 07:01:12+00:00,2026-04-14 07:01:12+00:00
11,feijóo gobierno pp psoe vox,686,2026-04-14 07:01:12+00:00,2026-04-14 07:01:12+00:00
12,000 10 españa euros millones,1316,2026-04-14 07:01:12+00:00,2026-04-14 07:01:12+00:00
13,atlético barcelona bayern madrid real,1113,2026-04-14 07:01:12+00:00,2026-04-14 07:01:12+00:00
14,2026 abril hoy santa semana,1639,2026-04-14 07:01:12+00:00,2026-04-14 07:01:12+00:00
0,españa gobierno pp regularización vasco,722,2026-04-14 07:31:08+00:00,2026-04-14 07:31:08+00:00
1,china españa gijón pedro sánchez,703,2026-04-14 07:31:08+00:00,2026-04-14 07:31:08+00:00
2,2026 abril comprobar horóscopo hoy,1067,2026-04-14 07:31:08+00:00,2026-04-14 07:31:08+00:00
3,2026 com día internacional pueblo,2319,2026-04-14 07:31:08+00:00,2026-04-14 07:31:08+00:00
4,com egipto españa guerra ue,2338,2026-04-14 07:31:08+00:00,2026-04-14 07:31:08+00:00
5,artemis dos ii quot zaragoza,23242,2026-04-14 07:31:08+00:00,2026-04-14 07:31:08+00:00
6,directo guerra irán israel última,2134,2026-04-14 07:31:08+00:00,2026-04-14 07:31:08+00:00
7,años después dos muere tras,1439,2026-04-14 07:31:08+00:00,2026-04-14 07:31:08+00:00
8,españa internacional irán marca nuevo,646,2026-04-14 07:31:08+00:00,2026-04-14 07:31:08+00:00
9,atlético barcelona bayern madrid real,1052,2026-04-14 07:31:08+00:00,2026-04-14 07:31:08+00:00
10,000 2025 españa euros millones,1288,2026-04-14 07:31:08+00:00,2026-04-14 07:31:08+00:00
11,artemis detenido dos luna tras,1442,2026-04-14 07:31:08+00:00,2026-04-14 07:31:08+00:00
12,amenaza estrecho irán ormuz trump,1650,2026-04-14 07:31:08+00:00,2026-04-14 07:31:08+00:00
13,españa fin málaga santa semana,774,2026-04-14 07:31:08+00:00,2026-04-14 07:31:08+00:00
14,irán quot renta si trump,665,2026-04-14 07:31:08+00:00,2026-04-14 07:31:08+00:00
0,abril españa gasolina hacer precio,583,2026-04-14 08:01:13+00:00,2026-04-14 08:01:13+00:00
1,irán israel líbano netanyahu sánchez,1106,2026-04-14 08:01:13+00:00,2026-04-14 08:01:13+00:00
2,años dos irán semanas tras,904,2026-04-14 08:01:13+00:00,2026-04-14 08:01:13+00:00
3,años detenido irán tras trump,1579,2026-04-14 08:01:13+00:00,2026-04-14 08:01:13+00:00
4,china españa internacional irán sánchez,385,2026-04-14 08:01:13+00:00,2026-04-14 08:01:13+00:00
5,com egipto españa guerra millones,2564,2026-04-14 08:01:13+00:00,2026-04-14 08:01:13+00:00
6,000 años euros quot zaragoza,24338,2026-04-14 08:01:13+00:00,2026-04-14 08:01:13+00:00
7,2026 com día internacional pueblo,2407,2026-04-14 08:01:13+00:00,2026-04-14 08:01:13+00:00
8,españa fin málaga santa semana,768,2026-04-14 08:01:13+00:00,2026-04-14 08:01:13+00:00
9,alcaraz carlos juan montecarlo sinner,497,2026-04-14 08:01:13+00:00,2026-04-14 08:01:13+00:00
10,2025 2026 declaración hacienda renta,355,2026-04-14 08:01:13+00:00,2026-04-14 08:01:13+00:00
11,2026 abril comprobar horóscopo hoy,1011,2026-04-14 08:01:13+00:00,2026-04-14 08:01:13+00:00
12,artemis astronautas ii luna misión,947,2026-04-14 08:01:13+00:00,2026-04-14 08:01:13+00:00
13,atlético barcelona bayern madrid real,1137,2026-04-14 08:01:13+00:00,2026-04-14 08:01:13+00:00
14,directo guerra irán ormuz trump,2915,2026-04-14 08:01:13+00:00,2026-04-14 08:01:13+00:00
0,2026 com día internacional pueblo,2397,2026-04-14 08:31:08+00:00,2026-04-14 08:31:08+00:00
1,años detenido dos ser tras,1557,2026-04-14 08:31:08+00:00,2026-04-14 08:31:08+00:00
2,directo guerra irán israel última,2209,2026-04-14 08:31:08+00:00,2026-04-14 08:31:08+00:00
3,bayern directo madrid real zaragoza,1111,2026-04-14 08:31:08+00:00,2026-04-14 08:31:08+00:00
4,artemis astronautas ii luna misión,928,2026-04-14 08:31:08+00:00,2026-04-14 08:31:08+00:00
5,000 años dos euros madrid,24771,2026-04-14 08:31:08+00:00,2026-04-14 08:31:08+00:00
6,estrecho guerra irán ormuz trump,1634,2026-04-14 08:31:08+00:00,2026-04-14 08:31:08+00:00
7,com egipto españa guerra millones,2568,2026-04-14 08:31:08+00:00,2026-04-14 08:31:08+00:00
8,aday años español hace historia,339,2026-04-14 08:31:08+00:00,2026-04-14 08:31:08+00:00
9,fin madrid málaga santa semana,781,2026-04-14 08:31:08+00:00,2026-04-14 08:31:08+00:00
10,2026 abril comprobar horóscopo hoy,1073,2026-04-14 08:31:08+00:00,2026-04-14 08:31:08+00:00
11,039 años irán quot si,466,2026-04-14 08:31:08+00:00,2026-04-14 08:31:08+00:00
12,alcaraz carlos masters montecarlo sinner,314,2026-04-14 08:31:08+00:00,2026-04-14 08:31:08+00:00
13,aitana china españa pedro sánchez,748,2026-04-14 08:31:08+00:00,2026-04-14 08:31:08+00:00
14,abre españa internacional nueva york,630,2026-04-14 08:31:08+00:00,2026-04-14 08:31:08+00:00
0,años detenido hombre ser tras,1520,2026-04-14 09:01:07+00:00,2026-04-14 09:01:07+00:00
1,alto fuego guerra irán trump,570,2026-04-14 09:01:07+00:00,2026-04-14 09:01:07+00:00
2,2026 abril comprobar horóscopo hoy,1082,2026-04-14 09:01:07+00:00,2026-04-14 09:01:07+00:00
3,000 euros madrid quot zaragoza,23681,2026-04-14 09:01:07+00:00,2026-04-14 09:01:07+00:00
4,amenaza estrecho irán ormuz trump,1529,2026-04-14 09:01:07+00:00,2026-04-14 09:01:07+00:00
5,años después dos hace muere,1777,2026-04-14 09:01:07+00:00,2026-04-14 09:01:07+00:00
6,com egipto españa millones ue,2622,2026-04-14 09:01:07+00:00,2026-04-14 09:01:07+00:00
7,alcaraz carlos juan montecarlo sinner,487,2026-04-14 09:01:07+00:00,2026-04-14 09:01:07+00:00
8,aemet castilla frente llega según,758,2026-04-14 09:01:07+00:00,2026-04-14 09:01:07+00:00
9,españa madrid málaga santa semana,771,2026-04-14 09:01:07+00:00,2026-04-14 09:01:07+00:00
10,así españa irán sido tras,641,2026-04-14 09:01:07+00:00,2026-04-14 09:01:07+00:00
11,artemis astronautas ii luna misión,926,2026-04-14 09:01:07+00:00,2026-04-14 09:01:07+00:00
12,2026 com día internacional pueblo,2500,2026-04-14 09:01:07+00:00,2026-04-14 09:01:07+00:00
13,españa quot renta si trump,671,2026-04-14 09:01:07+00:00,2026-04-14 09:01:07+00:00
14,directo guerra irán israel última,1991,2026-04-14 09:01:07+00:00,2026-04-14 09:01:07+00:00
0,aldama juicio kitchen koldo ábalos,625,2026-04-14 09:31:08+00:00,2026-04-14 09:31:08+00:00
1,2026 com día internacional pueblo,2399,2026-04-14 09:31:08+00:00,2026-04-14 09:31:08+00:00
2,años barcelona dos madrid zaragoza,23761,2026-04-14 09:31:08+00:00,2026-04-14 09:31:08+00:00
3,abre españa internacional nueva york,629,2026-04-14 09:31:08+00:00,2026-04-14 09:31:08+00:00
4,años quot ser tras trump,1939,2026-04-14 09:31:08+00:00,2026-04-14 09:31:08+00:00
5,fin madrid málaga santa semana,774,2026-04-14 09:31:08+00:00,2026-04-14 09:31:08+00:00
6,000 10 años euros millón,901,2026-04-14 09:31:08+00:00,2026-04-14 09:31:08+00:00
7,eeuu estrecho irán ormuz trump,2487,2026-04-14 09:31:08+00:00,2026-04-14 09:31:08+00:00
8,000 22 españa euros millones,776,2026-04-14 09:31:08+00:00,2026-04-14 09:31:08+00:00
9,españa irán renta si trump,651,2026-04-14 09:31:08+00:00,2026-04-14 09:31:08+00:00
10,com economía egipto españa guerra,2429,2026-04-14 09:31:08+00:00,2026-04-14 09:31:08+00:00
11,directo guerra hora irán última,1462,2026-04-14 09:31:08+00:00,2026-04-14 09:31:08+00:00
12,españa internacional irán marca nuevo,671,2026-04-14 09:31:08+00:00,2026-04-14 09:31:08+00:00
13,2026 abril comprobar horóscopo hoy,1073,2026-04-14 09:31:08+00:00,2026-04-14 09:31:08+00:00
14,artemis astronautas ii luna misión,945,2026-04-14 09:31:08+00:00,2026-04-14 09:31:08+00:00
0,alcaraz carlos masters montecarlo sinner,314,2026-04-14 10:01:11+00:00,2026-04-14 10:01:11+00:00
1,feijóo gobierno pp psoe vox,690,2026-04-14 10:01:11+00:00,2026-04-14 10:01:11+00:00
2,artemis dos madrid quot zaragoza,24263,2026-04-14 10:01:11+00:00,2026-04-14 10:01:11+00:00
3,directo guerra irán israel última,2114,2026-04-14 10:01:11+00:00,2026-04-14 10:01:11+00:00
4,españa internacional irán marca nuevo,669,2026-04-14 10:01:11+00:00,2026-04-14 10:01:11+00:00
5,cómo directo país renta vasco,929,2026-04-14 10:01:11+00:00,2026-04-14 10:01:11+00:00
6,años dos hace muere tras,1421,2026-04-14 10:01:11+00:00,2026-04-14 10:01:11+00:00
7,cadena irán puede ser tras,771,2026-04-14 10:01:11+00:00,2026-04-14 10:01:11+00:00
8,españa fin madrid santa semana,759,2026-04-14 10:01:11+00:00,2026-04-14 10:01:11+00:00
9,estrecho guerra irán ormuz trump,1638,2026-04-14 10:01:11+00:00,2026-04-14 10:01:11+00:00
10,2026 abril hoy málaga picasso,494,2026-04-14 10:01:11+00:00,2026-04-14 10:01:11+00:00
11,2026 com día internacional pueblo,2398,2026-04-14 10:01:11+00:00,2026-04-14 10:01:11+00:00
12,2026 abril comprobar horóscopo hoy,1041,2026-04-14 10:01:11+00:00,2026-04-14 10:01:11+00:00
13,artemis detenido dos irán tras,1487,2026-04-14 10:01:11+00:00,2026-04-14 10:01:11+00:00
14,com economía españa guerra millones,2563,2026-04-14 10:01:11+00:00,2026-04-14 10:01:11+00:00
0,atlético barcelona directo madrid real,1113,2026-04-14 10:31:12+00:00,2026-04-14 10:31:12+00:00
1,com egipto españa guerra millones,2622,2026-04-14 10:31:12+00:00,2026-04-14 10:31:12+00:00
2,2026 com día internacional pueblo,2365,2026-04-14 10:31:12+00:00,2026-04-14 10:31:12+00:00
3,2026 abril comprobar horóscopo hoy,1091,2026-04-14 10:31:12+00:00,2026-04-14 10:31:12+00:00
4,eeuu estrecho irán ormuz trump,2399,2026-04-14 10:31:12+00:00,2026-04-14 10:31:12+00:00
5,000 dos euros quot zaragoza,22673,2026-04-14 10:31:12+00:00,2026-04-14 10:31:12+00:00
6,españa fin málaga santa semana,753,2026-04-14 10:31:12+00:00,2026-04-14 10:31:12+00:00
7,artemis astronautas ii luna misión,933,2026-04-14 10:31:12+00:00,2026-04-14 10:31:12+00:00
8,feijóo gobierno pp psoe vox,700,2026-04-14 10:31:12+00:00,2026-04-14 10:31:12+00:00
9,años dos hace muere tras,1382,2026-04-14 10:31:12+00:00,2026-04-14 10:31:12+00:00
10,detenido dos irán tras trump,1494,2026-04-14 10:31:12+00:00,2026-04-14 10:31:12+00:00
11,elecciones hungría magyar mundo orbán,786,2026-04-14 10:31:12+00:00,2026-04-14 10:31:12+00:00
12,así españa nueva nuevo york,1043,2026-04-14 10:31:12+00:00,2026-04-14 10:31:12+00:00
13,directo guerra hora irán última,1470,2026-04-14 10:31:12+00:00,2026-04-14 10:31:12+00:00
14,irán quot renta si trump,679,2026-04-14 10:31:12+00:00,2026-04-14 10:31:12+00:00
0,cruz internacional jordi sant évole,69,2026-04-14 11:01:15+00:00,2026-04-14 11:01:15+00:00
1,atlético barcelona champions directo madrid,597,2026-04-14 11:01:15+00:00,2026-04-14 11:01:15+00:00
2,españa gobierno guernica política traslado,329,2026-04-14 11:01:15+00:00,2026-04-14 11:01:15+00:00
3,eeuu guerra irán ormuz trump,3085,2026-04-14 11:01:15+00:00,2026-04-14 11:01:15+00:00
4,celebra día gitano internacional pueblo,674,2026-04-14 11:01:15+00:00,2026-04-14 11:01:15+00:00
5,años dos madrid quot tras,28562,2026-04-14 11:01:15+00:00,2026-04-14 11:01:15+00:00
6,com egipto españa guerra millones,2632,2026-04-14 11:01:15+00:00,2026-04-14 11:01:15+00:00
7,arte internacional madrid museo obras,70,2026-04-14 11:01:15+00:00,2026-04-14 11:01:15+00:00
8,2026 com diario españa internacional,2190,2026-04-14 11:01:15+00:00,2026-04-14 11:01:15+00:00
9,2026 abril comprobar hoy sorteo,923,2026-04-14 11:01:15+00:00,2026-04-14 11:01:15+00:00
10,2026 abril horóscopo hoy predicción,234,2026-04-14 11:01:15+00:00,2026-04-14 11:01:15+00:00
11,alemania energéticas españa impuesto piden,112,2026-04-14 11:01:15+00:00,2026-04-14 11:01:15+00:00
12,canaria españa gran internacional primer,458,2026-04-14 11:01:15+00:00,2026-04-14 11:01:15+00:00
13,ee guerra irán israel uu,594,2026-04-14 11:01:15+00:00,2026-04-14 11:01:15+00:00
14,artemis astronautas ii luna misión,950,2026-04-14 11:01:15+00:00,2026-04-14 11:01:15+00:00
0,años hace muere tras tres,1260,2026-04-14 11:31:10+00:00,2026-04-14 11:31:10+00:00
1,cadena irán puede ser tras,737,2026-04-14 11:31:10+00:00,2026-04-14 11:31:10+00:00
2,años dos irán semanas tras,916,2026-04-14 11:31:10+00:00,2026-04-14 11:31:10+00:00
3,directo guerra irán israel última,1963,2026-04-14 11:31:10+00:00,2026-04-14 11:31:10+00:00
4,com economía egipto españa guerra,2552,2026-04-14 11:31:10+00:00,2026-04-14 11:31:10+00:00
5,2026 com día internacional pueblo,2370,2026-04-14 11:31:10+00:00,2026-04-14 11:31:10+00:00
6,estrecho irán ormuz tras trump,2430,2026-04-14 11:31:10+00:00,2026-04-14 11:31:10+00:00
7,2026 abril comprobar horóscopo hoy,1101,2026-04-14 11:31:10+00:00,2026-04-14 11:31:10+00:00
8,artemis astronautas ii luna misión,922,2026-04-14 11:31:10+00:00,2026-04-14 11:31:10+00:00
9,gobierno nuevo santa semana zaragoza,22492,2026-04-14 11:31:10+00:00,2026-04-14 11:31:10+00:00
10,039 años irán quot si,464,2026-04-14 11:31:10+00:00,2026-04-14 11:31:10+00:00
11,juicio kitchen koldo si ábalos,1104,2026-04-14 11:31:10+00:00,2026-04-14 11:31:10+00:00
12,eeuu fuego irán ormuz trump,723,2026-04-14 11:31:10+00:00,2026-04-14 11:31:10+00:00
13,000 10 españa euros millones,1347,2026-04-14 11:31:10+00:00,2026-04-14 11:31:10+00:00
14,atlético barcelona directo madrid real,1111,2026-04-14 11:31:10+00:00,2026-04-14 11:31:10+00:00
0,atlético barcelona directo madrid real,1137,2026-04-14 12:01:14+00:00,2026-04-14 12:01:14+00:00
1,2026 com día internacional pueblo,2347,2026-04-14 12:01:14+00:00,2026-04-14 12:01:14+00:00
2,directo guerra irán israel última,1729,2026-04-14 12:01:14+00:00,2026-04-14 12:01:14+00:00
3,com egipto españa millones sánchez,2516,2026-04-14 12:01:14+00:00,2026-04-14 12:01:14+00:00
4,amenaza estrecho irán ormuz trump,1465,2026-04-14 12:01:14+00:00,2026-04-14 12:01:14+00:00
5,000 euros gobierno nuevo zaragoza,23259,2026-04-14 12:01:14+00:00,2026-04-14 12:01:14+00:00
6,artemis astronautas ii luna misión,923,2026-04-14 12:01:14+00:00,2026-04-14 12:01:14+00:00
7,españa guerra irán medio trump,1139,2026-04-14 12:01:14+00:00,2026-04-14 12:01:14+00:00
8,2026 abril comprobar horóscopo hoy,1077,2026-04-14 12:01:14+00:00,2026-04-14 12:01:14+00:00
9,alcaraz carlos montecarlo nueva sinner,901,2026-04-14 12:01:14+00:00,2026-04-14 12:01:14+00:00
10,años detenido hombre ser tras,1472,2026-04-14 12:01:14+00:00,2026-04-14 12:01:14+00:00
11,años después dos hace muere,1748,2026-04-14 12:01:14+00:00,2026-04-14 12:01:14+00:00
12,039 años irán quot si,464,2026-04-14 12:01:14+00:00,2026-04-14 12:01:14+00:00
13,elecciones hungría magyar orbán péter,549,2026-04-14 12:01:14+00:00,2026-04-14 12:01:14+00:00
14,españa fin málaga santa semana,742,2026-04-14 12:01:14+00:00,2026-04-14 12:01:14+00:00
0,feijóo gobierno pp psoe vox,719,2026-04-14 12:31:07+00:00,2026-04-14 12:31:07+00:00
1,atlético barcelona directo madrid real,1148,2026-04-14 12:31:07+00:00,2026-04-14 12:31:07+00:00
2,2026 com día internacional pueblo,2410,2026-04-14 12:31:07+00:00,2026-04-14 12:31:07+00:00
3,000 artemis años dos semana,25051,2026-04-14 12:31:07+00:00,2026-04-14 12:31:07+00:00
4,directo guerra irán trump última,1274,2026-04-14 12:31:07+00:00,2026-04-14 12:31:07+00:00
5,com egipto españa millones sánchez,2424,2026-04-14 12:31:07+00:00,2026-04-14 12:31:07+00:00
6,años españa país trump vasco,701,2026-04-14 12:31:07+00:00,2026-04-14 12:31:07+00:00
7,2026 abril comprobar horóscopo hoy,1120,2026-04-14 12:31:07+00:00,2026-04-14 12:31:07+00:00
8,eeuu estrecho irán ormuz trump,2219,2026-04-14 12:31:07+00:00,2026-04-14 12:31:07+00:00
9,años cinco dos días tras,551,2026-04-14 12:31:07+00:00,2026-04-14 12:31:07+00:00
10,casademont centro parque real zaragoza,743,2026-04-14 12:31:07+00:00,2026-04-14 12:31:07+00:00
11,039 años irán quot trump,466,2026-04-14 12:31:07+00:00,2026-04-14 12:31:07+00:00
12,bruselas carburantes energéticas españa iva,144,2026-04-14 12:31:07+00:00,2026-04-14 12:31:07+00:00
13,directo guerra irán israel líbano,896,2026-04-14 12:31:07+00:00,2026-04-14 12:31:07+00:00
14,años detenido dos ser tras,1620,2026-04-14 12:31:07+00:00,2026-04-14 12:31:07+00:00
0,almería heridos muerto restaurante zaragoza,173,2026-04-14 13:01:10+00:00,2026-04-14 13:01:10+00:00
1,aitana china españa pedro sánchez,800,2026-04-14 13:01:10+00:00,2026-04-14 13:01:10+00:00
2,atlético barcelona champions directo madrid,587,2026-04-14 13:01:10+00:00,2026-04-14 13:01:10+00:00
3,años detenido irán tras trump,1626,2026-04-14 13:01:10+00:00,2026-04-14 13:01:10+00:00
4,com dw españa irán mundo,1007,2026-04-14 13:01:10+00:00,2026-04-14 13:01:10+00:00
5,así casademont parque real zaragoza,702,2026-04-14 13:01:10+00:00,2026-04-14 13:01:10+00:00
6,artemis astronautas ii luna misión,944,2026-04-14 13:01:10+00:00,2026-04-14 13:01:10+00:00
7,directo guerra irán israel trump,2960,2026-04-14 13:01:10+00:00,2026-04-14 13:01:10+00:00
8,españa fin málaga santa semana,732,2026-04-14 13:01:10+00:00,2026-04-14 13:01:10+00:00
9,bayern comunidad internacional madrid real,1003,2026-04-14 13:01:10+00:00,2026-04-14 13:01:10+00:00
10,com egipto españa guerra millones,2428,2026-04-14 13:01:10+00:00,2026-04-14 13:01:10+00:00
11,españa internacional irán nuevo presidente,670,2026-04-14 13:01:10+00:00,2026-04-14 13:01:10+00:00
12,000 años dos quot trump,24506,2026-04-14 13:01:10+00:00,2026-04-14 13:01:10+00:00
13,2026 com día internacional pueblo,2311,2026-04-14 13:01:10+00:00,2026-04-14 13:01:10+00:00
14,2026 abril comprobar horóscopo hoy,1096,2026-04-14 13:01:10+00:00,2026-04-14 13:01:10+00:00
0,abril día gitano internacional pueblo,661,2026-04-14 13:31:16+00:00,2026-04-14 13:31:16+00:00
1,artemis dos ii quot zaragoza,24060,2026-04-14 13:31:16+00:00,2026-04-14 13:31:16+00:00
2,china españa internacional irán sánchez,414,2026-04-14 13:31:16+00:00,2026-04-14 13:31:16+00:00
3,com egipto españa guerra millones,2418,2026-04-14 13:31:16+00:00,2026-04-14 13:31:16+00:00
4,atlético barcelona bayern madrid real,1091,2026-04-14 13:31:16+00:00,2026-04-14 13:31:16+00:00
5,guerra irán otan tras trump,1411,2026-04-14 13:31:16+00:00,2026-04-14 13:31:16+00:00
6,cadena españa puede ser tras,736,2026-04-14 13:31:16+00:00,2026-04-14 13:31:16+00:00
7,directo guerra irán israel última,1954,2026-04-14 13:31:16+00:00,2026-04-14 13:31:16+00:00
8,años después dos muere tras,1424,2026-04-14 13:31:16+00:00,2026-04-14 13:31:16+00:00
9,2026 abril comprobar horóscopo hoy,1097,2026-04-14 13:31:16+00:00,2026-04-14 13:31:16+00:00
10,2026 com congreso diario internacional,2016,2026-04-14 13:31:16+00:00,2026-04-14 13:31:16+00:00
11,000 10 españa euros millones,1336,2026-04-14 13:31:16+00:00,2026-04-14 13:31:16+00:00
12,españa fin málaga santa semana,731,2026-04-14 13:31:16+00:00,2026-04-14 13:31:16+00:00
13,bloqueo estrecho irán ormuz trump,729,2026-04-14 13:31:16+00:00,2026-04-14 13:31:16+00:00
14,artemis detenido dos irán tras,1488,2026-04-14 13:31:16+00:00,2026-04-14 13:31:16+00:00
0,aemet bilbao directo internacional prevé,180,2026-04-14 14:01:13+00:00,2026-04-14 14:01:13+00:00
1,2026 com día internacional pueblo,2445,2026-04-14 14:01:13+00:00,2026-04-14 14:01:13+00:00
2,artemis años ii madrid quot,23796,2026-04-14 14:01:13+00:00,2026-04-14 14:01:13+00:00
3,2026 abril comprobar horóscopo hoy,1122,2026-04-14 14:01:13+00:00,2026-04-14 14:01:13+00:00
4,com egipto españa guerra millones,2543,2026-04-14 14:01:13+00:00,2026-04-14 14:01:13+00:00
5,así casademont parque real zaragoza,730,2026-04-14 14:01:13+00:00,2026-04-14 14:01:13+00:00
6,años dos irán semanas tras,939,2026-04-14 14:01:13+00:00,2026-04-14 14:01:13+00:00
7,2025 2026 declaración hacienda renta,340,2026-04-14 14:01:13+00:00,2026-04-14 14:01:13+00:00
8,elecciones hungría magyar orbán péter,499,2026-04-14 14:01:13+00:00,2026-04-14 14:01:13+00:00
9,artemis años irán tras trump,1653,2026-04-14 14:01:13+00:00,2026-04-14 14:01:13+00:00
10,000 españa euros millones millón,1166,2026-04-14 14:01:13+00:00,2026-04-14 14:01:13+00:00
11,irán ormuz santa semana trump,1944,2026-04-14 14:01:13+00:00,2026-04-14 14:01:13+00:00
12,directo guerra irán israel última,2254,2026-04-14 14:01:13+00:00,2026-04-14 14:01:13+00:00
13,juicio koldo pp vox ábalos,1189,2026-04-14 14:01:13+00:00,2026-04-14 14:01:13+00:00
14,aitana china españa pedro sánchez,811,2026-04-14 14:01:13+00:00,2026-04-14 14:01:13+00:00
0,españa gobierno pp regularización sánchez,757,2026-04-14 14:31:08+00:00,2026-04-14 14:31:08+00:00
1,2026 com día internacional pueblo,2448,2026-04-14 14:31:08+00:00,2026-04-14 14:31:08+00:00
2,directo guerra irán israel última,2161,2026-04-14 14:31:08+00:00,2026-04-14 14:31:08+00:00
3,detenido dos irán ser tras,1446,2026-04-14 14:31:08+00:00,2026-04-14 14:31:08+00:00
4,fin madrid málaga santa semana,743,2026-04-14 14:31:08+00:00,2026-04-14 14:31:08+00:00
5,000 dos euros madrid zaragoza,23716,2026-04-14 14:31:08+00:00,2026-04-14 14:31:08+00:00
6,aldama directo juicio koldo ábalos,626,2026-04-14 14:31:08+00:00,2026-04-14 14:31:08+00:00
7,2026 abril comprobar horóscopo hoy,1125,2026-04-14 14:31:08+00:00,2026-04-14 14:31:08+00:00
8,artemis astronautas ii luna misión,926,2026-04-14 14:31:08+00:00,2026-04-14 14:31:08+00:00
9,com economía españa guerra millones,2578,2026-04-14 14:31:08+00:00,2026-04-14 14:31:08+00:00
10,estrecho guerra irán ormuz trump,1681,2026-04-14 14:31:08+00:00,2026-04-14 14:31:08+00:00
11,alcaraz carlos masters montecarlo sinner,324,2026-04-14 14:31:08+00:00,2026-04-14 14:31:08+00:00
12,años dos hace muere tras,1386,2026-04-14 14:31:08+00:00,2026-04-14 14:31:08+00:00
13,2025 así declaración renta si,1270,2026-04-14 14:31:08+00:00,2026-04-14 14:31:08+00:00
14,039 años irán quot si,462,2026-04-14 14:31:08+00:00,2026-04-14 14:31:08+00:00
0,000 10 españa euros millones,1416,2026-04-14 15:01:06+00:00,2026-04-14 15:01:06+00:00
1,años deportivo internacional irán mundo,530,2026-04-14 15:01:06+00:00,2026-04-14 15:01:06+00:00
2,com economía egipto españa guerra,2370,2026-04-14 15:01:06+00:00,2026-04-14 15:01:06+00:00
3,alcaraz carlos masters montecarlo sinner,323,2026-04-14 15:01:06+00:00,2026-04-14 15:01:06+00:00
4,españa internacional irán nuevo presidente,657,2026-04-14 15:01:06+00:00,2026-04-14 15:01:06+00:00
5,directo guerra irán israel trump,2968,2026-04-14 15:01:06+00:00,2026-04-14 15:01:06+00:00
6,2026 com día internacional pueblo,2268,2026-04-14 15:01:06+00:00,2026-04-14 15:01:06+00:00
7,artemis astronautas ii luna misión,939,2026-04-14 15:01:06+00:00,2026-04-14 15:01:06+00:00
8,años dos quot semana zaragoza,24073,2026-04-14 15:01:06+00:00,2026-04-14 15:01:06+00:00
9,atlético barcelona bayern madrid real,1139,2026-04-14 15:01:06+00:00,2026-04-14 15:01:06+00:00
10,españa europa internacional press trump,502,2026-04-14 15:01:06+00:00,2026-04-14 15:01:06+00:00
11,años detenido dos tras trump,1600,2026-04-14 15:01:06+00:00,2026-04-14 15:01:06+00:00
12,aitana china españa pedro sánchez,798,2026-04-14 15:01:06+00:00,2026-04-14 15:01:06+00:00
13,2026 abril comprobar horóscopo hoy,1108,2026-04-14 15:01:06+00:00,2026-04-14 15:01:06+00:00
14,elecciones hungría magyar orbán país,966,2026-04-14 15:01:06+00:00,2026-04-14 15:01:06+00:00
0,abril hoy málaga santa semana,537,2026-04-14 15:31:09+00:00,2026-04-14 15:31:09+00:00
1,detenido españa santa semana tras,1961,2026-04-14 15:31:09+00:00,2026-04-14 15:31:09+00:00
2,bayern comunidad internacional madrid real,1013,2026-04-14 15:31:09+00:00,2026-04-14 15:31:09+00:00
3,años hace muere tras tres,1256,2026-04-14 15:31:09+00:00,2026-04-14 15:31:09+00:00
4,2026 abril comprobar horóscopo hoy,1096,2026-04-14 15:31:09+00:00,2026-04-14 15:31:09+00:00
5,2026 com día internacional pueblo,2410,2026-04-14 15:31:09+00:00,2026-04-14 15:31:09+00:00
6,así españa sido tras zaragoza,645,2026-04-14 15:31:09+00:00,2026-04-14 15:31:09+00:00
7,artemis astronautas ii luna misión,916,2026-04-14 15:31:09+00:00,2026-04-14 15:31:09+00:00
8,000 españa euros gobierno millones,25014,2026-04-14 15:31:09+00:00,2026-04-14 15:31:09+00:00
9,alto ee fuego irán uu,1537,2026-04-14 15:31:09+00:00,2026-04-14 15:31:09+00:00
10,directo guerra hora irán última,1522,2026-04-14 15:31:09+00:00,2026-04-14 15:31:09+00:00
11,estrecho irán ormuz tras trump,1540,2026-04-14 15:31:09+00:00,2026-04-14 15:31:09+00:00
12,años detenidos dos heridos tras,881,2026-04-14 15:31:09+00:00,2026-04-14 15:31:09+00:00
13,039 irán quot si trump,464,2026-04-14 15:31:09+00:00,2026-04-14 15:31:09+00:00
14,alcaraz atlético barcelona directo montecarlo,889,2026-04-14 15:31:09+00:00,2026-04-14 15:31:09+00:00
0,000 artemis años directo madrid,25000,2026-04-14 16:01:09+00:00,2026-04-14 16:01:09+00:00
1,directo guerra hora irán última,1506,2026-04-14 16:01:09+00:00,2026-04-14 16:01:09+00:00
2,2026 com día internacional pueblo,2402,2026-04-14 16:01:09+00:00,2026-04-14 16:01:09+00:00
3,2026 abril comprobar horóscopo hoy,1120,2026-04-14 16:01:09+00:00,2026-04-14 16:01:09+00:00
4,feijóo gobierno pp psoe vox,709,2026-04-14 16:01:09+00:00,2026-04-14 16:01:09+00:00
5,com españa guerra millones sánchez,2556,2026-04-14 16:01:09+00:00,2026-04-14 16:01:09+00:00
6,eeuu estrecho irán ormuz trump,2375,2026-04-14 16:01:09+00:00,2026-04-14 16:01:09+00:00
7,españa heridos menos muerto muertos,392,2026-04-14 16:01:09+00:00,2026-04-14 16:01:09+00:00
8,casademont centro parque real zaragoza,735,2026-04-14 16:01:09+00:00,2026-04-14 16:01:09+00:00
9,cadena irán puede ser tras,750,2026-04-14 16:01:09+00:00,2026-04-14 16:01:09+00:00
10,fin madrid málaga santa semana,744,2026-04-14 16:01:09+00:00,2026-04-14 16:01:09+00:00
11,años dos heridos irán tras,866,2026-04-14 16:01:09+00:00,2026-04-14 16:01:09+00:00
12,artemis años detenido tras trump,1544,2026-04-14 16:01:09+00:00,2026-04-14 16:01:09+00:00
13,039 años irán quot si,466,2026-04-14 16:01:09+00:00,2026-04-14 16:01:09+00:00
14,años deportivo internacional mundo trump,545,2026-04-14 16:01:09+00:00,2026-04-14 16:01:09+00:00
0,españa gobierno pp regularización sánchez,738,2026-04-14 16:31:08+00:00,2026-04-14 16:31:08+00:00
1,declaración día internacional pueblo renta,956,2026-04-14 16:31:08+00:00,2026-04-14 16:31:08+00:00
2,fin madrid málaga santa semana,740,2026-04-14 16:31:08+00:00,2026-04-14 16:31:08+00:00
3,artemis dos ii madrid quot,24174,2026-04-14 16:31:08+00:00,2026-04-14 16:31:08+00:00
4,2026 abril comprobar horóscopo hoy,1101,2026-04-14 16:31:08+00:00,2026-04-14 16:31:08+00:00
5,años dos hace muere tras,1405,2026-04-14 16:31:08+00:00,2026-04-14 16:31:08+00:00
6,artemis detenido dos ser tras,1518,2026-04-14 16:31:08+00:00,2026-04-14 16:31:08+00:00
7,casademont centro parque real zaragoza,726,2026-04-14 16:31:08+00:00,2026-04-14 16:31:08+00:00
8,aldama directo juicio koldo ábalos,607,2026-04-14 16:31:08+00:00,2026-04-14 16:31:08+00:00
9,abre españa internacional nueva york,633,2026-04-14 16:31:08+00:00,2026-04-14 16:31:08+00:00
10,2026 com congreso diario internacional,2119,2026-04-14 16:31:08+00:00,2026-04-14 16:31:08+00:00
11,directo guerra irán israel última,2162,2026-04-14 16:31:08+00:00,2026-04-14 16:31:08+00:00
12,acuerdo feijóo pp psoe vox,642,2026-04-14 16:31:08+00:00,2026-04-14 16:31:08+00:00
13,estrecho guerra irán ormuz trump,1719,2026-04-14 16:31:08+00:00,2026-04-14 16:31:08+00:00
14,com economía españa guerra millones,2526,2026-04-14 16:31:08+00:00,2026-04-14 16:31:08+00:00
0,2026 com congreso diario internacional,2110,2026-04-14 17:01:09+00:00,2026-04-14 17:01:09+00:00
1,artemis directo gobierno madrid quot,24481,2026-04-14 17:01:09+00:00,2026-04-14 17:01:09+00:00
2,000 año españa millones primer,431,2026-04-14 17:01:09+00:00,2026-04-14 17:01:09+00:00
3,años hoy málaga netanyahu picasso,462,2026-04-14 17:01:09+00:00,2026-04-14 17:01:09+00:00
4,años detenido hombre muere tras,2447,2026-04-14 17:01:09+00:00,2026-04-14 17:01:09+00:00
5,españa fin madrid santa semana,717,2026-04-14 17:01:09+00:00,2026-04-14 17:01:09+00:00
6,estrecho irán ormuz tras trump,1744,2026-04-14 17:01:09+00:00,2026-04-14 17:01:09+00:00
7,celebra día gitano internacional pueblo,643,2026-04-14 17:01:09+00:00,2026-04-14 17:01:09+00:00
8,casademont centro parque real zaragoza,721,2026-04-14 17:01:09+00:00,2026-04-14 17:01:09+00:00
9,com españa guerra millones sánchez,2617,2026-04-14 17:01:09+00:00,2026-04-14 17:01:09+00:00
10,años detenidos dos heridos tras,866,2026-04-14 17:01:09+00:00,2026-04-14 17:01:09+00:00
11,artemis así luna sido tras,657,2026-04-14 17:01:09+00:00,2026-04-14 17:01:09+00:00
12,abre españa internacional nueva york,637,2026-04-14 17:01:09+00:00,2026-04-14 17:01:09+00:00
13,2026 abril comprobar horóscopo hoy,1077,2026-04-14 17:01:09+00:00,2026-04-14 17:01:09+00:00
14,directo guerra irán israel última,2172,2026-04-14 17:01:09+00:00,2026-04-14 17:01:09+00:00
0,bolsa com españa española internacional,250,2026-04-14 17:31:05+00:00,2026-04-14 17:31:05+00:00
1,artemis detenido dos ser tras,1521,2026-04-14 17:31:05+00:00,2026-04-14 17:31:05+00:00
2,años después dos muere tras,1414,2026-04-14 17:31:05+00:00,2026-04-14 17:31:05+00:00
3,atlético barcelona champions directo madrid,608,2026-04-14 17:31:05+00:00,2026-04-14 17:31:05+00:00
4,com economía egipto españa guerra,2457,2026-04-14 17:31:05+00:00,2026-04-14 17:31:05+00:00
5,artemis dos quot semana zaragoza,22749,2026-04-14 17:31:05+00:00,2026-04-14 17:31:05+00:00
6,2025 cómo declaración renta si,1204,2026-04-14 17:31:05+00:00,2026-04-14 17:31:05+00:00
7,bayern directo madrid real zaragoza,1099,2026-04-14 17:31:05+00:00,2026-04-14 17:31:05+00:00
8,estrecho guerra irán ormuz trump,1735,2026-04-14 17:31:05+00:00,2026-04-14 17:31:05+00:00
9,2026 abril comprobar horóscopo hoy,1124,2026-04-14 17:31:05+00:00,2026-04-14 17:31:05+00:00
10,directo guerra irán israel última,2114,2026-04-14 17:31:05+00:00,2026-04-14 17:31:05+00:00
11,000 22 españa euros millones,807,2026-04-14 17:31:05+00:00,2026-04-14 17:31:05+00:00
12,000 euros millón málaga semana,1165,2026-04-14 17:31:05+00:00,2026-04-14 17:31:05+00:00
13,2026 com día internacional pueblo,2358,2026-04-14 17:31:05+00:00,2026-04-14 17:31:05+00:00
14,gobierno pp psoe regularización vox,1175,2026-04-14 17:31:05+00:00,2026-04-14 17:31:05+00:00
0,2026 abril comprobar horóscopo hoy,1121,2026-04-14 18:01:07+00:00,2026-04-14 18:01:07+00:00
1,2026 com día internacional pueblo,2376,2026-04-14 18:01:07+00:00,2026-04-14 18:01:07+00:00
2,españa puede renta si trump,631,2026-04-14 18:01:07+00:00,2026-04-14 18:01:07+00:00
3,detenido dos irán tras trump,1540,2026-04-14 18:01:07+00:00,2026-04-14 18:01:07+00:00
4,directo guerra hora irán última,678,2026-04-14 18:01:07+00:00,2026-04-14 18:01:07+00:00
5,039 años irán quot si,467,2026-04-14 18:01:07+00:00,2026-04-14 18:01:07+00:00
6,artemis astronautas ii luna misión,910,2026-04-14 18:01:07+00:00,2026-04-14 18:01:07+00:00
7,000 dos euros gobierno semana,23697,2026-04-14 18:01:07+00:00,2026-04-14 18:01:07+00:00
8,com egipto españa millones sánchez,2503,2026-04-14 18:01:07+00:00,2026-04-14 18:01:07+00:00
9,así españa irán nuevo presidente,1038,2026-04-14 18:01:07+00:00,2026-04-14 18:01:07+00:00
10,eeuu estrecho irán ormuz trump,2385,2026-04-14 18:01:07+00:00,2026-04-14 18:01:07+00:00
11,así casademont parque real zaragoza,769,2026-04-14 18:01:07+00:00,2026-04-14 18:01:07+00:00
12,años dos hace muere tras,1370,2026-04-14 18:01:07+00:00,2026-04-14 18:01:07+00:00
13,españa guerra irán israel trump,1160,2026-04-14 18:01:07+00:00,2026-04-14 18:01:07+00:00
14,atlético barcelona directo madrid real,1148,2026-04-14 18:01:07+00:00,2026-04-14 18:01:07+00:00
0,años detenido hombre pareja tras,594,2026-04-14 18:31:06+00:00,2026-04-14 18:31:06+00:00
1,alto fuego irán israel trump,572,2026-04-14 18:31:06+00:00,2026-04-14 18:31:06+00:00
2,2026 com día internacional pueblo,2443,2026-04-14 18:31:06+00:00,2026-04-14 18:31:06+00:00
3,españa gobierno pp regularización vasco,731,2026-04-14 18:31:06+00:00,2026-04-14 18:31:06+00:00
4,artemis astronautas ii luna misión,928,2026-04-14 18:31:06+00:00,2026-04-14 18:31:06+00:00
5,com economía españa guerra millones,2497,2026-04-14 18:31:06+00:00,2026-04-14 18:31:06+00:00
6,000 años dos semana zaragoza,24800,2026-04-14 18:31:06+00:00,2026-04-14 18:31:06+00:00
7,039 años irán quot si,469,2026-04-14 18:31:06+00:00,2026-04-14 18:31:06+00:00
8,2026 abril comprobar horóscopo hoy,1130,2026-04-14 18:31:06+00:00,2026-04-14 18:31:06+00:00
9,feijóo pp psoe tras vox,675,2026-04-14 18:31:06+00:00,2026-04-14 18:31:06+00:00
10,atlético barcelona madrid real tras,2337,2026-04-14 18:31:06+00:00,2026-04-14 18:31:06+00:00
11,estrecho irán ormuz tras trump,1554,2026-04-14 18:31:06+00:00,2026-04-14 18:31:06+00:00
12,china españa gijón pedro sánchez,756,2026-04-14 18:31:06+00:00,2026-04-14 18:31:06+00:00
13,aragón españa internacional pueblo zaragoza,291,2026-04-14 18:31:06+00:00,2026-04-14 18:31:06+00:00
14,directo guerra irán israel última,2041,2026-04-14 18:31:06+00:00,2026-04-14 18:31:06+00:00
0,artemis astronautas ii luna misión,930,2026-04-14 19:01:12+00:00,2026-04-14 19:01:12+00:00
1,estrecho guerra irán ormuz trump,1639,2026-04-14 19:01:12+00:00,2026-04-14 19:01:12+00:00
2,atlético barcelona directo madrid real,1127,2026-04-14 19:01:12+00:00,2026-04-14 19:01:12+00:00
3,2026 com día internacional pueblo,2266,2026-04-14 19:01:12+00:00,2026-04-14 19:01:12+00:00
4,000 años españa euros millón,913,2026-04-14 19:01:12+00:00,2026-04-14 19:01:12+00:00
5,años deportivo internacional mundo trump,551,2026-04-14 19:01:12+00:00,2026-04-14 19:01:12+00:00
6,com egipto españa guerra ue,2318,2026-04-14 19:01:12+00:00,2026-04-14 19:01:12+00:00
7,años detenido dos ser tras,1546,2026-04-14 19:01:12+00:00,2026-04-14 19:01:12+00:00
8,000 22 españa euros millones,787,2026-04-14 19:01:12+00:00,2026-04-14 19:01:12+00:00
9,españa fin málaga santa semana,717,2026-04-14 19:01:12+00:00,2026-04-14 19:01:12+00:00
10,abre españa internacional nueva york,646,2026-04-14 19:01:12+00:00,2026-04-14 19:01:12+00:00
11,directo guerra irán israel última,2102,2026-04-14 19:01:12+00:00,2026-04-14 19:01:12+00:00
12,china pedro quot si sánchez,1282,2026-04-14 19:01:12+00:00,2026-04-14 19:01:12+00:00
13,años dos gobierno quot zaragoza,23888,2026-04-14 19:01:12+00:00,2026-04-14 19:01:12+00:00
14,2026 abril comprobar horóscopo hoy,1108,2026-04-14 19:01:12+00:00,2026-04-14 19:01:12+00:00
0,fin madrid málaga santa semana,743,2026-04-14 19:31:09+00:00,2026-04-14 19:31:09+00:00
1,000 años euros gobierno millones,1932,2026-04-14 19:31:09+00:00,2026-04-14 19:31:09+00:00
2,blanca casa declaración hacienda renta,727,2026-04-14 19:31:09+00:00,2026-04-14 19:31:09+00:00
3,ee guerra irán trump uu,493,2026-04-14 19:31:09+00:00,2026-04-14 19:31:09+00:00
4,com dw elplural españa internacional,1050,2026-04-14 19:31:09+00:00,2026-04-14 19:31:09+00:00
5,aena euros gana internacional premio,254,2026-04-14 19:31:09+00:00,2026-04-14 19:31:09+00:00
6,2026 día gitano internacional pueblo,2138,2026-04-14 19:31:09+00:00,2026-04-14 19:31:09+00:00
7,artemis años dos madrid zaragoza,24936,2026-04-14 19:31:09+00:00,2026-04-14 19:31:09+00:00
8,españa guerra millones sánchez ue,2377,2026-04-14 19:31:09+00:00,2026-04-14 19:31:09+00:00
9,2026 abril comprobar horóscopo hoy,1127,2026-04-14 19:31:09+00:00,2026-04-14 19:31:09+00:00
10,eeuu estrecho irán ormuz trump,2005,2026-04-14 19:31:09+00:00,2026-04-14 19:31:09+00:00
11,artemis años detenido dos tras,1748,2026-04-14 19:31:09+00:00,2026-04-14 19:31:09+00:00
12,039 años irán quot si,469,2026-04-14 19:31:09+00:00,2026-04-14 19:31:09+00:00
13,directo guerra hora irán última,1250,2026-04-14 19:31:09+00:00,2026-04-14 19:31:09+00:00
14,cómo declaración directo renta ver,583,2026-04-14 19:31:09+00:00,2026-04-14 19:31:09+00:00
0,feijóo gobierno pp psoe vox,731,2026-04-14 20:01:09+00:00,2026-04-14 20:01:09+00:00
1,artemis dos ii quot semana,23425,2026-04-14 20:01:09+00:00,2026-04-14 20:01:09+00:00
2,amenaza estrecho irán ormuz trump,1573,2026-04-14 20:01:09+00:00,2026-04-14 20:01:09+00:00
3,com economía españa guerra millones,2472,2026-04-14 20:01:09+00:00,2026-04-14 20:01:09+00:00
4,2026 com día internacional pueblo,2319,2026-04-14 20:01:09+00:00,2026-04-14 20:01:09+00:00
5,000 dos españa miles personas,388,2026-04-14 20:01:09+00:00,2026-04-14 20:01:09+00:00
6,ee guerra irán israel uu,591,2026-04-14 20:01:09+00:00,2026-04-14 20:01:09+00:00
7,cadena china pedro ser sánchez,1195,2026-04-14 20:01:09+00:00,2026-04-14 20:01:09+00:00
8,2026 abril comprobar horóscopo hoy,1110,2026-04-14 20:01:09+00:00,2026-04-14 20:01:09+00:00
9,directo eeuu guerra irán israel,1944,2026-04-14 20:01:09+00:00,2026-04-14 20:01:09+00:00
10,artemis detenido dos luna tras,1488,2026-04-14 20:01:09+00:00,2026-04-14 20:01:09+00:00
11,atlético barcelona directo madrid real,1143,2026-04-14 20:01:09+00:00,2026-04-14 20:01:09+00:00
12,000 10 españa euros millones,1325,2026-04-14 20:01:09+00:00,2026-04-14 20:01:09+00:00
13,años después dos muere tras,1412,2026-04-14 20:01:09+00:00,2026-04-14 20:01:09+00:00
14,así casademont parque real zaragoza,736,2026-04-14 20:01:09+00:00,2026-04-14 20:01:09+00:00
0,directo guerra irán israel trump,2907,2026-04-14 20:31:09+00:00,2026-04-14 20:31:09+00:00
1,dos gobierno sánchez trump zaragoza,22941,2026-04-14 20:31:09+00:00,2026-04-14 20:31:09+00:00
2,años dos hace muere tras,1366,2026-04-14 20:31:09+00:00,2026-04-14 20:31:09+00:00
3,cómo país puede the trump,1367,2026-04-14 20:31:09+00:00,2026-04-14 20:31:09+00:00
4,artemis astronautas ii luna misión,910,2026-04-14 20:31:09+00:00,2026-04-14 20:31:09+00:00
5,atlético barcelona directo madrid real,1136,2026-04-14 20:31:09+00:00,2026-04-14 20:31:09+00:00
6,2026 abril comprobar horóscopo hoy,1094,2026-04-14 20:31:09+00:00,2026-04-14 20:31:09+00:00
7,españa fin málaga santa semana,719,2026-04-14 20:31:09+00:00,2026-04-14 20:31:09+00:00
8,españa internacional irán marca nuevo,676,2026-04-14 20:31:09+00:00,2026-04-14 20:31:09+00:00
9,000 10 españa euros millones,1343,2026-04-14 20:31:09+00:00,2026-04-14 20:31:09+00:00
10,2026 com día internacional pueblo,2345,2026-04-14 20:31:09+00:00,2026-04-14 20:31:09+00:00
11,039 años irán quot si,470,2026-04-14 20:31:09+00:00,2026-04-14 20:31:09+00:00
12,años blanca casa hacer trump,451,2026-04-14 20:31:09+00:00,2026-04-14 20:31:09+00:00
13,com españa guerra millones sánchez,2522,2026-04-14 20:31:09+00:00,2026-04-14 20:31:09+00:00
14,detenido dos irán tras trump,1564,2026-04-14 20:31:09+00:00,2026-04-14 20:31:09+00:00
0,así españa grupo queda tras,228,2026-04-14 21:01:11+00:00,2026-04-14 21:01:11+00:00
1,años dos gobierno quot si,23449,2026-04-14 21:01:11+00:00,2026-04-14 21:01:11+00:00
2,2026 com día internacional pueblo,2417,2026-04-14 21:01:11+00:00,2026-04-14 21:01:11+00:00
3,aldama directo juicio koldo ábalos,676,2026-04-14 21:01:11+00:00,2026-04-14 21:01:11+00:00
4,china españa pide sánchez trump,740,2026-04-14 21:01:11+00:00,2026-04-14 21:01:11+00:00
5,eeuu estrecho irán ormuz trump,2451,2026-04-14 21:01:11+00:00,2026-04-14 21:01:11+00:00
6,atlético barcelona madrid real zaragoza,1777,2026-04-14 21:01:11+00:00,2026-04-14 21:01:11+00:00
7,artemis astronautas ii luna misión,924,2026-04-14 21:01:11+00:00,2026-04-14 21:01:11+00:00
8,escribano indra presidente simón ángel,200,2026-04-14 21:01:11+00:00,2026-04-14 21:01:11+00:00
9,españa fin málaga santa semana,716,2026-04-14 21:01:11+00:00,2026-04-14 21:01:11+00:00
10,directo guerra hora irán última,1491,2026-04-14 21:01:11+00:00,2026-04-14 21:01:11+00:00
11,000 10 años euros millones,1428,2026-04-14 21:01:11+00:00,2026-04-14 21:01:11+00:00
12,años detenido dos tras trump,1666,2026-04-14 21:01:11+00:00,2026-04-14 21:01:11+00:00
13,com españa guerra millones ue,2538,2026-04-14 21:01:11+00:00,2026-04-14 21:01:11+00:00
14,2026 abril comprobar horóscopo hoy,1106,2026-04-14 21:01:11+00:00,2026-04-14 21:01:11+00:00
0,2026 com día internacional pueblo,2323,2026-04-14 21:31:07+00:00,2026-04-14 21:31:07+00:00
1,atlético barcelona directo madrid real,1179,2026-04-14 21:31:07+00:00,2026-04-14 21:31:07+00:00
2,debate ee españa irán trump,322,2026-04-14 21:31:07+00:00,2026-04-14 21:31:07+00:00
3,directo guerra irán israel trump,2921,2026-04-14 21:31:07+00:00,2026-04-14 21:31:07+00:00
4,cadena puede ser si trump,1282,2026-04-14 21:31:07+00:00,2026-04-14 21:31:07+00:00
5,com economía españa guerra irán,2383,2026-04-14 21:31:07+00:00,2026-04-14 21:31:07+00:00
6,artemis astronautas ii luna misión,914,2026-04-14 21:31:07+00:00,2026-04-14 21:31:07+00:00
7,china españa gijón pedro sánchez,759,2026-04-14 21:31:07+00:00,2026-04-14 21:31:07+00:00
8,000 22 españa euros millones,804,2026-04-14 21:31:07+00:00,2026-04-14 21:31:07+00:00
9,años detenido dos tras trump,1640,2026-04-14 21:31:07+00:00,2026-04-14 21:31:07+00:00
10,000 años dos semana trump,24444,2026-04-14 21:31:07+00:00,2026-04-14 21:31:07+00:00
11,039 años irán quot si,468,2026-04-14 21:31:07+00:00,2026-04-14 21:31:07+00:00
12,abril hoy málaga santa semana,540,2026-04-14 21:31:07+00:00,2026-04-14 21:31:07+00:00
13,así casademont parque real zaragoza,761,2026-04-14 21:31:07+00:00,2026-04-14 21:31:07+00:00
14,2026 abril comprobar horóscopo hoy,1071,2026-04-14 21:31:07+00:00,2026-04-14 21:31:07+00:00
0,dos gobierno nuevo quot trump,22899,2026-04-14 22:01:14+00:00,2026-04-14 22:01:14+00:00
1,irán ormuz quot si trump,709,2026-04-14 22:01:14+00:00,2026-04-14 22:01:14+00:00
2,000 10 españa euros millones,1347,2026-04-14 22:01:14+00:00,2026-04-14 22:01:14+00:00
3,cadena irán puede ser tras,724,2026-04-14 22:01:14+00:00,2026-04-14 22:01:14+00:00
4,directo guerra irán israel trump,2830,2026-04-14 22:01:14+00:00,2026-04-14 22:01:14+00:00
5,bayern madrid real santa semana,1442,2026-04-14 22:01:14+00:00,2026-04-14 22:01:14+00:00
6,detenido dos irán tras trump,1484,2026-04-14 22:01:14+00:00,2026-04-14 22:01:14+00:00
7,atlético barcelona champions directo madrid,734,2026-04-14 22:01:14+00:00,2026-04-14 22:01:14+00:00
8,así casademont parque real zaragoza,730,2026-04-14 22:01:14+00:00,2026-04-14 22:01:14+00:00
9,2026 com día internacional pueblo,2318,2026-04-14 22:01:14+00:00,2026-04-14 22:01:14+00:00
10,com economía españa guerra irán,2415,2026-04-14 22:01:14+00:00,2026-04-14 22:01:14+00:00
11,artemis astronautas ii luna misión,914,2026-04-14 22:01:14+00:00,2026-04-14 22:01:14+00:00
12,años después dos muere tras,1369,2026-04-14 22:01:14+00:00,2026-04-14 22:01:14+00:00
13,2026 abril comprobar horóscopo hoy,1102,2026-04-14 22:01:14+00:00,2026-04-14 22:01:14+00:00
14,china españa gijón pedro sánchez,809,2026-04-14 22:01:14+00:00,2026-04-14 22:01:14+00:00
0,eeuu estrecho irán ormuz trump,2521,2026-04-14 22:31:07+00:00,2026-04-14 22:31:07+00:00
1,2026 com día españa internacional,4386,2026-04-14 22:31:07+00:00,2026-04-14 22:31:07+00:00
2,canaria españa gran hacer internacional,673,2026-04-14 22:31:07+00:00,2026-04-14 22:31:07+00:00
3,2026 abril comprobar horóscopo hoy,1147,2026-04-14 22:31:07+00:00,2026-04-14 22:31:07+00:00
4,alcaraz carlos montecarlo país sinner,902,2026-04-14 22:31:07+00:00,2026-04-14 22:31:07+00:00
5,años cinco días hace historia,614,2026-04-14 22:31:07+00:00,2026-04-14 22:31:07+00:00
6,000 euros quot tras zaragoza,23026,2026-04-14 22:31:07+00:00,2026-04-14 22:31:07+00:00
7,atlético barcelona directo madrid real,1157,2026-04-14 22:31:07+00:00,2026-04-14 22:31:07+00:00
8,españa fin málaga santa semana,732,2026-04-14 22:31:07+00:00,2026-04-14 22:31:07+00:00
9,elecciones hungría orbán pp vox,1248,2026-04-14 22:31:07+00:00,2026-04-14 22:31:07+00:00
10,años dos heridos irán tras,907,2026-04-14 22:31:07+00:00,2026-04-14 22:31:07+00:00
11,directo guerra hora irán última,1589,2026-04-14 22:31:07+00:00,2026-04-14 22:31:07+00:00
12,artemis astronautas ii luna misión,924,2026-04-14 22:31:07+00:00,2026-04-14 22:31:07+00:00
13,china españa pedro sánchez xi,824,2026-04-14 22:31:07+00:00,2026-04-14 22:31:07+00:00
14,años muere niño tras tres,1149,2026-04-14 22:31:07+00:00,2026-04-14 22:31:07+00:00
0,begoña gómez juez peinado sánchez,181,2026-04-14 23:01:09+00:00,2026-04-14 23:01:09+00:00
1,atlético barcelona directo madrid real,1169,2026-04-14 23:01:09+00:00,2026-04-14 23:01:09+00:00
2,2026 com día internacional pueblo,2377,2026-04-14 23:01:09+00:00,2026-04-14 23:01:09+00:00
3,directo guerra irán israel última,2029,2026-04-14 23:01:09+00:00,2026-04-14 23:01:09+00:00
4,com economía españa guerra millones,2594,2026-04-14 23:01:09+00:00,2026-04-14 23:01:09+00:00
5,estrecho irán ormuz tras trump,1586,2026-04-14 23:01:09+00:00,2026-04-14 23:01:09+00:00
6,alto fuego irán israel trump,580,2026-04-14 23:01:09+00:00,2026-04-14 23:01:09+00:00
7,españa fin málaga santa semana,714,2026-04-14 23:01:09+00:00,2026-04-14 23:01:09+00:00
8,artemis años dos heridos tras,2160,2026-04-14 23:01:09+00:00,2026-04-14 23:01:09+00:00
9,2026 abril comprobar horóscopo hoy,1119,2026-04-14 23:01:09+00:00,2026-04-14 23:01:09+00:00
10,año años españa mejor mundo,324,2026-04-14 23:01:09+00:00,2026-04-14 23:01:09+00:00
11,000 artemis años gobierno ii,25098,2026-04-14 23:01:09+00:00,2026-04-14 23:01:09+00:00
12,así casademont parque real zaragoza,738,2026-04-14 23:01:09+00:00,2026-04-14 23:01:09+00:00
13,años gran internacional muere tras,683,2026-04-14 23:01:09+00:00,2026-04-14 23:01:09+00:00
14,039 años irán quot si,467,2026-04-14 23:01:09+00:00,2026-04-14 23:01:09+00:00
0,alcaraz directo juicio koldo ábalos,1066,2026-04-14 23:31:07+00:00,2026-04-14 23:31:07+00:00
1,atlético barcelona directo madrid real,1199,2026-04-14 23:31:07+00:00,2026-04-14 23:31:07+00:00
2,directo guerra irán israel última,2206,2026-04-14 23:31:07+00:00,2026-04-14 23:31:07+00:00
3,000 artemis años quot tras,24806,2026-04-14 23:31:07+00:00,2026-04-14 23:31:07+00:00
4,2026 com día internacional pueblo,2369,2026-04-14 23:31:07+00:00,2026-04-14 23:31:07+00:00
5,bomberos dos forestal incendio tras,127,2026-04-14 23:31:07+00:00,2026-04-14 23:31:07+00:00
6,2025 declaración hacienda nuevo renta,917,2026-04-14 23:31:07+00:00,2026-04-14 23:31:07+00:00
7,años dos heridos irán tras,896,2026-04-14 23:31:07+00:00,2026-04-14 23:31:07+00:00
8,españa internacional marca precio vivienda,450,2026-04-14 23:31:07+00:00,2026-04-14 23:31:07+00:00
9,estrecho irán ormuz tras trump,1761,2026-04-14 23:31:07+00:00,2026-04-14 23:31:07+00:00
10,años detenido gran hombre tras,841,2026-04-14 23:31:07+00:00,2026-04-14 23:31:07+00:00
11,gobierno pp psoe tras vox,768,2026-04-14 23:31:07+00:00,2026-04-14 23:31:07+00:00
12,com españa guerra millones sánchez,2534,2026-04-14 23:31:07+00:00,2026-04-14 23:31:07+00:00
13,así casademont parque real zaragoza,744,2026-04-14 23:31:07+00:00,2026-04-14 23:31:07+00:00
14,2026 abril comprobar horóscopo hoy,1131,2026-04-14 23:31:07+00:00,2026-04-14 23:31:07+00:00
0,bloqueo estrecho irán ormuz trump,733,2026-04-15 00:01:04+00:00,2026-04-15 00:01:04+00:00
1,com españa guerra millones sánchez,2488,2026-04-15 00:01:04+00:00,2026-04-15 00:01:04+00:00
2,2026 com día internacional pueblo,2256,2026-04-15 00:01:04+00:00,2026-04-15 00:01:04+00:00
3,directo guerra irán israel trump,2443,2026-04-15 00:01:04+00:00,2026-04-15 00:01:04+00:00
4,2026 abril comprobar horóscopo hoy,1110,2026-04-15 00:01:04+00:00,2026-04-15 00:01:04+00:00
5,000 10 españa euros millones,1356,2026-04-15 00:01:04+00:00,2026-04-15 00:01:04+00:00
6,cómo declaración irán renta ver,570,2026-04-15 00:01:04+00:00,2026-04-15 00:01:04+00:00
7,años después dos muere tras,1370,2026-04-15 00:01:04+00:00,2026-04-15 00:01:04+00:00
8,detenido dos irán tras trump,1496,2026-04-15 00:01:04+00:00,2026-04-15 00:01:04+00:00
9,atlético barcelona directo madrid real,1144,2026-04-15 00:01:04+00:00,2026-04-15 00:01:04+00:00
10,dos quot semana trump zaragoza,23590,2026-04-15 00:01:04+00:00,2026-04-15 00:01:04+00:00
11,cadena puede ser tras trump,739,2026-04-15 00:01:04+00:00,2026-04-15 00:01:04+00:00
12,años deportivo españa internacional mundo,549,2026-04-15 00:01:04+00:00,2026-04-15 00:01:04+00:00
13,españa nuevo quot si trump,1084,2026-04-15 00:01:04+00:00,2026-04-15 00:01:04+00:00
14,artemis astronautas ii luna misión,907,2026-04-15 00:01:04+00:00,2026-04-15 00:01:04+00:00
0,artemis astronautas ii luna misión,916,2026-04-15 00:31:10+00:00,2026-04-15 00:31:10+00:00
1,2026 abril comprobar horóscopo hoy,1134,2026-04-15 00:31:10+00:00,2026-04-15 00:31:10+00:00
2,2026 com día internacional pueblo,2373,2026-04-15 00:31:10+00:00,2026-04-15 00:31:10+00:00
3,españa hungría países riesgo ue,468,2026-04-15 00:31:10+00:00,2026-04-15 00:31:10+00:00
4,feijóo gobierno pp psoe vox,736,2026-04-15 00:31:10+00:00,2026-04-15 00:31:10+00:00
5,años dos heridos irán tras,915,2026-04-15 00:31:10+00:00,2026-04-15 00:31:10+00:00
6,años detenido hombre ser tras,1512,2026-04-15 00:31:10+00:00,2026-04-15 00:31:10+00:00
7,000 años euros millones zaragoza,24587,2026-04-15 00:31:10+00:00,2026-04-15 00:31:10+00:00
8,amenaza estrecho irán ormuz trump,1645,2026-04-15 00:31:10+00:00,2026-04-15 00:31:10+00:00
9,atlético barcelona directo madrid real,1170,2026-04-15 00:31:10+00:00,2026-04-15 00:31:10+00:00
10,com españa guerra millones sánchez,2433,2026-04-15 00:31:10+00:00,2026-04-15 00:31:10+00:00
11,directo guerra irán israel última,2109,2026-04-15 00:31:10+00:00,2026-04-15 00:31:10+00:00
12,039 años irán quot si,467,2026-04-15 00:31:10+00:00,2026-04-15 00:31:10+00:00
13,españa internacional irán marca nuevo,663,2026-04-15 00:31:10+00:00,2026-04-15 00:31:10+00:00
14,españa fin málaga santa semana,714,2026-04-15 00:31:10+00:00,2026-04-15 00:31:10+00:00
0,artemis astronautas ii luna misión,917,2026-04-15 01:01:06+00:00,2026-04-15 01:01:06+00:00
1,años después dos madrid real,1936,2026-04-15 01:01:06+00:00,2026-04-15 01:01:06+00:00
2,ee guerra irán israel uu,1026,2026-04-15 01:01:06+00:00,2026-04-15 01:01:06+00:00
3,com españa guerra irán millones,2532,2026-04-15 01:01:06+00:00,2026-04-15 01:01:06+00:00
4,2026 abril comprobar horóscopo hoy,1096,2026-04-15 01:01:06+00:00,2026-04-15 01:01:06+00:00
5,000 dos euros quot zaragoza,22929,2026-04-15 01:01:06+00:00,2026-04-15 01:01:06+00:00
6,eeuu guerra irán ormuz trump,2648,2026-04-15 01:01:06+00:00,2026-04-15 01:01:06+00:00
7,celebra día gitano internacional pueblo,667,2026-04-15 01:01:06+00:00,2026-04-15 01:01:06+00:00
8,2026 com congreso diario internacional,2105,2026-04-15 01:01:06+00:00,2026-04-15 01:01:06+00:00
9,años detenido dos tras trump,1601,2026-04-15 01:01:06+00:00,2026-04-15 01:01:06+00:00
10,china españa nuevo pedro sánchez,1251,2026-04-15 01:01:06+00:00,2026-04-15 01:01:06+00:00
11,así atlético barcelona champions madrid,1188,2026-04-15 01:01:06+00:00,2026-04-15 01:01:06+00:00
12,años hoy internacional málaga picasso,462,2026-04-15 01:01:06+00:00,2026-04-15 01:01:06+00:00
13,españa fin madrid santa semana,728,2026-04-15 01:01:06+00:00,2026-04-15 01:01:06+00:00
14,cadena irán puede ser tras,757,2026-04-15 01:01:06+00:00,2026-04-15 01:01:06+00:00
0,bayern madrid partido real zaragoza,1578,2026-04-15 01:31:10+00:00,2026-04-15 01:31:10+00:00
1,artemis astronautas ii luna misión,939,2026-04-15 01:31:10+00:00,2026-04-15 01:31:10+00:00
2,españa guerra irán millones ue,2350,2026-04-15 01:31:10+00:00,2026-04-15 01:31:10+00:00
3,000 10 españa euros millones,1362,2026-04-15 01:31:10+00:00,2026-04-15 01:31:10+00:00
4,2026 abril comprobar horóscopo hoy,1056,2026-04-15 01:31:10+00:00,2026-04-15 01:31:10+00:00
5,directo guerra irán israel trump,2989,2026-04-15 01:31:10+00:00,2026-04-15 01:31:10+00:00
6,atlético barcelona champions directo madrid,766,2026-04-15 01:31:10+00:00,2026-04-15 01:31:10+00:00
7,2026 abril hoy málaga picasso,503,2026-04-15 01:31:10+00:00,2026-04-15 01:31:10+00:00
8,juicio koldo pedro sánchez ábalos,1291,2026-04-15 01:31:10+00:00,2026-04-15 01:31:10+00:00
9,com dw españa internacional irán,1084,2026-04-15 01:31:10+00:00,2026-04-15 01:31:10+00:00
10,cómo hacer quot renta si,1034,2026-04-15 01:31:10+00:00,2026-04-15 01:31:10+00:00
11,españa fin madrid santa semana,717,2026-04-15 01:31:10+00:00,2026-04-15 01:31:10+00:00
12,2026 día gitano internacional pueblo,2113,2026-04-15 01:31:10+00:00,2026-04-15 01:31:10+00:00
13,años después dos muere tras,1401,2026-04-15 01:31:10+00:00,2026-04-15 01:31:10+00:00
14,dos gobierno quot tras trump,22658,2026-04-15 01:31:10+00:00,2026-04-15 01:31:10+00:00
0,cadena irán puede ser tras,735,2026-04-15 02:01:10+00:00,2026-04-15 02:01:10+00:00
1,2026 abril comprobar horóscopo hoy,1113,2026-04-15 02:01:10+00:00,2026-04-15 02:01:10+00:00
2,dos gobierno madrid quot zaragoza,23189,2026-04-15 02:01:10+00:00,2026-04-15 02:01:10+00:00
3,detenido gran hombre mujer tras,851,2026-04-15 02:01:10+00:00,2026-04-15 02:01:10+00:00
4,000 españa euros millones millón,1114,2026-04-15 02:01:10+00:00,2026-04-15 02:01:10+00:00
5,2026 com diario día internacional,2163,2026-04-15 02:01:10+00:00,2026-04-15 02:01:10+00:00
6,com españa guerra irán millones,2390,2026-04-15 02:01:10+00:00,2026-04-15 02:01:10+00:00
7,fin madrid málaga santa semana,739,2026-04-15 02:01:10+00:00,2026-04-15 02:01:10+00:00
8,directo guerra irán israel trump,2984,2026-04-15 02:01:10+00:00,2026-04-15 02:01:10+00:00
9,día gitano primera pueblo vez,999,2026-04-15 02:01:10+00:00,2026-04-15 02:01:10+00:00
10,china españa gijón pedro sánchez,816,2026-04-15 02:01:10+00:00,2026-04-15 02:01:10+00:00
11,atlético barcelona champions madrid tras,1773,2026-04-15 02:01:10+00:00,2026-04-15 02:01:10+00:00
12,artemis astronautas ii luna misión,914,2026-04-15 02:01:10+00:00,2026-04-15 02:01:10+00:00
13,años después dos muere tras,1384,2026-04-15 02:01:10+00:00,2026-04-15 02:01:10+00:00
14,españa internacional irán marca nuevo,676,2026-04-15 02:01:10+00:00,2026-04-15 02:01:10+00:00
0,000 así gobierno nuevo si,22868,2026-04-15 02:31:09+00:00,2026-04-15 02:31:09+00:00
1,com economía españa guerra ue,2356,2026-04-15 02:31:09+00:00,2026-04-15 02:31:09+00:00
2,eeuu irán otan tras trump,2018,2026-04-15 02:31:09+00:00,2026-04-15 02:31:09+00:00
3,2026 com día internacional pueblo,2349,2026-04-15 02:31:09+00:00,2026-04-15 02:31:09+00:00
4,años dos hace muere tras,1347,2026-04-15 02:31:09+00:00,2026-04-15 02:31:09+00:00
5,dos estrecho irán ormuz trump,1271,2026-04-15 02:31:09+00:00,2026-04-15 02:31:09+00:00
6,039 años irán quot si,468,2026-04-15 02:31:09+00:00,2026-04-15 02:31:09+00:00
7,china españa gijón pedro sánchez,785,2026-04-15 02:31:09+00:00,2026-04-15 02:31:09+00:00
8,artemis astronautas ii luna misión,920,2026-04-15 02:31:09+00:00,2026-04-15 02:31:09+00:00
9,alcaraz carlos juan montecarlo sinner,519,2026-04-15 02:31:09+00:00,2026-04-15 02:31:09+00:00
10,2026 abril comprobar horóscopo hoy,1122,2026-04-15 02:31:09+00:00,2026-04-15 02:31:09+00:00
11,000 22 españa euros millones,806,2026-04-15 02:31:09+00:00,2026-04-15 02:31:09+00:00
12,atlético madrid real santa semana,1725,2026-04-15 02:31:09+00:00,2026-04-15 02:31:09+00:00
13,directo guerra irán israel trump,2530,2026-04-15 02:31:09+00:00,2026-04-15 02:31:09+00:00
14,así casademont parque real zaragoza,756,2026-04-15 02:31:09+00:00,2026-04-15 02:31:09+00:00
0,estrecho irán ormuz tras trump,1553,2026-04-15 03:01:09+00:00,2026-04-15 03:01:09+00:00
1,años internacional mundo país vasco,983,2026-04-15 03:01:09+00:00,2026-04-15 03:01:09+00:00
2,años internacional madrid quot zaragoza,24993,2026-04-15 03:01:09+00:00,2026-04-15 03:01:09+00:00
3,directo guerra hora irán última,1349,2026-04-15 03:01:09+00:00,2026-04-15 03:01:09+00:00
4,2025 2026 declaración hacienda renta,344,2026-04-15 03:01:09+00:00,2026-04-15 03:01:09+00:00
5,com economía españa guerra millones,2572,2026-04-15 03:01:09+00:00,2026-04-15 03:01:09+00:00
6,000 10 españa euros millones,1448,2026-04-15 03:01:09+00:00,2026-04-15 03:01:09+00:00
7,artemis astronautas ii luna misión,928,2026-04-15 03:01:09+00:00,2026-04-15 03:01:09+00:00
8,ee guerra irán israel uu,578,2026-04-15 03:01:09+00:00,2026-04-15 03:01:09+00:00
9,años detenidos dos heridos tras,898,2026-04-15 03:01:09+00:00,2026-04-15 03:01:09+00:00
10,años detenido hombre ser tras,1555,2026-04-15 03:01:09+00:00,2026-04-15 03:01:09+00:00
11,aldama juicio kitchen koldo ábalos,655,2026-04-15 03:01:09+00:00,2026-04-15 03:01:09+00:00
12,eeuu irán israel líbano sánchez,1993,2026-04-15 03:01:09+00:00,2026-04-15 03:01:09+00:00
13,2026 abril comprobar horóscopo hoy,1178,2026-04-15 03:01:09+00:00,2026-04-15 03:01:09+00:00
14,fin internacional madrid santa semana,744,2026-04-15 03:01:09+00:00,2026-04-15 03:01:09+00:00
0,china españa pedro sánchez xi,812,2026-04-15 03:31:09+00:00,2026-04-15 03:31:09+00:00
1,fin madrid málaga santa semana,733,2026-04-15 03:31:09+00:00,2026-04-15 03:31:09+00:00
2,com dw elplural españa internacional,1003,2026-04-15 03:31:09+00:00,2026-04-15 03:31:09+00:00
3,ee guerra irán israel uu,578,2026-04-15 03:31:09+00:00,2026-04-15 03:31:09+00:00
4,2026 abril comprobar horóscopo hoy,1134,2026-04-15 03:31:09+00:00,2026-04-15 03:31:09+00:00
5,años detenidos dos heridos tras,924,2026-04-15 03:31:09+00:00,2026-04-15 03:31:09+00:00
6,años hace muere tras tres,1319,2026-04-15 03:31:09+00:00,2026-04-15 03:31:09+00:00
7,artemis astronautas ii luna misión,916,2026-04-15 03:31:09+00:00,2026-04-15 03:31:09+00:00
8,directo guerra hora irán última,1423,2026-04-15 03:31:09+00:00,2026-04-15 03:31:09+00:00
9,000 barcelona madrid quot zaragoza,24779,2026-04-15 03:31:09+00:00,2026-04-15 03:31:09+00:00
10,eeuu estrecho irán ormuz trump,1941,2026-04-15 03:31:09+00:00,2026-04-15 03:31:09+00:00
11,detenido irán ser tras trump,1467,2026-04-15 03:31:09+00:00,2026-04-15 03:31:09+00:00
12,2025 2026 declaración hacienda renta,352,2026-04-15 03:31:09+00:00,2026-04-15 03:31:09+00:00
13,españa guerra impuesto millones ue,2233,2026-04-15 03:31:09+00:00,2026-04-15 03:31:09+00:00
14,2026 diario día internacional pueblo,2158,2026-04-15 03:31:09+00:00,2026-04-15 03:31:09+00:00
0,españa gobierno semana tras zaragoza,24944,2026-04-15 04:01:10+00:00,2026-04-15 04:01:10+00:00
1,directo guerra hora irán última,1608,2026-04-15 04:01:10+00:00,2026-04-15 04:01:10+00:00
2,2026 abril comprobar horóscopo hoy,1160,2026-04-15 04:01:10+00:00,2026-04-15 04:01:10+00:00
3,atlético barcelona champions directo madrid,642,2026-04-15 04:01:10+00:00,2026-04-15 04:01:10+00:00
4,10 barça casi da frente,1017,2026-04-15 04:01:10+00:00,2026-04-15 04:01:10+00:00
5,2026 com día internacional pueblo,2358,2026-04-15 04:01:10+00:00,2026-04-15 04:01:10+00:00
6,años hace muere tras tres,1285,2026-04-15 04:01:10+00:00,2026-04-15 04:01:10+00:00
7,años dos españa heridos tras,911,2026-04-15 04:01:10+00:00,2026-04-15 04:01:10+00:00
8,039 años irán quot si,469,2026-04-15 04:01:10+00:00,2026-04-15 04:01:10+00:00
9,eeuu estrecho irán ormuz trump,2486,2026-04-15 04:01:10+00:00,2026-04-15 04:01:10+00:00
10,españa irán renta si trump,645,2026-04-15 04:01:10+00:00,2026-04-15 04:01:10+00:00
11,artemis astronautas ii luna misión,908,2026-04-15 04:01:10+00:00,2026-04-15 04:01:10+00:00
12,alcaraz carlos cómo juan montecarlo,956,2026-04-15 04:01:10+00:00,2026-04-15 04:01:10+00:00
13,así china españa pedro sánchez,1308,2026-04-15 04:01:10+00:00,2026-04-15 04:01:10+00:00
14,bayern comunidad internacional madrid real,1028,2026-04-15 04:01:10+00:00,2026-04-15 04:01:10+00:00
0,adiós españa mejor quot siempre,147,2026-04-15 04:31:06+00:00,2026-04-15 04:31:06+00:00
1,000 dos madrid quot zaragoza,24808,2026-04-15 04:31:06+00:00,2026-04-15 04:31:06+00:00
2,españa europa internacional press trump,519,2026-04-15 04:31:06+00:00,2026-04-15 04:31:06+00:00
3,directo guerra irán israel trump,3091,2026-04-15 04:31:06+00:00,2026-04-15 04:31:06+00:00
4,años dos hace muere tras,1403,2026-04-15 04:31:06+00:00,2026-04-15 04:31:06+00:00
5,2026 abril hoy málaga picasso,499,2026-04-15 04:31:06+00:00,2026-04-15 04:31:06+00:00
6,aena euros gana internacional premio,244,2026-04-15 04:31:06+00:00,2026-04-15 04:31:06+00:00
7,detenido irán ser tras trump,1556,2026-04-15 04:31:06+00:00,2026-04-15 04:31:06+00:00
8,com españa guerra millones sánchez,2549,2026-04-15 04:31:06+00:00,2026-04-15 04:31:06+00:00
9,2026 abril día hoy internacional,3218,2026-04-15 04:31:06+00:00,2026-04-15 04:31:06+00:00
10,atlético barcelona champions directo madrid,750,2026-04-15 04:31:06+00:00,2026-04-15 04:31:06+00:00
11,españa internacional irán marca nuevo,682,2026-04-15 04:31:06+00:00,2026-04-15 04:31:06+00:00
12,españa fin madrid santa semana,715,2026-04-15 04:31:06+00:00,2026-04-15 04:31:06+00:00
13,alcaraz final montecarlo sinner tres,766,2026-04-15 04:31:06+00:00,2026-04-15 04:31:06+00:00
14,artemis astronautas ii luna misión,913,2026-04-15 04:31:06+00:00,2026-04-15 04:31:06+00:00
0,000 22 españa euros millones,817,2026-04-15 05:01:06+00:00,2026-04-15 05:01:06+00:00
1,estrecho guerra irán ormuz trump,1671,2026-04-15 05:01:06+00:00,2026-04-15 05:01:06+00:00
2,así casademont parque real zaragoza,762,2026-04-15 05:01:06+00:00,2026-04-15 05:01:06+00:00
3,2026 abril comprobar horóscopo hoy,1142,2026-04-15 05:01:06+00:00,2026-04-15 05:01:06+00:00
4,com economía españa guerra sánchez,2290,2026-04-15 05:01:06+00:00,2026-04-15 05:01:06+00:00
5,artemis astronautas ii luna misión,919,2026-04-15 05:01:06+00:00,2026-04-15 05:01:06+00:00
6,años hombre muere niño tras,274,2026-04-15 05:01:06+00:00,2026-04-15 05:01:06+00:00
7,directo dos madrid quot semana,24945,2026-04-15 05:01:06+00:00,2026-04-15 05:01:06+00:00
8,directo guerra irán israel última,2143,2026-04-15 05:01:06+00:00,2026-04-15 05:01:06+00:00
9,años después dos hace tras,1281,2026-04-15 05:01:06+00:00,2026-04-15 05:01:06+00:00
10,españa gobierno pp regularización sánchez,793,2026-04-15 05:01:06+00:00,2026-04-15 05:01:06+00:00
11,ahora crisis energéticas españa impuesto,482,2026-04-15 05:01:06+00:00,2026-04-15 05:01:06+00:00
12,detenido dos irán ser tras,1481,2026-04-15 05:01:06+00:00,2026-04-15 05:01:06+00:00
13,in malaga of the to,469,2026-04-15 05:01:06+00:00,2026-04-15 05:01:06+00:00
14,2026 com día internacional pueblo,2402,2026-04-15 05:01:06+00:00,2026-04-15 05:01:06+00:00
0,000 años quot si zaragoza,23629,2026-04-15 05:31:09+00:00,2026-04-15 05:31:09+00:00
1,dos juicio koldo millones ábalos,1641,2026-04-15 05:31:09+00:00,2026-04-15 05:31:09+00:00
2,amenaza estrecho irán ormuz trump,1546,2026-04-15 05:31:09+00:00,2026-04-15 05:31:09+00:00
3,españa gobierno pp regularización sánchez,792,2026-04-15 05:31:09+00:00,2026-04-15 05:31:09+00:00
4,2026 abril comprobar horóscopo hoy,1136,2026-04-15 05:31:09+00:00,2026-04-15 05:31:09+00:00
5,artemis astronautas ii luna misión,910,2026-04-15 05:31:09+00:00,2026-04-15 05:31:09+00:00
6,cómo declaración irán renta ver,567,2026-04-15 05:31:09+00:00,2026-04-15 05:31:09+00:00
7,directo guerra irán israel última,1660,2026-04-15 05:31:09+00:00,2026-04-15 05:31:09+00:00
8,com economía españa millones sánchez,2374,2026-04-15 05:31:09+00:00,2026-04-15 05:31:09+00:00
9,españa fin málaga santa semana,697,2026-04-15 05:31:09+00:00,2026-04-15 05:31:09+00:00
10,atlético barcelona directo madrid real,1164,2026-04-15 05:31:09+00:00,2026-04-15 05:31:09+00:00
11,españa guerra irán medio trump,1141,2026-04-15 05:31:09+00:00,2026-04-15 05:31:09+00:00
12,años detenido dos ser tras,1554,2026-04-15 05:31:09+00:00,2026-04-15 05:31:09+00:00
13,2026 com día internacional pueblo,2353,2026-04-15 05:31:09+00:00,2026-04-15 05:31:09+00:00
14,españa internacional irán marca nuevo,680,2026-04-15 05:31:09+00:00,2026-04-15 05:31:09+00:00
0,años hombre muere niño tras,273,2026-04-15 06:01:10+00:00,2026-04-15 06:01:10+00:00
1,2026 abril comprobar horóscopo hoy,1107,2026-04-15 06:01:10+00:00,2026-04-15 06:01:10+00:00
2,dos madrid ser tras zaragoza,24171,2026-04-15 06:01:10+00:00,2026-04-15 06:01:10+00:00
3,eeuu estrecho irán ormuz trump,2585,2026-04-15 06:01:10+00:00,2026-04-15 06:01:10+00:00
4,artemis astronautas ii luna misión,911,2026-04-15 06:01:10+00:00,2026-04-15 06:01:10+00:00
5,000 año españa guerra primer,427,2026-04-15 06:01:10+00:00,2026-04-15 06:01:10+00:00
6,com españa guerra millones sánchez,2533,2026-04-15 06:01:10+00:00,2026-04-15 06:01:10+00:00
7,día gitano internacional nuevo pueblo,1013,2026-04-15 06:01:10+00:00,2026-04-15 06:01:10+00:00
8,años dos hace tras tres,1259,2026-04-15 06:01:10+00:00,2026-04-15 06:01:10+00:00
9,directo guerra hora irán última,1528,2026-04-15 06:01:10+00:00,2026-04-15 06:01:10+00:00
10,2026 com diario día internacional,2270,2026-04-15 06:01:10+00:00,2026-04-15 06:01:10+00:00
11,fin madrid málaga santa semana,735,2026-04-15 06:01:10+00:00,2026-04-15 06:01:10+00:00
12,000 euros gobierno millones regularización,1629,2026-04-15 06:01:10+00:00,2026-04-15 06:01:10+00:00
13,elecciones hungría magyar orbán partido,886,2026-04-15 06:01:10+00:00,2026-04-15 06:01:10+00:00
14,039 años irán quot si,475,2026-04-15 06:01:10+00:00,2026-04-15 06:01:10+00:00
0,2026 com día internacional pueblo,2423,2026-04-15 06:31:22+00:00,2026-04-15 06:31:22+00:00
1,2026 abril comprobar horóscopo hoy,1148,2026-04-15 06:31:22+00:00,2026-04-15 06:31:22+00:00
2,com españa guerra millones sánchez,2606,2026-04-15 06:31:22+00:00,2026-04-15 06:31:22+00:00
3,españa guerra puede renta si,633,2026-04-15 06:31:22+00:00,2026-04-15 06:31:22+00:00
4,039 años irán quot si,474,2026-04-15 06:31:22+00:00,2026-04-15 06:31:22+00:00
5,amenaza estrecho irán ormuz trump,1635,2026-04-15 06:31:22+00:00,2026-04-15 06:31:22+00:00
6,día españa guerra italia mundial,261,2026-04-15 06:31:22+00:00,2026-04-15 06:31:22+00:00
7,artificial guardia inteligencia israel jefe,99,2026-04-15 06:31:22+00:00,2026-04-15 06:31:22+00:00
8,año internacional investigación pasado ser,84,2026-04-15 06:31:22+00:00,2026-04-15 06:31:22+00:00
9,directo guerra irán israel última,2104,2026-04-15 06:31:22+00:00,2026-04-15 06:31:22+00:00
10,artemis astronautas ii luna misión,902,2026-04-15 06:31:22+00:00,2026-04-15 06:31:22+00:00
11,años detenido dos ser tras,1623,2026-04-15 06:31:22+00:00,2026-04-15 06:31:22+00:00
12,abre españa internacional nueva york,638,2026-04-15 06:31:22+00:00,2026-04-15 06:31:22+00:00
13,000 años dos madrid zaragoza,27025,2026-04-15 06:31:22+00:00,2026-04-15 06:31:22+00:00
14,escribano indra presidente simón ángel,197,2026-04-15 06:31:22+00:00,2026-04-15 06:31:22+00:00
0,000 euros gobierno tras zaragoza,24329,2026-04-15 07:01:11+00:00,2026-04-15 07:01:11+00:00
1,directo guerra irán israel última,2164,2026-04-15 07:01:11+00:00,2026-04-15 07:01:11+00:00
2,acoge congreso diputado internacional vox,244,2026-04-15 07:01:11+00:00,2026-04-15 07:01:11+00:00
3,estrecho irán ormuz tras trump,1683,2026-04-15 07:01:11+00:00,2026-04-15 07:01:11+00:00
4,039 años irán quot si,474,2026-04-15 07:01:11+00:00,2026-04-15 07:01:11+00:00
5,años dos muere tras tres,1972,2026-04-15 07:01:11+00:00,2026-04-15 07:01:11+00:00
6,artemis astronautas ii luna misión,914,2026-04-15 07:01:11+00:00,2026-04-15 07:01:11+00:00
7,españa fin málaga santa semana,693,2026-04-15 07:01:11+00:00,2026-04-15 07:01:11+00:00
8,2026 com día internacional pueblo,2305,2026-04-15 07:01:11+00:00,2026-04-15 07:01:11+00:00
9,2026 abril comprobar horóscopo hoy,1134,2026-04-15 07:01:11+00:00,2026-04-15 07:01:11+00:00
10,com españa guerra millones sánchez,2606,2026-04-15 07:01:11+00:00,2026-04-15 07:01:11+00:00
11,gobierno pp psoe tras vox,734,2026-04-15 07:01:11+00:00,2026-04-15 07:01:11+00:00
12,cómo declaración españa nuevo renta,1041,2026-04-15 07:01:11+00:00,2026-04-15 07:01:11+00:00
13,atlético barcelona directo madrid real,1186,2026-04-15 07:01:11+00:00,2026-04-15 07:01:11+00:00
14,alcaraz carlos masters montecarlo sinner,347,2026-04-15 07:01:11+00:00,2026-04-15 07:01:11+00:00
0,000 dos euros quot semana,23959,2026-04-15 07:31:07+00:00,2026-04-15 07:31:07+00:00
1,directo guerra irán israel última,2173,2026-04-15 07:31:07+00:00,2026-04-15 07:31:07+00:00
2,2026 abril comprobar horóscopo hoy,1128,2026-04-15 07:31:07+00:00,2026-04-15 07:31:07+00:00
3,años dos muere tras tres,2348,2026-04-15 07:31:07+00:00,2026-04-15 07:31:07+00:00
4,2026 com congreso diario internacional,2036,2026-04-15 07:31:07+00:00,2026-04-15 07:31:07+00:00
5,años canaria españa gran internacional,456,2026-04-15 07:31:07+00:00,2026-04-15 07:31:07+00:00
6,com españa guerra millones sánchez,2629,2026-04-15 07:31:07+00:00,2026-04-15 07:31:07+00:00
7,años detenido hombre pareja tras,581,2026-04-15 07:31:07+00:00,2026-04-15 07:31:07+00:00
8,abre españa internacional nueva york,640,2026-04-15 07:31:07+00:00,2026-04-15 07:31:07+00:00
9,artemis astronautas ii luna misión,919,2026-04-15 07:31:07+00:00,2026-04-15 07:31:07+00:00
10,bayern directo madrid real zaragoza,1141,2026-04-15 07:31:07+00:00,2026-04-15 07:31:07+00:00
11,estrecho irán ormuz tras trump,1709,2026-04-15 07:31:07+00:00,2026-04-15 07:31:07+00:00
12,celebra día gitano internacional pueblo,670,2026-04-15 07:31:07+00:00,2026-04-15 07:31:07+00:00
13,gobierno pp psoe tras vox,773,2026-04-15 07:31:07+00:00,2026-04-15 07:31:07+00:00
14,atlético barcelona champions directo madrid,649,2026-04-15 07:31:07+00:00,2026-04-15 07:31:07+00:00
0,artemis dos internacional quot tras,25887,2026-04-15 08:01:09+00:00,2026-04-15 08:01:09+00:00
1,com economía españa guerra millones,2420,2026-04-15 08:01:09+00:00,2026-04-15 08:01:09+00:00
2,estrecho irán ormuz tras trump,1686,2026-04-15 08:01:09+00:00,2026-04-15 08:01:09+00:00
3,alcaraz juicio koldo montecarlo ábalos,837,2026-04-15 08:01:09+00:00,2026-04-15 08:01:09+00:00
4,directo guerra hora irán última,1993,2026-04-15 08:01:09+00:00,2026-04-15 08:01:09+00:00
5,años después dos muere tras,1469,2026-04-15 08:01:09+00:00,2026-04-15 08:01:09+00:00
6,basket cf internacional plaza valencia,319,2026-04-15 08:01:09+00:00,2026-04-15 08:01:09+00:00
7,2026 abril chollos españa mejores,193,2026-04-15 08:01:09+00:00,2026-04-15 08:01:09+00:00
8,españa europa internacional press trump,518,2026-04-15 08:01:09+00:00,2026-04-15 08:01:09+00:00
9,china país pedro primera sánchez,1465,2026-04-15 08:01:09+00:00,2026-04-15 08:01:09+00:00
10,2026 abril comprobar horóscopo hoy,1089,2026-04-15 08:01:09+00:00,2026-04-15 08:01:09+00:00
11,000 euros madrid real zaragoza,1773,2026-04-15 08:01:09+00:00,2026-04-15 08:01:09+00:00
12,españa fin internacional santa semana,739,2026-04-15 08:01:09+00:00,2026-04-15 08:01:09+00:00
13,atlético barcelona champions directo madrid,645,2026-04-15 08:01:09+00:00,2026-04-15 08:01:09+00:00
14,guerra irán israel líbano netanyahu,758,2026-04-15 08:01:09+00:00,2026-04-15 08:01:09+00:00
0,amenaza estrecho irán ormuz trump,1559,2026-04-15 08:31:10+00:00,2026-04-15 08:31:10+00:00
1,com dw españa internacional irán,1054,2026-04-15 08:31:10+00:00,2026-04-15 08:31:10+00:00
2,2026 abril comprobar horóscopo hoy,1109,2026-04-15 08:31:10+00:00,2026-04-15 08:31:10+00:00
3,cómo declaración directo renta ver,605,2026-04-15 08:31:10+00:00,2026-04-15 08:31:10+00:00
4,artemis detenido dos ser tras,1537,2026-04-15 08:31:10+00:00,2026-04-15 08:31:10+00:00
5,años después dos muere tras,1399,2026-04-15 08:31:10+00:00,2026-04-15 08:31:10+00:00
6,directo guerra irán israel última,1943,2026-04-15 08:31:10+00:00,2026-04-15 08:31:10+00:00
7,economía españa guerra millones sánchez,2306,2026-04-15 08:31:10+00:00,2026-04-15 08:31:10+00:00
8,feijóo gobierno pp psoe vox,715,2026-04-15 08:31:10+00:00,2026-04-15 08:31:10+00:00
9,detenido españa guerra hombre si,820,2026-04-15 08:31:10+00:00,2026-04-15 08:31:10+00:00
10,españa fin málaga santa semana,716,2026-04-15 08:31:10+00:00,2026-04-15 08:31:10+00:00
11,039 años irán quot si,475,2026-04-15 08:31:10+00:00,2026-04-15 08:31:10+00:00
12,2026 diario día internacional pueblo,2160,2026-04-15 08:31:10+00:00,2026-04-15 08:31:10+00:00
13,artemis barcelona directo madrid zaragoza,23726,2026-04-15 08:31:10+00:00,2026-04-15 08:31:10+00:00
14,000 dos euros millones millón,1634,2026-04-15 08:31:10+00:00,2026-04-15 08:31:10+00:00
0,celebra día gitano internacional pueblo,665,2026-04-15 09:01:10+00:00,2026-04-15 09:01:10+00:00
1,atlético barcelona directo madrid real,1172,2026-04-15 09:01:10+00:00,2026-04-15 09:01:10+00:00
2,amenaza estrecho irán ormuz trump,1469,2026-04-15 09:01:10+00:00,2026-04-15 09:01:10+00:00
3,com españa guerra millones sánchez,2472,2026-04-15 09:01:10+00:00,2026-04-15 09:01:10+00:00
4,artemis detenido dos luna tras,1467,2026-04-15 09:01:10+00:00,2026-04-15 09:01:10+00:00
5,039 años irán quot si,474,2026-04-15 09:01:10+00:00,2026-04-15 09:01:10+00:00
6,2026 abril comprobar horóscopo hoy,1133,2026-04-15 09:01:10+00:00,2026-04-15 09:01:10+00:00
7,aragón internacional pp vox zaragoza,309,2026-04-15 09:01:10+00:00,2026-04-15 09:01:10+00:00
8,cadena irán puede ser tras,754,2026-04-15 09:01:10+00:00,2026-04-15 09:01:10+00:00
9,años después dos muere tras,1445,2026-04-15 09:01:10+00:00,2026-04-15 09:01:10+00:00
10,alto fuego irán israel líbano,967,2026-04-15 09:01:10+00:00,2026-04-15 09:01:10+00:00
11,directo guerra hora irán última,1849,2026-04-15 09:01:10+00:00,2026-04-15 09:01:10+00:00
12,alcaraz carlos juan montecarlo sinner,527,2026-04-15 09:01:10+00:00,2026-04-15 09:01:10+00:00
13,000 artemis dos euros zaragoza,25016,2026-04-15 09:01:10+00:00,2026-04-15 09:01:10+00:00
14,2026 com congreso diario internacional,2036,2026-04-15 09:01:10+00:00,2026-04-15 09:01:10+00:00
0,039 años irán quot si,472,2026-04-15 09:31:06+00:00,2026-04-15 09:31:06+00:00
1,años detenido dos muere tras,2540,2026-04-15 09:31:06+00:00,2026-04-15 09:31:06+00:00
2,000 dos euros gobierno zaragoza,23875,2026-04-15 09:31:06+00:00,2026-04-15 09:31:06+00:00
3,atlético barcelona directo madrid real,1201,2026-04-15 09:31:06+00:00,2026-04-15 09:31:06+00:00
4,china españa pedro sánchez xi,816,2026-04-15 09:31:06+00:00,2026-04-15 09:31:06+00:00
5,elecciones hungría magyar orbán péter,625,2026-04-15 09:31:06+00:00,2026-04-15 09:31:06+00:00
6,directo guerra irán israel líbano,986,2026-04-15 09:31:06+00:00,2026-04-15 09:31:06+00:00
7,españa fin málaga santa semana,695,2026-04-15 09:31:06+00:00,2026-04-15 09:31:06+00:00
8,2026 abril comprobar horóscopo hoy,1116,2026-04-15 09:31:06+00:00,2026-04-15 09:31:06+00:00
9,amenaza guerra irán ormuz trump,292,2026-04-15 09:31:06+00:00,2026-04-15 09:31:06+00:00
10,eeuu guerra irán ormuz trump,2811,2026-04-15 09:31:06+00:00,2026-04-15 09:31:06+00:00
11,2026 com día internacional pueblo,2373,2026-04-15 09:31:06+00:00,2026-04-15 09:31:06+00:00
12,alcaraz carlos juan montecarlo sinner,536,2026-04-15 09:31:06+00:00,2026-04-15 09:31:06+00:00
13,com españa guerra irán millones,2464,2026-04-15 09:31:06+00:00,2026-04-15 09:31:06+00:00
14,artemis astronautas ii luna misión,913,2026-04-15 09:31:06+00:00,2026-04-15 09:31:06+00:00
0,eeuu estrecho irán ormuz trump,2435,2026-04-15 10:01:09+00:00,2026-04-15 10:01:09+00:00
1,000 artemis dos gobierno ii,23968,2026-04-15 10:01:09+00:00,2026-04-15 10:01:09+00:00
2,2026 abril horóscopo hoy predicción,885,2026-04-15 10:01:09+00:00,2026-04-15 10:01:09+00:00
3,039 años irán quot si,473,2026-04-15 10:01:09+00:00,2026-04-15 10:01:09+00:00
4,años después dos muere tras,1394,2026-04-15 10:01:09+00:00,2026-04-15 10:01:09+00:00
5,2026 com día internacional pueblo,2343,2026-04-15 10:01:09+00:00,2026-04-15 10:01:09+00:00
6,com españa guerra millones sánchez,2507,2026-04-15 10:01:09+00:00,2026-04-15 10:01:09+00:00
7,abril comprobar hoy resultados sábado,686,2026-04-15 10:01:09+00:00,2026-04-15 10:01:09+00:00
8,blanca casa si trump vida,704,2026-04-15 10:01:09+00:00,2026-04-15 10:01:09+00:00
9,así casademont parque real zaragoza,783,2026-04-15 10:01:09+00:00,2026-04-15 10:01:09+00:00
10,atlético barcelona directo madrid real,1192,2026-04-15 10:01:09+00:00,2026-04-15 10:01:09+00:00
11,artemis irán ser tras trump,1588,2026-04-15 10:01:09+00:00,2026-04-15 10:01:09+00:00
12,aldama juicio kitchen koldo ábalos,691,2026-04-15 10:01:09+00:00,2026-04-15 10:01:09+00:00
13,directo guerra hora irán última,1521,2026-04-15 10:01:09+00:00,2026-04-15 10:01:09+00:00
14,elecciones hungría magyar orbán péter,624,2026-04-15 10:01:09+00:00,2026-04-15 10:01:09+00:00
0,españa guerra irán israel trump,1128,2026-04-15 10:31:20+00:00,2026-04-15 10:31:20+00:00
1,000 artemis euros ii quot,24121,2026-04-15 10:31:20+00:00,2026-04-15 10:31:20+00:00
2,000 dos miles personas tras,380,2026-04-15 10:31:20+00:00,2026-04-15 10:31:20+00:00
3,estrecho irán ormuz tras trump,1515,2026-04-15 10:31:20+00:00,2026-04-15 10:31:20+00:00
4,2026 com día internacional pueblo,2307,2026-04-15 10:31:20+00:00,2026-04-15 10:31:20+00:00
5,atlético barcelona directo madrid real,1146,2026-04-15 10:31:20+00:00,2026-04-15 10:31:20+00:00
6,españa gobierno pp regularización sánchez,798,2026-04-15 10:31:20+00:00,2026-04-15 10:31:20+00:00
7,artemis detenido luna ser tras,1435,2026-04-15 10:31:20+00:00,2026-04-15 10:31:20+00:00
8,directo guerra hora irán última,660,2026-04-15 10:31:20+00:00,2026-04-15 10:31:20+00:00
9,años después dos muere tras,1477,2026-04-15 10:31:20+00:00,2026-04-15 10:31:20+00:00
10,casademont dos parque real zaragoza,1289,2026-04-15 10:31:20+00:00,2026-04-15 10:31:20+00:00
11,alto eeuu fuego irán uu,1443,2026-04-15 10:31:20+00:00,2026-04-15 10:31:20+00:00
12,2026 abril comprobar horóscopo hoy,1115,2026-04-15 10:31:20+00:00,2026-04-15 10:31:20+00:00
13,españa fin málaga santa semana,665,2026-04-15 10:31:20+00:00,2026-04-15 10:31:20+00:00
14,com economía españa millones sánchez,2315,2026-04-15 10:31:20+00:00,2026-04-15 10:31:20+00:00
0,2026 abril com hoy internacional,3253,2026-04-15 11:01:10+00:00,2026-04-15 11:01:10+00:00
1,años detenidos dos heridos tras,895,2026-04-15 11:01:10+00:00,2026-04-15 11:01:10+00:00
2,eeuu estrecho irán ormuz trump,2417,2026-04-15 11:01:10+00:00,2026-04-15 11:01:10+00:00
3,000 españa euros millones millón,1114,2026-04-15 11:01:10+00:00,2026-04-15 11:01:10+00:00
4,cada españa internacional primera vez,584,2026-04-15 11:01:10+00:00,2026-04-15 11:01:10+00:00
5,detenido irán ser tras trump,1511,2026-04-15 11:01:10+00:00,2026-04-15 11:01:10+00:00
6,celebra día gitano internacional pueblo,666,2026-04-15 11:01:10+00:00,2026-04-15 11:01:10+00:00
7,directo guerra hora irán última,1474,2026-04-15 11:01:10+00:00,2026-04-15 11:01:10+00:00
8,aldama juicio kitchen koldo ábalos,693,2026-04-15 11:01:10+00:00,2026-04-15 11:01:10+00:00
9,artemis astronautas ii luna misión,886,2026-04-15 11:01:10+00:00,2026-04-15 11:01:10+00:00
10,años hace muere tras tres,1307,2026-04-15 11:01:10+00:00,2026-04-15 11:01:10+00:00
11,así irán madrid sido tras,660,2026-04-15 11:01:10+00:00,2026-04-15 11:01:10+00:00
12,com economía españa guerra sánchez,2486,2026-04-15 11:01:10+00:00,2026-04-15 11:01:10+00:00
13,alcaraz carlos juan montecarlo sinner,524,2026-04-15 11:01:10+00:00,2026-04-15 11:01:10+00:00
14,barcelona gobierno madrid quot zaragoza,23317,2026-04-15 11:01:10+00:00,2026-04-15 11:01:10+00:00
0,edición españa internacional nueva york,633,2026-04-15 11:31:12+00:00,2026-04-15 11:31:12+00:00
1,españa irán marca nuevo presidente,687,2026-04-15 11:31:12+00:00,2026-04-15 11:31:12+00:00
2,artemis astronautas ii luna misión,882,2026-04-15 11:31:12+00:00,2026-04-15 11:31:12+00:00
3,españa guerra irán medio trump,1054,2026-04-15 11:31:12+00:00,2026-04-15 11:31:12+00:00
4,000 euros gobierno tras zaragoza,24255,2026-04-15 11:31:12+00:00,2026-04-15 11:31:12+00:00
5,com economía españa millones sánchez,2327,2026-04-15 11:31:12+00:00,2026-04-15 11:31:12+00:00
6,2026 abril día hoy internacional,3321,2026-04-15 11:31:12+00:00,2026-04-15 11:31:12+00:00
7,años dos muere tras tres,1396,2026-04-15 11:31:12+00:00,2026-04-15 11:31:12+00:00
8,amenaza irán ormuz tras trump,1459,2026-04-15 11:31:12+00:00,2026-04-15 11:31:12+00:00
9,039 años irán quot si,475,2026-04-15 11:31:12+00:00,2026-04-15 11:31:12+00:00
10,atlético barcelona directo madrid real,1191,2026-04-15 11:31:12+00:00,2026-04-15 11:31:12+00:00
11,directo guerra irán israel última,1471,2026-04-15 11:31:12+00:00,2026-04-15 11:31:12+00:00
12,alto fuego irán israel trump,558,2026-04-15 11:31:12+00:00,2026-04-15 11:31:12+00:00
13,gobierno pp psoe tras vox,780,2026-04-15 11:31:12+00:00,2026-04-15 11:31:12+00:00
14,dos málaga santa semana tras,1329,2026-04-15 11:31:12+00:00,2026-04-15 11:31:12+00:00
0,estrecho guerra irán ormuz trump,1629,2026-04-15 12:01:19+00:00,2026-04-15 12:01:19+00:00
1,com dw españa internacional irán,1039,2026-04-15 12:01:19+00:00,2026-04-15 12:01:19+00:00
2,artemis detenido dos ser tras,1545,2026-04-15 12:01:19+00:00,2026-04-15 12:01:19+00:00
3,españa europa guerra millones sánchez,2304,2026-04-15 12:01:19+00:00,2026-04-15 12:01:19+00:00
4,alcaraz carlos masters montecarlo sinner,346,2026-04-15 12:01:19+00:00,2026-04-15 12:01:19+00:00
5,artemis dos gobierno quot zaragoza,24527,2026-04-15 12:01:19+00:00,2026-04-15 12:01:19+00:00
6,2026 día gitano internacional pueblo,2094,2026-04-15 12:01:19+00:00,2026-04-15 12:01:19+00:00
7,años después dos muere tras,1443,2026-04-15 12:01:19+00:00,2026-04-15 12:01:19+00:00
8,españa español hace historia lado,368,2026-04-15 12:01:19+00:00,2026-04-15 12:01:19+00:00
9,directo guerra irán israel última,2017,2026-04-15 12:01:19+00:00,2026-04-15 12:01:19+00:00
10,000 españa euros millones millón,1349,2026-04-15 12:01:19+00:00,2026-04-15 12:01:19+00:00
11,atlético barcelona directo madrid real,1182,2026-04-15 12:01:19+00:00,2026-04-15 12:01:19+00:00
12,2025 2026 declaración hacienda renta,335,2026-04-15 12:01:19+00:00,2026-04-15 12:01:19+00:00
13,2026 abril comprobar horóscopo hoy,1120,2026-04-15 12:01:19+00:00,2026-04-15 12:01:19+00:00
14,cómo españa hacer irán ver,522,2026-04-15 12:01:19+00:00,2026-04-15 12:01:19+00:00
0,com españa guerra millones sánchez,2489,2026-04-15 12:31:10+00:00,2026-04-15 12:31:10+00:00
1,bayern comunidad internacional madrid real,1097,2026-04-15 12:31:10+00:00,2026-04-15 12:31:10+00:00
2,2026 com día internacional pueblo,2359,2026-04-15 12:31:10+00:00,2026-04-15 12:31:10+00:00
3,dos gobierno quot semana zaragoza,22984,2026-04-15 12:31:10+00:00,2026-04-15 12:31:10+00:00
4,000 españa euros millones millón,1162,2026-04-15 12:31:10+00:00,2026-04-15 12:31:10+00:00
5,atlético barcelona champions directo madrid,749,2026-04-15 12:31:10+00:00,2026-04-15 12:31:10+00:00
6,estrecho irán ormuz tras trump,1582,2026-04-15 12:31:10+00:00,2026-04-15 12:31:10+00:00
7,alcaraz carlos juan montecarlo sinner,532,2026-04-15 12:31:10+00:00,2026-04-15 12:31:10+00:00
8,directo guerra hora irán última,1937,2026-04-15 12:31:10+00:00,2026-04-15 12:31:10+00:00
9,artemis astronautas ii luna misión,895,2026-04-15 12:31:10+00:00,2026-04-15 12:31:10+00:00
10,2026 abril comprobar horóscopo hoy,1081,2026-04-15 12:31:10+00:00,2026-04-15 12:31:10+00:00
11,2025 2026 así declaración renta,906,2026-04-15 12:31:10+00:00,2026-04-15 12:31:10+00:00
12,aldama juicio kitchen koldo ábalos,752,2026-04-15 12:31:10+00:00,2026-04-15 12:31:10+00:00
13,años dos hombre muere tras,2497,2026-04-15 12:31:10+00:00,2026-04-15 12:31:10+00:00
14,alto fuego irán israel líbano,820,2026-04-15 12:31:10+00:00,2026-04-15 12:31:10+00:00
0,039 años irán quot si,474,2026-04-15 13:01:08+00:00,2026-04-15 13:01:08+00:00
1,2026 abril comprobar horóscopo hoy,1124,2026-04-15 13:01:08+00:00,2026-04-15 13:01:08+00:00
2,cadena país puede ser trump,1281,2026-04-15 13:01:08+00:00,2026-04-15 13:01:08+00:00
3,directo guerra irán israel trump,2739,2026-04-15 13:01:08+00:00,2026-04-15 13:01:08+00:00
4,años hace muere niño tras,1275,2026-04-15 13:01:08+00:00,2026-04-15 13:01:08+00:00
5,2026 com día internacional pueblo,2348,2026-04-15 13:01:08+00:00,2026-04-15 13:01:08+00:00
6,000 barcelona madrid semana zaragoza,23700,2026-04-15 13:01:08+00:00,2026-04-15 13:01:08+00:00
7,artemis astronautas ii luna misión,873,2026-04-15 13:01:08+00:00,2026-04-15 13:01:08+00:00
8,000 22 españa euros millones,809,2026-04-15 13:01:08+00:00,2026-04-15 13:01:08+00:00
9,com españa guerra irán sánchez,2375,2026-04-15 13:01:08+00:00,2026-04-15 13:01:08+00:00
10,detenido hombre irán tras trump,1509,2026-04-15 13:01:08+00:00,2026-04-15 13:01:08+00:00
11,juicio koldo pp vox ábalos,1305,2026-04-15 13:01:08+00:00,2026-04-15 13:01:08+00:00
12,años dos irán semanas tras,929,2026-04-15 13:01:08+00:00,2026-04-15 13:01:08+00:00
13,cuatro león papa trump xiv,515,2026-04-15 13:01:08+00:00,2026-04-15 13:01:08+00:00
14,cómo directo irán renta ver,590,2026-04-15 13:01:08+00:00,2026-04-15 13:01:08+00:00
0,directo guerra irán israel última,2091,2026-04-15 13:31:12+00:00,2026-04-15 13:31:12+00:00
1,000 artemis euros gobierno zaragoza,24049,2026-04-15 13:31:12+00:00,2026-04-15 13:31:12+00:00
2,artemis años detenido ser tras,1625,2026-04-15 13:31:12+00:00,2026-04-15 13:31:12+00:00
3,años españa español hace historia,598,2026-04-15 13:31:12+00:00,2026-04-15 13:31:12+00:00
4,amenaza estrecho irán ormuz trump,1650,2026-04-15 13:31:12+00:00,2026-04-15 13:31:12+00:00
5,aldama juicio kitchen koldo ábalos,720,2026-04-15 13:31:12+00:00,2026-04-15 13:31:12+00:00
6,2026 abril comprobar hoy sorteo,1025,2026-04-15 13:31:12+00:00,2026-04-15 13:31:12+00:00
7,años dos españa heridos tras,948,2026-04-15 13:31:12+00:00,2026-04-15 13:31:12+00:00
8,china españa pedro sánchez xi,828,2026-04-15 13:31:12+00:00,2026-04-15 13:31:12+00:00
9,039 años irán quot si,470,2026-04-15 13:31:12+00:00,2026-04-15 13:31:12+00:00
10,atlético barcelona champions directo madrid,772,2026-04-15 13:31:12+00:00,2026-04-15 13:31:12+00:00
11,años madrid muere real zaragoza,2058,2026-04-15 13:31:12+00:00,2026-04-15 13:31:12+00:00
12,com economía españa guerra millones,2428,2026-04-15 13:31:12+00:00,2026-04-15 13:31:12+00:00
13,2026 com día internacional pueblo,2360,2026-04-15 13:31:12+00:00,2026-04-15 13:31:12+00:00
14,2026 abril horóscopo hoy predicción,227,2026-04-15 13:31:12+00:00,2026-04-15 13:31:12+00:00
0,directo guerra irán israel trump,2915,2026-04-15 14:01:07+00:00,2026-04-15 14:01:07+00:00
1,000 españa euros millones millón,1076,2026-04-15 14:01:07+00:00,2026-04-15 14:01:07+00:00
2,años detenido hombre tras trump,1545,2026-04-15 14:01:07+00:00,2026-04-15 14:01:07+00:00
3,2026 com día internacional pueblo,2261,2026-04-15 14:01:07+00:00,2026-04-15 14:01:07+00:00
4,2026 abril comprobar horóscopo hoy,1114,2026-04-15 14:01:07+00:00,2026-04-15 14:01:07+00:00
5,años dos irán semanas tras,911,2026-04-15 14:01:07+00:00,2026-04-15 14:01:07+00:00
6,039 años irán quot si,472,2026-04-15 14:01:07+00:00,2026-04-15 14:01:07+00:00
7,com españa guerra millones sánchez,2494,2026-04-15 14:01:07+00:00,2026-04-15 14:01:07+00:00
8,años gobierno semana sánchez trump,24506,2026-04-15 14:01:07+00:00,2026-04-15 14:01:07+00:00
9,atlético barcelona directo madrid real,1193,2026-04-15 14:01:07+00:00,2026-04-15 14:01:07+00:00
10,artemis astronautas ii luna misión,880,2026-04-15 14:01:07+00:00,2026-04-15 14:01:07+00:00
11,2025 2026 declaración hacienda renta,345,2026-04-15 14:01:07+00:00,2026-04-15 14:01:07+00:00
12,cadena puede ser tras trump,758,2026-04-15 14:01:07+00:00,2026-04-15 14:01:07+00:00
13,así casademont parque real zaragoza,769,2026-04-15 14:01:07+00:00,2026-04-15 14:01:07+00:00
14,edición españa internacional nueva york,640,2026-04-15 14:01:07+00:00,2026-04-15 14:01:07+00:00
0,españa europa internacional press trump,520,2026-04-15 14:31:09+00:00,2026-04-15 14:31:09+00:00
1,2026 com día internacional pueblo,2292,2026-04-15 14:31:09+00:00,2026-04-15 14:31:09+00:00
2,directo guerra hora irán última,1501,2026-04-15 14:31:09+00:00,2026-04-15 14:31:09+00:00
3,años dos quot semana zaragoza,24037,2026-04-15 14:31:09+00:00,2026-04-15 14:31:09+00:00
4,años detenido ser tras trump,1629,2026-04-15 14:31:09+00:00,2026-04-15 14:31:09+00:00
5,bayern comunidad madrid real zaragoza,1173,2026-04-15 14:31:09+00:00,2026-04-15 14:31:09+00:00
6,000 españa euros millones millón,1119,2026-04-15 14:31:09+00:00,2026-04-15 14:31:09+00:00
7,atlético barcelona champions directo madrid,736,2026-04-15 14:31:09+00:00,2026-04-15 14:31:09+00:00
8,2026 abril comprobar horóscopo hoy,1088,2026-04-15 14:31:09+00:00,2026-04-15 14:31:09+00:00
9,eeuu estrecho irán ormuz trump,2457,2026-04-15 14:31:09+00:00,2026-04-15 14:31:09+00:00
10,artemis astronautas ii luna misión,898,2026-04-15 14:31:09+00:00,2026-04-15 14:31:09+00:00
11,000 dos españa miles personas,382,2026-04-15 14:31:09+00:00,2026-04-15 14:31:09+00:00
12,alcaraz carlos juan montecarlo sinner,535,2026-04-15 14:31:09+00:00,2026-04-15 14:31:09+00:00
13,com españa guerra millones sánchez,2402,2026-04-15 14:31:09+00:00,2026-04-15 14:31:09+00:00
14,elecciones hungría orbán pp vox,1116,2026-04-15 14:31:09+00:00,2026-04-15 14:31:09+00:00
0,años detenido hombre muerte tras,404,2026-04-15 15:01:08+00:00,2026-04-15 15:01:08+00:00
1,atlético barcelona directo madrid real,1175,2026-04-15 15:01:08+00:00,2026-04-15 15:01:08+00:00
2,artemis años ii ser tras,1489,2026-04-15 15:01:08+00:00,2026-04-15 15:01:08+00:00
3,años dos españa heridos tras,917,2026-04-15 15:01:08+00:00,2026-04-15 15:01:08+00:00
4,com economía españa millones sánchez,2328,2026-04-15 15:01:08+00:00,2026-04-15 15:01:08+00:00
5,españa guerra irán medio trump,1120,2026-04-15 15:01:08+00:00,2026-04-15 15:01:08+00:00
6,españa fin málaga santa semana,645,2026-04-15 15:01:08+00:00,2026-04-15 15:01:08+00:00
7,directo guerra irán israel última,1701,2026-04-15 15:01:08+00:00,2026-04-15 15:01:08+00:00
8,españa internacional marca nuevo presidente,685,2026-04-15 15:01:08+00:00,2026-04-15 15:01:08+00:00
9,años heridos meses tras tres,559,2026-04-15 15:01:08+00:00,2026-04-15 15:01:08+00:00
10,artemis años gobierno quot zaragoza,25514,2026-04-15 15:01:08+00:00,2026-04-15 15:01:08+00:00
11,2026 abril comprobar horóscopo hoy,1124,2026-04-15 15:01:08+00:00,2026-04-15 15:01:08+00:00
12,2026 com día internacional pueblo,2267,2026-04-15 15:01:08+00:00,2026-04-15 15:01:08+00:00
13,canaria españa gran internacional primer,465,2026-04-15 15:01:08+00:00,2026-04-15 15:01:08+00:00
14,estrecho irán ormuz tras trump,1511,2026-04-15 15:01:08+00:00,2026-04-15 15:01:08+00:00
0,alcaraz atlético barcelona directo madrid,1130,2026-04-15 15:31:09+00:00,2026-04-15 15:31:09+00:00
1,años ser sánchez tras trump,24229,2026-04-15 15:31:09+00:00,2026-04-15 15:31:09+00:00
2,años comunidad dos madrid tras,1426,2026-04-15 15:31:09+00:00,2026-04-15 15:31:09+00:00
3,aragón internacional pp vox zaragoza,313,2026-04-15 15:31:09+00:00,2026-04-15 15:31:09+00:00
4,españa gobierno migrantes pp regularización,770,2026-04-15 15:31:09+00:00,2026-04-15 15:31:09+00:00
5,artemis astronautas ii luna misión,883,2026-04-15 15:31:09+00:00,2026-04-15 15:31:09+00:00
6,039 años irán quot si,474,2026-04-15 15:31:09+00:00,2026-04-15 15:31:09+00:00
7,2026 com día internacional pueblo,2311,2026-04-15 15:31:09+00:00,2026-04-15 15:31:09+00:00
8,años heridos meses tras tres,550,2026-04-15 15:31:09+00:00,2026-04-15 15:31:09+00:00
9,casademont dos parque real zaragoza,751,2026-04-15 15:31:09+00:00,2026-04-15 15:31:09+00:00
10,guerra irán israel ormuz trump,3135,2026-04-15 15:31:09+00:00,2026-04-15 15:31:09+00:00
11,2026 abril comprobar horóscopo hoy,1104,2026-04-15 15:31:09+00:00,2026-04-15 15:31:09+00:00
12,com españa guerra millones sánchez,2539,2026-04-15 15:31:09+00:00,2026-04-15 15:31:09+00:00
13,bayern internacional madrid nueva real,977,2026-04-15 15:31:09+00:00,2026-04-15 15:31:09+00:00
14,000 años euros millones millón,1379,2026-04-15 15:31:09+00:00,2026-04-15 15:31:09+00:00
0,china españa pedro sánchez xi,842,2026-04-15 16:01:10+00:00,2026-04-15 16:01:10+00:00
1,años gobierno quot si zaragoza,24533,2026-04-15 16:01:10+00:00,2026-04-15 16:01:10+00:00
2,años detenido ser tras trump,1586,2026-04-15 16:01:10+00:00,2026-04-15 16:01:10+00:00
3,000 españa euros millones millón,1073,2026-04-15 16:01:10+00:00,2026-04-15 16:01:10+00:00
4,atlético barcelona directo madrid real,1182,2026-04-15 16:01:10+00:00,2026-04-15 16:01:10+00:00
5,2026 abril comprobar horóscopo hoy,1084,2026-04-15 16:01:10+00:00,2026-04-15 16:01:10+00:00
6,000 año españa guerra primer,411,2026-04-15 16:01:10+00:00,2026-04-15 16:01:10+00:00
7,cómo declaración irán renta ver,569,2026-04-15 16:01:10+00:00,2026-04-15 16:01:10+00:00
8,españa fin málaga santa semana,646,2026-04-15 16:01:10+00:00,2026-04-15 16:01:10+00:00
9,edición españa internacional nueva york,636,2026-04-15 16:01:10+00:00,2026-04-15 16:01:10+00:00
10,directo guerra irán israel trump,2982,2026-04-15 16:01:10+00:00,2026-04-15 16:01:10+00:00
11,artemis astronautas ii luna misión,871,2026-04-15 16:01:10+00:00,2026-04-15 16:01:10+00:00
12,2026 com día internacional pueblo,2247,2026-04-15 16:01:10+00:00,2026-04-15 16:01:10+00:00
13,años dos irán semanas tras,930,2026-04-15 16:01:10+00:00,2026-04-15 16:01:10+00:00
14,com economía españa guerra irán,2366,2026-04-15 16:01:10+00:00,2026-04-15 16:01:10+00:00
0,años detenido dos mujer tras,362,2026-04-15 16:31:07+00:00,2026-04-15 16:31:07+00:00
1,2026 abril comprobar horóscopo hoy,1092,2026-04-15 16:31:07+00:00,2026-04-15 16:31:07+00:00
2,atlético barcelona champions cómo directo,1122,2026-04-15 16:31:07+00:00,2026-04-15 16:31:07+00:00
3,000 100 euros millones millón,1364,2026-04-15 16:31:07+00:00,2026-04-15 16:31:07+00:00
4,2026 com diario festival internacional,2055,2026-04-15 16:31:07+00:00,2026-04-15 16:31:07+00:00
5,años después dos muere tras,1316,2026-04-15 16:31:07+00:00,2026-04-15 16:31:07+00:00
6,artemis ii luna misión quot,1325,2026-04-15 16:31:07+00:00,2026-04-15 16:31:07+00:00
7,celebra día gitano internacional pueblo,673,2026-04-15 16:31:07+00:00,2026-04-15 16:31:07+00:00
8,dos gobierno semana sánchez zaragoza,23576,2026-04-15 16:31:07+00:00,2026-04-15 16:31:07+00:00
9,dos irán ser tras trump,1478,2026-04-15 16:31:07+00:00,2026-04-15 16:31:07+00:00
10,alto fuego guerra irán israel,567,2026-04-15 16:31:07+00:00,2026-04-15 16:31:07+00:00
11,com españa guerra millones sánchez,2518,2026-04-15 16:31:07+00:00,2026-04-15 16:31:07+00:00
12,años heridos meses tras tres,551,2026-04-15 16:31:07+00:00,2026-04-15 16:31:07+00:00
13,bayern comunidad internacional madrid real,1091,2026-04-15 16:31:07+00:00,2026-04-15 16:31:07+00:00
14,directo guerra irán ormuz trump,2868,2026-04-15 16:31:07+00:00,2026-04-15 16:31:07+00:00
0,com españa guerra millones sánchez,2543,2026-04-15 17:01:08+00:00,2026-04-15 17:01:08+00:00
1,eeuu estrecho irán ormuz trump,2474,2026-04-15 17:01:08+00:00,2026-04-15 17:01:08+00:00
2,españa irán país trump vasco,702,2026-04-15 17:01:08+00:00,2026-04-15 17:01:08+00:00
3,2026 com día internacional pueblo,2357,2026-04-15 17:01:08+00:00,2026-04-15 17:01:08+00:00
4,cómo elecciones hungría magyar orbán,897,2026-04-15 17:01:08+00:00,2026-04-15 17:01:08+00:00
5,españa fin málaga santa semana,661,2026-04-15 17:01:08+00:00,2026-04-15 17:01:08+00:00
6,2026 abril dos gobierno hoy,24121,2026-04-15 17:01:08+00:00,2026-04-15 17:01:08+00:00
7,así españa irán sido tras,636,2026-04-15 17:01:08+00:00,2026-04-15 17:01:08+00:00
8,bayern directo madrid real zaragoza,560,2026-04-15 17:01:08+00:00,2026-04-15 17:01:08+00:00
9,039 años irán quot si,475,2026-04-15 17:01:08+00:00,2026-04-15 17:01:08+00:00
10,atlético barcelona champions directo madrid,1331,2026-04-15 17:01:08+00:00,2026-04-15 17:01:08+00:00
11,años detenido dos hombre tras,2346,2026-04-15 17:01:08+00:00,2026-04-15 17:01:08+00:00
12,directo guerra hora irán última,1427,2026-04-15 17:01:08+00:00,2026-04-15 17:01:08+00:00
13,años heridos meses tras tres,548,2026-04-15 17:01:08+00:00,2026-04-15 17:01:08+00:00
14,artemis astronautas ii luna misión,849,2026-04-15 17:01:08+00:00,2026-04-15 17:01:08+00:00
0,españa fin málaga santa semana,649,2026-04-15 17:31:07+00:00,2026-04-15 17:31:07+00:00
1,dos gobierno quot tras trump,25291,2026-04-15 17:31:07+00:00,2026-04-15 17:31:07+00:00
2,casademont dos parque real zaragoza,783,2026-04-15 17:31:07+00:00,2026-04-15 17:31:07+00:00
3,directo guerra irán israel trump,2556,2026-04-15 17:31:07+00:00,2026-04-15 17:31:07+00:00
4,así españa irán sido tras,614,2026-04-15 17:31:07+00:00,2026-04-15 17:31:07+00:00
5,años después dos muere tras,1411,2026-04-15 17:31:07+00:00,2026-04-15 17:31:07+00:00
6,atlético barcelona champions madrid real,1266,2026-04-15 17:31:07+00:00,2026-04-15 17:31:07+00:00
7,irán quot renta si trump,696,2026-04-15 17:31:07+00:00,2026-04-15 17:31:07+00:00
8,bloqueo estrecho irán ormuz trump,740,2026-04-15 17:31:07+00:00,2026-04-15 17:31:07+00:00
9,2026 abril comprobar horóscopo hoy,1072,2026-04-15 17:31:07+00:00,2026-04-15 17:31:07+00:00
10,com economía españa guerra millones,2415,2026-04-15 17:31:07+00:00,2026-04-15 17:31:07+00:00
11,2026 com día internacional pueblo,2276,2026-04-15 17:31:07+00:00,2026-04-15 17:31:07+00:00
12,artemis astronautas ii luna misión,862,2026-04-15 17:31:07+00:00,2026-04-15 17:31:07+00:00
13,china españa pedro sánchez xi,854,2026-04-15 17:31:07+00:00,2026-04-15 17:31:07+00:00
14,in malaga of the to,466,2026-04-15 17:31:07+00:00,2026-04-15 17:31:07+00:00
0,com españa guerra millones sánchez,2501,2026-04-15 18:01:10+00:00,2026-04-15 18:01:10+00:00
1,artemis luna nunca quot visto,197,2026-04-15 18:01:10+00:00,2026-04-15 18:01:10+00:00
2,2026 com día internacional pueblo,2313,2026-04-15 18:01:10+00:00,2026-04-15 18:01:10+00:00
3,atlético barcelona champions madrid real,1169,2026-04-15 18:01:10+00:00,2026-04-15 18:01:10+00:00
4,alcaraz gran país primer vasco,1010,2026-04-15 18:01:10+00:00,2026-04-15 18:01:10+00:00
5,000 artemis dos quot zaragoza,23836,2026-04-15 18:01:10+00:00,2026-04-15 18:01:10+00:00
6,2026 abril hoy málaga picasso,519,2026-04-15 18:01:10+00:00,2026-04-15 18:01:10+00:00
7,amenaza estrecho irán ormuz trump,1664,2026-04-15 18:01:10+00:00,2026-04-15 18:01:10+00:00
8,artemis detenido dos ser tras,1509,2026-04-15 18:01:10+00:00,2026-04-15 18:01:10+00:00
9,2026 abril comprobar horóscopo hoy,1033,2026-04-15 18:01:10+00:00,2026-04-15 18:01:10+00:00
10,españa fin santa semana tras,627,2026-04-15 18:01:10+00:00,2026-04-15 18:01:10+00:00
11,años después dos muere tras,1468,2026-04-15 18:01:10+00:00,2026-04-15 18:01:10+00:00
12,directo guerra irán israel última,2127,2026-04-15 18:01:10+00:00,2026-04-15 18:01:10+00:00
13,aldama así juicio koldo ábalos,1199,2026-04-15 18:01:10+00:00,2026-04-15 18:01:10+00:00
14,españa gobierno pp regularización sánchez,798,2026-04-15 18:01:10+00:00,2026-04-15 18:01:10+00:00
0,gobierno pp psoe regularización vox,1272,2026-04-15 18:31:09+00:00,2026-04-15 18:31:09+00:00
1,bloqueo estrecho irán ormuz trump,763,2026-04-15 18:31:09+00:00,2026-04-15 18:31:09+00:00
2,años dos internacional quot zaragoza,26088,2026-04-15 18:31:09+00:00,2026-04-15 18:31:09+00:00
3,bayern comunidad internacional madrid real,1048,2026-04-15 18:31:09+00:00,2026-04-15 18:31:09+00:00
4,cadena puede ser tras trump,769,2026-04-15 18:31:09+00:00,2026-04-15 18:31:09+00:00
5,com economía españa guerra sánchez,2445,2026-04-15 18:31:09+00:00,2026-04-15 18:31:09+00:00
6,directo guerra irán israel trump,2419,2026-04-15 18:31:09+00:00,2026-04-15 18:31:09+00:00
7,000 22 españa euros millones,821,2026-04-15 18:31:09+00:00,2026-04-15 18:31:09+00:00
8,2026 abril comprobar horóscopo hoy,1214,2026-04-15 18:31:09+00:00,2026-04-15 18:31:09+00:00
9,elecciones hungría magyar orbán trump,1187,2026-04-15 18:31:09+00:00,2026-04-15 18:31:09+00:00
10,artemis astronautas ii luna misión,844,2026-04-15 18:31:09+00:00,2026-04-15 18:31:09+00:00
11,españa fin internacional santa semana,673,2026-04-15 18:31:09+00:00,2026-04-15 18:31:09+00:00
12,atlético barcelona champions directo madrid,672,2026-04-15 18:31:09+00:00,2026-04-15 18:31:09+00:00
13,atlético barça champions directo madrid,291,2026-04-15 18:31:09+00:00,2026-04-15 18:31:09+00:00
14,años detenido dos tras trump,1515,2026-04-15 18:31:09+00:00,2026-04-15 18:31:09+00:00
0,años internacional menores redes sociales,118,2026-04-15 19:01:12+00:00,2026-04-15 19:01:12+00:00
1,000 dos gobierno tras zaragoza,25792,2026-04-15 19:01:12+00:00,2026-04-15 19:01:12+00:00
2,españa guerra irán si trump,640,2026-04-15 19:01:12+00:00,2026-04-15 19:01:12+00:00
3,artemis astronautas ii luna misión,842,2026-04-15 19:01:12+00:00,2026-04-15 19:01:12+00:00
4,cómo declaración irán renta ver,562,2026-04-15 19:01:12+00:00,2026-04-15 19:01:12+00:00
5,estrecho irán ormuz tras trump,1571,2026-04-15 19:01:12+00:00,2026-04-15 19:01:12+00:00
6,españa irán marca nuevo piden,708,2026-04-15 19:01:12+00:00,2026-04-15 19:01:12+00:00
7,elecciones hungría magyar orbán péter,631,2026-04-15 19:01:12+00:00,2026-04-15 19:01:12+00:00
8,2026 abril comprobar horóscopo hoy,1128,2026-04-15 19:01:12+00:00,2026-04-15 19:01:12+00:00
9,039 años irán quot si,474,2026-04-15 19:01:12+00:00,2026-04-15 19:01:12+00:00
10,2026 com día internacional pueblo,2328,2026-04-15 19:01:12+00:00,2026-04-15 19:01:12+00:00
11,años dos muere tras tres,1364,2026-04-15 19:01:12+00:00,2026-04-15 19:01:12+00:00
12,atlético barcelona directo madrid real,1232,2026-04-15 19:01:12+00:00,2026-04-15 19:01:12+00:00
13,directo guerra irán israel última,2141,2026-04-15 19:01:12+00:00,2026-04-15 19:01:12+00:00
14,com españa guerra millones sánchez,2486,2026-04-15 19:01:12+00:00,2026-04-15 19:01:12+00:00
0,000 años dos euros quot,25700,2026-04-15 19:31:05+00:00,2026-04-15 19:31:05+00:00
1,2026 día gitano internacional pueblo,2088,2026-04-15 19:31:05+00:00,2026-04-15 19:31:05+00:00
2,alto eeuu fuego irán ormuz,855,2026-04-15 19:31:05+00:00,2026-04-15 19:31:05+00:00
3,artemis años dos ser tras,1541,2026-04-15 19:31:05+00:00,2026-04-15 19:31:05+00:00
4,directo guerra irán israel última,1593,2026-04-15 19:31:05+00:00,2026-04-15 19:31:05+00:00
5,así casademont parque real zaragoza,776,2026-04-15 19:31:05+00:00,2026-04-15 19:31:05+00:00
6,economía españa guerra impuesto millones,2255,2026-04-15 19:31:05+00:00,2026-04-15 19:31:05+00:00
7,atlético barcelona directo madrid real,1227,2026-04-15 19:31:05+00:00,2026-04-15 19:31:05+00:00
8,amenaza estrecho irán ormuz trump,1453,2026-04-15 19:31:05+00:00,2026-04-15 19:31:05+00:00
9,china españa pedro sánchez xi,812,2026-04-15 19:31:05+00:00,2026-04-15 19:31:05+00:00
10,españa fin málaga santa semana,645,2026-04-15 19:31:05+00:00,2026-04-15 19:31:05+00:00
11,com dw españa internacional irán,1001,2026-04-15 19:31:05+00:00,2026-04-15 19:31:05+00:00
12,2026 abril comprobar horóscopo hoy,1103,2026-04-15 19:31:05+00:00,2026-04-15 19:31:05+00:00
13,años cada españa primera vez,601,2026-04-15 19:31:05+00:00,2026-04-15 19:31:05+00:00
14,años detenido dos mujer tras,372,2026-04-15 19:31:05+00:00,2026-04-15 19:31:05+00:00
0,abril españa gasolina hoy precio,362,2026-04-15 20:01:08+00:00,2026-04-15 20:01:08+00:00
1,años detenido hombre tras trump,1594,2026-04-15 20:01:08+00:00,2026-04-15 20:01:08+00:00
2,directo guerra irán israel trump,2961,2026-04-15 20:01:08+00:00,2026-04-15 20:01:08+00:00
3,artemis astronautas ii luna misión,839,2026-04-15 20:01:08+00:00,2026-04-15 20:01:08+00:00
4,039 años irán quot si,475,2026-04-15 20:01:08+00:00,2026-04-15 20:01:08+00:00
5,000 españa euros millones millón,1107,2026-04-15 20:01:08+00:00,2026-04-15 20:01:08+00:00
6,2026 abril comprobar horóscopo hoy,1005,2026-04-15 20:01:08+00:00,2026-04-15 20:01:08+00:00
7,años después dos hace muere,1752,2026-04-15 20:01:08+00:00,2026-04-15 20:01:08+00:00
8,nuevo si sánchez trump zaragoza,23621,2026-04-15 20:01:08+00:00,2026-04-15 20:01:08+00:00
9,2026 com día internacional pueblo,2359,2026-04-15 20:01:08+00:00,2026-04-15 20:01:08+00:00
10,españa irán pide sánchez trump,437,2026-04-15 20:01:08+00:00,2026-04-15 20:01:08+00:00
11,elecciones hungría orbán pp vox,1171,2026-04-15 20:01:08+00:00,2026-04-15 20:01:08+00:00
12,com españa guerra millones sánchez,2472,2026-04-15 20:01:08+00:00,2026-04-15 20:01:08+00:00
13,atlético barcelona directo madrid real,1220,2026-04-15 20:01:08+00:00,2026-04-15 20:01:08+00:00
14,españa fin málaga santa semana,652,2026-04-15 20:01:08+00:00,2026-04-15 20:01:08+00:00
0,aldama directo juicio koldo ábalos,509,2026-04-15 20:31:08+00:00,2026-04-15 20:31:08+00:00
1,2026 com día internacional pueblo,2356,2026-04-15 20:31:08+00:00,2026-04-15 20:31:08+00:00
2,alto fuego irán israel líbano,555,2026-04-15 20:31:08+00:00,2026-04-15 20:31:08+00:00
3,atlético barcelona directo madrid real,1245,2026-04-15 20:31:08+00:00,2026-04-15 20:31:08+00:00
4,000 españa irán marca nuevo,711,2026-04-15 20:31:08+00:00,2026-04-15 20:31:08+00:00
5,detenido gran hombre mujer tras,1144,2026-04-15 20:31:08+00:00,2026-04-15 20:31:08+00:00
6,españa fin málaga santa semana,646,2026-04-15 20:31:08+00:00,2026-04-15 20:31:08+00:00
7,com economía españa guerra millones,2433,2026-04-15 20:31:08+00:00,2026-04-15 20:31:08+00:00
8,directo guerra irán israel última,2016,2026-04-15 20:31:08+00:00,2026-04-15 20:31:08+00:00
9,años dos quot tras zaragoza,24769,2026-04-15 20:31:08+00:00,2026-04-15 20:31:08+00:00
10,elecciones hungría magyar orbán sánchez,1301,2026-04-15 20:31:08+00:00,2026-04-15 20:31:08+00:00
11,artemis astronautas ii luna misión,856,2026-04-15 20:31:08+00:00,2026-04-15 20:31:08+00:00
12,2026 abril comprobar horóscopo hoy,1110,2026-04-15 20:31:08+00:00,2026-04-15 20:31:08+00:00
13,amenaza irán ormuz tras trump,1555,2026-04-15 20:31:08+00:00,2026-04-15 20:31:08+00:00
14,gobierno pp psoe tras vox,804,2026-04-15 20:31:08+00:00,2026-04-15 20:31:08+00:00
0,amenaza irán ormuz tras trump,1602,2026-04-15 21:01:09+00:00,2026-04-15 21:01:09+00:00
1,000 años españa euros millones,1283,2026-04-15 21:01:09+00:00,2026-04-15 21:01:09+00:00
2,cadena puede ser tras trump,774,2026-04-15 21:01:09+00:00,2026-04-15 21:01:09+00:00
3,aday español historia mara ncaa,113,2026-04-15 21:01:09+00:00,2026-04-15 21:01:09+00:00
4,indra presidente simón tras ángel,254,2026-04-15 21:01:09+00:00,2026-04-15 21:01:09+00:00
5,aldama directo juicio koldo ábalos,475,2026-04-15 21:01:09+00:00,2026-04-15 21:01:09+00:00
6,039 años irán quot si,475,2026-04-15 21:01:09+00:00,2026-04-15 21:01:09+00:00
7,atlético barcelona champions directo madrid,770,2026-04-15 21:01:09+00:00,2026-04-15 21:01:09+00:00
8,2026 años españa internacional tras,31983,2026-04-15 21:01:09+00:00,2026-04-15 21:01:09+00:00
9,artemis españa hacia ii luna,195,2026-04-15 21:01:09+00:00,2026-04-15 21:01:09+00:00
10,heridos menos muerto tiroteo tras,259,2026-04-15 21:01:09+00:00,2026-04-15 21:01:09+00:00
11,clientes datos españa millones sufre,74,2026-04-15 21:01:09+00:00,2026-04-15 21:01:09+00:00
12,detenido digital dos libertad tras,127,2026-04-15 21:01:09+00:00,2026-04-15 21:01:09+00:00
13,bayern directo internacional madrid real,1205,2026-04-15 21:01:09+00:00,2026-04-15 21:01:09+00:00
14,directo guerra irán israel última,2413,2026-04-15 21:01:09+00:00,2026-04-15 21:01:09+00:00
0,abc españa internacional irán sánchez,383,2026-04-15 21:31:06+00:00,2026-04-15 21:31:06+00:00
1,amenaza estrecho irán ormuz trump,1590,2026-04-15 21:31:06+00:00,2026-04-15 21:31:06+00:00
2,2026 abril comprobar horóscopo hoy,1090,2026-04-15 21:31:06+00:00,2026-04-15 21:31:06+00:00
3,com economía españa guerra millones,2435,2026-04-15 21:31:06+00:00,2026-04-15 21:31:06+00:00
4,españa fin málaga santa semana,639,2026-04-15 21:31:06+00:00,2026-04-15 21:31:06+00:00
5,directo guerra irán israel última,2080,2026-04-15 21:31:06+00:00,2026-04-15 21:31:06+00:00
6,039 años irán quot si,474,2026-04-15 21:31:06+00:00,2026-04-15 21:31:06+00:00
7,años detenidos dos españa tras,948,2026-04-15 21:31:06+00:00,2026-04-15 21:31:06+00:00
8,artemis así sido tras zaragoza,696,2026-04-15 21:31:06+00:00,2026-04-15 21:31:06+00:00
9,años cómo país renta vasco,1001,2026-04-15 21:31:06+00:00,2026-04-15 21:31:06+00:00
10,años coinciden españa mejor mundo,330,2026-04-15 21:31:06+00:00,2026-04-15 21:31:06+00:00
11,atlético barcelona directo madrid real,1224,2026-04-15 21:31:06+00:00,2026-04-15 21:31:06+00:00
12,años detenido hombre ser tras,1573,2026-04-15 21:31:06+00:00,2026-04-15 21:31:06+00:00
13,000 años euros gobierno zaragoza,25235,2026-04-15 21:31:06+00:00,2026-04-15 21:31:06+00:00
14,2026 com día internacional pueblo,2313,2026-04-15 21:31:06+00:00,2026-04-15 21:31:06+00:00
0,congreso pp psoe tras vox,455,2026-04-15 22:01:16+00:00,2026-04-15 22:01:16+00:00
1,com españa guerra millones sánchez,2573,2026-04-15 22:01:16+00:00,2026-04-15 22:01:16+00:00
2,así madrid sido tras zaragoza,655,2026-04-15 22:01:16+00:00,2026-04-15 22:01:16+00:00
3,directo guerra irán israel trump,2992,2026-04-15 22:01:16+00:00,2026-04-15 22:01:16+00:00
4,elecciones hungría magyar orbán péter,594,2026-04-15 22:01:16+00:00,2026-04-15 22:01:16+00:00
5,artemis astronautas ii luna misión,809,2026-04-15 22:01:16+00:00,2026-04-15 22:01:16+00:00
6,cómo declaración irán renta ver,570,2026-04-15 22:01:16+00:00,2026-04-15 22:01:16+00:00
7,039 años irán quot si,475,2026-04-15 22:01:16+00:00,2026-04-15 22:01:16+00:00
8,000 dos gobierno madrid zaragoza,25379,2026-04-15 22:01:16+00:00,2026-04-15 22:01:16+00:00
9,detenido dos irán tras trump,1499,2026-04-15 22:01:16+00:00,2026-04-15 22:01:16+00:00
10,2026 abril comprobar horóscopo hoy,1118,2026-04-15 22:01:16+00:00,2026-04-15 22:01:16+00:00
11,2026 com día internacional pueblo,2379,2026-04-15 22:01:16+00:00,2026-04-15 22:01:16+00:00
12,atlético barcelona champions directo madrid,799,2026-04-15 22:01:16+00:00,2026-04-15 22:01:16+00:00
13,aitana concierto española madrid rosalía,363,2026-04-15 22:01:16+00:00,2026-04-15 22:01:16+00:00
14,años dos muere tras tres,1346,2026-04-15 22:01:16+00:00,2026-04-15 22:01:16+00:00
0,artemis gobierno sánchez tras zaragoza,25057,2026-04-15 22:31:10+00:00,2026-04-15 22:31:10+00:00
1,amenaza irán ormuz tras trump,1541,2026-04-15 22:31:10+00:00,2026-04-15 22:31:10+00:00
2,2026 abril comprobar horóscopo hoy,1008,2026-04-15 22:31:10+00:00,2026-04-15 22:31:10+00:00
3,com día gitano internacional pueblo,2181,2026-04-15 22:31:10+00:00,2026-04-15 22:31:10+00:00
4,039 años irán quot si,475,2026-04-15 22:31:10+00:00,2026-04-15 22:31:10+00:00
5,años heridos meses tras tres,533,2026-04-15 22:31:10+00:00,2026-04-15 22:31:10+00:00
6,españa irán marca nuevo piden,693,2026-04-15 22:31:10+00:00,2026-04-15 22:31:10+00:00
7,directo guerra hora irán última,1234,2026-04-15 22:31:10+00:00,2026-04-15 22:31:10+00:00
8,000 españa euros millones millón,1106,2026-04-15 22:31:10+00:00,2026-04-15 22:31:10+00:00
9,2026 españa internacional renta ver,826,2026-04-15 22:31:10+00:00,2026-04-15 22:31:10+00:00
10,atlético barcelona directo madrid real,1238,2026-04-15 22:31:10+00:00,2026-04-15 22:31:10+00:00
11,alto ee fuego irán uu,1456,2026-04-15 22:31:10+00:00,2026-04-15 22:31:10+00:00
12,años después dos muere tras,1869,2026-04-15 22:31:10+00:00,2026-04-15 22:31:10+00:00
13,com españa guerra millones sánchez,2368,2026-04-15 22:31:10+00:00,2026-04-15 22:31:10+00:00
14,españa heridos menos muerto muertos,411,2026-04-15 22:31:10+00:00,2026-04-15 22:31:10+00:00
0,detenido hombre ser tras vox,1388,2026-04-15 23:01:08+00:00,2026-04-15 23:01:08+00:00
1,atlético barcelona directo madrid real,1210,2026-04-15 23:01:08+00:00,2026-04-15 23:01:08+00:00
2,españa puede renta si trump,646,2026-04-15 23:01:08+00:00,2026-04-15 23:01:08+00:00
3,2026 com día internacional pueblo,2326,2026-04-15 23:01:08+00:00,2026-04-15 23:01:08+00:00
4,com economía españa millones sánchez,2287,2026-04-15 23:01:08+00:00,2026-04-15 23:01:08+00:00
5,españa fin málaga santa semana,649,2026-04-15 23:01:08+00:00,2026-04-15 23:01:08+00:00
6,españa guerra irán medio trump,1082,2026-04-15 23:01:08+00:00,2026-04-15 23:01:08+00:00
7,amenaza estrecho irán ormuz trump,1436,2026-04-15 23:01:08+00:00,2026-04-15 23:01:08+00:00
8,artemis astronautas ii luna misión,794,2026-04-15 23:01:08+00:00,2026-04-15 23:01:08+00:00
9,039 años irán quot si,476,2026-04-15 23:01:08+00:00,2026-04-15 23:01:08+00:00
10,2026 abril gobierno hoy zaragoza,24701,2026-04-15 23:01:08+00:00,2026-04-15 23:01:08+00:00
11,años muere niño tras tres,1301,2026-04-15 23:01:08+00:00,2026-04-15 23:01:08+00:00
12,años detenidos dos españa tras,913,2026-04-15 23:01:08+00:00,2026-04-15 23:01:08+00:00
13,000 españa euros millones millón,1118,2026-04-15 23:01:08+00:00,2026-04-15 23:01:08+00:00
14,directo guerra irán israel última,1684,2026-04-15 23:01:08+00:00,2026-04-15 23:01:08+00:00
0,alcaraz carlos masters montecarlo sinner,370,2026-04-15 23:31:06+00:00,2026-04-15 23:31:06+00:00
1,directo guerra irán israel última,2103,2026-04-15 23:31:06+00:00,2026-04-15 23:31:06+00:00
2,artemis años detenido ser tras,1632,2026-04-15 23:31:06+00:00,2026-04-15 23:31:06+00:00
3,diario día gitano internacional pueblo,2003,2026-04-15 23:31:06+00:00,2026-04-15 23:31:06+00:00
4,2026 declaración españa internacional renta,755,2026-04-15 23:31:06+00:00,2026-04-15 23:31:06+00:00
5,gobierno pp primera tres vox,1426,2026-04-15 23:31:06+00:00,2026-04-15 23:31:06+00:00
6,artemis años dos quot si,24335,2026-04-15 23:31:06+00:00,2026-04-15 23:31:06+00:00
7,así casademont parque real zaragoza,787,2026-04-15 23:31:06+00:00,2026-04-15 23:31:06+00:00
8,atlético barcelona directo madrid real,1243,2026-04-15 23:31:06+00:00,2026-04-15 23:31:06+00:00
9,000 22 españa euros millones,809,2026-04-15 23:31:06+00:00,2026-04-15 23:31:06+00:00
10,aldama directo juicio koldo ábalos,690,2026-04-15 23:31:06+00:00,2026-04-15 23:31:06+00:00
11,2026 abril comprobar horóscopo hoy,1033,2026-04-15 23:31:06+00:00,2026-04-15 23:31:06+00:00
12,amenaza estrecho irán ormuz trump,1592,2026-04-15 23:31:06+00:00,2026-04-15 23:31:06+00:00
13,com dw españa internacional irán,1021,2026-04-15 23:31:06+00:00,2026-04-15 23:31:06+00:00
14,energéticas españa guerra impuesto ue,2243,2026-04-15 23:31:06+00:00,2026-04-15 23:31:06+00:00
0,celebra día gitano internacional pueblo,668,2026-04-16 00:01:08+00:00,2026-04-16 00:01:08+00:00
1,com españa guerra irán millones,2546,2026-04-16 00:01:08+00:00,2026-04-16 00:01:08+00:00
2,000 dos euros trump zaragoza,24447,2026-04-16 00:01:08+00:00,2026-04-16 00:01:08+00:00
3,artemis astronautas ii luna misión,789,2026-04-16 00:01:08+00:00,2026-04-16 00:01:08+00:00
4,2026 com diario festival internacional,2093,2026-04-16 00:01:08+00:00,2026-04-16 00:01:08+00:00
5,directo guerra irán ormuz trump,2976,2026-04-16 00:01:08+00:00,2026-04-16 00:01:08+00:00
6,años españa internacional primera vez,524,2026-04-16 00:01:08+00:00,2026-04-16 00:01:08+00:00
7,2026 abril comprobar horóscopo hoy,1120,2026-04-16 00:01:08+00:00,2026-04-16 00:01:08+00:00
8,039 años irán quot si,476,2026-04-16 00:01:08+00:00,2026-04-16 00:01:08+00:00
9,años detenido ser tras trump,1647,2026-04-16 00:01:08+00:00,2026-04-16 00:01:08+00:00
10,españa internacional ministro primer trimestre,421,2026-04-16 00:01:08+00:00,2026-04-16 00:01:08+00:00
11,aldama directo juicio koldo ábalos,509,2026-04-16 00:01:08+00:00,2026-04-16 00:01:08+00:00
12,españa gobierno pp regularización sánchez,782,2026-04-16 00:01:08+00:00,2026-04-16 00:01:08+00:00
13,atlético años barcelona madrid real,2353,2026-04-16 00:01:08+00:00,2026-04-16 00:01:08+00:00
14,años puede ser si vida,686,2026-04-16 00:01:08+00:00,2026-04-16 00:01:08+00:00
0,2026 com diario festival internacional,2046,2026-04-16 00:31:08+00:00,2026-04-16 00:31:08+00:00
1,amenaza irán ormuz tras trump,1668,2026-04-16 00:31:08+00:00,2026-04-16 00:31:08+00:00
2,directo guerra irán israel última,2176,2026-04-16 00:31:08+00:00,2026-04-16 00:31:08+00:00
3,bayern champions directo madrid real,1124,2026-04-16 00:31:08+00:00,2026-04-16 00:31:08+00:00
4,así casademont parque real zaragoza,796,2026-04-16 00:31:08+00:00,2026-04-16 00:31:08+00:00
5,atlético barcelona champions directo madrid,738,2026-04-16 00:31:08+00:00,2026-04-16 00:31:08+00:00
6,2026 abril comprobar horóscopo hoy,1121,2026-04-16 00:31:08+00:00,2026-04-16 00:31:08+00:00
7,años españa internacional primera vez,528,2026-04-16 00:31:08+00:00,2026-04-16 00:31:08+00:00
8,com economía españa guerra millones,2527,2026-04-16 00:31:08+00:00,2026-04-16 00:31:08+00:00
9,años gobierno quot sánchez tras,24105,2026-04-16 00:31:08+00:00,2026-04-16 00:31:08+00:00
10,celebra día gitano internacional pueblo,673,2026-04-16 00:31:08+00:00,2026-04-16 00:31:08+00:00
11,años detenidos dos españa tras,914,2026-04-16 00:31:08+00:00,2026-04-16 00:31:08+00:00
12,000 euros nuevo renta si,2275,2026-04-16 00:31:08+00:00,2026-04-16 00:31:08+00:00
13,artemis astronautas ii luna misión,805,2026-04-16 00:31:08+00:00,2026-04-16 00:31:08+00:00
14,alcaraz carlos juan montecarlo sinner,554,2026-04-16 00:31:08+00:00,2026-04-16 00:31:08+00:00
0,cambio defensa españa rtve récord,562,2026-04-16 01:01:07+00:00,2026-04-16 01:01:07+00:00
1,china españa pedro sánchez xi,861,2026-04-16 01:01:07+00:00,2026-04-16 01:01:07+00:00
2,años detenido irán tras trump,1663,2026-04-16 01:01:07+00:00,2026-04-16 01:01:07+00:00
3,000 euros quot trump zaragoza,22749,2026-04-16 01:01:07+00:00,2026-04-16 01:01:07+00:00
4,2026 com día internacional pueblo,2355,2026-04-16 01:01:07+00:00,2026-04-16 01:01:07+00:00
5,bayern directo madrid real zaragoza,1212,2026-04-16 01:01:07+00:00,2026-04-16 01:01:07+00:00
6,años después dos hace muere,1785,2026-04-16 01:01:07+00:00,2026-04-16 01:01:07+00:00
7,2026 abril comprobar horóscopo hoy,1120,2026-04-16 01:01:07+00:00,2026-04-16 01:01:07+00:00
8,congreso gobierno pp psoe vox,756,2026-04-16 01:01:07+00:00,2026-04-16 01:01:07+00:00
9,directo guerra irán israel trump,2935,2026-04-16 01:01:07+00:00,2026-04-16 01:01:07+00:00
10,aldama directo juicio koldo ábalos,646,2026-04-16 01:01:07+00:00,2026-04-16 01:01:07+00:00
11,artemis astronautas ii luna misión,806,2026-04-16 01:01:07+00:00,2026-04-16 01:01:07+00:00
12,com españa guerra irán millones,2437,2026-04-16 01:01:07+00:00,2026-04-16 01:01:07+00:00
13,país quot ser si trump,1432,2026-04-16 01:01:07+00:00,2026-04-16 01:01:07+00:00
14,atlético barcelona champions directo madrid,750,2026-04-16 01:01:07+00:00,2026-04-16 01:01:07+00:00
0,atlético barcelona champions directo madrid,672,2026-04-16 01:31:20+00:00,2026-04-16 01:31:20+00:00
1,2026 abril comprobar horóscopo hoy,1121,2026-04-16 01:31:20+00:00,2026-04-16 01:31:20+00:00
2,2026 com día internacional pueblo,2227,2026-04-16 01:31:20+00:00,2026-04-16 01:31:20+00:00
3,000 artemis dos gobierno tras,25342,2026-04-16 01:31:20+00:00,2026-04-16 01:31:20+00:00
4,elecciones hungría magyar orbán péter,607,2026-04-16 01:31:20+00:00,2026-04-16 01:31:20+00:00
5,039 años irán quot si,476,2026-04-16 01:31:20+00:00,2026-04-16 01:31:20+00:00
6,bayern champions directo madrid real,1093,2026-04-16 01:31:20+00:00,2026-04-16 01:31:20+00:00
7,españa europa internacional irán press,489,2026-04-16 01:31:20+00:00,2026-04-16 01:31:20+00:00
8,años después dos muere tras,1347,2026-04-16 01:31:20+00:00,2026-04-16 01:31:20+00:00
9,artemis así málaga semana tras,991,2026-04-16 01:31:20+00:00,2026-04-16 01:31:20+00:00
10,com españa guerra irán millones,2404,2026-04-16 01:31:20+00:00,2026-04-16 01:31:20+00:00
11,guerra irán israel ormuz trump,3086,2026-04-16 01:31:20+00:00,2026-04-16 01:31:20+00:00
12,cómo declaración irán renta ver,586,2026-04-16 01:31:20+00:00,2026-04-16 01:31:20+00:00
13,así casademont parque real zaragoza,800,2026-04-16 01:31:20+00:00,2026-04-16 01:31:20+00:00
14,china españa pedro sánchez xi,831,2026-04-16 01:31:20+00:00,2026-04-16 01:31:20+00:00
0,2026 com día internacional pueblo,2393,2026-04-16 02:01:03+00:00,2026-04-16 02:01:03+00:00
1,2026 abril hoy madrid zaragoza,24434,2026-04-16 02:01:03+00:00,2026-04-16 02:01:03+00:00
2,bloqueo estrecho irán ormuz trump,721,2026-04-16 02:01:03+00:00,2026-04-16 02:01:03+00:00
3,000 así euros millones zaragoza,1553,2026-04-16 02:01:03+00:00,2026-04-16 02:01:03+00:00
4,elecciones hungría magyar orbán péter,466,2026-04-16 02:01:03+00:00,2026-04-16 02:01:03+00:00
5,directo guerra irán israel última,2003,2026-04-16 02:01:03+00:00,2026-04-16 02:01:03+00:00
6,artemis astronautas ii luna misión,817,2026-04-16 02:01:03+00:00,2026-04-16 02:01:03+00:00
7,años dos hombre muere tras,2412,2026-04-16 02:01:03+00:00,2026-04-16 02:01:03+00:00
8,guerra irán papa tras trump,1319,2026-04-16 02:01:03+00:00,2026-04-16 02:01:03+00:00
9,039 años irán quot si,476,2026-04-16 02:01:03+00:00,2026-04-16 02:01:03+00:00
10,com economía españa guerra millones,2527,2026-04-16 02:01:03+00:00,2026-04-16 02:01:03+00:00
11,atlético barcelona champions directo madrid,841,2026-04-16 02:01:03+00:00,2026-04-16 02:01:03+00:00
12,españa irán renta si trump,641,2026-04-16 02:01:03+00:00,2026-04-16 02:01:03+00:00
13,españa gobierno pp regularización sánchez,783,2026-04-16 02:01:03+00:00,2026-04-16 02:01:03+00:00
14,españa fin madrid santa semana,671,2026-04-16 02:01:03+00:00,2026-04-16 02:01:03+00:00
0,años después dos muere tras,1415,2026-04-16 02:31:09+00:00,2026-04-16 02:31:09+00:00
1,artemis dos gobierno sánchez zaragoza,24327,2026-04-16 02:31:09+00:00,2026-04-16 02:31:09+00:00
2,com españa guerra millones sánchez,2430,2026-04-16 02:31:09+00:00,2026-04-16 02:31:09+00:00
3,2026 abril comprobar horóscopo hoy,1062,2026-04-16 02:31:09+00:00,2026-04-16 02:31:09+00:00
4,atlético barcelona directo madrid real,1236,2026-04-16 02:31:09+00:00,2026-04-16 02:31:09+00:00
5,amenaza estrecho irán ormuz trump,1612,2026-04-16 02:31:09+00:00,2026-04-16 02:31:09+00:00
6,abril hoy málaga picasso semana,539,2026-04-16 02:31:09+00:00,2026-04-16 02:31:09+00:00
7,directo guerra irán israel última,2143,2026-04-16 02:31:09+00:00,2026-04-16 02:31:09+00:00
8,2026 com diario festival internacional,2041,2026-04-16 02:31:09+00:00,2026-04-16 02:31:09+00:00
9,artemis detenido dos ser tras,1523,2026-04-16 02:31:09+00:00,2026-04-16 02:31:09+00:00
10,celebra día gitano internacional pueblo,674,2026-04-16 02:31:09+00:00,2026-04-16 02:31:09+00:00
11,039 años irán quot si,476,2026-04-16 02:31:09+00:00,2026-04-16 02:31:09+00:00
12,aday español historia mara primer,676,2026-04-16 02:31:09+00:00,2026-04-16 02:31:09+00:00
13,2025 declaración hacienda renta si,830,2026-04-16 02:31:09+00:00,2026-04-16 02:31:09+00:00
14,000 españa euros millones millón,1061,2026-04-16 02:31:09+00:00,2026-04-16 02:31:09+00:00
0,dana jueza mazón pradas tras,145,2026-04-16 03:01:09+00:00,2026-04-16 03:01:09+00:00
1,com economía españa millones sánchez,2432,2026-04-16 03:01:09+00:00,2026-04-16 03:01:09+00:00
2,2026 com día internacional pueblo,2306,2026-04-16 03:01:09+00:00,2026-04-16 03:01:09+00:00
3,000 gobierno quot sánchez tras,25690,2026-04-16 03:01:09+00:00,2026-04-16 03:01:09+00:00
4,atlético barcelona directo madrid real,1239,2026-04-16 03:01:09+00:00,2026-04-16 03:01:09+00:00
5,2026 abril horóscopo hoy predicción,829,2026-04-16 03:01:09+00:00,2026-04-16 03:01:09+00:00
6,amenaza irán ormuz tras trump,1477,2026-04-16 03:01:09+00:00,2026-04-16 03:01:09+00:00
7,años detenidos dos españa tras,904,2026-04-16 03:01:09+00:00,2026-04-16 03:01:09+00:00
8,directo guerra irán israel última,1766,2026-04-16 03:01:09+00:00,2026-04-16 03:01:09+00:00
9,2026 abril comprobar resultados sorteo,372,2026-04-16 03:01:09+00:00,2026-04-16 03:01:09+00:00
10,cadena puede ser tras trump,784,2026-04-16 03:01:09+00:00,2026-04-16 03:01:09+00:00
11,artemis astronautas ii luna misión,809,2026-04-16 03:01:09+00:00,2026-04-16 03:01:09+00:00
12,españa guerra irán oriente trump,1094,2026-04-16 03:01:09+00:00,2026-04-16 03:01:09+00:00
13,así casademont parque real zaragoza,792,2026-04-16 03:01:09+00:00,2026-04-16 03:01:09+00:00
14,años muere quot tras tres,1311,2026-04-16 03:01:09+00:00,2026-04-16 03:01:09+00:00
0,000 dos euros quot zaragoza,25052,2026-04-16 03:31:07+00:00,2026-04-16 03:31:07+00:00
1,detenido dos hombre ser tras,1433,2026-04-16 03:31:07+00:00,2026-04-16 03:31:07+00:00
2,años dos hace muere tras,1447,2026-04-16 03:31:07+00:00,2026-04-16 03:31:07+00:00
3,2026 com día internacional pueblo,2308,2026-04-16 03:31:07+00:00,2026-04-16 03:31:07+00:00
4,artemis astronautas ii luna misión,796,2026-04-16 03:31:07+00:00,2026-04-16 03:31:07+00:00
5,españa irán quot si trump,701,2026-04-16 03:31:07+00:00,2026-04-16 03:31:07+00:00
6,china españa pedro sánchez xi,847,2026-04-16 03:31:07+00:00,2026-04-16 03:31:07+00:00
7,2026 abril comprobar horóscopo hoy,1158,2026-04-16 03:31:07+00:00,2026-04-16 03:31:07+00:00
8,guerra hora medio oriente última,409,2026-04-16 03:31:07+00:00,2026-04-16 03:31:07+00:00
9,defiende españa internacional punto quot,201,2026-04-16 03:31:07+00:00,2026-04-16 03:31:07+00:00
10,atlético barcelona directo madrid real,1256,2026-04-16 03:31:07+00:00,2026-04-16 03:31:07+00:00
11,amenaza estrecho irán ormuz trump,1529,2026-04-16 03:31:07+00:00,2026-04-16 03:31:07+00:00
12,com economía españa impuesto millones,2327,2026-04-16 03:31:07+00:00,2026-04-16 03:31:07+00:00
13,guerra irán israel líbano netanyahu,710,2026-04-16 03:31:07+00:00,2026-04-16 03:31:07+00:00
14,directo eeuu guerra irán última,1791,2026-04-16 03:31:07+00:00,2026-04-16 03:31:07+00:00
0,españa estudio internacional irán según,287,2026-04-16 04:01:11+00:00,2026-04-16 04:01:11+00:00
1,años detenidos dos españa tras,933,2026-04-16 04:01:11+00:00,2026-04-16 04:01:11+00:00
2,celebra día gitano internacional pueblo,675,2026-04-16 04:01:11+00:00,2026-04-16 04:01:11+00:00
3,eeuu estrecho irán ormuz trump,2431,2026-04-16 04:01:11+00:00,2026-04-16 04:01:11+00:00
4,aena euros gana internacional premio,279,2026-04-16 04:01:11+00:00,2026-04-16 04:01:11+00:00
5,directo guerra hora irán última,1446,2026-04-16 04:01:11+00:00,2026-04-16 04:01:11+00:00
6,2026 com congreso diario internacional,1947,2026-04-16 04:01:11+00:00,2026-04-16 04:01:11+00:00
7,artemis años quot sánchez zaragoza,24637,2026-04-16 04:01:11+00:00,2026-04-16 04:01:11+00:00
8,2026 abril comprobar horóscopo hoy,1092,2026-04-16 04:01:11+00:00,2026-04-16 04:01:11+00:00
9,españa fin málaga santa semana,620,2026-04-16 04:01:11+00:00,2026-04-16 04:01:11+00:00
10,artemis años irán tras trump,1706,2026-04-16 04:01:11+00:00,2026-04-16 04:01:11+00:00
11,edición españa internacional nueva york,655,2026-04-16 04:01:11+00:00,2026-04-16 04:01:11+00:00
12,atlético barcelona directo madrid real,1238,2026-04-16 04:01:11+00:00,2026-04-16 04:01:11+00:00
13,com españa guerra millones sánchez,2474,2026-04-16 04:01:11+00:00,2026-04-16 04:01:11+00:00
14,000 euros millones pp vox,1514,2026-04-16 04:01:11+00:00,2026-04-16 04:01:11+00:00
0,así casademont parque real zaragoza,780,2026-04-16 04:31:09+00:00,2026-04-16 04:31:09+00:00
1,directo guerra irán israel trump,2506,2026-04-16 04:31:09+00:00,2026-04-16 04:31:09+00:00
2,atlético barcelona champions directo madrid,765,2026-04-16 04:31:09+00:00,2026-04-16 04:31:09+00:00
3,artemis astronautas ii luna misión,797,2026-04-16 04:31:09+00:00,2026-04-16 04:31:09+00:00
4,2026 abril gobierno hoy sánchez,22928,2026-04-16 04:31:09+00:00,2026-04-16 04:31:09+00:00
5,ormuz papa ser tras trump,2048,2026-04-16 04:31:09+00:00,2026-04-16 04:31:09+00:00
6,com españa guerra millones sánchez,2508,2026-04-16 04:31:09+00:00,2026-04-16 04:31:09+00:00
7,2026 com día internacional pueblo,2316,2026-04-16 04:31:09+00:00,2026-04-16 04:31:09+00:00
8,000 100 españa euros millones,1399,2026-04-16 04:31:09+00:00,2026-04-16 04:31:09+00:00
9,039 años irán quot si,477,2026-04-16 04:31:09+00:00,2026-04-16 04:31:09+00:00
10,elecciones hungría orbán pp vox,1327,2026-04-16 04:31:09+00:00,2026-04-16 04:31:09+00:00
11,bayern champions directo madrid real,1098,2026-04-16 04:31:09+00:00,2026-04-16 04:31:09+00:00
12,años dos muere tras tres,1357,2026-04-16 04:31:09+00:00,2026-04-16 04:31:09+00:00
13,dos fin málaga santa semana,1187,2026-04-16 04:31:09+00:00,2026-04-16 04:31:09+00:00
14,alto fuego guerra irán israel,561,2026-04-16 04:31:09+00:00,2026-04-16 04:31:09+00:00
0,039 años irán quot si,480,2026-04-16 05:01:10+00:00,2026-04-16 05:01:10+00:00
1,amenaza irán ormuz tras trump,1570,2026-04-16 05:01:10+00:00,2026-04-16 05:01:10+00:00
2,2026 abril comprobar horóscopo hoy,1095,2026-04-16 05:01:10+00:00,2026-04-16 05:01:10+00:00
3,2026 com día internacional pueblo,2258,2026-04-16 05:01:10+00:00,2026-04-16 05:01:10+00:00
4,directo guerra irán israel última,2187,2026-04-16 05:01:10+00:00,2026-04-16 05:01:10+00:00
5,com economía españa guerra millones,2345,2026-04-16 05:01:10+00:00,2026-04-16 05:01:10+00:00
6,dos gobierno nuevo tras zaragoza,24623,2026-04-16 05:01:10+00:00,2026-04-16 05:01:10+00:00
7,atlético barcelona directo madrid real,1234,2026-04-16 05:01:10+00:00,2026-04-16 05:01:10+00:00
8,000 100 españa euros millones,1414,2026-04-16 05:01:10+00:00,2026-04-16 05:01:10+00:00
9,años después dos muere tras,1415,2026-04-16 05:01:10+00:00,2026-04-16 05:01:10+00:00
10,artemis astronautas ii luna misión,779,2026-04-16 05:01:10+00:00,2026-04-16 05:01:10+00:00
11,alcaraz español final historia montecarlo,821,2026-04-16 05:01:10+00:00,2026-04-16 05:01:10+00:00
12,directo españa política primavera última,383,2026-04-16 05:01:10+00:00,2026-04-16 05:01:10+00:00
13,españa fin málaga santa semana,646,2026-04-16 05:01:10+00:00,2026-04-16 05:01:10+00:00
14,china españa pedro sánchez xi,845,2026-04-16 05:01:10+00:00,2026-04-16 05:01:10+00:00
0,000 dos euros gobierno quot,24344,2026-04-16 05:31:10+00:00,2026-04-16 05:31:10+00:00
1,artemis años ii luna misión,1950,2026-04-16 05:31:10+00:00,2026-04-16 05:31:10+00:00
2,2026 com diario festival internacional,1985,2026-04-16 05:31:10+00:00,2026-04-16 05:31:10+00:00
3,2026 abril comprobar horóscopo hoy,1078,2026-04-16 05:31:10+00:00,2026-04-16 05:31:10+00:00
4,españa fin málaga santa semana,621,2026-04-16 05:31:10+00:00,2026-04-16 05:31:10+00:00
5,años detenido ser tras trump,1602,2026-04-16 05:31:10+00:00,2026-04-16 05:31:10+00:00
6,celebra día gitano internacional pueblo,653,2026-04-16 05:31:10+00:00,2026-04-16 05:31:10+00:00
7,alto fuego irán israel líbano,868,2026-04-16 05:31:10+00:00,2026-04-16 05:31:10+00:00
8,china españa pedro sánchez xi,855,2026-04-16 05:31:10+00:00,2026-04-16 05:31:10+00:00
9,españa europa internacional irán press,512,2026-04-16 05:31:10+00:00,2026-04-16 05:31:10+00:00
10,atlético barcelona champions madrid real,1242,2026-04-16 05:31:10+00:00,2026-04-16 05:31:10+00:00
11,directo guerra irán ormuz trump,2790,2026-04-16 05:31:10+00:00,2026-04-16 05:31:10+00:00
12,com economía españa guerra millones,2410,2026-04-16 05:31:10+00:00,2026-04-16 05:31:10+00:00
13,españa llega mental quot salud,397,2026-04-16 05:31:10+00:00,2026-04-16 05:31:10+00:00
14,así casademont parque real zaragoza,797,2026-04-16 05:31:10+00:00,2026-04-16 05:31:10+00:00
0,españa internacional irán marca nuevo,697,2026-04-16 06:01:09+00:00,2026-04-16 06:01:09+00:00
1,detenido dos irán tras trump,1459,2026-04-16 06:01:09+00:00,2026-04-16 06:01:09+00:00
2,castilla león papa trump xiv,406,2026-04-16 06:01:09+00:00,2026-04-16 06:01:09+00:00
3,2026 com día internacional pueblo,2258,2026-04-16 06:01:09+00:00,2026-04-16 06:01:09+00:00
4,2026 abril comprobar horóscopo hoy,1163,2026-04-16 06:01:09+00:00,2026-04-16 06:01:09+00:00
5,atlético barcelona directo madrid real,1221,2026-04-16 06:01:09+00:00,2026-04-16 06:01:09+00:00
6,años dos muere tras tres,1436,2026-04-16 06:01:09+00:00,2026-04-16 06:01:09+00:00
7,eeuu guerra irán ormuz trump,2737,2026-04-16 06:01:09+00:00,2026-04-16 06:01:09+00:00
8,edición españa internacional nueva york,648,2026-04-16 06:01:09+00:00,2026-04-16 06:01:09+00:00
9,com españa guerra millones sánchez,2485,2026-04-16 06:01:09+00:00,2026-04-16 06:01:09+00:00
10,artemis astronautas ii luna misión,779,2026-04-16 06:01:09+00:00,2026-04-16 06:01:09+00:00
11,blanca casa caso juicio ábalos,701,2026-04-16 06:01:09+00:00,2026-04-16 06:01:09+00:00
12,españa fin málaga santa semana,634,2026-04-16 06:01:09+00:00,2026-04-16 06:01:09+00:00
13,000 dos gobierno quot zaragoza,24473,2026-04-16 06:01:09+00:00,2026-04-16 06:01:09+00:00
14,directo guerra irán israel líbano,1010,2026-04-16 06:01:09+00:00,2026-04-16 06:01:09+00:00
0,artemis así sido tras zaragoza,673,2026-04-16 06:31:08+00:00,2026-04-16 06:31:08+00:00
1,artemis dos gobierno sánchez zaragoza,23802,2026-04-16 06:31:08+00:00,2026-04-16 06:31:08+00:00
2,2026 abril comprobar horóscopo hoy,1067,2026-04-16 06:31:08+00:00,2026-04-16 06:31:08+00:00
3,amenaza guerra irán tras trump,1447,2026-04-16 06:31:08+00:00,2026-04-16 06:31:08+00:00
4,atlético barcelona champions madrid real,1232,2026-04-16 06:31:08+00:00,2026-04-16 06:31:08+00:00
5,2026 com diario festival internacional,2056,2026-04-16 06:31:08+00:00,2026-04-16 06:31:08+00:00
6,abril años hoy málaga picasso,516,2026-04-16 06:31:08+00:00,2026-04-16 06:31:08+00:00
7,españa fin santa semana tras,612,2026-04-16 06:31:08+00:00,2026-04-16 06:31:08+00:00
8,celebra día gitano internacional pueblo,677,2026-04-16 06:31:08+00:00,2026-04-16 06:31:08+00:00
9,com economía españa guerra millones,2496,2026-04-16 06:31:08+00:00,2026-04-16 06:31:08+00:00
10,años después dos hace quot,1604,2026-04-16 06:31:08+00:00,2026-04-16 06:31:08+00:00
11,estrecho irán nuevo ormuz trump,1002,2026-04-16 06:31:08+00:00,2026-04-16 06:31:08+00:00
12,directo guerra irán israel última,1953,2026-04-16 06:31:08+00:00,2026-04-16 06:31:08+00:00
13,artemis años detenido dos tras,1630,2026-04-16 06:31:08+00:00,2026-04-16 06:31:08+00:00
14,000 100 españa euros millones,1364,2026-04-16 06:31:08+00:00,2026-04-16 06:31:08+00:00
0,000 años euros gobierno zaragoza,24405,2026-04-16 07:01:09+00:00,2026-04-16 07:01:09+00:00
1,com españa guerra millones sánchez,2354,2026-04-16 07:01:09+00:00,2026-04-16 07:01:09+00:00
2,2026 com día internacional pueblo,2321,2026-04-16 07:01:09+00:00,2026-04-16 07:01:09+00:00
3,españa fin madrid santa semana,634,2026-04-16 07:01:09+00:00,2026-04-16 07:01:09+00:00
4,bayern directo madrid real zaragoza,1238,2026-04-16 07:01:09+00:00,2026-04-16 07:01:09+00:00
5,amenaza estrecho irán ormuz trump,1575,2026-04-16 07:01:09+00:00,2026-04-16 07:01:09+00:00
6,directo guerra irán israel última,2145,2026-04-16 07:01:09+00:00,2026-04-16 07:01:09+00:00
7,039 años irán quot si,477,2026-04-16 07:01:09+00:00,2026-04-16 07:01:09+00:00
8,2026 abril comprobar horóscopo hoy,1127,2026-04-16 07:01:09+00:00,2026-04-16 07:01:09+00:00
9,energéticas españa impuesto piden ue,389,2026-04-16 07:01:09+00:00,2026-04-16 07:01:09+00:00
10,años dos españa heridos tras,938,2026-04-16 07:01:09+00:00,2026-04-16 07:01:09+00:00
11,atlético barcelona champions cómo madrid,1182,2026-04-16 07:01:09+00:00,2026-04-16 07:01:09+00:00
12,aldama directo juicio koldo ábalos,702,2026-04-16 07:01:09+00:00,2026-04-16 07:01:09+00:00
13,artemis ii luna misión tras,2149,2026-04-16 07:01:09+00:00,2026-04-16 07:01:09+00:00
14,españa europa internacional irán press,515,2026-04-16 07:01:09+00:00,2026-04-16 07:01:09+00:00
0,años dos españa heridos tras,942,2026-04-16 07:31:09+00:00,2026-04-16 07:31:09+00:00
1,000 españa euros millones millón,1397,2026-04-16 07:31:09+00:00,2026-04-16 07:31:09+00:00
2,años después muere tras tres,1380,2026-04-16 07:31:09+00:00,2026-04-16 07:31:09+00:00
3,com españa guerra millones sánchez,2444,2026-04-16 07:31:09+00:00,2026-04-16 07:31:09+00:00
4,cómo declaración hacer irán renta,578,2026-04-16 07:31:09+00:00,2026-04-16 07:31:09+00:00
5,amenaza estrecho irán ormuz trump,1617,2026-04-16 07:31:09+00:00,2026-04-16 07:31:09+00:00
6,artemis gobierno quot sánchez zaragoza,24108,2026-04-16 07:31:09+00:00,2026-04-16 07:31:09+00:00
7,alcaraz carlos juan montecarlo sinner,520,2026-04-16 07:31:09+00:00,2026-04-16 07:31:09+00:00
8,atlético barcelona bayern madrid real,1137,2026-04-16 07:31:09+00:00,2026-04-16 07:31:09+00:00
9,directo guerra irán israel última,2090,2026-04-16 07:31:09+00:00,2026-04-16 07:31:09+00:00
10,artemis detenido hombre ser tras,1455,2026-04-16 07:31:09+00:00,2026-04-16 07:31:09+00:00
11,directo dónde gratis partido ver,458,2026-04-16 07:31:09+00:00,2026-04-16 07:31:09+00:00
12,españa fin málaga santa semana,623,2026-04-16 07:31:09+00:00,2026-04-16 07:31:09+00:00
13,2026 abril comprobar horóscopo hoy,1109,2026-04-16 07:31:09+00:00,2026-04-16 07:31:09+00:00
14,2026 com día internacional pueblo,2311,2026-04-16 07:31:09+00:00,2026-04-16 07:31:09+00:00
0,com economía españa millones sánchez,2486,2026-04-16 08:01:08+00:00,2026-04-16 08:01:08+00:00
1,alcaraz atlético barcelona directo montecarlo,1086,2026-04-16 08:01:08+00:00,2026-04-16 08:01:08+00:00
2,así casademont parque real zaragoza,808,2026-04-16 08:01:08+00:00,2026-04-16 08:01:08+00:00
3,años dos quot si sánchez,23912,2026-04-16 08:01:08+00:00,2026-04-16 08:01:08+00:00
4,2026 com día internacional pueblo,2347,2026-04-16 08:01:08+00:00,2026-04-16 08:01:08+00:00
5,alto fuego irán israel líbano,994,2026-04-16 08:01:08+00:00,2026-04-16 08:01:08+00:00
6,bayern champions directo madrid real,1123,2026-04-16 08:01:08+00:00,2026-04-16 08:01:08+00:00
7,directo guerra hora irán última,1705,2026-04-16 08:01:08+00:00,2026-04-16 08:01:08+00:00
8,artemis astronautas ii luna misión,788,2026-04-16 08:01:08+00:00,2026-04-16 08:01:08+00:00
9,años detenido dos ser tras,1529,2026-04-16 08:01:08+00:00,2026-04-16 08:01:08+00:00
10,bloqueo estrecho irán ormuz trump,719,2026-04-16 08:01:08+00:00,2026-04-16 08:01:08+00:00
11,000 así años euros millones,1515,2026-04-16 08:01:08+00:00,2026-04-16 08:01:08+00:00
12,amenaza irán papa tras trump,1309,2026-04-16 08:01:08+00:00,2026-04-16 08:01:08+00:00
13,2026 abril comprobar horóscopo hoy,1113,2026-04-16 08:01:08+00:00,2026-04-16 08:01:08+00:00
14,españa gobierno pp regularización sánchez,811,2026-04-16 08:01:08+00:00,2026-04-16 08:01:08+00:00
0,directo guerra irán israel trump,2743,2026-04-16 08:31:07+00:00,2026-04-16 08:31:07+00:00
1,años después dos muere tras,1458,2026-04-16 08:31:07+00:00,2026-04-16 08:31:07+00:00
2,españa internacional irán marca nuevo,728,2026-04-16 08:31:07+00:00,2026-04-16 08:31:07+00:00
3,cadena puede ser tras trump,782,2026-04-16 08:31:07+00:00,2026-04-16 08:31:07+00:00
4,celebra día gitano internacional pueblo,672,2026-04-16 08:31:07+00:00,2026-04-16 08:31:07+00:00
5,dos gobierno quot trump zaragoza,25146,2026-04-16 08:31:07+00:00,2026-04-16 08:31:07+00:00
6,amenaza irán quot si trump,770,2026-04-16 08:31:07+00:00,2026-04-16 08:31:07+00:00
7,artemis detenido dos tras trump,1548,2026-04-16 08:31:07+00:00,2026-04-16 08:31:07+00:00
8,com españa guerra millones sánchez,2470,2026-04-16 08:31:07+00:00,2026-04-16 08:31:07+00:00
9,atlético barcelona champions madrid real,1307,2026-04-16 08:31:07+00:00,2026-04-16 08:31:07+00:00
10,españa fin madrid santa semana,639,2026-04-16 08:31:07+00:00,2026-04-16 08:31:07+00:00
11,2026 abril comprobar horóscopo hoy,1088,2026-04-16 08:31:07+00:00,2026-04-16 08:31:07+00:00
12,eeuu españa internacional irán nuevas,178,2026-04-16 08:31:07+00:00,2026-04-16 08:31:07+00:00
13,2026 com diario festival internacional,2002,2026-04-16 08:31:07+00:00,2026-04-16 08:31:07+00:00
14,cómo hacer mejor quot vida,730,2026-04-16 08:31:07+00:00,2026-04-16 08:31:07+00:00
0,años cuatro españa países tras,371,2026-04-16 09:01:11+00:00,2026-04-16 09:01:11+00:00
1,000 dos euros gobierno quot,24816,2026-04-16 09:01:11+00:00,2026-04-16 09:01:11+00:00
2,alcaraz carlos masters montecarlo sinner,369,2026-04-16 09:01:11+00:00,2026-04-16 09:01:11+00:00
3,com economía españa guerra millones,2506,2026-04-16 09:01:11+00:00,2026-04-16 09:01:11+00:00
4,2026 abril comprobar horóscopo hoy,1135,2026-04-16 09:01:11+00:00,2026-04-16 09:01:11+00:00
5,cadena puede ser tras trump,782,2026-04-16 09:01:11+00:00,2026-04-16 09:01:11+00:00
6,artemis detenido dos irán tras,1545,2026-04-16 09:01:11+00:00,2026-04-16 09:01:11+00:00
7,2026 com día internacional pueblo,2319,2026-04-16 09:01:11+00:00,2026-04-16 09:01:11+00:00
8,aldama directo juicio koldo ábalos,719,2026-04-16 09:01:11+00:00,2026-04-16 09:01:11+00:00
9,atlético barcelona champions madrid real,1234,2026-04-16 09:01:11+00:00,2026-04-16 09:01:11+00:00
10,eeuu estrecho irán ormuz trump,2250,2026-04-16 09:01:11+00:00,2026-04-16 09:01:11+00:00
11,años dos muere tras tres,1394,2026-04-16 09:01:11+00:00,2026-04-16 09:01:11+00:00
12,directo guerra irán israel última,1504,2026-04-16 09:01:11+00:00,2026-04-16 09:01:11+00:00
13,así casademont parque real zaragoza,802,2026-04-16 09:01:11+00:00,2026-04-16 09:01:11+00:00
14,años españa internacional primera vez,539,2026-04-16 09:01:11+00:00,2026-04-16 09:01:11+00:00
0,china españa pedro sánchez xi,474,2026-04-16 09:31:08+00:00,2026-04-16 09:31:08+00:00
1,españa gobierno pp regularización si,1266,2026-04-16 09:31:08+00:00,2026-04-16 09:31:08+00:00
2,alcaraz carlos masters montecarlo sinner,371,2026-04-16 09:31:08+00:00,2026-04-16 09:31:08+00:00
3,atlético barcelona champions madrid real,1269,2026-04-16 09:31:08+00:00,2026-04-16 09:31:08+00:00
4,artemis dos ii tras trump,24165,2026-04-16 09:31:08+00:00,2026-04-16 09:31:08+00:00
5,años dos real tras zaragoza,1996,2026-04-16 09:31:08+00:00,2026-04-16 09:31:08+00:00
6,2026 abril comprobar horóscopo hoy,1116,2026-04-16 09:31:08+00:00,2026-04-16 09:31:08+00:00
7,000 españa euros millones millón,1349,2026-04-16 09:31:08+00:00,2026-04-16 09:31:08+00:00
8,com españa guerra irán millones,2502,2026-04-16 09:31:08+00:00,2026-04-16 09:31:08+00:00
9,directo guerra irán israel trump,2607,2026-04-16 09:31:08+00:00,2026-04-16 09:31:08+00:00
10,039 años irán quot si,476,2026-04-16 09:31:08+00:00,2026-04-16 09:31:08+00:00
11,aldama directo juicio koldo ábalos,706,2026-04-16 09:31:08+00:00,2026-04-16 09:31:08+00:00
12,atlético barcelona detenido hombre tras,945,2026-04-16 09:31:08+00:00,2026-04-16 09:31:08+00:00
13,eeuu guerra irán ormuz trump,747,2026-04-16 09:31:08+00:00,2026-04-16 09:31:08+00:00
14,2026 com día internacional pueblo,2359,2026-04-16 09:31:08+00:00,2026-04-16 09:31:08+00:00
0,diario españa israel líbano sur,163,2026-04-16 10:01:11+00:00,2026-04-16 10:01:11+00:00
1,com españa guerra millones sánchez,2598,2026-04-16 10:01:11+00:00,2026-04-16 10:01:11+00:00
2,2026 com día internacional pueblo,2365,2026-04-16 10:01:11+00:00,2026-04-16 10:01:11+00:00
3,declaración gobierno pp renta vox,1111,2026-04-16 10:01:11+00:00,2026-04-16 10:01:11+00:00
4,000 años quot tras zaragoza,25506,2026-04-16 10:01:11+00:00,2026-04-16 10:01:11+00:00
5,edición españa internacional nueva york,655,2026-04-16 10:01:11+00:00,2026-04-16 10:01:11+00:00
6,eeuu estrecho irán ormuz trump,2429,2026-04-16 10:01:11+00:00,2026-04-16 10:01:11+00:00
7,2026 abril comprobar horóscopo hoy,1113,2026-04-16 10:01:11+00:00,2026-04-16 10:01:11+00:00
8,alcaraz carlos juan montecarlo sinner,562,2026-04-16 10:01:11+00:00,2026-04-16 10:01:11+00:00
9,abril hoy málaga picasso semana,525,2026-04-16 10:01:11+00:00,2026-04-16 10:01:11+00:00
10,directo guerra irán israel última,1584,2026-04-16 10:01:11+00:00,2026-04-16 10:01:11+00:00
11,atlético barcelona champions madrid real,1304,2026-04-16 10:01:11+00:00,2026-04-16 10:01:11+00:00
12,aldama juicio kitchen koldo ábalos,735,2026-04-16 10:01:11+00:00,2026-04-16 10:01:11+00:00
13,años dos españa irán tras,921,2026-04-16 10:01:11+00:00,2026-04-16 10:01:11+00:00
14,artemis astronautas ii luna misión,801,2026-04-16 10:01:11+00:00,2026-04-16 10:01:11+00:00
0,2025 2026 declaración hacienda renta,349,2026-04-16 10:31:10+00:00,2026-04-16 10:31:10+00:00
1,directo guerra irán israel trump,2547,2026-04-16 10:31:10+00:00,2026-04-16 10:31:10+00:00
2,com economía españa guerra millones,2455,2026-04-16 10:31:10+00:00,2026-04-16 10:31:10+00:00
3,000 artemis dos euros trump,25296,2026-04-16 10:31:10+00:00,2026-04-16 10:31:10+00:00
4,2026 abril comprobar horóscopo hoy,1139,2026-04-16 10:31:10+00:00,2026-04-16 10:31:10+00:00
5,abril hoy málaga picasso semana,508,2026-04-16 10:31:10+00:00,2026-04-16 10:31:10+00:00
6,años después dos muere tras,1423,2026-04-16 10:31:10+00:00,2026-04-16 10:31:10+00:00
7,gobierno kitchen pp psoe vox,730,2026-04-16 10:31:10+00:00,2026-04-16 10:31:10+00:00
8,china españa pedro sánchez xi,856,2026-04-16 10:31:10+00:00,2026-04-16 10:31:10+00:00
9,casademont final parque real zaragoza,820,2026-04-16 10:31:10+00:00,2026-04-16 10:31:10+00:00
10,039 años irán quot si,475,2026-04-16 10:31:10+00:00,2026-04-16 10:31:10+00:00
11,bloqueo estrecho irán ormuz trump,744,2026-04-16 10:31:10+00:00,2026-04-16 10:31:10+00:00
12,atlético barcelona champions madrid real,1236,2026-04-16 10:31:10+00:00,2026-04-16 10:31:10+00:00
13,2026 com día internacional pueblo,2320,2026-04-16 10:31:10+00:00,2026-04-16 10:31:10+00:00
14,artemis detenido ser tras trump,1522,2026-04-16 10:31:10+00:00,2026-04-16 10:31:10+00:00
0,así irán madrid sido zaragoza,664,2026-04-16 11:01:12+00:00,2026-04-16 11:01:12+00:00
1,guerra irán israel ormuz trump,2980,2026-04-16 11:01:12+00:00,2026-04-16 11:01:12+00:00
2,años detenido ser tras trump,1607,2026-04-16 11:01:12+00:00,2026-04-16 11:01:12+00:00
3,2026 com día internacional pueblo,2313,2026-04-16 11:01:12+00:00,2026-04-16 11:01:12+00:00
4,000 años dos euros si,24766,2026-04-16 11:01:12+00:00,2026-04-16 11:01:12+00:00
5,españa fin madrid santa semana,611,2026-04-16 11:01:12+00:00,2026-04-16 11:01:12+00:00
6,china españa pedro sánchez xi,799,2026-04-16 11:01:12+00:00,2026-04-16 11:01:12+00:00
7,edición españa internacional nueva york,641,2026-04-16 11:01:12+00:00,2026-04-16 11:01:12+00:00
8,artemis astronautas ii luna misión,760,2026-04-16 11:01:12+00:00,2026-04-16 11:01:12+00:00
9,españa gobierno migrantes pp regularización,818,2026-04-16 11:01:12+00:00,2026-04-16 11:01:12+00:00
10,atlético barcelona madrid real zaragoza,1911,2026-04-16 11:01:12+00:00,2026-04-16 11:01:12+00:00
11,años cada españa primera vez,585,2026-04-16 11:01:12+00:00,2026-04-16 11:01:12+00:00
12,2026 abril comprobar horóscopo hoy,1094,2026-04-16 11:01:12+00:00,2026-04-16 11:01:12+00:00
13,039 años irán quot si,474,2026-04-16 11:01:12+00:00,2026-04-16 11:01:12+00:00
14,com españa guerra irán millones,2452,2026-04-16 11:01:12+00:00,2026-04-16 11:01:12+00:00
0,euphoria final internacional mejor temporada,160,2026-04-16 11:31:11+00:00,2026-04-16 11:31:11+00:00
1,españa fin madrid santa semana,619,2026-04-16 11:31:11+00:00,2026-04-16 11:31:11+00:00
2,directo guerra irán israel trump,2827,2026-04-16 11:31:11+00:00,2026-04-16 11:31:11+00:00
3,españa europa internacional press trump,543,2026-04-16 11:31:11+00:00,2026-04-16 11:31:11+00:00
4,com españa guerra millones sánchez,2538,2026-04-16 11:31:11+00:00,2026-04-16 11:31:11+00:00
5,2026 com día internacional pueblo,2319,2026-04-16 11:31:11+00:00,2026-04-16 11:31:11+00:00
6,años dos españa irán tras,940,2026-04-16 11:31:11+00:00,2026-04-16 11:31:11+00:00
7,2026 abril comprobar horóscopo hoy,1124,2026-04-16 11:31:11+00:00,2026-04-16 11:31:11+00:00
8,artemis astronautas ii luna misión,788,2026-04-16 11:31:11+00:00,2026-04-16 11:31:11+00:00
9,atlético barcelona champions madrid real,1259,2026-04-16 11:31:11+00:00,2026-04-16 11:31:11+00:00
10,000 gobierno sánchez trump zaragoza,25059,2026-04-16 11:31:11+00:00,2026-04-16 11:31:11+00:00
11,039 años irán quot si,473,2026-04-16 11:31:11+00:00,2026-04-16 11:31:11+00:00
12,años detenido hombre muere tras,2494,2026-04-16 11:31:11+00:00,2026-04-16 11:31:11+00:00
13,amenaza irán ormuz si trump,742,2026-04-16 11:31:11+00:00,2026-04-16 11:31:11+00:00
14,así irán sido tras zaragoza,645,2026-04-16 11:31:11+00:00,2026-04-16 11:31:11+00:00
0,2026 com día internacional pueblo,2341,2026-04-16 12:01:11+00:00,2026-04-16 12:01:11+00:00
1,detenido dos hombre ser tras,1436,2026-04-16 12:01:11+00:00,2026-04-16 12:01:11+00:00
2,dos españa nuevo quot si,24481,2026-04-16 12:01:11+00:00,2026-04-16 12:01:11+00:00
3,gobierno pp regularización ser vox,1412,2026-04-16 12:01:11+00:00,2026-04-16 12:01:11+00:00
4,años después dos muere tras,1419,2026-04-16 12:01:11+00:00,2026-04-16 12:01:11+00:00
5,directo guerra irán israel última,2239,2026-04-16 12:01:11+00:00,2026-04-16 12:01:11+00:00
6,000 22 españa euros millones,824,2026-04-16 12:01:11+00:00,2026-04-16 12:01:11+00:00
7,2026 abril comprobar horóscopo hoy,1164,2026-04-16 12:01:11+00:00,2026-04-16 12:01:11+00:00
8,000 500 españa euros millón,1002,2026-04-16 12:01:11+00:00,2026-04-16 12:01:11+00:00
9,cómo declaración irán renta ver,596,2026-04-16 12:01:11+00:00,2026-04-16 12:01:11+00:00
10,bayern directo madrid real zaragoza,1783,2026-04-16 12:01:11+00:00,2026-04-16 12:01:11+00:00
11,artemis astronautas ii luna misión,766,2026-04-16 12:01:11+00:00,2026-04-16 12:01:11+00:00
12,china españa pedro sánchez xi,845,2026-04-16 12:01:11+00:00,2026-04-16 12:01:11+00:00
13,atlético barcelona champions directo madrid,712,2026-04-16 12:01:11+00:00,2026-04-16 12:01:11+00:00
14,amenaza estrecho irán ormuz trump,1549,2026-04-16 12:01:11+00:00,2026-04-16 12:01:11+00:00
0,años detenido dos ser tras,1613,2026-04-16 12:31:10+00:00,2026-04-16 12:31:10+00:00
1,gobierno pp primera psoe vox,1092,2026-04-16 12:31:10+00:00,2026-04-16 12:31:10+00:00
2,com economía españa millones sánchez,2407,2026-04-16 12:31:10+00:00,2026-04-16 12:31:10+00:00
3,casademont final parque real zaragoza,802,2026-04-16 12:31:10+00:00,2026-04-16 12:31:10+00:00
4,atlético barcelona champions madrid real,1267,2026-04-16 12:31:10+00:00,2026-04-16 12:31:10+00:00
5,artemis así ii sido tras,665,2026-04-16 12:31:10+00:00,2026-04-16 12:31:10+00:00
6,2026 com día internacional pueblo,2369,2026-04-16 12:31:10+00:00,2026-04-16 12:31:10+00:00
7,amenaza estrecho irán ormuz trump,1441,2026-04-16 12:31:10+00:00,2026-04-16 12:31:10+00:00
8,españa guerra irán oriente trump,1047,2026-04-16 12:31:10+00:00,2026-04-16 12:31:10+00:00
9,000 españa euros millones millón,1165,2026-04-16 12:31:10+00:00,2026-04-16 12:31:10+00:00
10,años deportivo internacional mundo trump,536,2026-04-16 12:31:10+00:00,2026-04-16 12:31:10+00:00
11,artemis años gobierno si sánchez,24306,2026-04-16 12:31:10+00:00,2026-04-16 12:31:10+00:00
12,directo guerra irán israel última,1734,2026-04-16 12:31:10+00:00,2026-04-16 12:31:10+00:00
13,2026 abril comprobar horóscopo hoy,1092,2026-04-16 12:31:10+00:00,2026-04-16 12:31:10+00:00
14,039 años dos irán quot,1087,2026-04-16 12:31:10+00:00,2026-04-16 12:31:10+00:00
0,artemis así dos tras zaragoza,24379,2026-04-16 13:01:07+00:00,2026-04-16 13:01:07+00:00
1,2026 com día internacional pueblo,2332,2026-04-16 13:01:07+00:00,2026-04-16 13:01:07+00:00
2,amenaza estrecho irán ormuz trump,1437,2026-04-16 13:01:07+00:00,2026-04-16 13:01:07+00:00
3,atlético barcelona champions madrid real,1248,2026-04-16 13:01:07+00:00,2026-04-16 13:01:07+00:00
4,com economía españa guerra millones,2511,2026-04-16 13:01:07+00:00,2026-04-16 13:01:07+00:00
5,años después dos muere tras,1438,2026-04-16 13:01:07+00:00,2026-04-16 13:01:07+00:00
6,directo guerra hora irán última,1379,2026-04-16 13:01:07+00:00,2026-04-16 13:01:07+00:00
7,000 españa euros millones millón,1437,2026-04-16 13:01:07+00:00,2026-04-16 13:01:07+00:00
8,alto eeuu fuego irán israel,1572,2026-04-16 13:01:07+00:00,2026-04-16 13:01:07+00:00
9,heridos menos muertos tras tres,807,2026-04-16 13:01:07+00:00,2026-04-16 13:01:07+00:00
10,años deportivo españa mundo trump,538,2026-04-16 13:01:07+00:00,2026-04-16 13:01:07+00:00
11,2026 abril comprobar horóscopo hoy,1116,2026-04-16 13:01:07+00:00,2026-04-16 13:01:07+00:00
12,039 años irán quot si,469,2026-04-16 13:01:07+00:00,2026-04-16 13:01:07+00:00
13,gobierno juicio kitchen koldo ábalos,1400,2026-04-16 13:01:07+00:00,2026-04-16 13:01:07+00:00
14,españa fin madrid santa semana,617,2026-04-16 13:01:07+00:00,2026-04-16 13:01:07+00:00
0,com economía españa guerra sánchez,2559,2026-04-16 13:31:09+00:00,2026-04-16 13:31:09+00:00
1,artemis detenido irán ser tras,1534,2026-04-16 13:31:09+00:00,2026-04-16 13:31:09+00:00
2,directo guerra hora irán última,1442,2026-04-16 13:31:09+00:00,2026-04-16 13:31:09+00:00
3,000 100 españa euros millones,1469,2026-04-16 13:31:09+00:00,2026-04-16 13:31:09+00:00
4,2026 com día internacional pueblo,2379,2026-04-16 13:31:09+00:00,2026-04-16 13:31:09+00:00
5,039 años irán quot si,470,2026-04-16 13:31:09+00:00,2026-04-16 13:31:09+00:00
6,aldama directo juicio koldo ábalos,622,2026-04-16 13:31:09+00:00,2026-04-16 13:31:09+00:00
7,artemis así gobierno nuevo zaragoza,23841,2026-04-16 13:31:09+00:00,2026-04-16 13:31:09+00:00
8,años dos españa heridos tras,946,2026-04-16 13:31:09+00:00,2026-04-16 13:31:09+00:00
9,2026 abril comprobar horóscopo hoy,1144,2026-04-16 13:31:09+00:00,2026-04-16 13:31:09+00:00
10,eeuu estrecho irán ormuz trump,2373,2026-04-16 13:31:09+00:00,2026-04-16 13:31:09+00:00
11,gobierno pp psoe sánchez vox,772,2026-04-16 13:31:09+00:00,2026-04-16 13:31:09+00:00
12,años después muere tras tres,1333,2026-04-16 13:31:09+00:00,2026-04-16 13:31:09+00:00
13,atlético barcelona champions madrid real,1270,2026-04-16 13:31:09+00:00,2026-04-16 13:31:09+00:00
14,elecciones hungría magyar orbán péter,584,2026-04-16 13:31:09+00:00,2026-04-16 13:31:09+00:00
0,atlético barcelona champions madrid real,1264,2026-04-16 14:01:07+00:00,2026-04-16 14:01:07+00:00
1,com españa guerra irán millones,2666,2026-04-16 14:01:07+00:00,2026-04-16 14:01:07+00:00
2,años quot si tras trump,24084,2026-04-16 14:01:07+00:00,2026-04-16 14:01:07+00:00
3,2026 com diario día internacional,2245,2026-04-16 14:01:07+00:00,2026-04-16 14:01:07+00:00
4,años dos españa irán tras,969,2026-04-16 14:01:07+00:00,2026-04-16 14:01:07+00:00
5,españa fin málaga santa semana,594,2026-04-16 14:01:07+00:00,2026-04-16 14:01:07+00:00
6,años españa nuevo tras tres,1064,2026-04-16 14:01:07+00:00,2026-04-16 14:01:07+00:00
7,guerra irán israel ormuz trump,3006,2026-04-16 14:01:07+00:00,2026-04-16 14:01:07+00:00
8,artemis ii luna misión tierra,785,2026-04-16 14:01:07+00:00,2026-04-16 14:01:07+00:00
9,000 euros millones real zaragoza,1325,2026-04-16 14:01:07+00:00,2026-04-16 14:01:07+00:00
10,aldama directo juicio koldo ábalos,683,2026-04-16 14:01:07+00:00,2026-04-16 14:01:07+00:00
11,conmemora día gitano internacional pueblo,343,2026-04-16 14:01:07+00:00,2026-04-16 14:01:07+00:00
12,cómo declaración irán renta ver,599,2026-04-16 14:01:07+00:00,2026-04-16 14:01:07+00:00
13,2026 abril comprobar horóscopo hoy,1124,2026-04-16 14:01:07+00:00,2026-04-16 14:01:07+00:00
14,gobierno pp regularización sánchez vox,2036,2026-04-16 14:01:07+00:00,2026-04-16 14:01:07+00:00
0,000 artemis años quot tras,26094,2026-04-16 14:31:10+00:00,2026-04-16 14:31:10+00:00
1,2026 abril comprobar horóscopo hoy,1104,2026-04-16 14:31:10+00:00,2026-04-16 14:31:10+00:00
2,eeuu estrecho irán ormuz trump,2266,2026-04-16 14:31:10+00:00,2026-04-16 14:31:10+00:00
3,atlético barcelona champions madrid real,1288,2026-04-16 14:31:10+00:00,2026-04-16 14:31:10+00:00
4,cómo declaración irán renta ver,609,2026-04-16 14:31:10+00:00,2026-04-16 14:31:10+00:00
5,años detenidos dos heridos tras,932,2026-04-16 14:31:10+00:00,2026-04-16 14:31:10+00:00
6,gobierno pp psoe tras vox,824,2026-04-16 14:31:10+00:00,2026-04-16 14:31:10+00:00
7,años blanca casa esther trump,491,2026-04-16 14:31:10+00:00,2026-04-16 14:31:10+00:00
8,casademont final parque real zaragoza,825,2026-04-16 14:31:10+00:00,2026-04-16 14:31:10+00:00
9,año canaria españa gran internacional,806,2026-04-16 14:31:10+00:00,2026-04-16 14:31:10+00:00
10,com españa guerra millones sánchez,2591,2026-04-16 14:31:10+00:00,2026-04-16 14:31:10+00:00
11,fuego irán israel líbano netanyahu,761,2026-04-16 14:31:10+00:00,2026-04-16 14:31:10+00:00
12,abril hoy málaga picasso semana,524,2026-04-16 14:31:10+00:00,2026-04-16 14:31:10+00:00
13,2026 com día internacional pueblo,2341,2026-04-16 14:31:10+00:00,2026-04-16 14:31:10+00:00
14,directo guerra hora irán última,1364,2026-04-16 14:31:10+00:00,2026-04-16 14:31:10+00:00
0,com españa guerra millones sánchez,2595,2026-04-16 15:01:08+00:00,2026-04-16 15:01:08+00:00
1,cadena internacional puede ser tras,777,2026-04-16 15:01:08+00:00,2026-04-16 15:01:08+00:00
2,2026 abril comprobar horóscopo hoy,1126,2026-04-16 15:01:08+00:00,2026-04-16 15:01:08+00:00
3,dos gobierno quot tras zaragoza,25480,2026-04-16 15:01:08+00:00,2026-04-16 15:01:08+00:00
4,atlético barcelona champions madrid real,1282,2026-04-16 15:01:08+00:00,2026-04-16 15:01:08+00:00
5,2026 com día internacional pueblo,2338,2026-04-16 15:01:08+00:00,2026-04-16 15:01:08+00:00
6,aldama juicio koldo nuevo ábalos,1249,2026-04-16 15:01:08+00:00,2026-04-16 15:01:08+00:00
7,cómo declaración hacer renta ver,601,2026-04-16 15:01:08+00:00,2026-04-16 15:01:08+00:00
8,directo eeuu guerra irán israel,1950,2026-04-16 15:01:08+00:00,2026-04-16 15:01:08+00:00
9,así fin santa semana tras,1099,2026-04-16 15:01:08+00:00,2026-04-16 15:01:08+00:00
10,camión francia heridos muerto tren,205,2026-04-16 15:01:08+00:00,2026-04-16 15:01:08+00:00
11,amenaza estrecho irán ormuz trump,1473,2026-04-16 15:01:08+00:00,2026-04-16 15:01:08+00:00
12,años después dos muere tras,1447,2026-04-16 15:01:08+00:00,2026-04-16 15:01:08+00:00
13,elecciones hungría magyar orbán péter,645,2026-04-16 15:01:08+00:00,2026-04-16 15:01:08+00:00
14,ee guerra irán israel uu,585,2026-04-16 15:01:08+00:00,2026-04-16 15:01:08+00:00
0,amenaza estrecho irán ormuz trump,1472,2026-04-16 15:31:08+00:00,2026-04-16 15:31:08+00:00
1,com elplural españa guerra irán,1035,2026-04-16 15:31:08+00:00,2026-04-16 15:31:08+00:00
2,039 años irán quot si,468,2026-04-16 15:31:08+00:00,2026-04-16 15:31:08+00:00
3,años detenido hombre ser tras,1537,2026-04-16 15:31:08+00:00,2026-04-16 15:31:08+00:00
4,000 2026 abril gobierno hoy,25277,2026-04-16 15:31:08+00:00,2026-04-16 15:31:08+00:00
5,directo guerra irán israel última,1962,2026-04-16 15:31:08+00:00,2026-04-16 15:31:08+00:00
6,2026 com día internacional pueblo,2377,2026-04-16 15:31:08+00:00,2026-04-16 15:31:08+00:00
7,años después dos hace tres,1765,2026-04-16 15:31:08+00:00,2026-04-16 15:31:08+00:00
8,elecciones hungría magyar orbán péter,458,2026-04-16 15:31:08+00:00,2026-04-16 15:31:08+00:00
9,atlético barcelona champions madrid real,1273,2026-04-16 15:31:08+00:00,2026-04-16 15:31:08+00:00
10,españa fin madrid santa semana,619,2026-04-16 15:31:08+00:00,2026-04-16 15:31:08+00:00
11,casademont final parque real zaragoza,827,2026-04-16 15:31:08+00:00,2026-04-16 15:31:08+00:00
12,artemis astronautas ii luna misión,775,2026-04-16 15:31:08+00:00,2026-04-16 15:31:08+00:00
13,economía españa europa guerra millones,2515,2026-04-16 15:31:08+00:00,2026-04-16 15:31:08+00:00
14,deportivo españa irán mundo trump,551,2026-04-16 15:31:08+00:00,2026-04-16 15:31:08+00:00
0,bayern directo madrid real zaragoza,1767,2026-04-16 16:01:10+00:00,2026-04-16 16:01:10+00:00
1,ee estrecho irán ormuz uu,1078,2026-04-16 16:01:10+00:00,2026-04-16 16:01:10+00:00
2,celebra día gitano internacional pueblo,700,2026-04-16 16:01:10+00:00,2026-04-16 16:01:10+00:00
3,000 año españa guerra primer,433,2026-04-16 16:01:10+00:00,2026-04-16 16:01:10+00:00
4,2026 abril comprobar horóscopo hoy,1102,2026-04-16 16:01:10+00:00,2026-04-16 16:01:10+00:00
5,dos gobierno quot sánchez trump,24863,2026-04-16 16:01:10+00:00,2026-04-16 16:01:10+00:00
6,com economía españa guerra millones,2607,2026-04-16 16:01:10+00:00,2026-04-16 16:01:10+00:00
7,detenido ser tras trump vox,1525,2026-04-16 16:01:10+00:00,2026-04-16 16:01:10+00:00
8,directo guerra irán israel trump,2350,2026-04-16 16:01:10+00:00,2026-04-16 16:01:10+00:00
9,años dos muere tras tres,1502,2026-04-16 16:01:10+00:00,2026-04-16 16:01:10+00:00
10,atlético barcelona champions directo madrid,803,2026-04-16 16:01:10+00:00,2026-04-16 16:01:10+00:00
11,2026 com diario festival internacional,2088,2026-04-16 16:01:10+00:00,2026-04-16 16:01:10+00:00
12,artemis astronautas ii luna misión,779,2026-04-16 16:01:10+00:00,2026-04-16 16:01:10+00:00
13,españa fin madrid santa semana,612,2026-04-16 16:01:10+00:00,2026-04-16 16:01:10+00:00
14,aldama juicio kitchen koldo ábalos,756,2026-04-16 16:01:10+00:00,2026-04-16 16:01:10+00:00
0,2026 abril horóscopo hoy predicción,346,2026-04-16 16:31:08+00:00,2026-04-16 16:31:08+00:00
1,años dos quot tras zaragoza,26679,2026-04-16 16:31:08+00:00,2026-04-16 16:31:08+00:00
2,com españa europa guerra millones,2565,2026-04-16 16:31:08+00:00,2026-04-16 16:31:08+00:00
3,atlético barcelona champions madrid real,1304,2026-04-16 16:31:08+00:00,2026-04-16 16:31:08+00:00
4,congreso internacional león papa xiv,604,2026-04-16 16:31:08+00:00,2026-04-16 16:31:08+00:00
5,abril españa gasolina hoy precio,369,2026-04-16 16:31:08+00:00,2026-04-16 16:31:08+00:00
6,2026 abril comprobar resultados sorteo,983,2026-04-16 16:31:08+00:00,2026-04-16 16:31:08+00:00
7,artemis ii luna misión tierra,777,2026-04-16 16:31:08+00:00,2026-04-16 16:31:08+00:00
8,amenaza estrecho irán ormuz trump,1527,2026-04-16 16:31:08+00:00,2026-04-16 16:31:08+00:00
9,directo guerra irán israel última,2219,2026-04-16 16:31:08+00:00,2026-04-16 16:31:08+00:00
10,españa internacional irán marca nuevo,718,2026-04-16 16:31:08+00:00,2026-04-16 16:31:08+00:00
11,cuatro heridos menos muertos tras,746,2026-04-16 16:31:08+00:00,2026-04-16 16:31:08+00:00
12,gobierno pp regularización santa semana,1289,2026-04-16 16:31:08+00:00,2026-04-16 16:31:08+00:00
13,2026 com día internacional pueblo,2235,2026-04-16 16:31:08+00:00,2026-04-16 16:31:08+00:00
14,edición españa internacional nueva york,671,2026-04-16 16:31:08+00:00,2026-04-16 16:31:08+00:00
0,ee estrecho irán ormuz uu,1063,2026-04-16 17:01:10+00:00,2026-04-16 17:01:10+00:00
1,000 españa internacional marca nuevo,745,2026-04-16 17:01:10+00:00,2026-04-16 17:01:10+00:00
2,com españa europa guerra irán,2424,2026-04-16 17:01:10+00:00,2026-04-16 17:01:10+00:00
3,000 cómo españa euros millones,1283,2026-04-16 17:01:10+00:00,2026-04-16 17:01:10+00:00
4,2026 com día internacional pueblo,2371,2026-04-16 17:01:10+00:00,2026-04-16 17:01:10+00:00
5,artemis años gobierno tras zaragoza,25829,2026-04-16 17:01:10+00:00,2026-04-16 17:01:10+00:00
6,españa fin madrid santa semana,596,2026-04-16 17:01:10+00:00,2026-04-16 17:01:10+00:00
7,039 años irán quot si,473,2026-04-16 17:01:10+00:00,2026-04-16 17:01:10+00:00
8,abril así comprobar hoy resultados,1173,2026-04-16 17:01:10+00:00,2026-04-16 17:01:10+00:00
9,2026 abril horóscopo hoy predicción,902,2026-04-16 17:01:10+00:00,2026-04-16 17:01:10+00:00
10,años detenidos dos heridos tras,961,2026-04-16 17:01:10+00:00,2026-04-16 17:01:10+00:00
11,atlético barcelona champions madrid real,1290,2026-04-16 17:01:10+00:00,2026-04-16 17:01:10+00:00
12,aldama juicio kitchen koldo ábalos,709,2026-04-16 17:01:10+00:00,2026-04-16 17:01:10+00:00
13,directo eeuu guerra irán trump,2335,2026-04-16 17:01:10+00:00,2026-04-16 17:01:10+00:00
14,directo guerra irán israel líbano,928,2026-04-16 17:01:10+00:00,2026-04-16 17:01:10+00:00
0,artemis directo dos gobierno sánchez,23748,2026-04-16 17:31:08+00:00,2026-04-16 17:31:08+00:00
1,españa europa internacional irán según,297,2026-04-16 17:31:08+00:00,2026-04-16 17:31:08+00:00
2,directo guerra irán israel última,2144,2026-04-16 17:31:08+00:00,2026-04-16 17:31:08+00:00
3,2026 abril día hoy internacional,3360,2026-04-16 17:31:08+00:00,2026-04-16 17:31:08+00:00
4,amenaza estrecho irán ormuz trump,1535,2026-04-16 17:31:08+00:00,2026-04-16 17:31:08+00:00
5,com economía españa guerra millones,2557,2026-04-16 17:31:08+00:00,2026-04-16 17:31:08+00:00
6,artemis detenido luna ser tras,1521,2026-04-16 17:31:08+00:00,2026-04-16 17:31:08+00:00
7,años españa internacional primera vez,554,2026-04-16 17:31:08+00:00,2026-04-16 17:31:08+00:00
8,039 años irán quot si,475,2026-04-16 17:31:08+00:00,2026-04-16 17:31:08+00:00
9,casademont final parque real zaragoza,817,2026-04-16 17:31:08+00:00,2026-04-16 17:31:08+00:00
10,españa fin madrid santa semana,600,2026-04-16 17:31:08+00:00,2026-04-16 17:31:08+00:00
11,años canaria españa gran internacional,467,2026-04-16 17:31:08+00:00,2026-04-16 17:31:08+00:00
12,000 euros nuevo renta si,2354,2026-04-16 17:31:08+00:00,2026-04-16 17:31:08+00:00
13,años dos muere tras tres,1422,2026-04-16 17:31:08+00:00,2026-04-16 17:31:08+00:00
14,atlético barcelona champions madrid real,1256,2026-04-16 17:31:08+00:00,2026-04-16 17:31:08+00:00
0,000 euros millones quot zaragoza,24386,2026-04-16 18:01:14+00:00,2026-04-16 18:01:14+00:00
1,gobierno inmigrantes pp regularización vox,1106,2026-04-16 18:01:14+00:00,2026-04-16 18:01:14+00:00
2,2026 abril comprobar horóscopo hoy,1147,2026-04-16 18:01:14+00:00,2026-04-16 18:01:14+00:00
3,amenaza estrecho irán ormuz trump,1521,2026-04-16 18:01:14+00:00,2026-04-16 18:01:14+00:00
4,españa europa ia país press,1110,2026-04-16 18:01:14+00:00,2026-04-16 18:01:14+00:00
5,2026 com día internacional pueblo,2301,2026-04-16 18:01:14+00:00,2026-04-16 18:01:14+00:00
6,da lamine luz quot yamal,389,2026-04-16 18:01:14+00:00,2026-04-16 18:01:14+00:00
7,años hace muere tras tres,1388,2026-04-16 18:01:14+00:00,2026-04-16 18:01:14+00:00
8,atlético barcelona champions directo madrid,721,2026-04-16 18:01:14+00:00,2026-04-16 18:01:14+00:00
9,com economía españa guerra millones,2539,2026-04-16 18:01:14+00:00,2026-04-16 18:01:14+00:00
10,años detenidos dos españa tras,991,2026-04-16 18:01:14+00:00,2026-04-16 18:01:14+00:00
11,artemis astronautas ii luna misión,751,2026-04-16 18:01:14+00:00,2026-04-16 18:01:14+00:00
12,directo guerra irán israel última,2124,2026-04-16 18:01:14+00:00,2026-04-16 18:01:14+00:00
13,bayern directo madrid real zaragoza,1229,2026-04-16 18:01:14+00:00,2026-04-16 18:01:14+00:00
14,detenido hombre irán ser tras,1439,2026-04-16 18:01:14+00:00,2026-04-16 18:01:14+00:00
0,000 dos euros quot zaragoza,24876,2026-04-16 18:31:06+00:00,2026-04-16 18:31:06+00:00
1,directo guerra irán israel última,2171,2026-04-16 18:31:06+00:00,2026-04-16 18:31:06+00:00
2,com economía españa guerra millones,2533,2026-04-16 18:31:06+00:00,2026-04-16 18:31:06+00:00
3,china españa pedro sánchez xi,890,2026-04-16 18:31:06+00:00,2026-04-16 18:31:06+00:00
4,años dos muere tras tres,1487,2026-04-16 18:31:06+00:00,2026-04-16 18:31:06+00:00
5,amenaza estrecho irán ormuz trump,1464,2026-04-16 18:31:06+00:00,2026-04-16 18:31:06+00:00
6,2026 com día internacional pueblo,2340,2026-04-16 18:31:06+00:00,2026-04-16 18:31:06+00:00
7,bayern directo madrid real zaragoza,625,2026-04-16 18:31:06+00:00,2026-04-16 18:31:06+00:00
8,2026 abril comprobar horóscopo hoy,1143,2026-04-16 18:31:06+00:00,2026-04-16 18:31:06+00:00
9,extremadura gobierno pp psoe vox,757,2026-04-16 18:31:06+00:00,2026-04-16 18:31:06+00:00
10,detenido dos hombre irán tras,1395,2026-04-16 18:31:06+00:00,2026-04-16 18:31:06+00:00
11,cadena puede ser tras trump,780,2026-04-16 18:31:06+00:00,2026-04-16 18:31:06+00:00
12,artemis astronautas ii luna misión,770,2026-04-16 18:31:06+00:00,2026-04-16 18:31:06+00:00
13,atlético barcelona champions directo madrid,1341,2026-04-16 18:31:06+00:00,2026-04-16 18:31:06+00:00
14,españa fin madrid santa semana,617,2026-04-16 18:31:06+00:00,2026-04-16 18:31:06+00:00
0,2026 diario día internacional pueblo,2179,2026-04-16 19:01:16+00:00,2026-04-16 19:01:16+00:00
1,000 22 españa euros millones,873,2026-04-16 19:01:16+00:00,2026-04-16 19:01:16+00:00
2,2026 abril comprobar horóscopo hoy,1198,2026-04-16 19:01:16+00:00,2026-04-16 19:01:16+00:00
3,atlético barcelona bayern madrid real,1286,2026-04-16 19:01:16+00:00,2026-04-16 19:01:16+00:00
4,039 años irán quot si,477,2026-04-16 19:01:16+00:00,2026-04-16 19:01:16+00:00
5,com elplural españa internacional irán,952,2026-04-16 19:01:16+00:00,2026-04-16 19:01:16+00:00
6,000 dos españa gobierno zaragoza,27051,2026-04-16 19:01:16+00:00,2026-04-16 19:01:16+00:00
7,directo guerra irán israel última,2193,2026-04-16 19:01:16+00:00,2026-04-16 19:01:16+00:00
8,años dos muere tras tres,1416,2026-04-16 19:01:16+00:00,2026-04-16 19:01:16+00:00
9,amenaza estrecho irán ormuz trump,1434,2026-04-16 19:01:16+00:00,2026-04-16 19:01:16+00:00
10,aldama juicio kitchen koldo ábalos,755,2026-04-16 19:01:16+00:00,2026-04-16 19:01:16+00:00
11,alcaraz carlos masters montecarlo sinner,370,2026-04-16 19:01:16+00:00,2026-04-16 19:01:16+00:00
12,china españa pedro sánchez xi,819,2026-04-16 19:01:16+00:00,2026-04-16 19:01:16+00:00
13,detenido dos hombre ser tras,1443,2026-04-16 19:01:16+00:00,2026-04-16 19:01:16+00:00
14,artemis astronautas ii luna misión,765,2026-04-16 19:01:16+00:00,2026-04-16 19:01:16+00:00
0,artemis años detenido ser tras,1614,2026-04-16 19:31:07+00:00,2026-04-16 19:31:07+00:00
1,000 años españa euros millones,1507,2026-04-16 19:31:07+00:00,2026-04-16 19:31:07+00:00
2,aldama directo juicio koldo ábalos,535,2026-04-16 19:31:07+00:00,2026-04-16 19:31:07+00:00
3,así años gobierno nuevo zaragoza,25572,2026-04-16 19:31:07+00:00,2026-04-16 19:31:07+00:00
4,amenaza estrecho irán ormuz trump,1458,2026-04-16 19:31:07+00:00,2026-04-16 19:31:07+00:00
5,fuego guerra irán israel líbano,787,2026-04-16 19:31:07+00:00,2026-04-16 19:31:07+00:00
6,directo guerra hora irán última,1917,2026-04-16 19:31:07+00:00,2026-04-16 19:31:07+00:00
7,años detenidos dos heridos tras,969,2026-04-16 19:31:07+00:00,2026-04-16 19:31:07+00:00
8,com economía españa europa guerra,2417,2026-04-16 19:31:07+00:00,2026-04-16 19:31:07+00:00
9,abril españa gasolina precio primavera,482,2026-04-16 19:31:07+00:00,2026-04-16 19:31:07+00:00
10,2026 com día internacional pueblo,2391,2026-04-16 19:31:07+00:00,2026-04-16 19:31:07+00:00
11,2026 abril comprobar horóscopo hoy,1058,2026-04-16 19:31:07+00:00,2026-04-16 19:31:07+00:00
12,china españa pedro sánchez xi,856,2026-04-16 19:31:07+00:00,2026-04-16 19:31:07+00:00
13,atlético barcelona champions madrid real,1288,2026-04-16 19:31:07+00:00,2026-04-16 19:31:07+00:00
14,039 años irán quot si,478,2026-04-16 19:31:07+00:00,2026-04-16 19:31:07+00:00
0,abril aemet hoy previsión tiempo,324,2026-04-16 20:01:09+00:00,2026-04-16 20:01:09+00:00
1,atlético barcelona champions madrid real,1289,2026-04-16 20:01:09+00:00,2026-04-16 20:01:09+00:00
2,amenaza estrecho irán ormuz trump,1499,2026-04-16 20:01:09+00:00,2026-04-16 20:01:09+00:00
3,directo guerra hora irán última,1899,2026-04-16 20:01:09+00:00,2026-04-16 20:01:09+00:00
4,000 años gobierno quot zaragoza,26156,2026-04-16 20:01:09+00:00,2026-04-16 20:01:09+00:00
5,alcaraz carlos juan montecarlo sinner,564,2026-04-16 20:01:09+00:00,2026-04-16 20:01:09+00:00
6,españa internacional irán marca nuevo,729,2026-04-16 20:01:09+00:00,2026-04-16 20:01:09+00:00
7,así españa irán sido zaragoza,671,2026-04-16 20:01:09+00:00,2026-04-16 20:01:09+00:00
8,años detenidos dos heridos tras,980,2026-04-16 20:01:09+00:00,2026-04-16 20:01:09+00:00
9,com economía españa guerra millones,2566,2026-04-16 20:01:09+00:00,2026-04-16 20:01:09+00:00
10,guerra irán israel líbano netanyahu,820,2026-04-16 20:01:09+00:00,2026-04-16 20:01:09+00:00
11,2026 abril comprobar horóscopo hoy,1114,2026-04-16 20:01:09+00:00,2026-04-16 20:01:09+00:00
12,años detenido hombre ser tras,1553,2026-04-16 20:01:09+00:00,2026-04-16 20:01:09+00:00
13,artemis astronautas ii luna misión,767,2026-04-16 20:01:09+00:00,2026-04-16 20:01:09+00:00
14,2026 com día internacional pueblo,2398,2026-04-16 20:01:09+00:00,2026-04-16 20:01:09+00:00
0,blanca casa esther lópez trump,483,2026-04-16 20:31:11+00:00,2026-04-16 20:31:11+00:00
1,barcelona gobierno madrid tras zaragoza,26466,2026-04-16 20:31:11+00:00,2026-04-16 20:31:11+00:00
2,directo guerra hora irán última,722,2026-04-16 20:31:11+00:00,2026-04-16 20:31:11+00:00
3,eeuu fuego irán ormuz trump,2420,2026-04-16 20:31:11+00:00,2026-04-16 20:31:11+00:00
4,2026 com día internacional pueblo,2345,2026-04-16 20:31:11+00:00,2026-04-16 20:31:11+00:00
5,españa fin madrid santa semana,617,2026-04-16 20:31:11+00:00,2026-04-16 20:31:11+00:00
6,2026 abril comprobar horóscopo hoy,1142,2026-04-16 20:31:11+00:00,2026-04-16 20:31:11+00:00
7,com economía españa europa millones,2309,2026-04-16 20:31:11+00:00,2026-04-16 20:31:11+00:00
8,años después muere tras tres,1318,2026-04-16 20:31:11+00:00,2026-04-16 20:31:11+00:00
9,000 españa euros millones millón,1495,2026-04-16 20:31:11+00:00,2026-04-16 20:31:11+00:00
10,china españa pedro sánchez xi,864,2026-04-16 20:31:11+00:00,2026-04-16 20:31:11+00:00
11,años deportivo internacional mundo trump,552,2026-04-16 20:31:11+00:00,2026-04-16 20:31:11+00:00
12,años detenidos dos heridos tras,962,2026-04-16 20:31:11+00:00,2026-04-16 20:31:11+00:00
13,españa guerra irán israel trump,1133,2026-04-16 20:31:11+00:00,2026-04-16 20:31:11+00:00
14,039 años irán quot si,480,2026-04-16 20:31:11+00:00,2026-04-16 20:31:11+00:00
0,años dos españa nuevo zaragoza,27168,2026-04-16 21:01:06+00:00,2026-04-16 21:01:06+00:00
1,atlético barcelona bayern madrid real,1268,2026-04-16 21:01:06+00:00,2026-04-16 21:01:06+00:00
2,000 años españa euros millones,1679,2026-04-16 21:01:06+00:00,2026-04-16 21:01:06+00:00
3,españa guerra irán oriente trump,1236,2026-04-16 21:01:06+00:00,2026-04-16 21:01:06+00:00
4,2026 com día internacional pueblo,2362,2026-04-16 21:01:06+00:00,2026-04-16 21:01:06+00:00
5,elecciones hungría magyar orbán péter,484,2026-04-16 21:01:06+00:00,2026-04-16 21:01:06+00:00
6,bloqueo estrecho irán ormuz trump,715,2026-04-16 21:01:06+00:00,2026-04-16 21:01:06+00:00
7,españa gobierno pp regularización vox,837,2026-04-16 21:01:06+00:00,2026-04-16 21:01:06+00:00
8,directo guerra irán israel trump,2078,2026-04-16 21:01:06+00:00,2026-04-16 21:01:06+00:00
9,artemis años detenido ser tras,1666,2026-04-16 21:01:06+00:00,2026-04-16 21:01:06+00:00
10,españa fin madrid santa semana,603,2026-04-16 21:01:06+00:00,2026-04-16 21:01:06+00:00
11,039 años irán quot si,481,2026-04-16 21:01:06+00:00,2026-04-16 21:01:06+00:00
12,2026 abril comprobar horóscopo hoy,1157,2026-04-16 21:01:06+00:00,2026-04-16 21:01:06+00:00
13,china españa pedro sánchez xi,821,2026-04-16 21:01:06+00:00,2026-04-16 21:01:06+00:00
14,aldama directo juicio koldo ábalos,757,2026-04-16 21:01:06+00:00,2026-04-16 21:01:06+00:00
0,abril internacional previsión tiempo valència,210,2026-04-16 21:31:07+00:00,2026-04-16 21:31:07+00:00
1,2026 com día internacional pueblo,2334,2026-04-16 21:31:07+00:00,2026-04-16 21:31:07+00:00
2,directo guerra irán israel última,2112,2026-04-16 21:31:07+00:00,2026-04-16 21:31:07+00:00
3,años dos muere tras tres,1503,2026-04-16 21:31:07+00:00,2026-04-16 21:31:07+00:00
4,amenaza estrecho irán ormuz trump,1532,2026-04-16 21:31:07+00:00,2026-04-16 21:31:07+00:00
5,2026 abril comprobar horóscopo hoy,1066,2026-04-16 21:31:07+00:00,2026-04-16 21:31:07+00:00
6,000 dos gobierno quot zaragoza,26068,2026-04-16 21:31:07+00:00,2026-04-16 21:31:07+00:00
7,com economía españa guerra millones,2576,2026-04-16 21:31:07+00:00,2026-04-16 21:31:07+00:00
8,artemis detenido ser tras vox,1569,2026-04-16 21:31:07+00:00,2026-04-16 21:31:07+00:00
9,abc españa internacional irán trump,378,2026-04-16 21:31:07+00:00,2026-04-16 21:31:07+00:00
10,2025 2026 declaración hacienda renta,745,2026-04-16 21:31:07+00:00,2026-04-16 21:31:07+00:00
11,atlético barcelona champions madrid real,1263,2026-04-16 21:31:07+00:00,2026-04-16 21:31:07+00:00
12,000 españa internacional marca nuevo,710,2026-04-16 21:31:07+00:00,2026-04-16 21:31:07+00:00
13,artemis así irán sido tras,698,2026-04-16 21:31:07+00:00,2026-04-16 21:31:07+00:00
14,cómo españa hacer irán ver,587,2026-04-16 21:31:07+00:00,2026-04-16 21:31:07+00:00
0,celebra día gitano internacional pueblo,706,2026-04-16 22:01:14+00:00,2026-04-16 22:01:14+00:00
1,atlético barcelona bayern madrid real,1282,2026-04-16 22:01:14+00:00,2026-04-16 22:01:14+00:00
2,china españa irán sánchez xi,473,2026-04-16 22:01:14+00:00,2026-04-16 22:01:14+00:00
3,2026 abril comprobar horóscopo hoy,1122,2026-04-16 22:01:14+00:00,2026-04-16 22:01:14+00:00
4,directo guerra irán israel trump,2697,2026-04-16 22:01:14+00:00,2026-04-16 22:01:14+00:00
5,blanca casa esther lópez trump,478,2026-04-16 22:01:14+00:00,2026-04-16 22:01:14+00:00
6,hungría magyar orbán país trump,1625,2026-04-16 22:01:14+00:00,2026-04-16 22:01:14+00:00
7,039 años irán quot si,481,2026-04-16 22:01:14+00:00,2026-04-16 22:01:14+00:00
8,2026 com diario festival internacional,2084,2026-04-16 22:01:14+00:00,2026-04-16 22:01:14+00:00
9,000 años dos euros gobierno,26186,2026-04-16 22:01:14+00:00,2026-04-16 22:01:14+00:00
10,com economía españa guerra millones,2653,2026-04-16 22:01:14+00:00,2026-04-16 22:01:14+00:00
11,casademont final parque real zaragoza,828,2026-04-16 22:01:14+00:00,2026-04-16 22:01:14+00:00
12,españa fin madrid santa semana,606,2026-04-16 22:01:14+00:00,2026-04-16 22:01:14+00:00
13,irán puede ser si trump,417,2026-04-16 22:01:14+00:00,2026-04-16 22:01:14+00:00
14,artemis años detenido ser tras,1727,2026-04-16 22:01:14+00:00,2026-04-16 22:01:14+00:00
0,mensaje papa ser tan tener,293,2026-04-16 22:31:07+00:00,2026-04-16 22:31:07+00:00
1,2026 com día internacional pueblo,2370,2026-04-16 22:31:07+00:00,2026-04-16 22:31:07+00:00
2,039 años irán quot si,481,2026-04-16 22:31:07+00:00,2026-04-16 22:31:07+00:00
3,aldama gobierno juicio koldo ábalos,1309,2026-04-16 22:31:07+00:00,2026-04-16 22:31:07+00:00
4,españa fin madrid santa semana,609,2026-04-16 22:31:07+00:00,2026-04-16 22:31:07+00:00
5,españa guerra incertidumbre irán pese,207,2026-04-16 22:31:07+00:00,2026-04-16 22:31:07+00:00
6,2026 abril españa hoy tras,27470,2026-04-16 22:31:07+00:00,2026-04-16 22:31:07+00:00
7,españa internacional irán nuevo piden,737,2026-04-16 22:31:07+00:00,2026-04-16 22:31:07+00:00
8,directo guerra irán israel trump,3158,2026-04-16 22:31:07+00:00,2026-04-16 22:31:07+00:00
9,atlético barcelona bayern madrid real,1258,2026-04-16 22:31:07+00:00,2026-04-16 22:31:07+00:00
10,gobierno pp psoe tras vox,863,2026-04-16 22:31:07+00:00,2026-04-16 22:31:07+00:00
11,años después muere tras tres,1344,2026-04-16 22:31:07+00:00,2026-04-16 22:31:07+00:00
12,años dos españa irán tras,969,2026-04-16 22:31:07+00:00,2026-04-16 22:31:07+00:00
13,000 22 españa euros millones,1634,2026-04-16 22:31:07+00:00,2026-04-16 22:31:07+00:00
14,cómo declaración irán renta ver,613,2026-04-16 22:31:07+00:00,2026-04-16 22:31:07+00:00
0,gobierno inmigrantes pp regularización vox,1129,2026-04-16 23:01:22+00:00,2026-04-16 23:01:22+00:00
1,000 dos euros millones zaragoza,23438,2026-04-16 23:01:22+00:00,2026-04-16 23:01:22+00:00
2,2025 2026 cómo declaración renta,804,2026-04-16 23:01:22+00:00,2026-04-16 23:01:22+00:00
3,estrecho irán ormuz quot trump,1717,2026-04-16 23:01:22+00:00,2026-04-16 23:01:22+00:00
4,2026 com día internacional pueblo,2417,2026-04-16 23:01:22+00:00,2026-04-16 23:01:22+00:00
5,directo guerra irán israel última,2300,2026-04-16 23:01:22+00:00,2026-04-16 23:01:22+00:00
6,años detenido dos muere tras,2428,2026-04-16 23:01:22+00:00,2026-04-16 23:01:22+00:00
7,españa irán país trump vasco,749,2026-04-16 23:01:22+00:00,2026-04-16 23:01:22+00:00
8,artemis astronautas ii luna misión,763,2026-04-16 23:01:22+00:00,2026-04-16 23:01:22+00:00
9,2026 abril comprobar horóscopo hoy,1140,2026-04-16 23:01:22+00:00,2026-04-16 23:01:22+00:00
10,aldama juicio kitchen koldo ábalos,744,2026-04-16 23:01:22+00:00,2026-04-16 23:01:22+00:00
11,atlético barcelona bayern madrid real,1302,2026-04-16 23:01:22+00:00,2026-04-16 23:01:22+00:00
12,com españa guerra millones sánchez,2627,2026-04-16 23:01:22+00:00,2026-04-16 23:01:22+00:00
13,años euros meses si tres,1031,2026-04-16 23:01:22+00:00,2026-04-16 23:01:22+00:00
14,españa internacional irán marca nuevo,743,2026-04-16 23:01:22+00:00,2026-04-16 23:01:22+00:00
0,aldama directo juicio koldo ábalos,543,2026-04-16 23:31:25+00:00,2026-04-16 23:31:25+00:00
1,com economía españa europa guerra,2505,2026-04-16 23:31:25+00:00,2026-04-16 23:31:25+00:00
2,años detenidos dos españa tras,951,2026-04-16 23:31:25+00:00,2026-04-16 23:31:25+00:00
3,2026 com diario festival internacional,2122,2026-04-16 23:31:25+00:00,2026-04-16 23:31:25+00:00
4,españa impuesto internacional marca nuevo,737,2026-04-16 23:31:25+00:00,2026-04-16 23:31:25+00:00
5,amenaza irán papa trump ultimátum,1355,2026-04-16 23:31:25+00:00,2026-04-16 23:31:25+00:00
6,celebra día gitano internacional pueblo,720,2026-04-16 23:31:25+00:00,2026-04-16 23:31:25+00:00
7,artemis años detenido ser tras,1663,2026-04-16 23:31:25+00:00,2026-04-16 23:31:25+00:00
8,000 años españa euros millones,1506,2026-04-16 23:31:25+00:00,2026-04-16 23:31:25+00:00
9,directo guerra irán israel última,1759,2026-04-16 23:31:25+00:00,2026-04-16 23:31:25+00:00
10,años gobierno madrid quot zaragoza,26447,2026-04-16 23:31:25+00:00,2026-04-16 23:31:25+00:00
11,2026 abril comprobar horóscopo hoy,1101,2026-04-16 23:31:25+00:00,2026-04-16 23:31:25+00:00
12,ee estrecho irán ormuz uu,910,2026-04-16 23:31:25+00:00,2026-04-16 23:31:25+00:00
13,españa heridos menos muertos tras,436,2026-04-16 23:31:25+00:00,2026-04-16 23:31:25+00:00
14,españa fin madrid santa semana,596,2026-04-16 23:31:25+00:00,2026-04-16 23:31:25+00:00
0,aldama juicio koldo nuevo ábalos,1202,2026-04-17 00:01:23+00:00,2026-04-17 00:01:23+00:00
1,amenaza guerra irán papa trump,1370,2026-04-17 00:01:23+00:00,2026-04-17 00:01:23+00:00
2,2026 abril artemis hoy quot,24340,2026-04-17 00:01:23+00:00,2026-04-17 00:01:23+00:00
3,artemis detenido hombre luna tras,1468,2026-04-17 00:01:23+00:00,2026-04-17 00:01:23+00:00
4,com economía españa guerra millones,2627,2026-04-17 00:01:23+00:00,2026-04-17 00:01:23+00:00
5,españa fin madrid santa semana,589,2026-04-17 00:01:23+00:00,2026-04-17 00:01:23+00:00
6,extremadura gobierno pp tras vox,507,2026-04-17 00:01:23+00:00,2026-04-17 00:01:23+00:00
7,2026 com día internacional pueblo,2368,2026-04-17 00:01:23+00:00,2026-04-17 00:01:23+00:00
8,años dos españa heridos tras,964,2026-04-17 00:01:23+00:00,2026-04-17 00:01:23+00:00
9,2025 declaración pide pp renta,940,2026-04-17 00:01:23+00:00,2026-04-17 00:01:23+00:00
10,atlético barcelona bayern madrid real,1249,2026-04-17 00:01:23+00:00,2026-04-17 00:01:23+00:00
11,ee estrecho irán ormuz uu,920,2026-04-17 00:01:23+00:00,2026-04-17 00:01:23+00:00
12,directo guerra irán israel última,1747,2026-04-17 00:01:23+00:00,2026-04-17 00:01:23+00:00
13,años después muere tras tres,1414,2026-04-17 00:01:23+00:00,2026-04-17 00:01:23+00:00
14,000 euros millones real zaragoza,1641,2026-04-17 00:01:23+00:00,2026-04-17 00:01:23+00:00
0,años dos gobierno sánchez zaragoza,25686,2026-04-17 00:31:22+00:00,2026-04-17 00:31:22+00:00
1,artemis astronautas ii luna misión,756,2026-04-17 00:31:22+00:00,2026-04-17 00:31:22+00:00
2,años detenido hombre ser tras,1577,2026-04-17 00:31:22+00:00,2026-04-17 00:31:22+00:00
3,000 españa euros millones millón,1247,2026-04-17 00:31:22+00:00,2026-04-17 00:31:22+00:00
4,2026 diario día internacional pueblo,2192,2026-04-17 00:31:22+00:00,2026-04-17 00:31:22+00:00
5,com elplural españa internacional irán,939,2026-04-17 00:31:22+00:00,2026-04-17 00:31:22+00:00
6,2026 abril comprobar horóscopo hoy,1148,2026-04-17 00:31:22+00:00,2026-04-17 00:31:22+00:00
7,españa internacional irán marca nuevo,748,2026-04-17 00:31:22+00:00,2026-04-17 00:31:22+00:00
8,economía españa europa guerra millones,2332,2026-04-17 00:31:22+00:00,2026-04-17 00:31:22+00:00
9,atlético barcelona bayern madrid real,1290,2026-04-17 00:31:22+00:00,2026-04-17 00:31:22+00:00
10,años españa muere país vasco,888,2026-04-17 00:31:22+00:00,2026-04-17 00:31:22+00:00
11,amenaza estrecho irán ormuz trump,1461,2026-04-17 00:31:22+00:00,2026-04-17 00:31:22+00:00
12,directo guerra irán israel última,2065,2026-04-17 00:31:22+00:00,2026-04-17 00:31:22+00:00
13,alcaraz carlos juan montecarlo sinner,557,2026-04-17 00:31:22+00:00,2026-04-17 00:31:22+00:00
14,039 años irán quot si,482,2026-04-17 00:31:22+00:00,2026-04-17 00:31:22+00:00
0,aldama directo juicio koldo ábalos,566,2026-04-17 01:01:24+00:00,2026-04-17 01:01:24+00:00
1,china españa pedro sánchez xi,868,2026-04-17 01:01:24+00:00,2026-04-17 01:01:24+00:00
2,celebra día gitano internacional pueblo,735,2026-04-17 01:01:24+00:00,2026-04-17 01:01:24+00:00
3,amenaza guerra irán papa trump,1259,2026-04-17 01:01:24+00:00,2026-04-17 01:01:24+00:00
4,artemis ii luna misión tras,2225,2026-04-17 01:01:24+00:00,2026-04-17 01:01:24+00:00
5,2026 com diario festival internacional,2098,2026-04-17 01:01:24+00:00,2026-04-17 01:01:24+00:00
6,bloqueo estrecho irán ormuz trump,694,2026-04-17 01:01:24+00:00,2026-04-17 01:01:24+00:00
7,directo guerra irán israel última,1986,2026-04-17 01:01:24+00:00,2026-04-17 01:01:24+00:00
8,000 años dos gobierno zaragoza,26210,2026-04-17 01:01:24+00:00,2026-04-17 01:01:24+00:00
9,atlético barcelona bayern madrid real,1309,2026-04-17 01:01:24+00:00,2026-04-17 01:01:24+00:00
10,com economía españa guerra millones,2590,2026-04-17 01:01:24+00:00,2026-04-17 01:01:24+00:00
11,españa fin madrid santa semana,603,2026-04-17 01:01:24+00:00,2026-04-17 01:01:24+00:00
12,cómo declaración irán renta ver,594,2026-04-17 01:01:24+00:00,2026-04-17 01:01:24+00:00
13,2026 abril comprobar horóscopo hoy,1127,2026-04-17 01:01:24+00:00,2026-04-17 01:01:24+00:00
14,039 años irán quot si,482,2026-04-17 01:01:24+00:00,2026-04-17 01:01:24+00:00
0,extraordinaria gobierno inmigrantes migrantes regularización,374,2026-04-17 01:31:26+00:00,2026-04-17 01:31:26+00:00
1,fuego guerra irán israel líbano,883,2026-04-17 01:31:26+00:00,2026-04-17 01:31:26+00:00
2,directo eeuu guerra irán trump,2235,2026-04-17 01:31:26+00:00,2026-04-17 01:31:26+00:00
3,bloqueo estrecho irán ormuz trump,708,2026-04-17 01:31:26+00:00,2026-04-17 01:31:26+00:00
4,039 años irán quot si,482,2026-04-17 01:31:26+00:00,2026-04-17 01:31:26+00:00
5,años después dos muere tras,1464,2026-04-17 01:31:26+00:00,2026-04-17 01:31:26+00:00
6,2026 com día internacional pueblo,2333,2026-04-17 01:31:26+00:00,2026-04-17 01:31:26+00:00
7,bayern champions directo madrid real,1190,2026-04-17 01:31:26+00:00,2026-04-17 01:31:26+00:00
8,artemis detenido luna ser tras,1515,2026-04-17 01:31:26+00:00,2026-04-17 01:31:26+00:00
9,com economía españa europa guerra,2387,2026-04-17 01:31:26+00:00,2026-04-17 01:31:26+00:00
10,dos extremadura pp tras vox,1210,2026-04-17 01:31:26+00:00,2026-04-17 01:31:26+00:00
11,000 así nuevo si zaragoza,25823,2026-04-17 01:31:26+00:00,2026-04-17 01:31:26+00:00
12,2026 abril comprobar horóscopo hoy,1157,2026-04-17 01:31:26+00:00,2026-04-17 01:31:26+00:00
13,000 22 españa euros millones,876,2026-04-17 01:31:26+00:00,2026-04-17 01:31:26+00:00
14,atlético barcelona champions directo madrid,726,2026-04-17 01:31:26+00:00,2026-04-17 01:31:26+00:00
0,convierte español historia internacional primer,131,2026-04-17 02:01:25+00:00,2026-04-17 02:01:25+00:00
1,detenido dos irán ser tras,1600,2026-04-17 02:01:25+00:00,2026-04-17 02:01:25+00:00
2,000 españa euros millones millón,1260,2026-04-17 02:01:25+00:00,2026-04-17 02:01:25+00:00
3,barcelona gobierno madrid real zaragoza,25302,2026-04-17 02:01:25+00:00,2026-04-17 02:01:25+00:00
4,com economía españa guerra millones,2628,2026-04-17 02:01:25+00:00,2026-04-17 02:01:25+00:00
5,2026 com día internacional pueblo,2447,2026-04-17 02:01:25+00:00,2026-04-17 02:01:25+00:00
6,ee guerra irán israel líbano,1228,2026-04-17 02:01:25+00:00,2026-04-17 02:01:25+00:00
7,dos fin madrid santa semana,1258,2026-04-17 02:01:25+00:00,2026-04-17 02:01:25+00:00
8,años dos muere tras tres,1483,2026-04-17 02:01:25+00:00,2026-04-17 02:01:25+00:00
9,bloqueo estrecho irán ormuz trump,717,2026-04-17 02:01:25+00:00,2026-04-17 02:01:25+00:00
10,directo eeuu guerra irán trump,2189,2026-04-17 02:01:25+00:00,2026-04-17 02:01:25+00:00
11,aldama directo juicio koldo ábalos,759,2026-04-17 02:01:25+00:00,2026-04-17 02:01:25+00:00
12,artemis astronautas ii luna misión,746,2026-04-17 02:01:25+00:00,2026-04-17 02:01:25+00:00
13,039 años irán quot si,482,2026-04-17 02:01:25+00:00,2026-04-17 02:01:25+00:00
14,2026 abril comprobar horóscopo hoy,1127,2026-04-17 02:01:25+00:00,2026-04-17 02:01:25+00:00
0,extremadura gobierno pp psoe vox,837,2026-04-17 02:31:22+00:00,2026-04-17 02:31:22+00:00
1,bayern directo madrid real zaragoza,1776,2026-04-17 02:31:22+00:00,2026-04-17 02:31:22+00:00
2,2026 com día internacional pueblo,2375,2026-04-17 02:31:22+00:00,2026-04-17 02:31:22+00:00
3,años gobierno nuevo si sánchez,24565,2026-04-17 02:31:22+00:00,2026-04-17 02:31:22+00:00
4,com economía españa guerra millones,2589,2026-04-17 02:31:22+00:00,2026-04-17 02:31:22+00:00
5,años detenido hombre ser tras,1596,2026-04-17 02:31:22+00:00,2026-04-17 02:31:22+00:00
6,edición españa internacional nueva york,650,2026-04-17 02:31:22+00:00,2026-04-17 02:31:22+00:00
7,2026 abril comprobar horóscopo hoy,1142,2026-04-17 02:31:22+00:00,2026-04-17 02:31:22+00:00
8,fuego guerra irán israel líbano,929,2026-04-17 02:31:22+00:00,2026-04-17 02:31:22+00:00
9,atlético barcelona champions directo madrid,818,2026-04-17 02:31:22+00:00,2026-04-17 02:31:22+00:00
10,000 españa euros millones millón,1254,2026-04-17 02:31:22+00:00,2026-04-17 02:31:22+00:00
11,años dos españa heridos tras,982,2026-04-17 02:31:22+00:00,2026-04-17 02:31:22+00:00
12,eeuu guerra irán ormuz trump,2605,2026-04-17 02:31:22+00:00,2026-04-17 02:31:22+00:00
13,039 años irán quot si,482,2026-04-17 02:31:22+00:00,2026-04-17 02:31:22+00:00
14,artemis astronautas ii luna misión,756,2026-04-17 02:31:22+00:00,2026-04-17 02:31:22+00:00
0,españa internacional irán marca nuevo,750,2026-04-17 03:01:25+00:00,2026-04-17 03:01:25+00:00
1,com economía españa europa guerra,2399,2026-04-17 03:01:25+00:00,2026-04-17 03:01:25+00:00
2,dos gobierno pp tras vox,2097,2026-04-17 03:01:25+00:00,2026-04-17 03:01:25+00:00
3,amenaza estrecho irán ormuz trump,1522,2026-04-17 03:01:25+00:00,2026-04-17 03:01:25+00:00
4,españa fin madrid santa semana,606,2026-04-17 03:01:25+00:00,2026-04-17 03:01:25+00:00
5,directo guerra irán israel última,2192,2026-04-17 03:01:25+00:00,2026-04-17 03:01:25+00:00
6,años después dos muere tras,1459,2026-04-17 03:01:25+00:00,2026-04-17 03:01:25+00:00
7,artemis ser si sánchez tras,23934,2026-04-17 03:01:25+00:00,2026-04-17 03:01:25+00:00
8,atlético barcelona champions directo madrid,833,2026-04-17 03:01:25+00:00,2026-04-17 03:01:25+00:00
9,bayern directo madrid real zaragoza,1702,2026-04-17 03:01:25+00:00,2026-04-17 03:01:25+00:00
10,2026 abril comprobar horóscopo hoy,1118,2026-04-17 03:01:25+00:00,2026-04-17 03:01:25+00:00
11,000 22 españa euros millones,832,2026-04-17 03:01:25+00:00,2026-04-17 03:01:25+00:00
12,2026 com día internacional pueblo,2352,2026-04-17 03:01:25+00:00,2026-04-17 03:01:25+00:00
13,000 100 500 euros millón,981,2026-04-17 03:01:25+00:00,2026-04-17 03:01:25+00:00
14,039 años irán quot si,482,2026-04-17 03:01:25+00:00,2026-04-17 03:01:25+00:00
0,años detenido hombre ser tras,1584,2026-04-17 03:31:25+00:00,2026-04-17 03:31:25+00:00
1,años gobierno nuevo si sánchez,24367,2026-04-17 03:31:25+00:00,2026-04-17 03:31:25+00:00
2,directo guerra irán israel última,2165,2026-04-17 03:31:25+00:00,2026-04-17 03:31:25+00:00
3,000 años españa euros millones,1483,2026-04-17 03:31:25+00:00,2026-04-17 03:31:25+00:00
4,2026 abril comprobar horóscopo hoy,1111,2026-04-17 03:31:25+00:00,2026-04-17 03:31:25+00:00
5,2026 com día internacional pueblo,2384,2026-04-17 03:31:25+00:00,2026-04-17 03:31:25+00:00
6,amenaza estrecho irán ormuz trump,1507,2026-04-17 03:31:25+00:00,2026-04-17 03:31:25+00:00
7,casademont final parque real zaragoza,834,2026-04-17 03:31:25+00:00,2026-04-17 03:31:25+00:00
8,atlético barcelona champions directo madrid,717,2026-04-17 03:31:25+00:00,2026-04-17 03:31:25+00:00
9,039 años irán quot si,482,2026-04-17 03:31:25+00:00,2026-04-17 03:31:25+00:00
10,extremadura gobierno pp psoe vox,823,2026-04-17 03:31:25+00:00,2026-04-17 03:31:25+00:00
11,bayern champions directo madrid real,1145,2026-04-17 03:31:25+00:00,2026-04-17 03:31:25+00:00
12,artemis astronautas ii luna misión,741,2026-04-17 03:31:25+00:00,2026-04-17 03:31:25+00:00
13,com economía españa guerra millones,2604,2026-04-17 03:31:25+00:00,2026-04-17 03:31:25+00:00
14,años dos españa santa semana,1319,2026-04-17 03:31:25+00:00,2026-04-17 03:31:25+00:00
0,años detenido hombre ser tras,1598,2026-04-17 04:01:24+00:00,2026-04-17 04:01:24+00:00
1,amenaza estrecho irán ormuz trump,1462,2026-04-17 04:01:24+00:00,2026-04-17 04:01:24+00:00
2,2026 diario día internacional pueblo,2226,2026-04-17 04:01:24+00:00,2026-04-17 04:01:24+00:00
3,artemis astronautas ii luna misión,738,2026-04-17 04:01:24+00:00,2026-04-17 04:01:24+00:00
4,2026 abril comprobar horóscopo hoy,1165,2026-04-17 04:01:24+00:00,2026-04-17 04:01:24+00:00
5,economía españa europa guerra millones,2516,2026-04-17 04:01:24+00:00,2026-04-17 04:01:24+00:00
6,gobierno pp psoe regularización vox,1371,2026-04-17 04:01:24+00:00,2026-04-17 04:01:24+00:00
7,000 años dos euros nuevo,25578,2026-04-17 04:01:24+00:00,2026-04-17 04:01:24+00:00
8,directo guerra irán israel última,2113,2026-04-17 04:01:24+00:00,2026-04-17 04:01:24+00:00
9,casademont final parque real zaragoza,840,2026-04-17 04:01:24+00:00,2026-04-17 04:01:24+00:00
10,com elplural españa internacional irán,936,2026-04-17 04:01:24+00:00,2026-04-17 04:01:24+00:00
11,039 años irán quot si,482,2026-04-17 04:01:24+00:00,2026-04-17 04:01:24+00:00
12,2025 2026 declaración hacienda renta,355,2026-04-17 04:01:24+00:00,2026-04-17 04:01:24+00:00
13,españa fin madrid santa semana,594,2026-04-17 04:01:24+00:00,2026-04-17 04:01:24+00:00
14,atlético barcelona bayern madrid real,1274,2026-04-17 04:01:24+00:00,2026-04-17 04:01:24+00:00
0,años bilbao garcía joven tras,524,2026-04-17 04:31:24+00:00,2026-04-17 04:31:24+00:00
1,años dos quot tras zaragoza,26481,2026-04-17 04:31:24+00:00,2026-04-17 04:31:24+00:00
2,españa guerra irán oriente trump,1122,2026-04-17 04:31:24+00:00,2026-04-17 04:31:24+00:00
3,canaria españa gran internacional zaragoza,472,2026-04-17 04:31:24+00:00,2026-04-17 04:31:24+00:00
4,alto fuego irán israel líbano,992,2026-04-17 04:31:24+00:00,2026-04-17 04:31:24+00:00
5,españa internacional irán marca nuevo,755,2026-04-17 04:31:24+00:00,2026-04-17 04:31:24+00:00
6,2026 abril comprobar horóscopo hoy,1158,2026-04-17 04:31:24+00:00,2026-04-17 04:31:24+00:00
7,alcaraz barcelona carlos directo montecarlo,976,2026-04-17 04:31:24+00:00,2026-04-17 04:31:24+00:00
8,directo guerra hora irán última,667,2026-04-17 04:31:24+00:00,2026-04-17 04:31:24+00:00
9,eeuu estrecho irán ormuz trump,2059,2026-04-17 04:31:24+00:00,2026-04-17 04:31:24+00:00
10,2026 com día internacional pueblo,2360,2026-04-17 04:31:24+00:00,2026-04-17 04:31:24+00:00
11,com economía españa millones sánchez,2461,2026-04-17 04:31:24+00:00,2026-04-17 04:31:24+00:00
12,artemis ii luna misión tierra,761,2026-04-17 04:31:24+00:00,2026-04-17 04:31:24+00:00
13,000 españa euros millones millón,1288,2026-04-17 04:31:24+00:00,2026-04-17 04:31:24+00:00
14,atlético barcelona champions madrid real,1312,2026-04-17 04:31:24+00:00,2026-04-17 04:31:24+00:00
0,com españa europa guerra millones,2655,2026-04-17 05:01:30+00:00,2026-04-17 05:01:30+00:00
1,años dos españa heridos tras,959,2026-04-17 05:01:30+00:00,2026-04-17 05:01:30+00:00
2,amenaza estrecho irán ormuz trump,1464,2026-04-17 05:01:30+00:00,2026-04-17 05:01:30+00:00
3,2026 com día internacional pueblo,2429,2026-04-17 05:01:30+00:00,2026-04-17 05:01:30+00:00
4,2026 abril comprobar horóscopo hoy,1112,2026-04-17 05:01:30+00:00,2026-04-17 05:01:30+00:00
5,gobierno pp psoe tras vox,872,2026-04-17 05:01:30+00:00,2026-04-17 05:01:30+00:00
6,españa fin madrid santa semana,574,2026-04-17 05:01:30+00:00,2026-04-17 05:01:30+00:00
7,abril años hoy málaga picasso,522,2026-04-17 05:01:30+00:00,2026-04-17 05:01:30+00:00
8,directo guerra irán israel última,1978,2026-04-17 05:01:30+00:00,2026-04-17 05:01:30+00:00
9,alto así fuego irán líbano,1073,2026-04-17 05:01:30+00:00,2026-04-17 05:01:30+00:00
10,aldama directo juicio koldo ábalos,683,2026-04-17 05:01:30+00:00,2026-04-17 05:01:30+00:00
11,000 años euros quot zaragoza,24985,2026-04-17 05:01:30+00:00,2026-04-17 05:01:30+00:00
12,atlético barcelona madrid real tras,2597,2026-04-17 05:01:30+00:00,2026-04-17 05:01:30+00:00
13,artemis astronautas ii luna misión,755,2026-04-17 05:01:30+00:00,2026-04-17 05:01:30+00:00
14,españa internacional irán marca nuevo,762,2026-04-17 05:01:30+00:00,2026-04-17 05:01:30+00:00
0,cadena irán puede ser tras,771,2026-04-17 05:31:22+00:00,2026-04-17 05:31:22+00:00
1,china mundo nuevo pedro sánchez,1528,2026-04-17 05:31:22+00:00,2026-04-17 05:31:22+00:00
2,2026 com día internacional pueblo,2345,2026-04-17 05:31:22+00:00,2026-04-17 05:31:22+00:00
3,directo guerra irán israel trump,2888,2026-04-17 05:31:22+00:00,2026-04-17 05:31:22+00:00
4,2026 abril comprobar horóscopo hoy,1173,2026-04-17 05:31:22+00:00,2026-04-17 05:31:22+00:00
5,atlético barcelona bayern madrid real,1272,2026-04-17 05:31:22+00:00,2026-04-17 05:31:22+00:00
6,000 dos euros gobierno zaragoza,25444,2026-04-17 05:31:22+00:00,2026-04-17 05:31:22+00:00
7,artemis dos irán tras trump,1479,2026-04-17 05:31:22+00:00,2026-04-17 05:31:22+00:00
8,extremadura gobierno pp tras vox,515,2026-04-17 05:31:22+00:00,2026-04-17 05:31:22+00:00
9,039 años irán quot si,485,2026-04-17 05:31:22+00:00,2026-04-17 05:31:22+00:00
10,alcaraz carlos juan montecarlo sinner,547,2026-04-17 05:31:22+00:00,2026-04-17 05:31:22+00:00
11,años después dos muere tras,1432,2026-04-17 05:31:22+00:00,2026-04-17 05:31:22+00:00
12,años detenido hombre muerte tras,414,2026-04-17 05:31:22+00:00,2026-04-17 05:31:22+00:00
13,canaria españa gran internacional zaragoza,475,2026-04-17 05:31:22+00:00,2026-04-17 05:31:22+00:00
14,com economía españa guerra millones,2671,2026-04-17 05:31:22+00:00,2026-04-17 05:31:22+00:00
0,directo guerra irán israel última,2149,2026-04-17 06:01:29+00:00,2026-04-17 06:01:29+00:00
1,detenido real tras vox zaragoza,1978,2026-04-17 06:01:29+00:00,2026-04-17 06:01:29+00:00
2,años después hace tras tres,1261,2026-04-17 06:01:29+00:00,2026-04-17 06:01:29+00:00
3,000 españa euros millones millón,1459,2026-04-17 06:01:29+00:00,2026-04-17 06:01:29+00:00
4,atlético barcelona champions directo madrid,835,2026-04-17 06:01:29+00:00,2026-04-17 06:01:29+00:00
5,deportivo españa internacional mundo trump,570,2026-04-17 06:01:29+00:00,2026-04-17 06:01:29+00:00
6,años hombre muere tras tren,318,2026-04-17 06:01:29+00:00,2026-04-17 06:01:29+00:00
7,com economía españa guerra sánchez,2632,2026-04-17 06:01:29+00:00,2026-04-17 06:01:29+00:00
8,gobierno madrid pp quot sánchez,24769,2026-04-17 06:01:29+00:00,2026-04-17 06:01:29+00:00
9,cadena puede ser tras trump,798,2026-04-17 06:01:29+00:00,2026-04-17 06:01:29+00:00
10,2026 com día internacional pueblo,2372,2026-04-17 06:01:29+00:00,2026-04-17 06:01:29+00:00
11,amenaza estrecho irán ormuz trump,1460,2026-04-17 06:01:29+00:00,2026-04-17 06:01:29+00:00
12,años detenidos dos españa tras,965,2026-04-17 06:01:29+00:00,2026-04-17 06:01:29+00:00
13,2026 abril comprobar horóscopo hoy,1159,2026-04-17 06:01:29+00:00,2026-04-17 06:01:29+00:00
14,artemis astronautas ii luna misión,744,2026-04-17 06:01:29+00:00,2026-04-17 06:01:29+00:00
0,gobierno pp quot si sánchez,24836,2026-04-17 06:31:20+00:00,2026-04-17 06:31:20+00:00
1,años españa internacional mejor mundo,357,2026-04-17 06:31:20+00:00,2026-04-17 06:31:20+00:00
2,años dos españa heridos tras,955,2026-04-17 06:31:20+00:00,2026-04-17 06:31:20+00:00
3,español hace historia lado sánchez,362,2026-04-17 06:31:20+00:00,2026-04-17 06:31:20+00:00
4,artemis así irán sido tras,706,2026-04-17 06:31:20+00:00,2026-04-17 06:31:20+00:00
5,casademont final parque real zaragoza,804,2026-04-17 06:31:20+00:00,2026-04-17 06:31:20+00:00
6,com economía españa guerra millones,2585,2026-04-17 06:31:20+00:00,2026-04-17 06:31:20+00:00
7,amenaza estrecho irán ormuz trump,1550,2026-04-17 06:31:20+00:00,2026-04-17 06:31:20+00:00
8,2026 abril comprobar horóscopo hoy,1123,2026-04-17 06:31:20+00:00,2026-04-17 06:31:20+00:00
9,atlético años barcelona madrid real,2200,2026-04-17 06:31:20+00:00,2026-04-17 06:31:20+00:00
10,años detenido hombre ser tras,1672,2026-04-17 06:31:20+00:00,2026-04-17 06:31:20+00:00
11,edición españa internacional nueva york,660,2026-04-17 06:31:20+00:00,2026-04-17 06:31:20+00:00
12,2026 com día internacional pueblo,2368,2026-04-17 06:31:20+00:00,2026-04-17 06:31:20+00:00
13,000 españa euros millones millón,1240,2026-04-17 06:31:20+00:00,2026-04-17 06:31:20+00:00
14,directo guerra irán israel última,2085,2026-04-17 06:31:20+00:00,2026-04-17 06:31:20+00:00
0,edición españa internacional nueva york,638,2026-04-17 07:01:26+00:00,2026-04-17 07:01:26+00:00
1,años después dos muere tras,1925,2026-04-17 07:01:26+00:00,2026-04-17 07:01:26+00:00
2,guerra irán israel ormuz trump,2680,2026-04-17 07:01:26+00:00,2026-04-17 07:01:26+00:00
3,000 2026 abril hoy tras,25994,2026-04-17 07:01:26+00:00,2026-04-17 07:01:26+00:00
4,españa gobierno pp regularización vox,861,2026-04-17 07:01:26+00:00,2026-04-17 07:01:26+00:00
5,elecciones hungría magyar orbán péter,481,2026-04-17 07:01:26+00:00,2026-04-17 07:01:26+00:00
6,2026 com diario festival internacional,2035,2026-04-17 07:01:26+00:00,2026-04-17 07:01:26+00:00
7,atlético barcelona bayern madrid real,1285,2026-04-17 07:01:26+00:00,2026-04-17 07:01:26+00:00
8,así casademont final real zaragoza,1242,2026-04-17 07:01:26+00:00,2026-04-17 07:01:26+00:00
9,039 años irán quot si,485,2026-04-17 07:01:26+00:00,2026-04-17 07:01:26+00:00
10,celebra día gitano internacional pueblo,744,2026-04-17 07:01:26+00:00,2026-04-17 07:01:26+00:00
11,com economía españa guerra millones,2646,2026-04-17 07:01:26+00:00,2026-04-17 07:01:26+00:00
12,abril hoy málaga picasso semana,549,2026-04-17 07:01:26+00:00,2026-04-17 07:01:26+00:00
13,alto fuego irán israel líbano,628,2026-04-17 07:01:26+00:00,2026-04-17 07:01:26+00:00
14,cadena china pedro ser sánchez,1330,2026-04-17 07:01:26+00:00,2026-04-17 07:01:26+00:00
0,000 dos euros quot zaragoza,25456,2026-04-17 07:31:25+00:00,2026-04-17 07:31:25+00:00
1,com españa europa guerra millones,2586,2026-04-17 07:31:25+00:00,2026-04-17 07:31:25+00:00
2,artemis luna ser tras vox,1543,2026-04-17 07:31:25+00:00,2026-04-17 07:31:25+00:00
3,2026 abril comprobar horóscopo hoy,1155,2026-04-17 07:31:25+00:00,2026-04-17 07:31:25+00:00
4,2026 com día internacional pueblo,2378,2026-04-17 07:31:25+00:00,2026-04-17 07:31:25+00:00
5,años después dos muere tras,1476,2026-04-17 07:31:25+00:00,2026-04-17 07:31:25+00:00
6,directo guerra hora irán última,1321,2026-04-17 07:31:25+00:00,2026-04-17 07:31:25+00:00
7,aldama juicio kitchen koldo ábalos,766,2026-04-17 07:31:25+00:00,2026-04-17 07:31:25+00:00
8,eeuu estrecho irán ormuz trump,1969,2026-04-17 07:31:25+00:00,2026-04-17 07:31:25+00:00
9,españa gobierno pp regularización vox,869,2026-04-17 07:31:25+00:00,2026-04-17 07:31:25+00:00
10,alto fuego irán israel líbano,965,2026-04-17 07:31:25+00:00,2026-04-17 07:31:25+00:00
11,atlético barcelona bayern madrid real,1269,2026-04-17 07:31:25+00:00,2026-04-17 07:31:25+00:00
12,000 españa internacional marca nuevo,757,2026-04-17 07:31:25+00:00,2026-04-17 07:31:25+00:00
13,años detenido hombre muerte tras,412,2026-04-17 07:31:25+00:00,2026-04-17 07:31:25+00:00
14,cómo declaración irán renta ver,618,2026-04-17 07:31:25+00:00,2026-04-17 07:31:25+00:00
0,alto fuego irán israel líbano,829,2026-04-17 08:01:24+00:00,2026-04-17 08:01:24+00:00
1,2026 com día internacional pueblo,2322,2026-04-17 08:01:24+00:00,2026-04-17 08:01:24+00:00
2,abril hoy málaga picasso semana,537,2026-04-17 08:01:24+00:00,2026-04-17 08:01:24+00:00
3,artemis años detenido ser tras,1690,2026-04-17 08:01:24+00:00,2026-04-17 08:01:24+00:00
4,com economía españa guerra millones,2423,2026-04-17 08:01:24+00:00,2026-04-17 08:01:24+00:00
5,directo guerra hora irán última,1871,2026-04-17 08:01:24+00:00,2026-04-17 08:01:24+00:00
6,dos nuevo quot si zaragoza,24193,2026-04-17 08:01:24+00:00,2026-04-17 08:01:24+00:00
7,000 10 años españa millones,622,2026-04-17 08:01:24+00:00,2026-04-17 08:01:24+00:00
8,gobierno juicio koldo semana ábalos,1915,2026-04-17 08:01:24+00:00,2026-04-17 08:01:24+00:00
9,amenaza estrecho irán ormuz trump,1474,2026-04-17 08:01:24+00:00,2026-04-17 08:01:24+00:00
10,000 españa euros millones millón,812,2026-04-17 08:01:24+00:00,2026-04-17 08:01:24+00:00
11,atlético barcelona champions directo madrid,845,2026-04-17 08:01:24+00:00,2026-04-17 08:01:24+00:00
12,años bayern madrid real zaragoza,2298,2026-04-17 08:01:24+00:00,2026-04-17 08:01:24+00:00
13,2026 abril comprobar horóscopo hoy,1127,2026-04-17 08:01:24+00:00,2026-04-17 08:01:24+00:00
14,españa europa internacional irán press,597,2026-04-17 08:01:24+00:00,2026-04-17 08:01:24+00:00
