sentiment,count,pct,avg_score,last_update,cycle
neutral,2441,75.5,0.0,2026-03-07 14:43,2026-03-07 14:43
negativo,545,16.9,-0.303,2026-03-07 14:43,2026-03-07 14:43
positivo,245,7.6,0.28,2026-03-07 14:43,2026-03-07 14:43
neutral,2486,75.5,0.0,2026-03-07 15:02,2026-03-07 15:02
negativo,555,16.9,-0.302,2026-03-07 15:02,2026-03-07 15:02
positivo,250,7.6,0.281,2026-03-07 15:02,2026-03-07 15:02
neutral,2507,75.5,0.0,2026-03-07 15:31,2026-03-07 15:31
negativo,564,17.0,-0.303,2026-03-07 15:31,2026-03-07 15:31
positivo,251,7.6,0.281,2026-03-07 15:31,2026-03-07 15:31
neutral,2539,75.5,0.0,2026-03-07 16:02,2026-03-07 16:02
negativo,569,16.9,-0.302,2026-03-07 16:02,2026-03-07 16:02
positivo,253,7.5,0.282,2026-03-07 16:02,2026-03-07 16:02
neutral,2569,75.5,0.0,2026-03-07 16:32,2026-03-07 16:32
negativo,576,16.9,-0.302,2026-03-07 16:32,2026-03-07 16:32
positivo,256,7.5,0.282,2026-03-07 16:32,2026-03-07 16:32
neutral,2596,75.5,0.0,2026-03-07 17:02,2026-03-07 17:02
negativo,583,17.0,-0.302,2026-03-07 17:02,2026-03-07 17:02
positivo,258,7.5,0.282,2026-03-07 17:02,2026-03-07 17:02
neutral,2619,75.4,0.0,2026-03-07 17:32,2026-03-07 17:32
negativo,589,17.0,-0.302,2026-03-07 17:32,2026-03-07 17:32
positivo,265,7.6,0.282,2026-03-07 17:32,2026-03-07 17:32
neutral,2650,75.4,0.0,2026-03-07 18:02,2026-03-07 18:02
negativo,595,16.9,-0.302,2026-03-07 18:02,2026-03-07 18:02
positivo,271,7.7,0.281,2026-03-07 18:02,2026-03-07 18:02
neutral,2690,75.4,0.0,2026-03-07 18:31,2026-03-07 18:31
negativo,603,16.9,-0.302,2026-03-07 18:31,2026-03-07 18:31
positivo,275,7.7,0.282,2026-03-07 18:31,2026-03-07 18:31
neutral,2731,75.4,0.0,2026-03-07 19:02,2026-03-07 19:02
negativo,611,16.9,-0.302,2026-03-07 19:02,2026-03-07 19:02
positivo,282,7.8,0.281,2026-03-07 19:02,2026-03-07 19:02
neutral,2773,75.5,0.0,2026-03-07 19:32,2026-03-07 19:32
negativo,615,16.7,-0.301,2026-03-07 19:32,2026-03-07 19:32
positivo,284,7.7,0.281,2026-03-07 19:32,2026-03-07 19:32
neutral,2808,75.4,0.0,2026-03-07 20:02,2026-03-07 20:02
negativo,623,16.7,-0.301,2026-03-07 20:02,2026-03-07 20:02
positivo,291,7.8,0.282,2026-03-07 20:02,2026-03-07 20:02
neutral,2853,75.5,0.0,2026-03-07 20:32,2026-03-07 20:32
negativo,631,16.7,-0.3,2026-03-07 20:32,2026-03-07 20:32
positivo,295,7.8,0.282,2026-03-07 20:32,2026-03-07 20:32
neutral,2901,75.5,0.0,2026-03-07 21:02,2026-03-07 21:02
negativo,641,16.7,-0.3,2026-03-07 21:02,2026-03-07 21:02
positivo,300,7.8,0.282,2026-03-07 21:02,2026-03-07 21:02
neutral,2937,75.4,0.0,2026-03-07 21:32,2026-03-07 21:32
negativo,651,16.7,-0.3,2026-03-07 21:32,2026-03-07 21:32
positivo,306,7.9,0.282,2026-03-07 21:32,2026-03-07 21:32
neutral,2963,75.4,0.0,2026-03-07 22:02,2026-03-07 22:02
negativo,655,16.7,-0.3,2026-03-07 22:02,2026-03-07 22:02
positivo,310,7.9,0.283,2026-03-07 22:02,2026-03-07 22:02
neutral,2983,75.4,0.0,2026-03-07 22:32,2026-03-07 22:32
negativo,659,16.7,-0.3,2026-03-07 22:32,2026-03-07 22:32
positivo,315,8.0,0.283,2026-03-07 22:32,2026-03-07 22:32
neutral,3007,75.4,0.0,2026-03-07 23:02,2026-03-07 23:02
negativo,661,16.6,-0.3,2026-03-07 23:02,2026-03-07 23:02
positivo,318,8.0,0.283,2026-03-07 23:02,2026-03-07 23:02
neutral,3027,75.4,0.0,2026-03-07 23:32,2026-03-07 23:32
negativo,666,16.6,-0.299,2026-03-07 23:32,2026-03-07 23:32
positivo,321,8.0,0.282,2026-03-07 23:32,2026-03-07 23:32
neutral,3044,75.3,0.0,2026-03-08 00:02,2026-03-08 00:02
negativo,672,16.6,-0.299,2026-03-08 00:02,2026-03-08 00:02
positivo,324,8.0,0.282,2026-03-08 00:02,2026-03-08 00:02
neutral,3100,75.3,0.0,2026-03-08 00:32,2026-03-08 00:32
negativo,688,16.7,-0.299,2026-03-08 00:32,2026-03-08 00:32
positivo,328,8.0,0.282,2026-03-08 00:32,2026-03-08 00:32
neutral,3123,75.4,0.0,2026-03-08 01:02,2026-03-08 01:02
negativo,691,16.7,-0.3,2026-03-08 01:02,2026-03-08 01:02
positivo,330,8.0,0.282,2026-03-08 01:02,2026-03-08 01:02
neutral,3153,75.4,0.0,2026-03-08 01:32,2026-03-08 01:32
negativo,698,16.7,-0.3,2026-03-08 01:32,2026-03-08 01:32
positivo,333,8.0,0.282,2026-03-08 01:32,2026-03-08 01:32
neutral,3159,75.4,0.0,2026-03-08 02:02,2026-03-08 02:02
negativo,700,16.7,-0.3,2026-03-08 02:02,2026-03-08 02:02
positivo,333,7.9,0.282,2026-03-08 02:02,2026-03-08 02:02
neutral,3167,75.4,0.0,2026-03-08 02:32,2026-03-08 02:32
negativo,701,16.7,-0.3,2026-03-08 02:32,2026-03-08 02:32
positivo,333,7.9,0.282,2026-03-08 02:32,2026-03-08 02:32
neutral,3170,75.3,0.0,2026-03-08 03:02,2026-03-08 03:02
negativo,704,16.7,-0.301,2026-03-08 03:02,2026-03-08 03:02
positivo,334,7.9,0.282,2026-03-08 03:02,2026-03-08 03:02
neutral,3172,75.3,0.0,2026-03-08 03:32,2026-03-08 03:32
negativo,704,16.7,-0.301,2026-03-08 03:32,2026-03-08 03:32
positivo,335,8.0,0.282,2026-03-08 03:32,2026-03-08 03:32
neutral,3188,75.2,0.0,2026-03-08 04:02,2026-03-08 04:02
negativo,714,16.8,-0.301,2026-03-08 04:02,2026-03-08 04:02
positivo,337,7.9,0.282,2026-03-08 04:02,2026-03-08 04:02
neutral,3196,75.2,0.0,2026-03-08 04:31,2026-03-08 04:31
negativo,714,16.8,-0.301,2026-03-08 04:31,2026-03-08 04:31
positivo,338,8.0,0.282,2026-03-08 04:31,2026-03-08 04:31
neutral,3209,75.2,0.0,2026-03-08 05:02,2026-03-08 05:02
negativo,715,16.8,-0.3,2026-03-08 05:02,2026-03-08 05:02
positivo,341,8.0,0.281,2026-03-08 05:02,2026-03-08 05:02
neutral,3298,75.3,0.0,2026-03-08 05:32,2026-03-08 05:32
negativo,735,16.8,-0.301,2026-03-08 05:32,2026-03-08 05:32
positivo,348,7.9,0.282,2026-03-08 05:32,2026-03-08 05:32
neutral,3327,75.2,0.0,2026-03-08 06:02,2026-03-08 06:02
negativo,742,16.8,-0.301,2026-03-08 06:02,2026-03-08 06:02
positivo,353,8.0,0.283,2026-03-08 06:02,2026-03-08 06:02
neutral,3444,75.4,0.0,2026-03-08 06:32,2026-03-08 06:32
negativo,762,16.7,-0.301,2026-03-08 06:32,2026-03-08 06:32
positivo,363,7.9,0.282,2026-03-08 06:32,2026-03-08 06:32
neutral,3483,75.5,0.0,2026-03-08 07:02,2026-03-08 07:02
negativo,766,16.6,-0.301,2026-03-08 07:02,2026-03-08 07:02
positivo,367,8.0,0.282,2026-03-08 07:02,2026-03-08 07:02
neutral,3541,75.6,0.0,2026-03-08 07:32,2026-03-08 07:32
negativo,772,16.5,-0.301,2026-03-08 07:32,2026-03-08 07:32
positivo,368,7.9,0.282,2026-03-08 07:32,2026-03-08 07:32
neutral,3589,75.7,0.0,2026-03-08 08:02,2026-03-08 08:02
negativo,780,16.5,-0.301,2026-03-08 08:02,2026-03-08 08:02
positivo,370,7.8,0.282,2026-03-08 08:02,2026-03-08 08:02
neutral,3638,75.7,0.0,2026-03-08 08:32,2026-03-08 08:32
negativo,794,16.5,-0.301,2026-03-08 08:32,2026-03-08 08:32
positivo,376,7.8,0.283,2026-03-08 08:32,2026-03-08 08:32
neutral,3669,75.5,0.0,2026-03-08 09:02,2026-03-08 09:02
negativo,808,16.6,-0.301,2026-03-08 09:02,2026-03-08 09:02
positivo,383,7.9,0.282,2026-03-08 09:02,2026-03-08 09:02
neutral,3704,75.5,0.0,2026-03-08 09:32,2026-03-08 09:32
negativo,817,16.7,-0.302,2026-03-08 09:32,2026-03-08 09:32
positivo,385,7.8,0.282,2026-03-08 09:32,2026-03-08 09:32
neutral,3735,75.5,0.0,2026-03-08 10:02,2026-03-08 10:02
negativo,824,16.7,-0.303,2026-03-08 10:02,2026-03-08 10:02
positivo,387,7.8,0.282,2026-03-08 10:02,2026-03-08 10:02
neutral,3773,75.5,0.0,2026-03-08 10:32,2026-03-08 10:32
negativo,834,16.7,-0.302,2026-03-08 10:32,2026-03-08 10:32
positivo,391,7.8,0.282,2026-03-08 10:32,2026-03-08 10:32
neutral,3804,75.3,0.0,2026-03-08 11:02,2026-03-08 11:02
negativo,847,16.8,-0.302,2026-03-08 11:02,2026-03-08 11:02
positivo,399,7.9,0.282,2026-03-08 11:02,2026-03-08 11:02
neutral,3837,75.3,0.0,2026-03-08 11:32,2026-03-08 11:32
negativo,860,16.9,-0.302,2026-03-08 11:32,2026-03-08 11:32
positivo,400,7.8,0.282,2026-03-08 11:32,2026-03-08 11:32
neutral,3867,75.2,0.0,2026-03-08 12:02,2026-03-08 12:02
negativo,873,17.0,-0.302,2026-03-08 12:02,2026-03-08 12:02
positivo,401,7.8,0.282,2026-03-08 12:02,2026-03-08 12:02
neutral,3898,75.1,0.0,2026-03-08 12:32,2026-03-08 12:32
negativo,887,17.1,-0.301,2026-03-08 12:32,2026-03-08 12:32
positivo,402,7.8,0.282,2026-03-08 12:32,2026-03-08 12:32
neutral,3926,75.1,0.0,2026-03-08 13:02,2026-03-08 13:02
negativo,897,17.2,-0.301,2026-03-08 13:02,2026-03-08 13:02
positivo,404,7.7,0.282,2026-03-08 13:02,2026-03-08 13:02
neutral,3962,75.1,0.0,2026-03-08 13:32,2026-03-08 13:32
negativo,906,17.2,-0.301,2026-03-08 13:32,2026-03-08 13:32
positivo,407,7.7,0.281,2026-03-08 13:32,2026-03-08 13:32
neutral,4006,75.1,0.0,2026-03-08 14:02,2026-03-08 14:02
negativo,918,17.2,-0.3,2026-03-08 14:02,2026-03-08 14:02
positivo,413,7.7,0.281,2026-03-08 14:02,2026-03-08 14:02
neutral,4055,74.9,0.0,2026-03-08 14:32,2026-03-08 14:32
negativo,944,17.4,-0.3,2026-03-08 14:32,2026-03-08 14:32
positivo,416,7.7,0.281,2026-03-08 14:32,2026-03-08 14:32
neutral,4096,74.9,0.0,2026-03-08 15:02,2026-03-08 15:02
negativo,952,17.4,-0.3,2026-03-08 15:02,2026-03-08 15:02
positivo,420,7.7,0.282,2026-03-08 15:02,2026-03-08 15:02
neutral,4118,74.8,0.0,2026-03-08 15:32,2026-03-08 15:32
negativo,960,17.4,-0.299,2026-03-08 15:32,2026-03-08 15:32
positivo,424,7.7,0.281,2026-03-08 15:32,2026-03-08 15:32
neutral,4147,74.9,0.0,2026-03-08 16:02,2026-03-08 16:02
negativo,966,17.4,-0.299,2026-03-08 16:02,2026-03-08 16:02
positivo,427,7.7,0.282,2026-03-08 16:02,2026-03-08 16:02
neutral,4178,74.9,0.0,2026-03-08 16:32,2026-03-08 16:32
negativo,974,17.5,-0.299,2026-03-08 16:32,2026-03-08 16:32
positivo,429,7.7,0.281,2026-03-08 16:32,2026-03-08 16:32
neutral,4207,74.8,0.0,2026-03-08 17:02,2026-03-08 17:02
negativo,982,17.5,-0.299,2026-03-08 17:02,2026-03-08 17:02
positivo,434,7.7,0.282,2026-03-08 17:02,2026-03-08 17:02
neutral,4241,74.7,0.0,2026-03-08 17:32,2026-03-08 17:32
negativo,995,17.5,-0.299,2026-03-08 17:32,2026-03-08 17:32
positivo,438,7.7,0.282,2026-03-08 17:32,2026-03-08 17:32
neutral,4276,74.7,0.0,2026-03-08 18:02,2026-03-08 18:02
negativo,1011,17.7,-0.298,2026-03-08 18:02,2026-03-08 18:02
positivo,440,7.7,0.282,2026-03-08 18:02,2026-03-08 18:02
neutral,4319,74.7,0.0,2026-03-08 18:32,2026-03-08 18:32
negativo,1021,17.6,-0.298,2026-03-08 18:32,2026-03-08 18:32
positivo,445,7.7,0.281,2026-03-08 18:32,2026-03-08 18:32
neutral,4349,74.7,0.0,2026-03-08 19:02,2026-03-08 19:02
negativo,1025,17.6,-0.298,2026-03-08 19:02,2026-03-08 19:02
positivo,448,7.7,0.281,2026-03-08 19:02,2026-03-08 19:02
neutral,4390,74.7,0.0,2026-03-08 19:32,2026-03-08 19:32
negativo,1037,17.6,-0.298,2026-03-08 19:32,2026-03-08 19:32
positivo,449,7.6,0.281,2026-03-08 19:32,2026-03-08 19:32
neutral,4426,74.7,0.0,2026-03-08 20:02,2026-03-08 20:02
negativo,1048,17.7,-0.299,2026-03-08 20:02,2026-03-08 20:02
positivo,453,7.6,0.281,2026-03-08 20:02,2026-03-08 20:02
neutral,4458,74.7,0.0,2026-03-08 20:32,2026-03-08 20:32
negativo,1057,17.7,-0.299,2026-03-08 20:32,2026-03-08 20:32
positivo,454,7.6,0.281,2026-03-08 20:32,2026-03-08 20:32
neutral,4478,74.6,0.0,2026-03-08 21:02,2026-03-08 21:02
negativo,1064,17.7,-0.299,2026-03-08 21:02,2026-03-08 21:02
positivo,458,7.6,0.281,2026-03-08 21:02,2026-03-08 21:02
neutral,4503,74.6,0.0,2026-03-08 21:32,2026-03-08 21:32
negativo,1073,17.8,-0.298,2026-03-08 21:32,2026-03-08 21:32
positivo,463,7.7,0.281,2026-03-08 21:32,2026-03-08 21:32
neutral,4525,74.6,0.0,2026-03-08 22:02,2026-03-08 22:02
negativo,1076,17.7,-0.298,2026-03-08 22:02,2026-03-08 22:02
positivo,465,7.7,0.281,2026-03-08 22:02,2026-03-08 22:02
neutral,4550,74.6,0.0,2026-03-08 22:32,2026-03-08 22:32
negativo,1083,17.8,-0.298,2026-03-08 22:32,2026-03-08 22:32
positivo,466,7.6,0.281,2026-03-08 22:32,2026-03-08 22:32
neutral,4571,74.6,0.0,2026-03-08 23:02,2026-03-08 23:02
negativo,1092,17.8,-0.298,2026-03-08 23:02,2026-03-08 23:02
positivo,467,7.6,0.281,2026-03-08 23:02,2026-03-08 23:02
neutral,4593,74.6,0.0,2026-03-08 23:32,2026-03-08 23:32
negativo,1097,17.8,-0.299,2026-03-08 23:32,2026-03-08 23:32
positivo,468,7.6,0.281,2026-03-08 23:32,2026-03-08 23:32
neutral,4612,74.6,0.0,2026-03-09 00:02,2026-03-09 00:02
negativo,1100,17.8,-0.299,2026-03-09 00:02,2026-03-09 00:02
positivo,473,7.6,0.281,2026-03-09 00:02,2026-03-09 00:02
neutral,4659,74.6,0.0,2026-03-09 00:32,2026-03-09 00:32
negativo,1114,17.8,-0.298,2026-03-09 00:32,2026-03-09 00:32
positivo,476,7.6,0.281,2026-03-09 00:32,2026-03-09 00:32
neutral,4705,74.6,0.0,2026-03-09 01:02,2026-03-09 01:02
negativo,1120,17.8,-0.299,2026-03-09 01:02,2026-03-09 01:02
positivo,483,7.7,0.282,2026-03-09 01:02,2026-03-09 01:02
neutral,4717,74.6,0.0,2026-03-09 01:32,2026-03-09 01:32
negativo,1123,17.8,-0.299,2026-03-09 01:32,2026-03-09 01:32
positivo,484,7.7,0.282,2026-03-09 01:32,2026-03-09 01:32
neutral,4722,74.6,0.0,2026-03-09 02:02,2026-03-09 02:02
negativo,1125,17.8,-0.299,2026-03-09 02:02,2026-03-09 02:02
positivo,486,7.7,0.282,2026-03-09 02:02,2026-03-09 02:02
neutral,4725,74.6,0.0,2026-03-09 02:32,2026-03-09 02:32
negativo,1125,17.8,-0.299,2026-03-09 02:32,2026-03-09 02:32
positivo,487,7.7,0.282,2026-03-09 02:32,2026-03-09 02:32
neutral,4729,74.6,0.0,2026-03-09 03:02,2026-03-09 03:02
negativo,1125,17.7,-0.299,2026-03-09 03:02,2026-03-09 03:02
positivo,488,7.7,0.282,2026-03-09 03:02,2026-03-09 03:02
neutral,4744,74.6,0.0,2026-03-09 03:32,2026-03-09 03:32
negativo,1126,17.7,-0.299,2026-03-09 03:32,2026-03-09 03:32
positivo,488,7.7,0.282,2026-03-09 03:32,2026-03-09 03:32
neutral,4767,74.7,0.0,2026-03-09 04:02,2026-03-09 04:02
negativo,1128,17.7,-0.299,2026-03-09 04:02,2026-03-09 04:02
positivo,489,7.7,0.282,2026-03-09 04:02,2026-03-09 04:02
neutral,4781,74.7,0.0,2026-03-09 04:32,2026-03-09 04:32
negativo,1130,17.6,-0.298,2026-03-09 04:32,2026-03-09 04:32
positivo,492,7.7,0.281,2026-03-09 04:32,2026-03-09 04:32
neutral,4790,74.7,0.0,2026-03-09 05:02,2026-03-09 05:02
negativo,1132,17.6,-0.299,2026-03-09 05:02,2026-03-09 05:02
positivo,493,7.7,0.281,2026-03-09 05:02,2026-03-09 05:02
neutral,4857,74.8,0.0,2026-03-09 05:32,2026-03-09 05:32
negativo,1139,17.5,-0.299,2026-03-09 05:32,2026-03-09 05:32
positivo,498,7.7,0.282,2026-03-09 05:32,2026-03-09 05:32
neutral,4886,74.8,0.0,2026-03-09 06:02,2026-03-09 06:02
negativo,1144,17.5,-0.299,2026-03-09 06:02,2026-03-09 06:02
positivo,502,7.7,0.283,2026-03-09 06:02,2026-03-09 06:02
neutral,5007,74.9,0.0,2026-03-09 06:32,2026-03-09 06:32
negativo,1164,17.4,-0.3,2026-03-09 06:32,2026-03-09 06:32
positivo,510,7.6,0.282,2026-03-09 06:32,2026-03-09 06:32
neutral,5054,75.0,0.0,2026-03-09 07:02,2026-03-09 07:02
negativo,1173,17.4,-0.3,2026-03-09 07:02,2026-03-09 07:02
positivo,514,7.6,0.282,2026-03-09 07:02,2026-03-09 07:02
neutral,5105,75.0,0.0,2026-03-09 07:32,2026-03-09 07:32
negativo,1181,17.3,-0.3,2026-03-09 07:32,2026-03-09 07:32
positivo,522,7.7,0.282,2026-03-09 07:32,2026-03-09 07:32
neutral,5209,75.1,0.0,2026-03-09 08:02,2026-03-09 08:02
negativo,1197,17.3,-0.3,2026-03-09 08:02,2026-03-09 08:02
positivo,530,7.6,0.282,2026-03-09 08:02,2026-03-09 08:02
neutral,5254,75.1,0.0,2026-03-09 08:32,2026-03-09 08:32
negativo,1206,17.2,-0.3,2026-03-09 08:32,2026-03-09 08:32
positivo,533,7.6,0.282,2026-03-09 08:32,2026-03-09 08:32
neutral,5294,75.1,0.0,2026-03-09 09:02,2026-03-09 09:02
negativo,1216,17.2,-0.3,2026-03-09 09:02,2026-03-09 09:02
positivo,540,7.7,0.282,2026-03-09 09:02,2026-03-09 09:02
neutral,5361,75.2,0.0,2026-03-09 09:32,2026-03-09 09:32
negativo,1226,17.2,-0.3,2026-03-09 09:32,2026-03-09 09:32
positivo,546,7.7,0.282,2026-03-09 09:32,2026-03-09 09:32
neutral,5270,75.0,0.0,2026-03-09 10:07,2026-03-09 10:07
negativo,1218,17.3,-0.301,2026-03-09 10:07,2026-03-09 10:07
positivo,539,7.7,0.279,2026-03-09 10:07,2026-03-09 10:07
neutral,5306,75.0,0.0,2026-03-09 10:32,2026-03-09 10:32
negativo,1233,17.4,-0.301,2026-03-09 10:32,2026-03-09 10:32
positivo,540,7.6,0.279,2026-03-09 10:32,2026-03-09 10:32
neutral,5386,75.0,0.0,2026-03-09 11:02,2026-03-09 11:02
negativo,1245,17.3,-0.3,2026-03-09 11:02,2026-03-09 11:02
positivo,546,7.6,0.279,2026-03-09 11:02,2026-03-09 11:02
neutral,5449,74.9,0.0,2026-03-09 11:32,2026-03-09 11:32
negativo,1265,17.4,-0.301,2026-03-09 11:32,2026-03-09 11:32
positivo,557,7.7,0.279,2026-03-09 11:32,2026-03-09 11:32
neutral,5517,74.8,0.0,2026-03-09 12:02,2026-03-09 12:02
negativo,1289,17.5,-0.301,2026-03-09 12:02,2026-03-09 12:02
positivo,569,7.7,0.279,2026-03-09 12:02,2026-03-09 12:02
neutral,5600,74.8,0.0,2026-03-09 12:32,2026-03-09 12:32
negativo,1315,17.6,-0.301,2026-03-09 12:32,2026-03-09 12:32
positivo,574,7.7,0.279,2026-03-09 12:32,2026-03-09 12:32
neutral,5691,74.8,-0.0,2026-03-09 13:02,2026-03-09 13:02
negativo,1335,17.6,-0.3,2026-03-09 13:02,2026-03-09 13:02
positivo,578,7.6,0.279,2026-03-09 13:02,2026-03-09 13:02
neutral,5784,74.8,-0.0,2026-03-09 13:32,2026-03-09 13:32
negativo,1358,17.6,-0.3,2026-03-09 13:32,2026-03-09 13:32
positivo,586,7.6,0.279,2026-03-09 13:32,2026-03-09 13:32
neutral,5859,74.8,-0.0,2026-03-09 14:02,2026-03-09 14:02
negativo,1380,17.6,-0.3,2026-03-09 14:02,2026-03-09 14:02
positivo,596,7.6,0.278,2026-03-09 14:02,2026-03-09 14:02
neutral,5939,74.8,-0.0,2026-03-09 14:32,2026-03-09 14:32
negativo,1394,17.6,-0.301,2026-03-09 14:32,2026-03-09 14:32
positivo,609,7.7,0.278,2026-03-09 14:32,2026-03-09 14:32
neutral,5990,74.8,-0.0,2026-03-09 15:02,2026-03-09 15:02
negativo,1403,17.5,-0.3,2026-03-09 15:02,2026-03-09 15:02
positivo,614,7.7,0.278,2026-03-09 15:02,2026-03-09 15:02
neutral,6051,74.8,-0.0,2026-03-09 15:32,2026-03-09 15:32
negativo,1418,17.5,-0.301,2026-03-09 15:32,2026-03-09 15:32
positivo,620,7.7,0.278,2026-03-09 15:32,2026-03-09 15:32
neutral,6129,74.8,-0.0,2026-03-09 16:02,2026-03-09 16:02
negativo,1437,17.5,-0.302,2026-03-09 16:02,2026-03-09 16:02
positivo,624,7.6,0.277,2026-03-09 16:02,2026-03-09 16:02
neutral,6203,74.8,-0.0,2026-03-09 16:32,2026-03-09 16:32
negativo,1454,17.5,-0.302,2026-03-09 16:32,2026-03-09 16:32
positivo,631,7.6,0.278,2026-03-09 16:32,2026-03-09 16:32
neutral,6282,74.9,-0.0,2026-03-09 17:02,2026-03-09 17:02
negativo,1473,17.6,-0.303,2026-03-09 17:02,2026-03-09 17:02
positivo,637,7.6,0.279,2026-03-09 17:02,2026-03-09 17:02
neutral,6366,74.9,-0.0,2026-03-09 17:32,2026-03-09 17:32
negativo,1489,17.5,-0.302,2026-03-09 17:32,2026-03-09 17:32
positivo,647,7.6,0.279,2026-03-09 17:32,2026-03-09 17:32
neutral,6437,74.9,-0.0,2026-03-09 18:02,2026-03-09 18:02
negativo,1503,17.5,-0.302,2026-03-09 18:02,2026-03-09 18:02
positivo,658,7.7,0.28,2026-03-09 18:02,2026-03-09 18:02
neutral,6502,74.9,-0.0,2026-03-09 18:32,2026-03-09 18:32
negativo,1513,17.4,-0.302,2026-03-09 18:32,2026-03-09 18:32
positivo,666,7.7,0.28,2026-03-09 18:32,2026-03-09 18:32
neutral,6560,74.9,-0.0,2026-03-09 19:02,2026-03-09 19:02
negativo,1529,17.4,-0.302,2026-03-09 19:02,2026-03-09 19:02
positivo,675,7.7,0.28,2026-03-09 19:02,2026-03-09 19:02
neutral,6642,74.8,-0.0,2026-03-09 19:32,2026-03-09 19:32
negativo,1550,17.5,-0.301,2026-03-09 19:32,2026-03-09 19:32
positivo,687,7.7,0.28,2026-03-09 19:32,2026-03-09 19:32
neutral,6690,74.8,-0.0,2026-03-09 20:02,2026-03-09 20:02
negativo,1560,17.4,-0.301,2026-03-09 20:02,2026-03-09 20:02
positivo,694,7.8,0.28,2026-03-09 20:02,2026-03-09 20:02
neutral,6735,74.8,-0.0,2026-03-09 20:32,2026-03-09 20:32
negativo,1570,17.4,-0.301,2026-03-09 20:32,2026-03-09 20:32
positivo,700,7.8,0.28,2026-03-09 20:32,2026-03-09 20:32
neutral,6773,74.8,-0.0,2026-03-09 21:02,2026-03-09 21:02
negativo,1582,17.5,-0.301,2026-03-09 21:02,2026-03-09 21:02
positivo,702,7.8,0.28,2026-03-09 21:02,2026-03-09 21:02
neutral,6808,74.6,-0.0,2026-03-09 21:32,2026-03-09 21:32
negativo,1607,17.6,-0.301,2026-03-09 21:32,2026-03-09 21:32
positivo,706,7.7,0.28,2026-03-09 21:32,2026-03-09 21:32
neutral,6834,74.6,-0.0,2026-03-09 22:03,2026-03-09 22:03
negativo,1615,17.6,-0.301,2026-03-09 22:03,2026-03-09 22:03
positivo,712,7.8,0.28,2026-03-09 22:03,2026-03-09 22:03
neutral,6858,74.6,-0.0,2026-03-09 22:32,2026-03-09 22:32
negativo,1624,17.7,-0.301,2026-03-09 22:32,2026-03-09 22:32
positivo,715,7.8,0.28,2026-03-09 22:32,2026-03-09 22:32
neutral,6878,74.5,-0.0,2026-03-09 23:02,2026-03-09 23:02
negativo,1633,17.7,-0.301,2026-03-09 23:02,2026-03-09 23:02
positivo,718,7.8,0.28,2026-03-09 23:02,2026-03-09 23:02
neutral,6893,74.5,-0.0,2026-03-09 23:32,2026-03-09 23:32
negativo,1639,17.7,-0.301,2026-03-09 23:32,2026-03-09 23:32
positivo,719,7.8,0.28,2026-03-09 23:32,2026-03-09 23:32
neutral,6920,74.5,-0.0,2026-03-10 00:02,2026-03-10 00:02
negativo,1648,17.7,-0.302,2026-03-10 00:02,2026-03-10 00:02
positivo,722,7.8,0.28,2026-03-10 00:02,2026-03-10 00:02
neutral,6975,74.5,-0.0,2026-03-10 00:32,2026-03-10 00:32
negativo,1662,17.8,-0.301,2026-03-10 00:32,2026-03-10 00:32
positivo,722,7.7,0.28,2026-03-10 00:32,2026-03-10 00:32
neutral,7025,74.6,-0.0,2026-03-10 01:02,2026-03-10 01:02
negativo,1667,17.7,-0.301,2026-03-10 01:02,2026-03-10 01:02
positivo,729,7.7,0.28,2026-03-10 01:02,2026-03-10 01:02
neutral,7036,74.6,-0.0,2026-03-10 01:32,2026-03-10 01:32
negativo,1669,17.7,-0.302,2026-03-10 01:32,2026-03-10 01:32
positivo,730,7.7,0.28,2026-03-10 01:32,2026-03-10 01:32
neutral,7044,74.6,-0.0,2026-03-10 02:02,2026-03-10 02:02
negativo,1672,17.7,-0.302,2026-03-10 02:02,2026-03-10 02:02
positivo,732,7.7,0.279,2026-03-10 02:02,2026-03-10 02:02
neutral,7061,74.6,-0.0,2026-03-10 02:32,2026-03-10 02:32
negativo,1675,17.7,-0.302,2026-03-10 02:32,2026-03-10 02:32
positivo,733,7.7,0.279,2026-03-10 02:32,2026-03-10 02:32
neutral,7074,74.5,-0.0,2026-03-10 03:02,2026-03-10 03:02
negativo,1684,17.7,-0.301,2026-03-10 03:02,2026-03-10 03:02
positivo,734,7.7,0.279,2026-03-10 03:02,2026-03-10 03:02
neutral,7083,74.5,-0.0,2026-03-10 03:32,2026-03-10 03:32
negativo,1686,17.7,-0.301,2026-03-10 03:32,2026-03-10 03:32
positivo,735,7.7,0.279,2026-03-10 03:32,2026-03-10 03:32
neutral,7107,74.5,-0.0,2026-03-10 04:02,2026-03-10 04:02
negativo,1695,17.8,-0.302,2026-03-10 04:02,2026-03-10 04:02
positivo,738,7.7,0.28,2026-03-10 04:02,2026-03-10 04:02
neutral,7119,74.5,-0.0,2026-03-10 04:32,2026-03-10 04:32
negativo,1696,17.8,-0.302,2026-03-10 04:32,2026-03-10 04:32
positivo,739,7.7,0.28,2026-03-10 04:32,2026-03-10 04:32
neutral,7126,74.5,-0.0,2026-03-10 05:02,2026-03-10 05:02
negativo,1697,17.7,-0.302,2026-03-10 05:02,2026-03-10 05:02
positivo,740,7.7,0.28,2026-03-10 05:02,2026-03-10 05:02
neutral,7185,74.5,-0.0,2026-03-10 05:32,2026-03-10 05:32
negativo,1710,17.7,-0.302,2026-03-10 05:32,2026-03-10 05:32
positivo,746,7.7,0.28,2026-03-10 05:32,2026-03-10 05:32
neutral,7227,74.6,-0.0,2026-03-10 06:02,2026-03-10 06:02
negativo,1720,17.7,-0.302,2026-03-10 06:02,2026-03-10 06:02
positivo,747,7.7,0.28,2026-03-10 06:02,2026-03-10 06:02
neutral,7359,74.6,-0.0,2026-03-10 06:32,2026-03-10 06:32
negativo,1752,17.8,-0.302,2026-03-10 06:32,2026-03-10 06:32
positivo,758,7.7,0.28,2026-03-10 06:32,2026-03-10 06:32
neutral,7411,74.6,-0.0,2026-03-10 07:02,2026-03-10 07:02
negativo,1758,17.7,-0.302,2026-03-10 07:02,2026-03-10 07:02
positivo,763,7.7,0.28,2026-03-10 07:02,2026-03-10 07:02
neutral,7469,74.6,-0.0,2026-03-10 07:32,2026-03-10 07:32
negativo,1776,17.7,-0.302,2026-03-10 07:32,2026-03-10 07:32
positivo,771,7.7,0.28,2026-03-10 07:32,2026-03-10 07:32
neutral,7517,74.6,-0.0,2026-03-10 08:02,2026-03-10 08:02
negativo,1788,17.7,-0.302,2026-03-10 08:02,2026-03-10 08:02
positivo,776,7.7,0.28,2026-03-10 08:02,2026-03-10 08:02
neutral,7583,74.6,-0.0,2026-03-10 08:32,2026-03-10 08:32
negativo,1801,17.7,-0.302,2026-03-10 08:32,2026-03-10 08:32
positivo,779,7.7,0.28,2026-03-10 08:32,2026-03-10 08:32
neutral,7629,74.6,-0.0,2026-03-10 09:02,2026-03-10 09:02
negativo,1812,17.7,-0.302,2026-03-10 09:02,2026-03-10 09:02
positivo,784,7.7,0.28,2026-03-10 09:02,2026-03-10 09:02
neutral,7689,74.6,-0.0,2026-03-10 09:32,2026-03-10 09:32
negativo,1826,17.7,-0.302,2026-03-10 09:32,2026-03-10 09:32
positivo,791,7.7,0.28,2026-03-10 09:32,2026-03-10 09:32
neutral,7749,74.6,-0.0,2026-03-10 10:02,2026-03-10 10:02
negativo,1845,17.8,-0.302,2026-03-10 10:02,2026-03-10 10:02
positivo,796,7.7,0.281,2026-03-10 10:02,2026-03-10 10:02
neutral,7797,74.6,-0.0,2026-03-10 10:32,2026-03-10 10:32
negativo,1856,17.7,-0.302,2026-03-10 10:32,2026-03-10 10:32
positivo,805,7.7,0.28,2026-03-10 10:32,2026-03-10 10:32
neutral,7868,74.6,-0.0,2026-03-10 11:02,2026-03-10 11:02
negativo,1872,17.7,-0.302,2026-03-10 11:02,2026-03-10 11:02
positivo,810,7.7,0.28,2026-03-10 11:02,2026-03-10 11:02
neutral,7937,74.6,-0.0,2026-03-10 11:32,2026-03-10 11:32
negativo,1886,17.7,-0.301,2026-03-10 11:32,2026-03-10 11:32
positivo,818,7.7,0.28,2026-03-10 11:32,2026-03-10 11:32
neutral,8024,74.6,-0.0,2026-03-10 12:02,2026-03-10 12:02
negativo,1903,17.7,-0.301,2026-03-10 12:02,2026-03-10 12:02
positivo,824,7.7,0.28,2026-03-10 12:02,2026-03-10 12:02
neutral,8091,74.5,-0.0,2026-03-10 12:32,2026-03-10 12:32
negativo,1927,17.8,-0.301,2026-03-10 12:32,2026-03-10 12:32
positivo,836,7.7,0.281,2026-03-10 12:32,2026-03-10 12:32
neutral,8165,74.5,-0.0,2026-03-10 13:02,2026-03-10 13:02
negativo,1949,17.8,-0.301,2026-03-10 13:02,2026-03-10 13:02
positivo,846,7.7,0.281,2026-03-10 13:02,2026-03-10 13:02
neutral,8259,74.5,-0.0,2026-03-10 13:32,2026-03-10 13:32
negativo,1968,17.8,-0.301,2026-03-10 13:32,2026-03-10 13:32
positivo,857,7.7,0.281,2026-03-10 13:32,2026-03-10 13:32
neutral,8361,74.5,-0.0,2026-03-10 14:02,2026-03-10 14:02
negativo,1987,17.7,-0.301,2026-03-10 14:02,2026-03-10 14:02
positivo,869,7.7,0.281,2026-03-10 14:02,2026-03-10 14:02
neutral,8445,74.5,-0.0,2026-03-10 14:32,2026-03-10 14:32
negativo,2006,17.7,-0.301,2026-03-10 14:32,2026-03-10 14:32
positivo,888,7.8,0.281,2026-03-10 14:32,2026-03-10 14:32
neutral,8507,74.4,-0.0,2026-03-10 15:02,2026-03-10 15:02
negativo,2025,17.7,-0.301,2026-03-10 15:02,2026-03-10 15:02
positivo,895,7.8,0.281,2026-03-10 15:02,2026-03-10 15:02
neutral,8564,74.4,-0.0,2026-03-10 15:32,2026-03-10 15:32
negativo,2045,17.8,-0.3,2026-03-10 15:32,2026-03-10 15:32
positivo,901,7.8,0.28,2026-03-10 15:32,2026-03-10 15:32
neutral,8628,74.3,-0.0,2026-03-10 16:02,2026-03-10 16:02
negativo,2071,17.8,-0.3,2026-03-10 16:02,2026-03-10 16:02
positivo,909,7.8,0.28,2026-03-10 16:02,2026-03-10 16:02
neutral,8694,74.3,-0.0,2026-03-10 16:32,2026-03-10 16:32
negativo,2089,17.9,-0.3,2026-03-10 16:32,2026-03-10 16:32
positivo,918,7.8,0.28,2026-03-10 16:32,2026-03-10 16:32
neutral,8750,74.2,-0.0,2026-03-10 17:02,2026-03-10 17:02
negativo,2114,17.9,-0.299,2026-03-10 17:02,2026-03-10 17:02
positivo,926,7.9,0.28,2026-03-10 17:02,2026-03-10 17:02
neutral,8825,74.2,-0.0,2026-03-10 17:32,2026-03-10 17:32
negativo,2135,18.0,-0.299,2026-03-10 17:32,2026-03-10 17:32
positivo,933,7.8,0.28,2026-03-10 17:32,2026-03-10 17:32
neutral,8894,74.2,-0.0,2026-03-10 18:02,2026-03-10 18:02
negativo,2153,18.0,-0.299,2026-03-10 18:02,2026-03-10 18:02
positivo,941,7.8,0.281,2026-03-10 18:02,2026-03-10 18:02
neutral,8961,74.2,-0.0,2026-03-10 18:32,2026-03-10 18:32
negativo,2173,18.0,-0.299,2026-03-10 18:32,2026-03-10 18:32
positivo,948,7.8,0.28,2026-03-10 18:32,2026-03-10 18:32
neutral,9026,74.2,-0.0,2026-03-10 19:02,2026-03-10 19:02
negativo,2189,18.0,-0.299,2026-03-10 19:02,2026-03-10 19:02
positivo,954,7.8,0.28,2026-03-10 19:02,2026-03-10 19:02
neutral,9100,74.2,-0.0,2026-03-10 19:32,2026-03-10 19:32
negativo,2203,18.0,-0.299,2026-03-10 19:32,2026-03-10 19:32
positivo,964,7.9,0.28,2026-03-10 19:32,2026-03-10 19:32
neutral,9150,74.2,-0.0,2026-03-10 20:02,2026-03-10 20:02
negativo,2216,18.0,-0.299,2026-03-10 20:02,2026-03-10 20:02
positivo,966,7.8,0.28,2026-03-10 20:02,2026-03-10 20:02
neutral,9207,74.2,-0.0,2026-03-10 20:32,2026-03-10 20:32
negativo,2232,18.0,-0.299,2026-03-10 20:32,2026-03-10 20:32
positivo,968,7.8,0.28,2026-03-10 20:32,2026-03-10 20:32
neutral,9256,74.2,-0.0,2026-03-10 21:02,2026-03-10 21:02
negativo,2251,18.0,-0.298,2026-03-10 21:02,2026-03-10 21:02
positivo,975,7.8,0.28,2026-03-10 21:02,2026-03-10 21:02
neutral,9292,74.1,-0.0,2026-03-10 21:32,2026-03-10 21:32
negativo,2270,18.1,-0.298,2026-03-10 21:32,2026-03-10 21:32
positivo,978,7.8,0.28,2026-03-10 21:32,2026-03-10 21:32
neutral,9335,74.1,-0.0,2026-03-10 22:02,2026-03-10 22:02
negativo,2281,18.1,-0.298,2026-03-10 22:02,2026-03-10 22:02
positivo,981,7.8,0.28,2026-03-10 22:02,2026-03-10 22:02
neutral,9363,74.1,-0.0,2026-03-10 22:32,2026-03-10 22:32
negativo,2291,18.1,-0.298,2026-03-10 22:32,2026-03-10 22:32
positivo,981,7.8,0.28,2026-03-10 22:32,2026-03-10 22:32
neutral,9397,74.1,-0.0,2026-03-10 23:02,2026-03-10 23:02
negativo,2301,18.1,-0.298,2026-03-10 23:02,2026-03-10 23:02
positivo,985,7.8,0.28,2026-03-10 23:02,2026-03-10 23:02
neutral,9423,74.1,-0.0,2026-03-10 23:32,2026-03-10 23:32
negativo,2307,18.1,-0.298,2026-03-10 23:32,2026-03-10 23:32
positivo,993,7.8,0.28,2026-03-10 23:32,2026-03-10 23:32
neutral,9452,74.1,-0.0,2026-03-11 00:02,2026-03-11 00:02
negativo,2313,18.1,-0.298,2026-03-11 00:02,2026-03-11 00:02
positivo,998,7.8,0.28,2026-03-11 00:02,2026-03-11 00:02
neutral,9498,74.0,-0.0,2026-03-11 00:32,2026-03-11 00:32
negativo,2331,18.2,-0.298,2026-03-11 00:32,2026-03-11 00:32
positivo,999,7.8,0.28,2026-03-11 00:32,2026-03-11 00:32
neutral,9529,74.1,-0.0,2026-03-11 01:02,2026-03-11 01:02
negativo,2336,18.2,-0.298,2026-03-11 01:02,2026-03-11 01:02
positivo,1001,7.8,0.28,2026-03-11 01:02,2026-03-11 01:02
neutral,9537,74.0,-0.0,2026-03-11 01:32,2026-03-11 01:32
negativo,2342,18.2,-0.298,2026-03-11 01:32,2026-03-11 01:32
positivo,1002,7.8,0.28,2026-03-11 01:32,2026-03-11 01:32
neutral,9545,74.1,-0.0,2026-03-11 02:02,2026-03-11 02:02
negativo,2342,18.2,-0.298,2026-03-11 02:02,2026-03-11 02:02
positivo,1002,7.8,0.28,2026-03-11 02:02,2026-03-11 02:02
neutral,9556,74.0,-0.0,2026-03-11 02:32,2026-03-11 02:32
negativo,2348,18.2,-0.298,2026-03-11 02:32,2026-03-11 02:32
positivo,1004,7.8,0.28,2026-03-11 02:32,2026-03-11 02:32
neutral,9595,74.0,-0.0,2026-03-11 03:02,2026-03-11 03:02
negativo,2361,18.2,-0.298,2026-03-11 03:02,2026-03-11 03:02
positivo,1009,7.8,0.28,2026-03-11 03:02,2026-03-11 03:02
neutral,9597,74.0,-0.0,2026-03-11 03:32,2026-03-11 03:32
negativo,2362,18.2,-0.298,2026-03-11 03:32,2026-03-11 03:32
positivo,1009,7.8,0.28,2026-03-11 03:32,2026-03-11 03:32
neutral,9600,74.0,-0.0,2026-03-11 04:02,2026-03-11 04:02
negativo,2363,18.2,-0.298,2026-03-11 04:02,2026-03-11 04:02
positivo,1010,7.8,0.28,2026-03-11 04:02,2026-03-11 04:02
neutral,9616,74.0,-0.0,2026-03-11 04:32,2026-03-11 04:32
negativo,2371,18.2,-0.298,2026-03-11 04:32,2026-03-11 04:32
positivo,1012,7.8,0.28,2026-03-11 04:32,2026-03-11 04:32
neutral,9620,74.0,-0.0,2026-03-11 05:02,2026-03-11 05:02
negativo,2376,18.3,-0.298,2026-03-11 05:02,2026-03-11 05:02
positivo,1012,7.8,0.28,2026-03-11 05:02,2026-03-11 05:02
neutral,9686,74.0,-0.0,2026-03-11 05:32,2026-03-11 05:32
negativo,2388,18.2,-0.298,2026-03-11 05:32,2026-03-11 05:32
positivo,1018,7.8,0.28,2026-03-11 05:32,2026-03-11 05:32
neutral,9770,74.0,-0.0,2026-03-11 06:02,2026-03-11 06:02
negativo,2406,18.2,-0.298,2026-03-11 06:02,2026-03-11 06:02
positivo,1025,7.8,0.28,2026-03-11 06:02,2026-03-11 06:02
neutral,9844,74.0,-0.0,2026-03-11 06:32,2026-03-11 06:32
negativo,2432,18.3,-0.298,2026-03-11 06:32,2026-03-11 06:32
positivo,1029,7.7,0.28,2026-03-11 06:32,2026-03-11 06:32
neutral,9883,74.0,-0.0,2026-03-11 07:02,2026-03-11 07:02
negativo,2436,18.2,-0.298,2026-03-11 07:02,2026-03-11 07:02
positivo,1033,7.7,0.28,2026-03-11 07:02,2026-03-11 07:02
neutral,9944,74.1,-0.0,2026-03-11 07:32,2026-03-11 07:32
negativo,2441,18.2,-0.298,2026-03-11 07:32,2026-03-11 07:32
positivo,1040,7.7,0.28,2026-03-11 07:32,2026-03-11 07:32
neutral,9996,74.0,-0.0,2026-03-11 08:02,2026-03-11 08:02
negativo,2454,18.2,-0.298,2026-03-11 08:02,2026-03-11 08:02
positivo,1051,7.8,0.28,2026-03-11 08:02,2026-03-11 08:02
neutral,10065,74.0,-0.0,2026-03-11 08:32,2026-03-11 08:32
negativo,2480,18.2,-0.298,2026-03-11 08:32,2026-03-11 08:32
positivo,1059,7.8,0.28,2026-03-11 08:32,2026-03-11 08:32
neutral,10115,74.0,-0.0,2026-03-11 09:02,2026-03-11 09:02
negativo,2498,18.3,-0.299,2026-03-11 09:02,2026-03-11 09:02
positivo,1064,7.8,0.281,2026-03-11 09:02,2026-03-11 09:02
neutral,10179,73.9,-0.0,2026-03-11 09:32,2026-03-11 09:32
negativo,2515,18.3,-0.299,2026-03-11 09:32,2026-03-11 09:32
positivo,1073,7.8,0.281,2026-03-11 09:32,2026-03-11 09:32
neutral,10234,74.0,-0.0,2026-03-11 10:02,2026-03-11 10:02
negativo,2526,18.3,-0.299,2026-03-11 10:02,2026-03-11 10:02
positivo,1078,7.8,0.281,2026-03-11 10:02,2026-03-11 10:02
neutral,10292,74.0,-0.0,2026-03-11 10:32,2026-03-11 10:32
negativo,2539,18.2,-0.299,2026-03-11 10:32,2026-03-11 10:32
positivo,1085,7.8,0.281,2026-03-11 10:32,2026-03-11 10:32
neutral,10376,74.0,-0.0,2026-03-11 11:02,2026-03-11 11:02
negativo,2560,18.3,-0.299,2026-03-11 11:02,2026-03-11 11:02
positivo,1090,7.8,0.28,2026-03-11 11:02,2026-03-11 11:02
neutral,10438,73.9,-0.0,2026-03-11 11:32,2026-03-11 11:32
negativo,2579,18.3,-0.3,2026-03-11 11:32,2026-03-11 11:32
positivo,1107,7.8,0.281,2026-03-11 11:32,2026-03-11 11:32
neutral,10496,73.9,-0.0,2026-03-11 12:02,2026-03-11 12:02
negativo,2596,18.3,-0.3,2026-03-11 12:02,2026-03-11 12:02
positivo,1113,7.8,0.281,2026-03-11 12:02,2026-03-11 12:02
neutral,10589,73.8,-0.0,2026-03-11 12:32,2026-03-11 12:32
negativo,2627,18.3,-0.3,2026-03-11 12:32,2026-03-11 12:32
positivo,1128,7.9,0.281,2026-03-11 12:32,2026-03-11 12:32
neutral,10675,73.8,-0.0,2026-03-11 13:02,2026-03-11 13:02
negativo,2655,18.3,-0.3,2026-03-11 13:02,2026-03-11 13:02
positivo,1144,7.9,0.281,2026-03-11 13:02,2026-03-11 13:02
neutral,10752,73.7,-0.0,2026-03-11 13:32,2026-03-11 13:32
negativo,2689,18.4,-0.3,2026-03-11 13:32,2026-03-11 13:32
positivo,1153,7.9,0.281,2026-03-11 13:32,2026-03-11 13:32
neutral,10845,73.7,-0.0,2026-03-11 14:02,2026-03-11 14:02
negativo,2715,18.4,-0.3,2026-03-11 14:02,2026-03-11 14:02
positivo,1161,7.9,0.281,2026-03-11 14:02,2026-03-11 14:02
neutral,10913,73.6,-0.0,2026-03-11 14:32,2026-03-11 14:32
negativo,2739,18.5,-0.301,2026-03-11 14:32,2026-03-11 14:32
positivo,1169,7.9,0.281,2026-03-11 14:32,2026-03-11 14:32
neutral,10980,73.6,-0.0,2026-03-11 15:02,2026-03-11 15:02
negativo,2762,18.5,-0.301,2026-03-11 15:02,2026-03-11 15:02
positivo,1173,7.9,0.281,2026-03-11 15:02,2026-03-11 15:02
neutral,11057,73.6,-0.0,2026-03-11 15:32,2026-03-11 15:32
negativo,2794,18.6,-0.301,2026-03-11 15:32,2026-03-11 15:32
positivo,1181,7.9,0.281,2026-03-11 15:32,2026-03-11 15:32
neutral,11125,73.6,-0.0,2026-03-11 16:02,2026-03-11 16:02
negativo,2813,18.6,-0.301,2026-03-11 16:02,2026-03-11 16:02
positivo,1187,7.8,0.281,2026-03-11 16:02,2026-03-11 16:02
neutral,11173,73.5,-0.0,2026-03-11 16:32,2026-03-11 16:32
negativo,2833,18.6,-0.301,2026-03-11 16:32,2026-03-11 16:32
positivo,1193,7.8,0.281,2026-03-11 16:32,2026-03-11 16:32
neutral,11238,73.5,-0.0,2026-03-11 17:02,2026-03-11 17:02
negativo,2848,18.6,-0.301,2026-03-11 17:02,2026-03-11 17:02
positivo,1199,7.8,0.281,2026-03-11 17:02,2026-03-11 17:02
neutral,11304,73.5,-0.0,2026-03-11 17:32,2026-03-11 17:32
negativo,2868,18.7,-0.302,2026-03-11 17:32,2026-03-11 17:32
positivo,1206,7.8,0.282,2026-03-11 17:32,2026-03-11 17:32
neutral,11360,73.5,-0.0,2026-03-11 18:02,2026-03-11 18:02
negativo,2883,18.6,-0.301,2026-03-11 18:02,2026-03-11 18:02
positivo,1216,7.9,0.282,2026-03-11 18:02,2026-03-11 18:02
neutral,11417,73.5,-0.0,2026-03-11 18:32,2026-03-11 18:32
negativo,2903,18.7,-0.301,2026-03-11 18:32,2026-03-11 18:32
positivo,1221,7.9,0.282,2026-03-11 18:32,2026-03-11 18:32
neutral,11475,73.5,-0.0,2026-03-11 19:02,2026-03-11 19:02
negativo,2916,18.7,-0.301,2026-03-11 19:02,2026-03-11 19:02
positivo,1228,7.9,0.282,2026-03-11 19:02,2026-03-11 19:02
neutral,11542,73.5,-0.0,2026-03-11 19:32,2026-03-11 19:32
negativo,2933,18.7,-0.301,2026-03-11 19:32,2026-03-11 19:32
positivo,1238,7.9,0.282,2026-03-11 19:32,2026-03-11 19:32
neutral,11598,73.5,-0.0,2026-03-11 20:02,2026-03-11 20:02
negativo,2946,18.7,-0.301,2026-03-11 20:02,2026-03-11 20:02
positivo,1244,7.9,0.282,2026-03-11 20:02,2026-03-11 20:02
neutral,11638,73.4,-0.0,2026-03-11 20:32,2026-03-11 20:32
negativo,2963,18.7,-0.301,2026-03-11 20:32,2026-03-11 20:32
positivo,1249,7.9,0.282,2026-03-11 20:32,2026-03-11 20:32
neutral,11690,73.4,-0.0,2026-03-11 21:02,2026-03-11 21:02
negativo,2979,18.7,-0.301,2026-03-11 21:02,2026-03-11 21:02
positivo,1256,7.9,0.282,2026-03-11 21:02,2026-03-11 21:02
neutral,11729,73.4,-0.0,2026-03-11 21:32,2026-03-11 21:32
negativo,2988,18.7,-0.301,2026-03-11 21:32,2026-03-11 21:32
positivo,1257,7.9,0.282,2026-03-11 21:32,2026-03-11 21:32
neutral,11757,73.4,-0.0,2026-03-11 22:02,2026-03-11 22:02
negativo,2997,18.7,-0.301,2026-03-11 22:02,2026-03-11 22:02
positivo,1263,7.9,0.282,2026-03-11 22:02,2026-03-11 22:02
neutral,11784,73.4,-0.0,2026-03-11 22:32,2026-03-11 22:32
negativo,3005,18.7,-0.301,2026-03-11 22:32,2026-03-11 22:32
positivo,1264,7.9,0.282,2026-03-11 22:32,2026-03-11 22:32
neutral,11813,73.4,-0.0,2026-03-11 23:02,2026-03-11 23:02
negativo,3010,18.7,-0.301,2026-03-11 23:02,2026-03-11 23:02
positivo,1264,7.9,0.282,2026-03-11 23:02,2026-03-11 23:02
neutral,11832,73.4,-0.0,2026-03-11 23:32,2026-03-11 23:32
negativo,3016,18.7,-0.301,2026-03-11 23:32,2026-03-11 23:32
positivo,1266,7.9,0.282,2026-03-11 23:32,2026-03-11 23:32
neutral,11852,73.4,-0.0,2026-03-12 00:02,2026-03-12 00:02
negativo,3019,18.7,-0.301,2026-03-12 00:02,2026-03-12 00:02
positivo,1267,7.9,0.282,2026-03-12 00:02,2026-03-12 00:02
neutral,11884,73.4,-0.0,2026-03-12 00:32,2026-03-12 00:32
negativo,3027,18.7,-0.301,2026-03-12 00:32,2026-03-12 00:32
positivo,1271,7.9,0.282,2026-03-12 00:32,2026-03-12 00:32
neutral,11912,73.5,-0.0,2026-03-12 01:02,2026-03-12 01:02
negativo,3030,18.7,-0.301,2026-03-12 01:02,2026-03-12 01:02
positivo,1275,7.9,0.282,2026-03-12 01:02,2026-03-12 01:02
neutral,11923,73.4,-0.0,2026-03-12 01:32,2026-03-12 01:32
negativo,3033,18.7,-0.301,2026-03-12 01:32,2026-03-12 01:32
positivo,1278,7.9,0.282,2026-03-12 01:32,2026-03-12 01:32
neutral,11932,73.4,-0.0,2026-03-12 02:02,2026-03-12 02:02
negativo,3037,18.7,-0.301,2026-03-12 02:02,2026-03-12 02:02
positivo,1278,7.9,0.282,2026-03-12 02:02,2026-03-12 02:02
neutral,11940,73.4,-0.0,2026-03-12 02:32,2026-03-12 02:32
negativo,3039,18.7,-0.301,2026-03-12 02:32,2026-03-12 02:32
positivo,1278,7.9,0.282,2026-03-12 02:32,2026-03-12 02:32
neutral,11967,73.4,-0.0,2026-03-12 03:02,2026-03-12 03:02
negativo,3050,18.7,-0.301,2026-03-12 03:02,2026-03-12 03:02
positivo,1279,7.8,0.282,2026-03-12 03:02,2026-03-12 03:02
neutral,11986,73.4,-0.0,2026-03-12 03:32,2026-03-12 03:32
negativo,3060,18.7,-0.301,2026-03-12 03:32,2026-03-12 03:32
positivo,1282,7.9,0.282,2026-03-12 03:32,2026-03-12 03:32
neutral,11992,73.4,-0.0,2026-03-12 04:02,2026-03-12 04:02
negativo,3062,18.7,-0.301,2026-03-12 04:02,2026-03-12 04:02
positivo,1285,7.9,0.282,2026-03-12 04:02,2026-03-12 04:02
neutral,12006,73.4,-0.0,2026-03-12 04:32,2026-03-12 04:32
negativo,3064,18.7,-0.301,2026-03-12 04:32,2026-03-12 04:32
positivo,1285,7.9,0.282,2026-03-12 04:32,2026-03-12 04:32
neutral,12018,73.4,-0.0,2026-03-12 05:02,2026-03-12 05:02
negativo,3069,18.7,-0.301,2026-03-12 05:02,2026-03-12 05:02
positivo,1287,7.9,0.282,2026-03-12 05:02,2026-03-12 05:02
neutral,12090,73.4,-0.0,2026-03-12 05:32,2026-03-12 05:32
negativo,3089,18.7,-0.301,2026-03-12 05:32,2026-03-12 05:32
positivo,1297,7.9,0.281,2026-03-12 05:32,2026-03-12 05:32
neutral,12122,73.4,-0.0,2026-03-12 06:02,2026-03-12 06:02
negativo,3103,18.8,-0.301,2026-03-12 06:02,2026-03-12 06:02
positivo,1300,7.9,0.282,2026-03-12 06:02,2026-03-12 06:02
neutral,12258,73.4,-0.0,2026-03-12 06:32,2026-03-12 06:32
negativo,3132,18.8,-0.301,2026-03-12 06:32,2026-03-12 06:32
positivo,1304,7.8,0.282,2026-03-12 06:32,2026-03-12 06:32
neutral,12298,73.4,-0.0,2026-03-12 07:02,2026-03-12 07:02
negativo,3139,18.7,-0.301,2026-03-12 07:02,2026-03-12 07:02
positivo,1309,7.8,0.282,2026-03-12 07:02,2026-03-12 07:02
neutral,12366,73.5,-0.0,2026-03-12 07:32,2026-03-12 07:32
negativo,3149,18.7,-0.301,2026-03-12 07:32,2026-03-12 07:32
positivo,1320,7.8,0.281,2026-03-12 07:32,2026-03-12 07:32
neutral,12410,73.4,-0.0,2026-03-12 08:02,2026-03-12 08:02
negativo,3166,18.7,-0.302,2026-03-12 08:02,2026-03-12 08:02
positivo,1326,7.8,0.281,2026-03-12 08:02,2026-03-12 08:02
neutral,12462,73.4,-0.0,2026-03-12 08:32,2026-03-12 08:32
negativo,3177,18.7,-0.302,2026-03-12 08:32,2026-03-12 08:32
positivo,1332,7.8,0.281,2026-03-12 08:32,2026-03-12 08:32
neutral,12523,73.4,-0.0,2026-03-12 09:02,2026-03-12 09:02
negativo,3190,18.7,-0.302,2026-03-12 09:02,2026-03-12 09:02
positivo,1345,7.9,0.281,2026-03-12 09:02,2026-03-12 09:02
neutral,12583,73.4,-0.0,2026-03-12 09:32,2026-03-12 09:32
negativo,3209,18.7,-0.302,2026-03-12 09:32,2026-03-12 09:32
positivo,1348,7.9,0.281,2026-03-12 09:32,2026-03-12 09:32
neutral,12628,73.4,-0.0,2026-03-12 10:02,2026-03-12 10:02
negativo,3222,18.7,-0.302,2026-03-12 10:02,2026-03-12 10:02
positivo,1351,7.9,0.281,2026-03-12 10:02,2026-03-12 10:02
neutral,12668,73.4,-0.0,2026-03-12 10:32,2026-03-12 10:32
negativo,3243,18.8,-0.302,2026-03-12 10:32,2026-03-12 10:32
positivo,1356,7.9,0.281,2026-03-12 10:32,2026-03-12 10:32
neutral,12747,73.4,-0.0,2026-03-12 11:02,2026-03-12 11:02
negativo,3264,18.8,-0.302,2026-03-12 11:02,2026-03-12 11:02
positivo,1365,7.9,0.281,2026-03-12 11:02,2026-03-12 11:02
neutral,12816,73.4,-0.0,2026-03-12 11:32,2026-03-12 11:32
negativo,3280,18.8,-0.302,2026-03-12 11:32,2026-03-12 11:32
positivo,1371,7.8,0.281,2026-03-12 11:32,2026-03-12 11:32
neutral,12886,73.4,-0.0,2026-03-12 12:02,2026-03-12 12:02
negativo,3301,18.8,-0.302,2026-03-12 12:02,2026-03-12 12:02
positivo,1379,7.9,0.281,2026-03-12 12:02,2026-03-12 12:02
neutral,12963,73.4,-0.0,2026-03-12 12:32,2026-03-12 12:32
negativo,3321,18.8,-0.302,2026-03-12 12:32,2026-03-12 12:32
positivo,1387,7.8,0.281,2026-03-12 12:32,2026-03-12 12:32
neutral,13036,73.4,-0.0,2026-03-12 13:02,2026-03-12 13:02
negativo,3342,18.8,-0.302,2026-03-12 13:02,2026-03-12 13:02
positivo,1391,7.8,0.281,2026-03-12 13:02,2026-03-12 13:02
neutral,13112,73.3,-0.0,2026-03-12 13:32,2026-03-12 13:32
negativo,3374,18.9,-0.302,2026-03-12 13:32,2026-03-12 13:32
positivo,1397,7.8,0.281,2026-03-12 13:32,2026-03-12 13:32
neutral,13178,73.3,-0.0,2026-03-12 14:02,2026-03-12 14:02
negativo,3393,18.9,-0.302,2026-03-12 14:02,2026-03-12 14:02
positivo,1406,7.8,0.281,2026-03-12 14:02,2026-03-12 14:02
neutral,13255,73.3,-0.0,2026-03-12 14:32,2026-03-12 14:32
negativo,3406,18.8,-0.302,2026-03-12 14:32,2026-03-12 14:32
positivo,1413,7.8,0.281,2026-03-12 14:32,2026-03-12 14:32
neutral,13313,73.3,-0.0,2026-03-12 15:02,2026-03-12 15:02
negativo,3421,18.8,-0.302,2026-03-12 15:02,2026-03-12 15:02
positivo,1420,7.8,0.281,2026-03-12 15:02,2026-03-12 15:02
neutral,13367,73.3,-0.0,2026-03-12 15:32,2026-03-12 15:32
negativo,3439,18.9,-0.302,2026-03-12 15:32,2026-03-12 15:32
positivo,1423,7.8,0.281,2026-03-12 15:32,2026-03-12 15:32
neutral,13486,73.3,-0.0,2026-03-12 16:33,2026-03-12 16:33
negativo,3467,18.8,-0.302,2026-03-12 16:33,2026-03-12 16:33
positivo,1447,7.9,0.281,2026-03-12 16:33,2026-03-12 16:33
neutral,13553,73.3,-0.0,2026-03-12 17:02,2026-03-12 17:02
negativo,3479,18.8,-0.301,2026-03-12 17:02,2026-03-12 17:02
positivo,1453,7.9,0.281,2026-03-12 17:02,2026-03-12 17:02
neutral,13623,73.3,-0.0,2026-03-12 17:32,2026-03-12 17:32
negativo,3495,18.8,-0.301,2026-03-12 17:32,2026-03-12 17:32
positivo,1456,7.8,0.281,2026-03-12 17:32,2026-03-12 17:32
neutral,13672,73.3,-0.0,2026-03-12 18:02,2026-03-12 18:02
negativo,3514,18.8,-0.301,2026-03-12 18:02,2026-03-12 18:02
positivo,1460,7.8,0.281,2026-03-12 18:02,2026-03-12 18:02
neutral,13746,73.4,-0.0,2026-03-12 18:32,2026-03-12 18:32
negativo,3524,18.8,-0.301,2026-03-12 18:32,2026-03-12 18:32
positivo,1465,7.8,0.281,2026-03-12 18:32,2026-03-12 18:32
neutral,13790,73.4,-0.0,2026-03-12 19:02,2026-03-12 19:02
negativo,3538,18.8,-0.301,2026-03-12 19:02,2026-03-12 19:02
positivo,1468,7.8,0.281,2026-03-12 19:02,2026-03-12 19:02
neutral,13847,73.4,-0.0,2026-03-12 19:32,2026-03-12 19:32
negativo,3549,18.8,-0.301,2026-03-12 19:32,2026-03-12 19:32
positivo,1475,7.8,0.282,2026-03-12 19:32,2026-03-12 19:32
neutral,13893,73.4,-0.0,2026-03-12 20:02,2026-03-12 20:02
negativo,3562,18.8,-0.301,2026-03-12 20:02,2026-03-12 20:02
positivo,1482,7.8,0.282,2026-03-12 20:02,2026-03-12 20:02
neutral,13930,73.4,-0.0,2026-03-12 20:32,2026-03-12 20:32
negativo,3571,18.8,-0.301,2026-03-12 20:32,2026-03-12 20:32
positivo,1485,7.8,0.282,2026-03-12 20:32,2026-03-12 20:32
neutral,13971,73.3,-0.0,2026-03-12 21:02,2026-03-12 21:02
negativo,3586,18.8,-0.301,2026-03-12 21:02,2026-03-12 21:02
positivo,1493,7.8,0.282,2026-03-12 21:02,2026-03-12 21:02
neutral,13994,73.3,-0.0,2026-03-12 21:32,2026-03-12 21:32
negativo,3593,18.8,-0.301,2026-03-12 21:32,2026-03-12 21:32
positivo,1497,7.8,0.282,2026-03-12 21:32,2026-03-12 21:32
neutral,14027,73.3,-0.0,2026-03-12 22:02,2026-03-12 22:02
negativo,3603,18.8,-0.301,2026-03-12 22:02,2026-03-12 22:02
positivo,1503,7.9,0.282,2026-03-12 22:02,2026-03-12 22:02
neutral,14064,73.3,-0.0,2026-03-12 22:32,2026-03-12 22:32
negativo,3610,18.8,-0.301,2026-03-12 22:32,2026-03-12 22:32
positivo,1506,7.9,0.282,2026-03-12 22:32,2026-03-12 22:32
neutral,14104,73.3,-0.0,2026-03-12 23:02,2026-03-12 23:02
negativo,3619,18.8,-0.301,2026-03-12 23:02,2026-03-12 23:02
positivo,1513,7.9,0.282,2026-03-12 23:02,2026-03-12 23:02
neutral,14132,73.3,-0.0,2026-03-12 23:32,2026-03-12 23:32
negativo,3624,18.8,-0.301,2026-03-12 23:32,2026-03-12 23:32
positivo,1515,7.9,0.282,2026-03-12 23:32,2026-03-12 23:32
neutral,14170,73.3,-0.0,2026-03-13 00:02,2026-03-13 00:02
negativo,3634,18.8,-0.301,2026-03-13 00:02,2026-03-13 00:02
positivo,1521,7.9,0.282,2026-03-13 00:02,2026-03-13 00:02
neutral,14223,73.3,-0.0,2026-03-13 00:32,2026-03-13 00:32
negativo,3643,18.8,-0.302,2026-03-13 00:32,2026-03-13 00:32
positivo,1527,7.9,0.282,2026-03-13 00:32,2026-03-13 00:32
neutral,14248,73.4,-0.0,2026-03-13 01:02,2026-03-13 01:02
negativo,3647,18.8,-0.302,2026-03-13 01:02,2026-03-13 01:02
positivo,1529,7.9,0.282,2026-03-13 01:02,2026-03-13 01:02
neutral,14265,73.4,-0.0,2026-03-13 01:32,2026-03-13 01:32
negativo,3651,18.8,-0.301,2026-03-13 01:32,2026-03-13 01:32
positivo,1530,7.9,0.282,2026-03-13 01:32,2026-03-13 01:32
neutral,14270,73.3,-0.0,2026-03-13 02:02,2026-03-13 02:02
negativo,3654,18.8,-0.302,2026-03-13 02:02,2026-03-13 02:02
positivo,1534,7.9,0.282,2026-03-13 02:02,2026-03-13 02:02
neutral,14281,73.3,-0.0,2026-03-13 02:32,2026-03-13 02:32
negativo,3658,18.8,-0.301,2026-03-13 02:32,2026-03-13 02:32
positivo,1535,7.9,0.281,2026-03-13 02:32,2026-03-13 02:32
neutral,14320,73.3,-0.0,2026-03-13 03:02,2026-03-13 03:02
negativo,3665,18.8,-0.302,2026-03-13 03:02,2026-03-13 03:02
positivo,1541,7.9,0.281,2026-03-13 03:02,2026-03-13 03:02
neutral,14335,73.3,-0.0,2026-03-13 03:32,2026-03-13 03:32
negativo,3671,18.8,-0.302,2026-03-13 03:32,2026-03-13 03:32
positivo,1545,7.9,0.281,2026-03-13 03:32,2026-03-13 03:32
neutral,14339,73.3,-0.0,2026-03-13 04:02,2026-03-13 04:02
negativo,3672,18.8,-0.302,2026-03-13 04:02,2026-03-13 04:02
positivo,1545,7.9,0.281,2026-03-13 04:02,2026-03-13 04:02
neutral,14348,73.3,-0.0,2026-03-13 04:32,2026-03-13 04:32
negativo,3675,18.8,-0.302,2026-03-13 04:32,2026-03-13 04:32
positivo,1546,7.9,0.281,2026-03-13 04:32,2026-03-13 04:32
neutral,14351,73.3,-0.0,2026-03-13 05:02,2026-03-13 05:02
negativo,3675,18.8,-0.302,2026-03-13 05:02,2026-03-13 05:02
positivo,1547,7.9,0.281,2026-03-13 05:02,2026-03-13 05:02
neutral,14442,73.3,-0.0,2026-03-13 05:32,2026-03-13 05:32
negativo,3690,18.7,-0.302,2026-03-13 05:32,2026-03-13 05:32
positivo,1565,7.9,0.282,2026-03-13 05:32,2026-03-13 05:32
neutral,14534,73.3,-0.0,2026-03-13 06:02,2026-03-13 06:02
negativo,3706,18.7,-0.302,2026-03-13 06:02,2026-03-13 06:02
positivo,1575,7.9,0.281,2026-03-13 06:02,2026-03-13 06:02
neutral,14622,73.4,-0.0,2026-03-13 06:32,2026-03-13 06:32
negativo,3721,18.7,-0.302,2026-03-13 06:32,2026-03-13 06:32
positivo,1586,8.0,0.281,2026-03-13 06:32,2026-03-13 06:32
neutral,14676,73.4,-0.0,2026-03-13 07:02,2026-03-13 07:02
negativo,3727,18.6,-0.302,2026-03-13 07:02,2026-03-13 07:02
positivo,1590,8.0,0.282,2026-03-13 07:02,2026-03-13 07:02
neutral,14718,73.4,-0.0,2026-03-13 07:32,2026-03-13 07:32
negativo,3734,18.6,-0.302,2026-03-13 07:32,2026-03-13 07:32
positivo,1597,8.0,0.281,2026-03-13 07:32,2026-03-13 07:32
neutral,14805,73.5,-0.0,2026-03-13 08:02,2026-03-13 08:02
negativo,3745,18.6,-0.302,2026-03-13 08:02,2026-03-13 08:02
positivo,1606,8.0,0.282,2026-03-13 08:02,2026-03-13 08:02
neutral,14870,73.5,-0.0,2026-03-13 08:32,2026-03-13 08:32
negativo,3760,18.6,-0.302,2026-03-13 08:32,2026-03-13 08:32
positivo,1611,8.0,0.282,2026-03-13 08:32,2026-03-13 08:32
neutral,14910,73.4,-0.0,2026-03-13 09:02,2026-03-13 09:02
negativo,3775,18.6,-0.302,2026-03-13 09:02,2026-03-13 09:02
positivo,1622,8.0,0.282,2026-03-13 09:02,2026-03-13 09:02
neutral,14928,73.4,-0.0,2026-03-13 09:16,2026-03-13 09:16
negativo,3788,18.6,-0.302,2026-03-13 09:16,2026-03-13 09:16
positivo,1624,8.0,0.282,2026-03-13 09:16,2026-03-13 09:16
neutral,14937,73.4,-0.0,2026-03-13 09:20,2026-03-13 09:20
negativo,3789,18.6,-0.302,2026-03-13 09:20,2026-03-13 09:20
positivo,1624,8.0,0.282,2026-03-13 09:20,2026-03-13 09:20
neutral,14955,73.4,-0.0,2026-03-13 09:32,2026-03-13 09:32
negativo,3797,18.6,-0.302,2026-03-13 09:32,2026-03-13 09:32
positivo,1628,8.0,0.282,2026-03-13 09:32,2026-03-13 09:32
neutral,15016,73.4,-0.0,2026-03-13 10:02,2026-03-13 10:02
negativo,3814,18.6,-0.303,2026-03-13 10:02,2026-03-13 10:02
positivo,1637,8.0,0.281,2026-03-13 10:02,2026-03-13 10:02
neutral,15082,73.3,-0.0,2026-03-13 10:32,2026-03-13 10:32
negativo,3834,18.6,-0.303,2026-03-13 10:32,2026-03-13 10:32
positivo,1650,8.0,0.281,2026-03-13 10:32,2026-03-13 10:32
neutral,15145,73.3,-0.0,2026-03-13 11:02,2026-03-13 11:02
negativo,3847,18.6,-0.303,2026-03-13 11:02,2026-03-13 11:02
positivo,1665,8.1,0.281,2026-03-13 11:02,2026-03-13 11:02
neutral,15199,73.3,-0.0,2026-03-13 11:32,2026-03-13 11:32
negativo,3866,18.6,-0.303,2026-03-13 11:32,2026-03-13 11:32
positivo,1672,8.1,0.281,2026-03-13 11:32,2026-03-13 11:32
neutral,15265,73.3,-0.0,2026-03-13 12:02,2026-03-13 12:02
negativo,3880,18.6,-0.303,2026-03-13 12:02,2026-03-13 12:02
positivo,1680,8.1,0.281,2026-03-13 12:02,2026-03-13 12:02
neutral,15347,73.3,-0.0,2026-03-13 12:32,2026-03-13 12:32
negativo,3898,18.6,-0.303,2026-03-13 12:32,2026-03-13 12:32
positivo,1688,8.1,0.281,2026-03-13 12:32,2026-03-13 12:32
neutral,15440,73.3,-0.0,2026-03-13 13:02,2026-03-13 13:02
negativo,3916,18.6,-0.303,2026-03-13 13:02,2026-03-13 13:02
positivo,1700,8.1,0.281,2026-03-13 13:02,2026-03-13 13:02
neutral,15543,73.4,-0.0,2026-03-13 13:32,2026-03-13 13:32
negativo,3938,18.6,-0.303,2026-03-13 13:32,2026-03-13 13:32
positivo,1704,8.0,0.281,2026-03-13 13:32,2026-03-13 13:32
neutral,15669,73.3,-0.0,2026-03-13 14:32,2026-03-13 14:32
negativo,3974,18.6,-0.303,2026-03-13 14:32,2026-03-13 14:32
positivo,1720,8.1,0.281,2026-03-13 14:32,2026-03-13 14:32
neutral,15730,73.3,-0.0,2026-03-13 15:02,2026-03-13 15:02
negativo,3990,18.6,-0.303,2026-03-13 15:02,2026-03-13 15:02
positivo,1732,8.1,0.281,2026-03-13 15:02,2026-03-13 15:02
neutral,15787,73.3,-0.0,2026-03-13 15:32,2026-03-13 15:32
negativo,3999,18.6,-0.303,2026-03-13 15:32,2026-03-13 15:32
positivo,1740,8.1,0.281,2026-03-13 15:32,2026-03-13 15:32
neutral,15847,73.3,-0.0,2026-03-13 16:02,2026-03-13 16:02
negativo,4021,18.6,-0.303,2026-03-13 16:02,2026-03-13 16:02
positivo,1753,8.1,0.28,2026-03-13 16:02,2026-03-13 16:02
neutral,15907,73.3,-0.0,2026-03-13 16:32,2026-03-13 16:32
negativo,4038,18.6,-0.303,2026-03-13 16:32,2026-03-13 16:32
positivo,1759,8.1,0.28,2026-03-13 16:32,2026-03-13 16:32
neutral,15975,73.3,-0.0,2026-03-13 17:02,2026-03-13 17:02
negativo,4055,18.6,-0.303,2026-03-13 17:02,2026-03-13 17:02
positivo,1765,8.1,0.28,2026-03-13 17:02,2026-03-13 17:02
neutral,15044,69.0,0.0,2026-03-13 17:04,2026-03-13 17:04
negativo,4518,20.7,-0.316,2026-03-13 17:04,2026-03-13 17:04
positivo,2233,10.2,0.285,2026-03-13 17:04,2026-03-13 17:04
neutral,15087,69.0,0.0,2026-03-13 17:32,2026-03-13 17:32
negativo,4533,20.7,-0.316,2026-03-13 17:32,2026-03-13 17:32
positivo,2242,10.3,0.285,2026-03-13 17:32,2026-03-13 17:32
neutral,15137,69.0,0.0,2026-03-13 18:02,2026-03-13 18:02
negativo,4555,20.8,-0.316,2026-03-13 18:02,2026-03-13 18:02
positivo,2251,10.3,0.286,2026-03-13 18:02,2026-03-13 18:02
neutral,15189,69.0,0.0,2026-03-13 18:32,2026-03-13 18:32
negativo,4565,20.7,-0.316,2026-03-13 18:32,2026-03-13 18:32
positivo,2269,10.3,0.286,2026-03-13 18:32,2026-03-13 18:32
neutral,15239,69.0,0.0,2026-03-13 19:02,2026-03-13 19:02
negativo,4577,20.7,-0.316,2026-03-13 19:02,2026-03-13 19:02
positivo,2273,10.3,0.286,2026-03-13 19:02,2026-03-13 19:02
neutral,15294,69.0,0.0,2026-03-13 19:32,2026-03-13 19:32
negativo,4590,20.7,-0.316,2026-03-13 19:32,2026-03-13 19:32
positivo,2279,10.3,0.286,2026-03-13 19:32,2026-03-13 19:32
neutral,15329,69.0,0.0,2026-03-13 20:02,2026-03-13 20:02
negativo,4604,20.7,-0.316,2026-03-13 20:02,2026-03-13 20:02
positivo,2282,10.3,0.286,2026-03-13 20:02,2026-03-13 20:02
neutral,15375,69.0,0.0,2026-03-13 20:32,2026-03-13 20:32
negativo,4617,20.7,-0.316,2026-03-13 20:32,2026-03-13 20:32
positivo,2288,10.3,0.286,2026-03-13 20:32,2026-03-13 20:32
neutral,15408,69.0,0.0,2026-03-13 21:02,2026-03-13 21:02
negativo,4635,20.8,-0.316,2026-03-13 21:02,2026-03-13 21:02
positivo,2294,10.3,0.286,2026-03-13 21:02,2026-03-13 21:02
neutral,15449,69.0,0.0,2026-03-13 21:32,2026-03-13 21:32
negativo,4651,20.8,-0.316,2026-03-13 21:32,2026-03-13 21:32
positivo,2301,10.3,0.286,2026-03-13 21:32,2026-03-13 21:32
neutral,15477,69.0,0.0,2026-03-13 22:02,2026-03-13 22:02
negativo,4662,20.8,-0.316,2026-03-13 22:02,2026-03-13 22:02
positivo,2307,10.3,0.286,2026-03-13 22:02,2026-03-13 22:02
neutral,15496,68.9,0.0,2026-03-13 22:32,2026-03-13 22:32
negativo,4669,20.8,-0.316,2026-03-13 22:32,2026-03-13 22:32
positivo,2313,10.3,0.286,2026-03-13 22:32,2026-03-13 22:32
neutral,15515,68.9,0.0,2026-03-13 23:02,2026-03-13 23:02
negativo,4674,20.8,-0.316,2026-03-13 23:02,2026-03-13 23:02
positivo,2318,10.3,0.286,2026-03-13 23:02,2026-03-13 23:02
neutral,15542,68.9,0.0,2026-03-13 23:32,2026-03-13 23:32
negativo,4683,20.8,-0.316,2026-03-13 23:32,2026-03-13 23:32
positivo,2322,10.3,0.286,2026-03-13 23:32,2026-03-13 23:32
neutral,15560,68.9,0.0,2026-03-14 00:03,2026-03-14 00:03
negativo,4685,20.8,-0.316,2026-03-14 00:03,2026-03-14 00:03
positivo,2326,10.3,0.286,2026-03-14 00:03,2026-03-14 00:03
neutral,15623,69.0,0.0,2026-03-14 00:33,2026-03-14 00:33
negativo,4696,20.7,-0.316,2026-03-14 00:33,2026-03-14 00:33
positivo,2330,10.3,0.286,2026-03-14 00:33,2026-03-14 00:33
neutral,15643,69.0,0.0,2026-03-14 01:02,2026-03-14 01:02
negativo,4701,20.7,-0.316,2026-03-14 01:02,2026-03-14 01:02
positivo,2332,10.3,0.286,2026-03-14 01:02,2026-03-14 01:02
neutral,15664,69.0,0.0,2026-03-14 01:33,2026-03-14 01:33
negativo,4705,20.7,-0.316,2026-03-14 01:33,2026-03-14 01:33
positivo,2334,10.3,0.286,2026-03-14 01:33,2026-03-14 01:33
neutral,15671,69.0,0.0,2026-03-14 02:02,2026-03-14 02:02
negativo,4709,20.7,-0.316,2026-03-14 02:02,2026-03-14 02:02
positivo,2335,10.3,0.286,2026-03-14 02:02,2026-03-14 02:02
neutral,15693,69.0,0.0,2026-03-14 02:32,2026-03-14 02:32
negativo,4713,20.7,-0.316,2026-03-14 02:32,2026-03-14 02:32
positivo,2335,10.3,0.286,2026-03-14 02:32,2026-03-14 02:32
neutral,15703,69.0,0.0,2026-03-14 03:02,2026-03-14 03:02
negativo,4715,20.7,-0.316,2026-03-14 03:02,2026-03-14 03:02
positivo,2336,10.3,0.286,2026-03-14 03:02,2026-03-14 03:02
neutral,15720,69.0,0.0,2026-03-14 03:33,2026-03-14 03:33
negativo,4719,20.7,-0.316,2026-03-14 03:33,2026-03-14 03:33
positivo,2338,10.3,0.286,2026-03-14 03:33,2026-03-14 03:33
neutral,15722,69.0,0.0,2026-03-14 04:03,2026-03-14 04:03
negativo,4719,20.7,-0.316,2026-03-14 04:03,2026-03-14 04:03
positivo,2339,10.3,0.286,2026-03-14 04:03,2026-03-14 04:03
neutral,15726,69.0,0.0,2026-03-14 04:32,2026-03-14 04:32
negativo,4721,20.7,-0.316,2026-03-14 04:32,2026-03-14 04:32
positivo,2344,10.3,0.286,2026-03-14 04:32,2026-03-14 04:32
neutral,15734,69.0,0.0,2026-03-14 05:02,2026-03-14 05:02
negativo,4723,20.7,-0.316,2026-03-14 05:02,2026-03-14 05:02
positivo,2344,10.3,0.286,2026-03-14 05:02,2026-03-14 05:02
neutral,15805,69.0,0.0,2026-03-14 05:32,2026-03-14 05:32
negativo,4738,20.7,-0.316,2026-03-14 05:32,2026-03-14 05:32
positivo,2359,10.3,0.286,2026-03-14 05:32,2026-03-14 05:32
neutral,15838,69.0,0.0,2026-03-14 06:02,2026-03-14 06:02
negativo,4742,20.7,-0.316,2026-03-14 06:02,2026-03-14 06:02
positivo,2367,10.3,0.286,2026-03-14 06:02,2026-03-14 06:02
neutral,15961,69.1,0.0,2026-03-14 06:32,2026-03-14 06:32
negativo,4756,20.6,-0.316,2026-03-14 06:32,2026-03-14 06:32
positivo,2381,10.3,0.286,2026-03-14 06:32,2026-03-14 06:32
neutral,15991,69.1,0.0,2026-03-14 07:02,2026-03-14 07:02
negativo,4764,20.6,-0.316,2026-03-14 07:02,2026-03-14 07:02
positivo,2383,10.3,0.286,2026-03-14 07:02,2026-03-14 07:02
neutral,16017,69.1,0.0,2026-03-14 07:33,2026-03-14 07:33
negativo,4766,20.6,-0.316,2026-03-14 07:33,2026-03-14 07:33
positivo,2388,10.3,0.286,2026-03-14 07:33,2026-03-14 07:33
neutral,16072,69.1,0.0,2026-03-14 08:02,2026-03-14 08:02
negativo,4779,20.6,-0.316,2026-03-14 08:02,2026-03-14 08:02
positivo,2395,10.3,0.286,2026-03-14 08:02,2026-03-14 08:02
neutral,16134,69.2,0.0,2026-03-14 08:32,2026-03-14 08:32
negativo,4794,20.5,-0.316,2026-03-14 08:32,2026-03-14 08:32
positivo,2403,10.3,0.286,2026-03-14 08:32,2026-03-14 08:32
neutral,16176,69.1,0.0,2026-03-14 09:03,2026-03-14 09:03
negativo,4808,20.6,-0.316,2026-03-14 09:03,2026-03-14 09:03
positivo,2412,10.3,0.286,2026-03-14 09:03,2026-03-14 09:03
neutral,16224,69.2,0.0,2026-03-14 09:32,2026-03-14 09:32
negativo,4820,20.5,-0.316,2026-03-14 09:32,2026-03-14 09:32
positivo,2418,10.3,0.286,2026-03-14 09:32,2026-03-14 09:32
neutral,16254,69.1,0.0,2026-03-14 10:02,2026-03-14 10:02
negativo,4834,20.6,-0.316,2026-03-14 10:02,2026-03-14 10:02
positivo,2420,10.3,0.286,2026-03-14 10:02,2026-03-14 10:02
neutral,16282,69.1,0.0,2026-03-14 10:32,2026-03-14 10:32
negativo,4848,20.6,-0.316,2026-03-14 10:32,2026-03-14 10:32
positivo,2425,10.3,0.286,2026-03-14 10:32,2026-03-14 10:32
neutral,16313,69.1,0.0,2026-03-14 11:02,2026-03-14 11:02
negativo,4863,20.6,-0.316,2026-03-14 11:02,2026-03-14 11:02
positivo,2431,10.3,0.286,2026-03-14 11:02,2026-03-14 11:02
neutral,16339,69.1,0.0,2026-03-14 11:32,2026-03-14 11:32
negativo,4876,20.6,-0.316,2026-03-14 11:32,2026-03-14 11:32
positivo,2438,10.3,0.286,2026-03-14 11:32,2026-03-14 11:32
neutral,16369,69.1,0.0,2026-03-14 12:02,2026-03-14 12:02
negativo,4889,20.6,-0.316,2026-03-14 12:02,2026-03-14 12:02
positivo,2442,10.3,0.285,2026-03-14 12:02,2026-03-14 12:02
neutral,16413,69.1,0.0,2026-03-14 12:32,2026-03-14 12:32
negativo,4902,20.6,-0.316,2026-03-14 12:32,2026-03-14 12:32
positivo,2446,10.3,0.285,2026-03-14 12:32,2026-03-14 12:32
neutral,16448,69.1,0.0,2026-03-14 13:03,2026-03-14 13:03
negativo,4914,20.6,-0.316,2026-03-14 13:03,2026-03-14 13:03
positivo,2455,10.3,0.285,2026-03-14 13:03,2026-03-14 13:03
neutral,16481,69.0,0.0,2026-03-14 13:33,2026-03-14 13:33
negativo,4933,20.7,-0.316,2026-03-14 13:33,2026-03-14 13:33
positivo,2461,10.3,0.285,2026-03-14 13:33,2026-03-14 13:33
neutral,16519,69.0,0.0,2026-03-14 14:03,2026-03-14 14:03
negativo,4948,20.7,-0.316,2026-03-14 14:03,2026-03-14 14:03
positivo,2465,10.3,0.285,2026-03-14 14:03,2026-03-14 14:03
neutral,16558,69.0,0.0,2026-03-14 14:33,2026-03-14 14:33
negativo,4962,20.7,-0.317,2026-03-14 14:33,2026-03-14 14:33
positivo,2473,10.3,0.285,2026-03-14 14:33,2026-03-14 14:33
neutral,16587,69.0,0.0,2026-03-14 15:02,2026-03-14 15:02
negativo,4982,20.7,-0.317,2026-03-14 15:02,2026-03-14 15:02
positivo,2481,10.3,0.285,2026-03-14 15:02,2026-03-14 15:02
neutral,16616,69.0,0.0,2026-03-14 15:33,2026-03-14 15:33
negativo,4998,20.7,-0.317,2026-03-14 15:33,2026-03-14 15:33
positivo,2484,10.3,0.285,2026-03-14 15:33,2026-03-14 15:33
neutral,16638,68.9,0.0,2026-03-14 16:03,2026-03-14 16:03
negativo,5012,20.8,-0.317,2026-03-14 16:03,2026-03-14 16:03
positivo,2485,10.3,0.285,2026-03-14 16:03,2026-03-14 16:03
neutral,16667,68.9,0.0,2026-03-14 16:33,2026-03-14 16:33
negativo,5027,20.8,-0.317,2026-03-14 16:33,2026-03-14 16:33
positivo,2488,10.3,0.285,2026-03-14 16:33,2026-03-14 16:33
neutral,16881,68.8,0.0,2026-03-14 17:03,2026-03-14 17:03
negativo,5085,20.7,-0.316,2026-03-14 17:03,2026-03-14 17:03
positivo,2563,10.4,0.285,2026-03-14 17:03,2026-03-14 17:03
neutral,16923,68.8,0.0,2026-03-14 17:33,2026-03-14 17:33
negativo,5093,20.7,-0.316,2026-03-14 17:33,2026-03-14 17:33
positivo,2566,10.4,0.285,2026-03-14 17:33,2026-03-14 17:33
neutral,16981,68.9,0.0,2026-03-14 18:03,2026-03-14 18:03
negativo,5109,20.7,-0.316,2026-03-14 18:03,2026-03-14 18:03
positivo,2568,10.4,0.285,2026-03-14 18:03,2026-03-14 18:03
neutral,17025,68.9,0.0,2026-03-14 18:33,2026-03-14 18:33
negativo,5123,20.7,-0.316,2026-03-14 18:33,2026-03-14 18:33
positivo,2571,10.4,0.285,2026-03-14 18:33,2026-03-14 18:33
neutral,17064,68.9,0.0,2026-03-14 19:03,2026-03-14 19:03
negativo,5135,20.7,-0.316,2026-03-14 19:03,2026-03-14 19:03
positivo,2574,10.4,0.285,2026-03-14 19:03,2026-03-14 19:03
neutral,17107,68.9,0.0,2026-03-14 19:33,2026-03-14 19:33
negativo,5148,20.7,-0.316,2026-03-14 19:33,2026-03-14 19:33
positivo,2578,10.4,0.285,2026-03-14 19:33,2026-03-14 19:33
neutral,17135,68.9,0.0,2026-03-14 20:03,2026-03-14 20:03
negativo,5164,20.8,-0.316,2026-03-14 20:03,2026-03-14 20:03
positivo,2583,10.4,0.285,2026-03-14 20:03,2026-03-14 20:03
neutral,17186,68.9,0.0,2026-03-14 20:33,2026-03-14 20:33
negativo,5181,20.8,-0.316,2026-03-14 20:33,2026-03-14 20:33
positivo,2586,10.4,0.285,2026-03-14 20:33,2026-03-14 20:33
neutral,17219,68.9,0.0,2026-03-14 21:03,2026-03-14 21:03
negativo,5191,20.8,-0.316,2026-03-14 21:03,2026-03-14 21:03
positivo,2591,10.4,0.285,2026-03-14 21:03,2026-03-14 21:03
neutral,17265,68.9,0.0,2026-03-14 21:33,2026-03-14 21:33
negativo,5202,20.8,-0.316,2026-03-14 21:33,2026-03-14 21:33
positivo,2598,10.4,0.285,2026-03-14 21:33,2026-03-14 21:33
neutral,17295,68.9,0.0,2026-03-14 22:03,2026-03-14 22:03
negativo,5210,20.8,-0.316,2026-03-14 22:03,2026-03-14 22:03
positivo,2598,10.3,0.285,2026-03-14 22:03,2026-03-14 22:03
neutral,17327,68.9,0.0,2026-03-14 22:33,2026-03-14 22:33
negativo,5215,20.7,-0.316,2026-03-14 22:33,2026-03-14 22:33
positivo,2603,10.4,0.285,2026-03-14 22:33,2026-03-14 22:33
neutral,17357,68.9,0.0,2026-03-14 23:03,2026-03-14 23:03
negativo,5219,20.7,-0.316,2026-03-14 23:03,2026-03-14 23:03
positivo,2606,10.3,0.285,2026-03-14 23:03,2026-03-14 23:03
neutral,17383,68.9,0.0,2026-03-14 23:33,2026-03-14 23:33
negativo,5224,20.7,-0.316,2026-03-14 23:33,2026-03-14 23:33
positivo,2617,10.4,0.285,2026-03-14 23:33,2026-03-14 23:33
neutral,17416,68.9,0.0,2026-03-15 00:03,2026-03-15 00:03
negativo,5229,20.7,-0.316,2026-03-15 00:03,2026-03-15 00:03
positivo,2623,10.4,0.285,2026-03-15 00:03,2026-03-15 00:03
neutral,17489,69.0,0.0,2026-03-15 00:33,2026-03-15 00:33
negativo,5236,20.6,-0.316,2026-03-15 00:33,2026-03-15 00:33
positivo,2637,10.4,0.285,2026-03-15 00:33,2026-03-15 00:33
neutral,17525,69.0,0.0,2026-03-15 01:03,2026-03-15 01:03
negativo,5244,20.6,-0.316,2026-03-15 01:03,2026-03-15 01:03
positivo,2644,10.4,0.285,2026-03-15 01:03,2026-03-15 01:03
neutral,17543,69.0,0.0,2026-03-15 01:33,2026-03-15 01:33
negativo,5247,20.6,-0.316,2026-03-15 01:33,2026-03-15 01:33
positivo,2648,10.4,0.285,2026-03-15 01:33,2026-03-15 01:33
neutral,17557,69.0,0.0,2026-03-15 02:03,2026-03-15 02:03
negativo,5255,20.6,-0.316,2026-03-15 02:03,2026-03-15 02:03
positivo,2650,10.4,0.285,2026-03-15 02:03,2026-03-15 02:03
neutral,17571,69.0,0.0,2026-03-15 02:33,2026-03-15 02:33
negativo,5261,20.6,-0.316,2026-03-15 02:33,2026-03-15 02:33
positivo,2651,10.4,0.285,2026-03-15 02:33,2026-03-15 02:33
neutral,17576,68.9,0.0,2026-03-15 03:03,2026-03-15 03:03
negativo,5262,20.6,-0.316,2026-03-15 03:03,2026-03-15 03:03
positivo,2653,10.4,0.285,2026-03-15 03:03,2026-03-15 03:03
neutral,17582,68.9,0.0,2026-03-15 03:33,2026-03-15 03:33
negativo,5263,20.6,-0.316,2026-03-15 03:33,2026-03-15 03:33
positivo,2658,10.4,0.285,2026-03-15 03:33,2026-03-15 03:33
neutral,17602,69.0,0.0,2026-03-15 04:03,2026-03-15 04:03
negativo,5265,20.6,-0.316,2026-03-15 04:03,2026-03-15 04:03
positivo,2659,10.4,0.285,2026-03-15 04:03,2026-03-15 04:03
neutral,17612,69.0,0.0,2026-03-15 04:33,2026-03-15 04:33
negativo,5270,20.6,-0.316,2026-03-15 04:33,2026-03-15 04:33
positivo,2660,10.4,0.285,2026-03-15 04:33,2026-03-15 04:33
neutral,17621,69.0,0.0,2026-03-15 05:03,2026-03-15 05:03
negativo,5270,20.6,-0.316,2026-03-15 05:03,2026-03-15 05:03
positivo,2663,10.4,0.285,2026-03-15 05:03,2026-03-15 05:03
neutral,17689,69.0,0.0,2026-03-15 05:33,2026-03-15 05:33
negativo,5288,20.6,-0.316,2026-03-15 05:33,2026-03-15 05:33
positivo,2671,10.4,0.285,2026-03-15 05:33,2026-03-15 05:33
neutral,17731,69.0,0.0,2026-03-15 06:03,2026-03-15 06:03
negativo,5299,20.6,-0.316,2026-03-15 06:03,2026-03-15 06:03
positivo,2673,10.4,0.285,2026-03-15 06:03,2026-03-15 06:03
neutral,17850,69.0,0.0,2026-03-15 06:33,2026-03-15 06:33
negativo,5320,20.6,-0.316,2026-03-15 06:33,2026-03-15 06:33
positivo,2681,10.4,0.285,2026-03-15 06:33,2026-03-15 06:33
neutral,17879,69.1,0.0,2026-03-15 07:03,2026-03-15 07:03
negativo,5324,20.6,-0.316,2026-03-15 07:03,2026-03-15 07:03
positivo,2686,10.4,0.285,2026-03-15 07:03,2026-03-15 07:03
neutral,17910,69.1,0.0,2026-03-15 07:33,2026-03-15 07:33
negativo,5331,20.6,-0.316,2026-03-15 07:33,2026-03-15 07:33
positivo,2692,10.4,0.286,2026-03-15 07:33,2026-03-15 07:33
neutral,17970,69.1,0.0,2026-03-15 08:03,2026-03-15 08:03
negativo,5344,20.5,-0.316,2026-03-15 08:03,2026-03-15 08:03
positivo,2698,10.4,0.286,2026-03-15 08:03,2026-03-15 08:03
neutral,18041,69.1,0.0,2026-03-15 08:33,2026-03-15 08:33
negativo,5357,20.5,-0.316,2026-03-15 08:33,2026-03-15 08:33
positivo,2705,10.4,0.286,2026-03-15 08:33,2026-03-15 08:33
neutral,18072,69.1,0.0,2026-03-15 09:03,2026-03-15 09:03
negativo,5363,20.5,-0.316,2026-03-15 09:03,2026-03-15 09:03
positivo,2711,10.4,0.286,2026-03-15 09:03,2026-03-15 09:03
neutral,18116,69.1,0.0,2026-03-15 09:33,2026-03-15 09:33
negativo,5372,20.5,-0.316,2026-03-15 09:33,2026-03-15 09:33
positivo,2718,10.4,0.285,2026-03-15 09:33,2026-03-15 09:33
neutral,18177,69.2,0.0,2026-03-15 10:03,2026-03-15 10:03
negativo,5377,20.5,-0.316,2026-03-15 10:03,2026-03-15 10:03
positivo,2726,10.4,0.286,2026-03-15 10:03,2026-03-15 10:03
neutral,18225,69.2,0.0,2026-03-15 10:33,2026-03-15 10:33
negativo,5386,20.4,-0.316,2026-03-15 10:33,2026-03-15 10:33
positivo,2740,10.4,0.286,2026-03-15 10:33,2026-03-15 10:33
neutral,18266,69.2,0.0,2026-03-15 11:03,2026-03-15 11:03
negativo,5398,20.4,-0.316,2026-03-15 11:03,2026-03-15 11:03
positivo,2743,10.4,0.286,2026-03-15 11:03,2026-03-15 11:03
neutral,18310,69.2,0.0,2026-03-15 11:33,2026-03-15 11:33
negativo,5406,20.4,-0.316,2026-03-15 11:33,2026-03-15 11:33
positivo,2750,10.4,0.285,2026-03-15 11:33,2026-03-15 11:33
neutral,18346,69.2,0.0,2026-03-15 12:03,2026-03-15 12:03
negativo,5419,20.4,-0.316,2026-03-15 12:03,2026-03-15 12:03
positivo,2763,10.4,0.286,2026-03-15 12:03,2026-03-15 12:03
neutral,18399,69.2,0.0,2026-03-15 12:33,2026-03-15 12:33
negativo,5428,20.4,-0.316,2026-03-15 12:33,2026-03-15 12:33
positivo,2776,10.4,0.285,2026-03-15 12:33,2026-03-15 12:33
neutral,18448,69.2,0.0,2026-03-15 13:03,2026-03-15 13:03
negativo,5441,20.4,-0.316,2026-03-15 13:03,2026-03-15 13:03
positivo,2785,10.4,0.285,2026-03-15 13:03,2026-03-15 13:03
neutral,18494,69.2,0.0,2026-03-15 13:33,2026-03-15 13:33
negativo,5451,20.4,-0.316,2026-03-15 13:33,2026-03-15 13:33
positivo,2794,10.4,0.285,2026-03-15 13:33,2026-03-15 13:33
neutral,18534,69.2,0.0,2026-03-15 14:03,2026-03-15 14:03
negativo,5463,20.4,-0.316,2026-03-15 14:03,2026-03-15 14:03
positivo,2800,10.4,0.286,2026-03-15 14:03,2026-03-15 14:03
neutral,18591,69.2,0.0,2026-03-15 14:33,2026-03-15 14:33
negativo,5479,20.4,-0.316,2026-03-15 14:33,2026-03-15 14:33
positivo,2815,10.5,0.285,2026-03-15 14:33,2026-03-15 14:33
neutral,18635,69.1,0.0,2026-03-15 15:03,2026-03-15 15:03
negativo,5487,20.4,-0.316,2026-03-15 15:03,2026-03-15 15:03
positivo,2832,10.5,0.285,2026-03-15 15:03,2026-03-15 15:03
neutral,18679,69.1,0.0,2026-03-15 15:33,2026-03-15 15:33
negativo,5500,20.4,-0.316,2026-03-15 15:33,2026-03-15 15:33
positivo,2844,10.5,0.285,2026-03-15 15:33,2026-03-15 15:33
neutral,18707,69.1,0.0,2026-03-15 16:03,2026-03-15 16:03
negativo,5512,20.4,-0.316,2026-03-15 16:03,2026-03-15 16:03
positivo,2850,10.5,0.285,2026-03-15 16:03,2026-03-15 16:03
neutral,18741,69.1,0.0,2026-03-15 16:33,2026-03-15 16:33
negativo,5522,20.4,-0.316,2026-03-15 16:33,2026-03-15 16:33
positivo,2859,10.5,0.285,2026-03-15 16:33,2026-03-15 16:33
neutral,18773,69.1,0.0,2026-03-15 17:03,2026-03-15 17:03
negativo,5531,20.4,-0.316,2026-03-15 17:03,2026-03-15 17:03
positivo,2866,10.5,0.285,2026-03-15 17:03,2026-03-15 17:03
neutral,18816,69.1,0.0,2026-03-15 17:33,2026-03-15 17:33
negativo,5545,20.4,-0.316,2026-03-15 17:33,2026-03-15 17:33
positivo,2877,10.6,0.285,2026-03-15 17:33,2026-03-15 17:33
neutral,18864,69.1,0.0,2026-03-15 18:03,2026-03-15 18:03
negativo,5550,20.3,-0.316,2026-03-15 18:03,2026-03-15 18:03
positivo,2885,10.6,0.285,2026-03-15 18:03,2026-03-15 18:03
neutral,18900,69.1,0.0,2026-03-15 18:33,2026-03-15 18:33
negativo,5557,20.3,-0.316,2026-03-15 18:33,2026-03-15 18:33
positivo,2900,10.6,0.285,2026-03-15 18:33,2026-03-15 18:33
neutral,18949,69.1,0.0,2026-03-15 19:03,2026-03-15 19:03
negativo,5571,20.3,-0.316,2026-03-15 19:03,2026-03-15 19:03
positivo,2906,10.6,0.285,2026-03-15 19:03,2026-03-15 19:03
neutral,19003,69.1,0.0,2026-03-15 19:33,2026-03-15 19:33
negativo,5585,20.3,-0.316,2026-03-15 19:33,2026-03-15 19:33
positivo,2916,10.6,0.285,2026-03-15 19:33,2026-03-15 19:33
neutral,19037,69.1,0.0,2026-03-15 20:03,2026-03-15 20:03
negativo,5602,20.3,-0.316,2026-03-15 20:03,2026-03-15 20:03
positivo,2921,10.6,0.285,2026-03-15 20:03,2026-03-15 20:03
neutral,19091,69.1,0.0,2026-03-15 20:33,2026-03-15 20:33
negativo,5615,20.3,-0.316,2026-03-15 20:33,2026-03-15 20:33
positivo,2928,10.6,0.285,2026-03-15 20:33,2026-03-15 20:33
neutral,19140,69.1,0.0,2026-03-15 21:03,2026-03-15 21:03
negativo,5624,20.3,-0.316,2026-03-15 21:03,2026-03-15 21:03
positivo,2938,10.6,0.285,2026-03-15 21:03,2026-03-15 21:03
neutral,19180,69.1,0.0,2026-03-15 21:33,2026-03-15 21:33
negativo,5632,20.3,-0.316,2026-03-15 21:33,2026-03-15 21:33
positivo,2948,10.6,0.285,2026-03-15 21:33,2026-03-15 21:33
neutral,19214,69.1,0.0,2026-03-15 22:03,2026-03-15 22:03
negativo,5638,20.3,-0.316,2026-03-15 22:03,2026-03-15 22:03
positivo,2962,10.6,0.285,2026-03-15 22:03,2026-03-15 22:03
neutral,19254,69.1,0.0,2026-03-15 22:33,2026-03-15 22:33
negativo,5642,20.2,-0.316,2026-03-15 22:33,2026-03-15 22:33
positivo,2985,10.7,0.286,2026-03-15 22:33,2026-03-15 22:33
neutral,19299,69.1,0.0,2026-03-15 23:03,2026-03-15 23:03
negativo,5646,20.2,-0.316,2026-03-15 23:03,2026-03-15 23:03
positivo,3001,10.7,0.286,2026-03-15 23:03,2026-03-15 23:03
neutral,19351,69.1,0.0,2026-03-15 23:33,2026-03-15 23:33
negativo,5648,20.2,-0.315,2026-03-15 23:33,2026-03-15 23:33
positivo,3018,10.8,0.286,2026-03-15 23:33,2026-03-15 23:33
neutral,19419,69.1,0.0,2026-03-16 00:03,2026-03-16 00:03
negativo,5653,20.1,-0.315,2026-03-16 00:03,2026-03-16 00:03
positivo,3034,10.8,0.287,2026-03-16 00:03,2026-03-16 00:03
neutral,19515,69.1,0.0,2026-03-16 00:33,2026-03-16 00:33
negativo,5664,20.1,-0.315,2026-03-16 00:33,2026-03-16 00:33
positivo,3048,10.8,0.287,2026-03-16 00:33,2026-03-16 00:33
neutral,19561,69.2,0.0,2026-03-16 01:03,2026-03-16 01:03
negativo,5666,20.0,-0.316,2026-03-16 01:03,2026-03-16 01:03
positivo,3058,10.8,0.287,2026-03-16 01:03,2026-03-16 01:03
neutral,19598,69.2,0.0,2026-03-16 01:33,2026-03-16 01:33
negativo,5672,20.0,-0.316,2026-03-16 01:33,2026-03-16 01:33
positivo,3068,10.8,0.287,2026-03-16 01:33,2026-03-16 01:33
neutral,19628,69.1,0.0,2026-03-16 02:03,2026-03-16 02:03
negativo,5678,20.0,-0.316,2026-03-16 02:03,2026-03-16 02:03
positivo,3081,10.9,0.287,2026-03-16 02:03,2026-03-16 02:03
neutral,19646,69.1,0.0,2026-03-16 02:33,2026-03-16 02:33
negativo,5683,20.0,-0.316,2026-03-16 02:33,2026-03-16 02:33
positivo,3084,10.9,0.287,2026-03-16 02:33,2026-03-16 02:33
neutral,19670,69.2,0.0,2026-03-16 03:03,2026-03-16 03:03
negativo,5686,20.0,-0.316,2026-03-16 03:03,2026-03-16 03:03
positivo,3087,10.9,0.287,2026-03-16 03:03,2026-03-16 03:03
neutral,19692,69.1,0.0,2026-03-16 03:33,2026-03-16 03:33
negativo,5692,20.0,-0.316,2026-03-16 03:33,2026-03-16 03:33
positivo,3102,10.9,0.287,2026-03-16 03:33,2026-03-16 03:33
neutral,19711,69.1,0.0,2026-03-16 04:03,2026-03-16 04:03
negativo,5697,20.0,-0.316,2026-03-16 04:03,2026-03-16 04:03
positivo,3110,10.9,0.287,2026-03-16 04:03,2026-03-16 04:03
neutral,19726,69.1,0.0,2026-03-16 04:33,2026-03-16 04:33
negativo,5705,20.0,-0.315,2026-03-16 04:33,2026-03-16 04:33
positivo,3115,10.9,0.287,2026-03-16 04:33,2026-03-16 04:33
neutral,19736,69.1,0.0,2026-03-16 05:03,2026-03-16 05:03
negativo,5710,20.0,-0.316,2026-03-16 05:03,2026-03-16 05:03
positivo,3118,10.9,0.287,2026-03-16 05:03,2026-03-16 05:03
neutral,19796,69.1,0.0,2026-03-16 05:33,2026-03-16 05:33
negativo,5724,20.0,-0.316,2026-03-16 05:33,2026-03-16 05:33
positivo,3129,10.9,0.287,2026-03-16 05:33,2026-03-16 05:33
neutral,19834,69.1,0.0,2026-03-16 06:03,2026-03-16 06:03
negativo,5734,20.0,-0.316,2026-03-16 06:03,2026-03-16 06:03
positivo,3135,10.9,0.287,2026-03-16 06:03,2026-03-16 06:03
neutral,19963,69.1,0.0,2026-03-16 06:33,2026-03-16 06:33
negativo,5771,20.0,-0.315,2026-03-16 06:33,2026-03-16 06:33
positivo,3160,10.9,0.287,2026-03-16 06:33,2026-03-16 06:33
neutral,19997,69.1,0.0,2026-03-16 07:03,2026-03-16 07:03
negativo,5774,20.0,-0.315,2026-03-16 07:03,2026-03-16 07:03
positivo,3165,10.9,0.287,2026-03-16 07:03,2026-03-16 07:03
neutral,20063,69.1,0.0,2026-03-16 07:33,2026-03-16 07:33
negativo,5784,19.9,-0.316,2026-03-16 07:33,2026-03-16 07:33
positivo,3172,10.9,0.287,2026-03-16 07:33,2026-03-16 07:33
neutral,20128,69.1,0.0,2026-03-16 08:03,2026-03-16 08:03
negativo,5803,19.9,-0.315,2026-03-16 08:03,2026-03-16 08:03
positivo,3179,10.9,0.287,2026-03-16 08:03,2026-03-16 08:03
neutral,20208,69.2,0.0,2026-03-16 08:33,2026-03-16 08:33
negativo,5819,19.9,-0.316,2026-03-16 08:33,2026-03-16 08:33
positivo,3191,10.9,0.287,2026-03-16 08:33,2026-03-16 08:33
neutral,20258,69.2,0.0,2026-03-16 09:03,2026-03-16 09:03
negativo,5832,19.9,-0.316,2026-03-16 09:03,2026-03-16 09:03
positivo,3198,10.9,0.287,2026-03-16 09:03,2026-03-16 09:03
neutral,20326,69.2,0.0,2026-03-16 09:33,2026-03-16 09:33
negativo,5846,19.9,-0.316,2026-03-16 09:33,2026-03-16 09:33
positivo,3212,10.9,0.287,2026-03-16 09:33,2026-03-16 09:33
neutral,20380,69.1,0.0,2026-03-16 10:03,2026-03-16 10:03
negativo,5867,19.9,-0.315,2026-03-16 10:03,2026-03-16 10:03
positivo,3229,11.0,0.287,2026-03-16 10:03,2026-03-16 10:03
neutral,20449,69.1,0.0,2026-03-16 10:33,2026-03-16 10:33
negativo,5887,19.9,-0.315,2026-03-16 10:33,2026-03-16 10:33
positivo,3245,11.0,0.287,2026-03-16 10:33,2026-03-16 10:33
neutral,20513,69.1,0.0,2026-03-16 11:03,2026-03-16 11:03
negativo,5913,19.9,-0.315,2026-03-16 11:03,2026-03-16 11:03
positivo,3265,11.0,0.287,2026-03-16 11:03,2026-03-16 11:03
neutral,20594,69.1,0.0,2026-03-16 11:33,2026-03-16 11:33
negativo,5932,19.9,-0.315,2026-03-16 11:33,2026-03-16 11:33
positivo,3281,11.0,0.287,2026-03-16 11:33,2026-03-16 11:33
neutral,20668,69.1,0.0,2026-03-16 12:03,2026-03-16 12:03
negativo,5957,19.9,-0.315,2026-03-16 12:03,2026-03-16 12:03
positivo,3304,11.0,0.287,2026-03-16 12:03,2026-03-16 12:03
neutral,20766,69.1,0.0,2026-03-16 12:33,2026-03-16 12:33
negativo,5980,19.9,-0.315,2026-03-16 12:33,2026-03-16 12:33
positivo,3311,11.0,0.287,2026-03-16 12:33,2026-03-16 12:33
neutral,20871,69.1,0.0,2026-03-16 13:03,2026-03-16 13:03
negativo,6002,19.9,-0.315,2026-03-16 13:03,2026-03-16 13:03
positivo,3334,11.0,0.287,2026-03-16 13:03,2026-03-16 13:03
neutral,20977,69.1,0.0,2026-03-16 13:33,2026-03-16 13:33
negativo,6028,19.9,-0.315,2026-03-16 13:33,2026-03-16 13:33
positivo,3356,11.1,0.287,2026-03-16 13:33,2026-03-16 13:33
neutral,21064,69.1,0.0,2026-03-16 14:03,2026-03-16 14:03
negativo,6048,19.8,-0.315,2026-03-16 14:03,2026-03-16 14:03
positivo,3365,11.0,0.287,2026-03-16 14:03,2026-03-16 14:03
neutral,21159,69.1,0.0,2026-03-16 14:33,2026-03-16 14:33
negativo,6071,19.8,-0.315,2026-03-16 14:33,2026-03-16 14:33
positivo,3386,11.1,0.287,2026-03-16 14:33,2026-03-16 14:33
neutral,21236,69.1,0.0,2026-03-16 15:03,2026-03-16 15:03
negativo,6102,19.9,-0.315,2026-03-16 15:03,2026-03-16 15:03
positivo,3398,11.1,0.287,2026-03-16 15:03,2026-03-16 15:03
neutral,21314,69.1,0.0,2026-03-16 15:34,2026-03-16 15:34
negativo,6119,19.8,-0.315,2026-03-16 15:34,2026-03-16 15:34
positivo,3419,11.1,0.287,2026-03-16 15:34,2026-03-16 15:34
neutral,21417,69.1,0.0,2026-03-16 16:03,2026-03-16 16:03
negativo,6146,19.8,-0.315,2026-03-16 16:03,2026-03-16 16:03
positivo,3449,11.1,0.286,2026-03-16 16:03,2026-03-16 16:03
neutral,21492,69.1,0.0,2026-03-16 16:33,2026-03-16 16:33
negativo,6163,19.8,-0.314,2026-03-16 16:33,2026-03-16 16:33
positivo,3459,11.1,0.287,2026-03-16 16:33,2026-03-16 16:33
neutral,21551,69.1,0.0,2026-03-16 17:03,2026-03-16 17:03
negativo,6178,19.8,-0.314,2026-03-16 17:03,2026-03-16 17:03
positivo,3476,11.1,0.287,2026-03-16 17:03,2026-03-16 17:03
neutral,21609,69.1,0.0,2026-03-16 17:33,2026-03-16 17:33
negativo,6190,19.8,-0.314,2026-03-16 17:33,2026-03-16 17:33
positivo,3489,11.2,0.286,2026-03-16 17:33,2026-03-16 17:33
neutral,21666,69.0,0.0,2026-03-16 18:03,2026-03-16 18:03
negativo,6214,19.8,-0.314,2026-03-16 18:03,2026-03-16 18:03
positivo,3500,11.2,0.287,2026-03-16 18:03,2026-03-16 18:03
neutral,21738,69.0,0.0,2026-03-16 18:33,2026-03-16 18:33
negativo,6230,19.8,-0.314,2026-03-16 18:33,2026-03-16 18:33
positivo,3516,11.2,0.287,2026-03-16 18:33,2026-03-16 18:33
neutral,21799,69.0,0.0,2026-03-16 19:03,2026-03-16 19:03
negativo,6244,19.8,-0.314,2026-03-16 19:03,2026-03-16 19:03
positivo,3531,11.2,0.287,2026-03-16 19:03,2026-03-16 19:03
neutral,21870,69.0,0.0,2026-03-16 19:35,2026-03-16 19:35
negativo,6268,19.8,-0.314,2026-03-16 19:35,2026-03-16 19:35
positivo,3545,11.2,0.287,2026-03-16 19:35,2026-03-16 19:35
neutral,21913,69.0,0.0,2026-03-16 20:03,2026-03-16 20:03
negativo,6289,19.8,-0.314,2026-03-16 20:03,2026-03-16 20:03
positivo,3556,11.2,0.287,2026-03-16 20:03,2026-03-16 20:03
neutral,21970,69.0,0.0,2026-03-16 20:33,2026-03-16 20:33
negativo,6314,19.8,-0.314,2026-03-16 20:33,2026-03-16 20:33
positivo,3562,11.2,0.287,2026-03-16 20:33,2026-03-16 20:33
neutral,22009,69.0,0.0,2026-03-16 21:03,2026-03-16 21:03
negativo,6325,19.8,-0.314,2026-03-16 21:03,2026-03-16 21:03
positivo,3571,11.2,0.287,2026-03-16 21:03,2026-03-16 21:03
neutral,22059,69.0,0.0,2026-03-16 21:33,2026-03-16 21:33
negativo,6342,19.8,-0.314,2026-03-16 21:33,2026-03-16 21:33
positivo,3583,11.2,0.286,2026-03-16 21:33,2026-03-16 21:33
neutral,22098,69.0,0.0,2026-03-16 22:03,2026-03-16 22:03
negativo,6353,19.8,-0.314,2026-03-16 22:03,2026-03-16 22:03
positivo,3589,11.2,0.286,2026-03-16 22:03,2026-03-16 22:03
neutral,22125,69.0,0.0,2026-03-16 22:33,2026-03-16 22:33
negativo,6359,19.8,-0.314,2026-03-16 22:33,2026-03-16 22:33
positivo,3591,11.2,0.286,2026-03-16 22:33,2026-03-16 22:33
neutral,22151,69.0,0.0,2026-03-16 23:03,2026-03-16 23:03
negativo,6362,19.8,-0.314,2026-03-16 23:03,2026-03-16 23:03
positivo,3598,11.2,0.286,2026-03-16 23:03,2026-03-16 23:03
neutral,22184,69.0,0.0,2026-03-16 23:33,2026-03-16 23:33
negativo,6366,19.8,-0.314,2026-03-16 23:33,2026-03-16 23:33
positivo,3606,11.2,0.286,2026-03-16 23:33,2026-03-16 23:33
neutral,22202,69.0,0.0,2026-03-17 00:03,2026-03-17 00:03
negativo,6374,19.8,-0.314,2026-03-17 00:03,2026-03-17 00:03
positivo,3613,11.2,0.286,2026-03-17 00:03,2026-03-17 00:03
neutral,22240,69.0,0.0,2026-03-17 00:33,2026-03-17 00:33
negativo,6385,19.8,-0.314,2026-03-17 00:33,2026-03-17 00:33
positivo,3617,11.2,0.286,2026-03-17 00:33,2026-03-17 00:33
neutral,22291,69.0,0.0,2026-03-17 01:03,2026-03-17 01:03
negativo,6393,19.8,-0.314,2026-03-17 01:03,2026-03-17 01:03
positivo,3618,11.2,0.286,2026-03-17 01:03,2026-03-17 01:03
neutral,22333,69.0,0.0,2026-03-17 01:33,2026-03-17 01:33
negativo,6400,19.8,-0.314,2026-03-17 01:33,2026-03-17 01:33
positivo,3621,11.2,0.286,2026-03-17 01:33,2026-03-17 01:33
neutral,22352,69.0,0.0,2026-03-17 02:03,2026-03-17 02:03
negativo,6406,19.8,-0.314,2026-03-17 02:03,2026-03-17 02:03
positivo,3623,11.2,0.286,2026-03-17 02:03,2026-03-17 02:03
neutral,22452,69.0,0.0,2026-03-17 02:33,2026-03-17 02:33
negativo,6428,19.8,-0.314,2026-03-17 02:33,2026-03-17 02:33
positivo,3641,11.2,0.286,2026-03-17 02:33,2026-03-17 02:33
neutral,22491,69.0,0.0,2026-03-17 03:03,2026-03-17 03:03
negativo,6441,19.8,-0.314,2026-03-17 03:03,2026-03-17 03:03
positivo,3649,11.2,0.286,2026-03-17 03:03,2026-03-17 03:03
neutral,22502,69.0,0.0,2026-03-17 03:33,2026-03-17 03:33
negativo,6445,19.8,-0.314,2026-03-17 03:33,2026-03-17 03:33
positivo,3649,11.2,0.286,2026-03-17 03:33,2026-03-17 03:33
neutral,22527,69.0,0.0,2026-03-17 04:03,2026-03-17 04:03
negativo,6448,19.8,-0.314,2026-03-17 04:03,2026-03-17 04:03
positivo,3654,11.2,0.286,2026-03-17 04:03,2026-03-17 04:03
neutral,22545,69.0,0.0,2026-03-17 04:33,2026-03-17 04:33
negativo,6452,19.8,-0.314,2026-03-17 04:33,2026-03-17 04:33
positivo,3656,11.2,0.286,2026-03-17 04:33,2026-03-17 04:33
neutral,22556,69.0,0.0,2026-03-17 05:03,2026-03-17 05:03
negativo,6457,19.8,-0.314,2026-03-17 05:03,2026-03-17 05:03
positivo,3661,11.2,0.286,2026-03-17 05:03,2026-03-17 05:03
neutral,22572,69.0,0.0,2026-03-17 05:33,2026-03-17 05:33
negativo,6458,19.8,-0.314,2026-03-17 05:33,2026-03-17 05:33
positivo,3663,11.2,0.286,2026-03-17 05:33,2026-03-17 05:33
neutral,22611,69.0,0.0,2026-03-17 06:03,2026-03-17 06:03
negativo,6466,19.7,-0.314,2026-03-17 06:03,2026-03-17 06:03
positivo,3672,11.2,0.286,2026-03-17 06:03,2026-03-17 06:03
neutral,22722,69.1,0.0,2026-03-17 06:33,2026-03-17 06:33
negativo,6485,19.7,-0.314,2026-03-17 06:33,2026-03-17 06:33
positivo,3685,11.2,0.286,2026-03-17 06:33,2026-03-17 06:33
neutral,22769,69.1,0.0,2026-03-17 07:03,2026-03-17 07:03
negativo,6495,19.7,-0.314,2026-03-17 07:03,2026-03-17 07:03
positivo,3696,11.2,0.286,2026-03-17 07:03,2026-03-17 07:03
neutral,22828,69.1,0.0,2026-03-17 07:33,2026-03-17 07:33
negativo,6507,19.7,-0.314,2026-03-17 07:33,2026-03-17 07:33
positivo,3708,11.2,0.286,2026-03-17 07:33,2026-03-17 07:33
neutral,22894,69.1,0.0,2026-03-17 08:03,2026-03-17 08:03
negativo,6528,19.7,-0.314,2026-03-17 08:03,2026-03-17 08:03
positivo,3717,11.2,0.286,2026-03-17 08:03,2026-03-17 08:03
neutral,22966,69.1,0.0,2026-03-17 08:33,2026-03-17 08:33
negativo,6549,19.7,-0.314,2026-03-17 08:33,2026-03-17 08:33
positivo,3727,11.2,0.286,2026-03-17 08:33,2026-03-17 08:33
neutral,23017,69.1,0.0,2026-03-17 09:03,2026-03-17 09:03
negativo,6573,19.7,-0.314,2026-03-17 09:03,2026-03-17 09:03
positivo,3734,11.2,0.286,2026-03-17 09:03,2026-03-17 09:03
neutral,23058,69.0,0.0,2026-03-17 09:33,2026-03-17 09:33
negativo,6593,19.7,-0.314,2026-03-17 09:33,2026-03-17 09:33
positivo,3743,11.2,0.286,2026-03-17 09:33,2026-03-17 09:33
neutral,23121,69.0,0.0,2026-03-17 10:03,2026-03-17 10:03
negativo,6618,19.8,-0.314,2026-03-17 10:03,2026-03-17 10:03
positivo,3755,11.2,0.286,2026-03-17 10:03,2026-03-17 10:03
neutral,23186,69.0,0.0,2026-03-17 10:33,2026-03-17 10:33
negativo,6644,19.8,-0.314,2026-03-17 10:33,2026-03-17 10:33
positivo,3761,11.2,0.286,2026-03-17 10:33,2026-03-17 10:33
neutral,23267,69.0,0.0,2026-03-17 11:03,2026-03-17 11:03
negativo,6667,19.8,-0.314,2026-03-17 11:03,2026-03-17 11:03
positivo,3772,11.2,0.286,2026-03-17 11:03,2026-03-17 11:03
neutral,23350,69.0,0.0,2026-03-17 11:33,2026-03-17 11:33
negativo,6693,19.8,-0.314,2026-03-17 11:33,2026-03-17 11:33
positivo,3789,11.2,0.286,2026-03-17 11:33,2026-03-17 11:33
neutral,23423,69.0,0.0,2026-03-17 12:03,2026-03-17 12:03
negativo,6719,19.8,-0.314,2026-03-17 12:03,2026-03-17 12:03
positivo,3806,11.2,0.287,2026-03-17 12:03,2026-03-17 12:03
neutral,23515,69.0,0.0,2026-03-17 12:33,2026-03-17 12:33
negativo,6741,19.8,-0.314,2026-03-17 12:33,2026-03-17 12:33
positivo,3819,11.2,0.286,2026-03-17 12:33,2026-03-17 12:33
neutral,23593,69.0,0.0,2026-03-17 13:03,2026-03-17 13:03
negativo,6763,19.8,-0.314,2026-03-17 13:03,2026-03-17 13:03
positivo,3830,11.2,0.286,2026-03-17 13:03,2026-03-17 13:03
neutral,23681,69.0,0.0,2026-03-17 13:33,2026-03-17 13:33
negativo,6788,19.8,-0.314,2026-03-17 13:33,2026-03-17 13:33
positivo,3843,11.2,0.287,2026-03-17 13:33,2026-03-17 13:33
neutral,23773,69.0,0.0,2026-03-17 14:03,2026-03-17 14:03
negativo,6818,19.8,-0.313,2026-03-17 14:03,2026-03-17 14:03
positivo,3853,11.2,0.287,2026-03-17 14:03,2026-03-17 14:03
neutral,23872,69.0,0.0,2026-03-17 14:33,2026-03-17 14:33
negativo,6845,19.8,-0.313,2026-03-17 14:33,2026-03-17 14:33
positivo,3867,11.2,0.287,2026-03-17 14:33,2026-03-17 14:33
neutral,23933,69.0,0.0,2026-03-17 15:03,2026-03-17 15:03
negativo,6860,19.8,-0.313,2026-03-17 15:03,2026-03-17 15:03
positivo,3878,11.2,0.287,2026-03-17 15:03,2026-03-17 15:03
neutral,24014,69.0,0.0,2026-03-17 15:33,2026-03-17 15:33
negativo,6883,19.8,-0.313,2026-03-17 15:33,2026-03-17 15:33
positivo,3891,11.2,0.286,2026-03-17 15:33,2026-03-17 15:33
neutral,24079,69.0,0.0,2026-03-17 16:03,2026-03-17 16:03
negativo,6910,19.8,-0.314,2026-03-17 16:03,2026-03-17 16:03
positivo,3904,11.2,0.286,2026-03-17 16:03,2026-03-17 16:03
neutral,24131,69.0,0.0,2026-03-17 16:33,2026-03-17 16:33
negativo,6933,19.8,-0.314,2026-03-17 16:33,2026-03-17 16:33
positivo,3922,11.2,0.286,2026-03-17 16:33,2026-03-17 16:33
neutral,24185,69.0,0.0,2026-03-17 17:03,2026-03-17 17:03
negativo,6943,19.8,-0.314,2026-03-17 17:03,2026-03-17 17:03
positivo,3941,11.2,0.286,2026-03-17 17:03,2026-03-17 17:03
neutral,24233,68.9,0.0,2026-03-17 17:33,2026-03-17 17:33
negativo,6966,19.8,-0.314,2026-03-17 17:33,2026-03-17 17:33
positivo,3957,11.3,0.286,2026-03-17 17:33,2026-03-17 17:33
neutral,24280,68.9,0.0,2026-03-17 18:03,2026-03-17 18:03
negativo,6991,19.8,-0.314,2026-03-17 18:03,2026-03-17 18:03
positivo,3966,11.3,0.286,2026-03-17 18:03,2026-03-17 18:03
neutral,24349,68.9,0.0,2026-03-17 18:33,2026-03-17 18:33
negativo,7014,19.8,-0.314,2026-03-17 18:33,2026-03-17 18:33
positivo,3984,11.3,0.286,2026-03-17 18:33,2026-03-17 18:33
neutral,24412,68.9,0.0,2026-03-17 19:03,2026-03-17 19:03
negativo,7033,19.8,-0.314,2026-03-17 19:03,2026-03-17 19:03
positivo,3995,11.3,0.286,2026-03-17 19:03,2026-03-17 19:03
neutral,24492,68.9,0.0,2026-03-17 19:33,2026-03-17 19:33
negativo,7060,19.9,-0.314,2026-03-17 19:33,2026-03-17 19:33
positivo,4007,11.3,0.287,2026-03-17 19:33,2026-03-17 19:33
neutral,24545,68.9,0.0,2026-03-17 20:03,2026-03-17 20:03
negativo,7078,19.9,-0.314,2026-03-17 20:03,2026-03-17 20:03
positivo,4020,11.3,0.286,2026-03-17 20:03,2026-03-17 20:03
neutral,24595,68.9,0.0,2026-03-17 20:33,2026-03-17 20:33
negativo,7095,19.9,-0.314,2026-03-17 20:33,2026-03-17 20:33
positivo,4029,11.3,0.286,2026-03-17 20:33,2026-03-17 20:33
neutral,24644,68.8,0.0,2026-03-17 21:03,2026-03-17 21:03
negativo,7104,19.8,-0.313,2026-03-17 21:03,2026-03-17 21:03
positivo,4048,11.3,0.286,2026-03-17 21:03,2026-03-17 21:03
neutral,24686,68.8,0.0,2026-03-17 21:33,2026-03-17 21:33
negativo,7117,19.8,-0.313,2026-03-17 21:33,2026-03-17 21:33
positivo,4052,11.3,0.286,2026-03-17 21:33,2026-03-17 21:33
neutral,24734,68.9,0.0,2026-03-17 22:03,2026-03-17 22:03
negativo,7129,19.8,-0.313,2026-03-17 22:03,2026-03-17 22:03
positivo,4060,11.3,0.286,2026-03-17 22:03,2026-03-17 22:03
neutral,24782,68.9,0.0,2026-03-17 22:33,2026-03-17 22:33
negativo,7138,19.8,-0.313,2026-03-17 22:33,2026-03-17 22:33
positivo,4068,11.3,0.286,2026-03-17 22:33,2026-03-17 22:33
neutral,24815,68.9,0.0,2026-03-17 23:03,2026-03-17 23:03
negativo,7151,19.8,-0.313,2026-03-17 23:03,2026-03-17 23:03
positivo,4073,11.3,0.286,2026-03-17 23:03,2026-03-17 23:03
neutral,24854,68.8,0.0,2026-03-17 23:33,2026-03-17 23:33
negativo,7163,19.8,-0.313,2026-03-17 23:33,2026-03-17 23:33
positivo,4082,11.3,0.286,2026-03-17 23:33,2026-03-17 23:33
neutral,24879,68.8,0.0,2026-03-18 00:03,2026-03-18 00:03
negativo,7172,19.8,-0.313,2026-03-18 00:03,2026-03-18 00:03
positivo,4086,11.3,0.286,2026-03-18 00:03,2026-03-18 00:03
neutral,24921,68.8,0.0,2026-03-18 00:33,2026-03-18 00:33
negativo,7181,19.8,-0.313,2026-03-18 00:33,2026-03-18 00:33
positivo,4097,11.3,0.286,2026-03-18 00:33,2026-03-18 00:33
neutral,24968,68.9,0.0,2026-03-18 01:03,2026-03-18 01:03
negativo,7189,19.8,-0.313,2026-03-18 01:03,2026-03-18 01:03
positivo,4105,11.3,0.286,2026-03-18 01:03,2026-03-18 01:03
neutral,24988,68.8,0.0,2026-03-18 01:33,2026-03-18 01:33
negativo,7196,19.8,-0.313,2026-03-18 01:33,2026-03-18 01:33
positivo,4113,11.3,0.286,2026-03-18 01:33,2026-03-18 01:33
neutral,25005,68.9,0.0,2026-03-18 02:03,2026-03-18 02:03
negativo,7199,19.8,-0.313,2026-03-18 02:03,2026-03-18 02:03
positivo,4113,11.3,0.286,2026-03-18 02:03,2026-03-18 02:03
neutral,25039,68.9,0.0,2026-03-18 02:33,2026-03-18 02:33
negativo,7204,19.8,-0.313,2026-03-18 02:33,2026-03-18 02:33
positivo,4119,11.3,0.286,2026-03-18 02:33,2026-03-18 02:33
neutral,25058,68.9,0.0,2026-03-18 03:03,2026-03-18 03:03
negativo,7214,19.8,-0.313,2026-03-18 03:03,2026-03-18 03:03
positivo,4122,11.3,0.286,2026-03-18 03:03,2026-03-18 03:03
neutral,25062,68.8,0.0,2026-03-18 03:33,2026-03-18 03:33
negativo,7220,19.8,-0.313,2026-03-18 03:33,2026-03-18 03:33
positivo,4125,11.3,0.286,2026-03-18 03:33,2026-03-18 03:33
neutral,25066,68.8,0.0,2026-03-18 04:03,2026-03-18 04:03
negativo,7221,19.8,-0.313,2026-03-18 04:03,2026-03-18 04:03
positivo,4125,11.3,0.286,2026-03-18 04:03,2026-03-18 04:03
neutral,25076,68.8,0.0,2026-03-18 04:33,2026-03-18 04:33
negativo,7221,19.8,-0.313,2026-03-18 04:33,2026-03-18 04:33
positivo,4130,11.3,0.286,2026-03-18 04:33,2026-03-18 04:33
neutral,25082,68.8,0.0,2026-03-18 05:03,2026-03-18 05:03
negativo,7223,19.8,-0.313,2026-03-18 05:03,2026-03-18 05:03
positivo,4134,11.3,0.286,2026-03-18 05:03,2026-03-18 05:03
neutral,25135,68.8,0.0,2026-03-18 05:33,2026-03-18 05:33
negativo,7240,19.8,-0.313,2026-03-18 05:33,2026-03-18 05:33
positivo,4146,11.4,0.286,2026-03-18 05:33,2026-03-18 05:33
neutral,25178,68.8,0.0,2026-03-18 06:03,2026-03-18 06:03
negativo,7251,19.8,-0.313,2026-03-18 06:03,2026-03-18 06:03
positivo,4152,11.4,0.286,2026-03-18 06:03,2026-03-18 06:03
neutral,25302,68.8,0.0,2026-03-18 06:33,2026-03-18 06:33
negativo,7274,19.8,-0.313,2026-03-18 06:33,2026-03-18 06:33
positivo,4175,11.4,0.286,2026-03-18 06:33,2026-03-18 06:33
neutral,25345,68.9,0.0,2026-03-18 07:03,2026-03-18 07:03
negativo,7283,19.8,-0.313,2026-03-18 07:03,2026-03-18 07:03
positivo,4180,11.4,0.286,2026-03-18 07:03,2026-03-18 07:03
neutral,25397,68.9,0.0,2026-03-18 07:33,2026-03-18 07:33
negativo,7296,19.8,-0.313,2026-03-18 07:33,2026-03-18 07:33
positivo,4189,11.4,0.286,2026-03-18 07:33,2026-03-18 07:33
neutral,25451,68.9,0.0,2026-03-18 08:03,2026-03-18 08:03
negativo,7312,19.8,-0.313,2026-03-18 08:03,2026-03-18 08:03
positivo,4193,11.3,0.286,2026-03-18 08:03,2026-03-18 08:03
neutral,25500,68.9,0.0,2026-03-18 08:33,2026-03-18 08:33
negativo,7331,19.8,-0.314,2026-03-18 08:33,2026-03-18 08:33
positivo,4200,11.3,0.286,2026-03-18 08:33,2026-03-18 08:33
neutral,25558,68.8,-0.0,2026-03-18 09:03,2026-03-18 09:03
negativo,7352,19.8,-0.314,2026-03-18 09:03,2026-03-18 09:03
positivo,4212,11.3,0.286,2026-03-18 09:03,2026-03-18 09:03
neutral,25632,68.9,-0.0,2026-03-18 09:33,2026-03-18 09:33
negativo,7368,19.8,-0.314,2026-03-18 09:33,2026-03-18 09:33
positivo,4222,11.3,0.286,2026-03-18 09:33,2026-03-18 09:33
neutral,25700,68.9,-0.0,2026-03-18 10:03,2026-03-18 10:03
negativo,7384,19.8,-0.314,2026-03-18 10:03,2026-03-18 10:03
positivo,4232,11.3,0.287,2026-03-18 10:03,2026-03-18 10:03
neutral,25775,68.9,-0.0,2026-03-18 10:33,2026-03-18 10:33
negativo,7408,19.8,-0.314,2026-03-18 10:33,2026-03-18 10:33
positivo,4244,11.3,0.286,2026-03-18 10:33,2026-03-18 10:33
neutral,25825,68.9,-0.0,2026-03-18 11:03,2026-03-18 11:03
negativo,7425,19.8,-0.314,2026-03-18 11:03,2026-03-18 11:03
positivo,4252,11.3,0.287,2026-03-18 11:03,2026-03-18 11:03
neutral,25907,68.9,-0.0,2026-03-18 11:33,2026-03-18 11:33
negativo,7447,19.8,-0.314,2026-03-18 11:33,2026-03-18 11:33
positivo,4268,11.3,0.287,2026-03-18 11:33,2026-03-18 11:33
neutral,25977,68.8,-0.0,2026-03-18 12:03,2026-03-18 12:03
negativo,7469,19.8,-0.314,2026-03-18 12:03,2026-03-18 12:03
positivo,4287,11.4,0.287,2026-03-18 12:03,2026-03-18 12:03
neutral,26045,68.8,-0.0,2026-03-18 12:33,2026-03-18 12:33
negativo,7496,19.8,-0.314,2026-03-18 12:33,2026-03-18 12:33
positivo,4304,11.4,0.287,2026-03-18 12:33,2026-03-18 12:33
neutral,26125,68.8,-0.0,2026-03-18 13:03,2026-03-18 13:03
negativo,7526,19.8,-0.314,2026-03-18 13:03,2026-03-18 13:03
positivo,4328,11.4,0.287,2026-03-18 13:03,2026-03-18 13:03
neutral,26212,68.8,-0.0,2026-03-18 13:33,2026-03-18 13:33
negativo,7552,19.8,-0.314,2026-03-18 13:33,2026-03-18 13:33
positivo,4347,11.4,0.287,2026-03-18 13:33,2026-03-18 13:33
neutral,26297,68.8,-0.0,2026-03-18 14:03,2026-03-18 14:03
negativo,7582,19.8,-0.314,2026-03-18 14:03,2026-03-18 14:03
positivo,4369,11.4,0.287,2026-03-18 14:03,2026-03-18 14:03
neutral,26373,68.7,-0.0,2026-03-18 14:33,2026-03-18 14:33
negativo,7607,19.8,-0.314,2026-03-18 14:33,2026-03-18 14:33
positivo,4391,11.4,0.287,2026-03-18 14:33,2026-03-18 14:33
neutral,26431,68.7,-0.0,2026-03-18 15:03,2026-03-18 15:03
negativo,7621,19.8,-0.314,2026-03-18 15:03,2026-03-18 15:03
positivo,4409,11.5,0.287,2026-03-18 15:03,2026-03-18 15:03
neutral,26490,68.7,-0.0,2026-03-18 15:33,2026-03-18 15:33
negativo,7649,19.8,-0.314,2026-03-18 15:33,2026-03-18 15:33
positivo,4426,11.5,0.288,2026-03-18 15:33,2026-03-18 15:33
neutral,26560,68.7,-0.0,2026-03-18 16:03,2026-03-18 16:03
negativo,7664,19.8,-0.314,2026-03-18 16:03,2026-03-18 16:03
positivo,4435,11.5,0.288,2026-03-18 16:03,2026-03-18 16:03
neutral,26632,68.7,-0.0,2026-03-18 16:33,2026-03-18 16:33
negativo,7682,19.8,-0.314,2026-03-18 16:33,2026-03-18 16:33
positivo,4450,11.5,0.288,2026-03-18 16:33,2026-03-18 16:33
neutral,26697,68.7,-0.0,2026-03-18 17:03,2026-03-18 17:03
negativo,7699,19.8,-0.314,2026-03-18 17:03,2026-03-18 17:03
positivo,4463,11.5,0.288,2026-03-18 17:03,2026-03-18 17:03
neutral,26768,68.7,-0.0,2026-03-18 17:34,2026-03-18 17:34
negativo,7723,19.8,-0.314,2026-03-18 17:34,2026-03-18 17:34
positivo,4483,11.5,0.288,2026-03-18 17:34,2026-03-18 17:34
neutral,26853,68.7,-0.0,2026-03-18 18:03,2026-03-18 18:03
negativo,7749,19.8,-0.314,2026-03-18 18:03,2026-03-18 18:03
positivo,4503,11.5,0.288,2026-03-18 18:03,2026-03-18 18:03
neutral,26918,68.7,-0.0,2026-03-18 18:34,2026-03-18 18:34
negativo,7759,19.8,-0.314,2026-03-18 18:34,2026-03-18 18:34
positivo,4509,11.5,0.288,2026-03-18 18:34,2026-03-18 18:34
neutral,26996,68.7,-0.0,2026-03-18 19:03,2026-03-18 19:03
negativo,7786,19.8,-0.314,2026-03-18 19:03,2026-03-18 19:03
positivo,4525,11.5,0.288,2026-03-18 19:03,2026-03-18 19:03
neutral,27075,68.7,-0.0,2026-03-18 19:33,2026-03-18 19:33
negativo,7800,19.8,-0.314,2026-03-18 19:33,2026-03-18 19:33
positivo,4539,11.5,0.288,2026-03-18 19:33,2026-03-18 19:33
neutral,27135,68.7,-0.0,2026-03-18 20:04,2026-03-18 20:04
negativo,7820,19.8,-0.314,2026-03-18 20:04,2026-03-18 20:04
positivo,4547,11.5,0.288,2026-03-18 20:04,2026-03-18 20:04
neutral,27193,68.7,-0.0,2026-03-18 20:33,2026-03-18 20:33
negativo,7841,19.8,-0.314,2026-03-18 20:33,2026-03-18 20:33
positivo,4559,11.5,0.288,2026-03-18 20:33,2026-03-18 20:33
neutral,27247,68.7,-0.0,2026-03-18 21:03,2026-03-18 21:03
negativo,7857,19.8,-0.313,2026-03-18 21:03,2026-03-18 21:03
positivo,4569,11.5,0.288,2026-03-18 21:03,2026-03-18 21:03
neutral,27298,68.7,-0.0,2026-03-18 21:33,2026-03-18 21:33
negativo,7864,19.8,-0.313,2026-03-18 21:33,2026-03-18 21:33
positivo,4571,11.5,0.288,2026-03-18 21:33,2026-03-18 21:33
neutral,27342,68.7,-0.0,2026-03-18 22:03,2026-03-18 22:03
negativo,7876,19.8,-0.313,2026-03-18 22:03,2026-03-18 22:03
positivo,4574,11.5,0.288,2026-03-18 22:03,2026-03-18 22:03
neutral,27369,68.7,-0.0,2026-03-18 22:33,2026-03-18 22:33
negativo,7889,19.8,-0.313,2026-03-18 22:33,2026-03-18 22:33
positivo,4576,11.5,0.288,2026-03-18 22:33,2026-03-18 22:33
neutral,27408,68.7,-0.0,2026-03-18 23:03,2026-03-18 23:03
negativo,7894,19.8,-0.313,2026-03-18 23:03,2026-03-18 23:03
positivo,4588,11.5,0.288,2026-03-18 23:03,2026-03-18 23:03
neutral,27442,68.7,-0.0,2026-03-18 23:33,2026-03-18 23:33
negativo,7903,19.8,-0.313,2026-03-18 23:33,2026-03-18 23:33
positivo,4593,11.5,0.288,2026-03-18 23:33,2026-03-18 23:33
neutral,27464,68.7,-0.0,2026-03-19 00:03,2026-03-19 00:03
negativo,7907,19.8,-0.314,2026-03-19 00:03,2026-03-19 00:03
positivo,4599,11.5,0.288,2026-03-19 00:03,2026-03-19 00:03
neutral,27504,68.7,-0.0,2026-03-19 00:33,2026-03-19 00:33
negativo,7916,19.8,-0.314,2026-03-19 00:33,2026-03-19 00:33
positivo,4606,11.5,0.288,2026-03-19 00:33,2026-03-19 00:33
neutral,27557,68.7,-0.0,2026-03-19 01:03,2026-03-19 01:03
negativo,7924,19.8,-0.314,2026-03-19 01:03,2026-03-19 01:03
positivo,4613,11.5,0.288,2026-03-19 01:03,2026-03-19 01:03
neutral,27589,68.7,-0.0,2026-03-19 01:33,2026-03-19 01:33
negativo,7932,19.8,-0.314,2026-03-19 01:33,2026-03-19 01:33
positivo,4617,11.5,0.288,2026-03-19 01:33,2026-03-19 01:33
neutral,27603,68.7,-0.0,2026-03-19 02:03,2026-03-19 02:03
negativo,7935,19.8,-0.314,2026-03-19 02:03,2026-03-19 02:03
positivo,4619,11.5,0.288,2026-03-19 02:03,2026-03-19 02:03
neutral,27622,68.7,-0.0,2026-03-19 02:33,2026-03-19 02:33
negativo,7937,19.8,-0.314,2026-03-19 02:33,2026-03-19 02:33
positivo,4624,11.5,0.288,2026-03-19 02:33,2026-03-19 02:33
neutral,27661,68.7,-0.0,2026-03-19 03:03,2026-03-19 03:03
negativo,7941,19.7,-0.314,2026-03-19 03:03,2026-03-19 03:03
positivo,4633,11.5,0.288,2026-03-19 03:03,2026-03-19 03:03
neutral,27666,68.7,-0.0,2026-03-19 03:33,2026-03-19 03:33
negativo,7945,19.7,-0.314,2026-03-19 03:33,2026-03-19 03:33
positivo,4634,11.5,0.288,2026-03-19 03:33,2026-03-19 03:33
neutral,27674,68.7,-0.0,2026-03-19 04:03,2026-03-19 04:03
negativo,7947,19.7,-0.314,2026-03-19 04:03,2026-03-19 04:03
positivo,4635,11.5,0.288,2026-03-19 04:03,2026-03-19 04:03
neutral,27687,68.7,-0.0,2026-03-19 04:33,2026-03-19 04:33
negativo,7955,19.8,-0.314,2026-03-19 04:33,2026-03-19 04:33
positivo,4636,11.5,0.288,2026-03-19 04:33,2026-03-19 04:33
neutral,27698,68.7,-0.0,2026-03-19 05:03,2026-03-19 05:03
negativo,7958,19.8,-0.314,2026-03-19 05:03,2026-03-19 05:03
positivo,4637,11.5,0.288,2026-03-19 05:03,2026-03-19 05:03
neutral,27779,68.8,-0.0,2026-03-19 05:33,2026-03-19 05:33
negativo,7972,19.7,-0.313,2026-03-19 05:33,2026-03-19 05:33
positivo,4640,11.5,0.288,2026-03-19 05:33,2026-03-19 05:33
neutral,27876,68.8,-0.0,2026-03-19 06:03,2026-03-19 06:03
negativo,7992,19.7,-0.313,2026-03-19 06:03,2026-03-19 06:03
positivo,4650,11.5,0.288,2026-03-19 06:03,2026-03-19 06:03
neutral,27969,68.8,-0.0,2026-03-19 06:33,2026-03-19 06:33
negativo,8005,19.7,-0.313,2026-03-19 06:33,2026-03-19 06:33
positivo,4662,11.5,0.288,2026-03-19 06:33,2026-03-19 06:33
neutral,28012,68.8,-0.0,2026-03-19 07:03,2026-03-19 07:03
negativo,8017,19.7,-0.313,2026-03-19 07:03,2026-03-19 07:03
positivo,4666,11.5,0.288,2026-03-19 07:03,2026-03-19 07:03
neutral,28067,68.8,-0.0,2026-03-19 07:33,2026-03-19 07:33
negativo,8029,19.7,-0.313,2026-03-19 07:33,2026-03-19 07:33
positivo,4673,11.5,0.288,2026-03-19 07:33,2026-03-19 07:33
neutral,28126,68.9,-0.0,2026-03-19 08:03,2026-03-19 08:03
negativo,8044,19.7,-0.313,2026-03-19 08:03,2026-03-19 08:03
positivo,4681,11.5,0.288,2026-03-19 08:03,2026-03-19 08:03
neutral,28191,68.9,-0.0,2026-03-19 08:33,2026-03-19 08:33
negativo,8066,19.7,-0.313,2026-03-19 08:33,2026-03-19 08:33
positivo,4681,11.4,0.288,2026-03-19 08:33,2026-03-19 08:33
neutral,28246,68.9,-0.0,2026-03-19 09:03,2026-03-19 09:03
negativo,8082,19.7,-0.314,2026-03-19 09:03,2026-03-19 09:03
positivo,4688,11.4,0.288,2026-03-19 09:03,2026-03-19 09:03
neutral,28284,68.8,-0.0,2026-03-19 09:34,2026-03-19 09:34
negativo,8105,19.7,-0.313,2026-03-19 09:34,2026-03-19 09:34
positivo,4699,11.4,0.288,2026-03-19 09:34,2026-03-19 09:34
neutral,28339,68.8,-0.0,2026-03-19 10:03,2026-03-19 10:03
negativo,8121,19.7,-0.313,2026-03-19 10:03,2026-03-19 10:03
positivo,4711,11.4,0.287,2026-03-19 10:03,2026-03-19 10:03
neutral,28409,68.8,-0.0,2026-03-19 10:33,2026-03-19 10:33
negativo,8143,19.7,-0.314,2026-03-19 10:33,2026-03-19 10:33
positivo,4718,11.4,0.288,2026-03-19 10:33,2026-03-19 10:33
neutral,28473,68.8,-0.0,2026-03-19 11:03,2026-03-19 11:03
negativo,8162,19.7,-0.314,2026-03-19 11:03,2026-03-19 11:03
positivo,4734,11.4,0.288,2026-03-19 11:03,2026-03-19 11:03
neutral,28524,68.8,-0.0,2026-03-19 11:33,2026-03-19 11:33
negativo,8196,19.8,-0.314,2026-03-19 11:33,2026-03-19 11:33
positivo,4746,11.4,0.288,2026-03-19 11:33,2026-03-19 11:33
neutral,28566,68.7,-0.0,2026-03-19 12:03,2026-03-19 12:03
negativo,8217,19.8,-0.313,2026-03-19 12:03,2026-03-19 12:03
positivo,4771,11.5,0.288,2026-03-19 12:03,2026-03-19 12:03
neutral,28675,68.8,-0.0,2026-03-19 12:33,2026-03-19 12:33
negativo,8248,19.8,-0.314,2026-03-19 12:33,2026-03-19 12:33
positivo,4783,11.5,0.288,2026-03-19 12:33,2026-03-19 12:33
neutral,28764,68.8,-0.0,2026-03-19 13:03,2026-03-19 13:03
negativo,8271,19.8,-0.313,2026-03-19 13:03,2026-03-19 13:03
positivo,4798,11.5,0.287,2026-03-19 13:03,2026-03-19 13:03
neutral,28824,68.7,-0.0,2026-03-19 13:34,2026-03-19 13:34
negativo,8300,19.8,-0.314,2026-03-19 13:34,2026-03-19 13:34
positivo,4806,11.5,0.287,2026-03-19 13:34,2026-03-19 13:34
neutral,28915,68.8,-0.0,2026-03-19 14:04,2026-03-19 14:04
negativo,8326,19.8,-0.314,2026-03-19 14:04,2026-03-19 14:04
positivo,4817,11.5,0.288,2026-03-19 14:04,2026-03-19 14:04
neutral,29006,68.7,-0.0,2026-03-19 14:33,2026-03-19 14:33
negativo,8372,19.8,-0.313,2026-03-19 14:33,2026-03-19 14:33
positivo,4835,11.5,0.288,2026-03-19 14:33,2026-03-19 14:33
neutral,29082,68.7,-0.0,2026-03-19 15:03,2026-03-19 15:03
negativo,8405,19.9,-0.313,2026-03-19 15:03,2026-03-19 15:03
positivo,4855,11.5,0.288,2026-03-19 15:03,2026-03-19 15:03
neutral,29154,68.7,-0.0,2026-03-19 15:34,2026-03-19 15:34
negativo,8417,19.8,-0.313,2026-03-19 15:34,2026-03-19 15:34
positivo,4864,11.5,0.288,2026-03-19 15:34,2026-03-19 15:34
neutral,29203,68.7,-0.0,2026-03-19 16:03,2026-03-19 16:03
negativo,8434,19.8,-0.313,2026-03-19 16:03,2026-03-19 16:03
positivo,4871,11.5,0.288,2026-03-19 16:03,2026-03-19 16:03
neutral,29260,68.7,-0.0,2026-03-19 16:33,2026-03-19 16:33
negativo,8452,19.8,-0.313,2026-03-19 16:33,2026-03-19 16:33
positivo,4881,11.5,0.288,2026-03-19 16:33,2026-03-19 16:33
neutral,29323,68.7,-0.0,2026-03-19 17:03,2026-03-19 17:03
negativo,8471,19.8,-0.313,2026-03-19 17:03,2026-03-19 17:03
positivo,4894,11.5,0.288,2026-03-19 17:03,2026-03-19 17:03
neutral,29392,68.7,-0.0,2026-03-19 17:33,2026-03-19 17:33
negativo,8489,19.8,-0.313,2026-03-19 17:33,2026-03-19 17:33
positivo,4907,11.5,0.288,2026-03-19 17:33,2026-03-19 17:33
neutral,29467,68.7,-0.0,2026-03-19 18:03,2026-03-19 18:03
negativo,8511,19.8,-0.313,2026-03-19 18:03,2026-03-19 18:03
positivo,4915,11.5,0.288,2026-03-19 18:03,2026-03-19 18:03
neutral,29519,68.7,-0.0,2026-03-19 18:33,2026-03-19 18:33
negativo,8538,19.9,-0.313,2026-03-19 18:33,2026-03-19 18:33
positivo,4929,11.5,0.288,2026-03-19 18:33,2026-03-19 18:33
neutral,29568,68.7,-0.0,2026-03-19 19:03,2026-03-19 19:03
negativo,8550,19.9,-0.313,2026-03-19 19:03,2026-03-19 19:03
positivo,4933,11.5,0.288,2026-03-19 19:03,2026-03-19 19:03
neutral,29637,68.7,-0.0,2026-03-19 19:33,2026-03-19 19:33
negativo,8572,19.9,-0.313,2026-03-19 19:33,2026-03-19 19:33
positivo,4942,11.5,0.288,2026-03-19 19:33,2026-03-19 19:33
neutral,29700,68.7,-0.0,2026-03-19 20:03,2026-03-19 20:03
negativo,8594,19.9,-0.313,2026-03-19 20:03,2026-03-19 20:03
positivo,4950,11.4,0.288,2026-03-19 20:03,2026-03-19 20:03
neutral,29745,68.7,-0.0,2026-03-19 20:33,2026-03-19 20:33
negativo,8603,19.9,-0.313,2026-03-19 20:33,2026-03-19 20:33
positivo,4957,11.4,0.288,2026-03-19 20:33,2026-03-19 20:33
neutral,29803,68.7,-0.0,2026-03-19 21:04,2026-03-19 21:04
negativo,8618,19.9,-0.313,2026-03-19 21:04,2026-03-19 21:04
positivo,4970,11.5,0.288,2026-03-19 21:04,2026-03-19 21:04
neutral,29850,68.7,-0.0,2026-03-19 21:33,2026-03-19 21:33
negativo,8627,19.9,-0.313,2026-03-19 21:33,2026-03-19 21:33
positivo,4981,11.5,0.288,2026-03-19 21:33,2026-03-19 21:33
neutral,29886,68.7,-0.0,2026-03-19 22:04,2026-03-19 22:04
negativo,8637,19.9,-0.313,2026-03-19 22:04,2026-03-19 22:04
positivo,4986,11.5,0.288,2026-03-19 22:04,2026-03-19 22:04
neutral,29925,68.7,-0.0,2026-03-19 22:33,2026-03-19 22:33
negativo,8650,19.9,-0.313,2026-03-19 22:33,2026-03-19 22:33
positivo,4990,11.5,0.288,2026-03-19 22:33,2026-03-19 22:33
neutral,29953,68.7,-0.0,2026-03-19 23:04,2026-03-19 23:04
negativo,8658,19.9,-0.313,2026-03-19 23:04,2026-03-19 23:04
positivo,4993,11.5,0.288,2026-03-19 23:04,2026-03-19 23:04
neutral,29984,68.7,-0.0,2026-03-19 23:33,2026-03-19 23:33
negativo,8662,19.8,-0.313,2026-03-19 23:33,2026-03-19 23:33
positivo,4998,11.5,0.288,2026-03-19 23:33,2026-03-19 23:33
neutral,30025,68.7,-0.0,2026-03-20 00:04,2026-03-20 00:04
negativo,8670,19.8,-0.313,2026-03-20 00:04,2026-03-20 00:04
positivo,5003,11.4,0.288,2026-03-20 00:04,2026-03-20 00:04
neutral,30068,68.7,-0.0,2026-03-20 00:33,2026-03-20 00:33
negativo,8675,19.8,-0.313,2026-03-20 00:33,2026-03-20 00:33
positivo,5006,11.4,0.288,2026-03-20 00:33,2026-03-20 00:33
neutral,30109,68.7,-0.0,2026-03-20 01:03,2026-03-20 01:03
negativo,8691,19.8,-0.313,2026-03-20 01:03,2026-03-20 01:03
positivo,5008,11.4,0.288,2026-03-20 01:03,2026-03-20 01:03
neutral,30132,68.7,-0.0,2026-03-20 01:33,2026-03-20 01:33
negativo,8700,19.8,-0.313,2026-03-20 01:33,2026-03-20 01:33
positivo,5009,11.4,0.288,2026-03-20 01:33,2026-03-20 01:33
neutral,30138,68.7,-0.0,2026-03-20 02:03,2026-03-20 02:03
negativo,8700,19.8,-0.313,2026-03-20 02:03,2026-03-20 02:03
positivo,5009,11.4,0.288,2026-03-20 02:03,2026-03-20 02:03
neutral,30157,68.7,-0.0,2026-03-20 02:33,2026-03-20 02:33
negativo,8709,19.8,-0.313,2026-03-20 02:33,2026-03-20 02:33
positivo,5013,11.4,0.288,2026-03-20 02:33,2026-03-20 02:33
neutral,30161,68.7,-0.0,2026-03-20 03:03,2026-03-20 03:03
negativo,8714,19.9,-0.313,2026-03-20 03:03,2026-03-20 03:03
positivo,5015,11.4,0.288,2026-03-20 03:03,2026-03-20 03:03
neutral,30205,68.7,-0.0,2026-03-20 03:33,2026-03-20 03:33
negativo,8723,19.8,-0.313,2026-03-20 03:33,2026-03-20 03:33
positivo,5023,11.4,0.288,2026-03-20 03:33,2026-03-20 03:33
neutral,30209,68.7,-0.0,2026-03-20 04:03,2026-03-20 04:03
negativo,8724,19.8,-0.313,2026-03-20 04:03,2026-03-20 04:03
positivo,5024,11.4,0.288,2026-03-20 04:03,2026-03-20 04:03
neutral,30219,68.7,-0.0,2026-03-20 04:33,2026-03-20 04:33
negativo,8727,19.8,-0.313,2026-03-20 04:33,2026-03-20 04:33
positivo,5025,11.4,0.288,2026-03-20 04:33,2026-03-20 04:33
neutral,30228,68.7,-0.0,2026-03-20 05:03,2026-03-20 05:03
negativo,8730,19.8,-0.313,2026-03-20 05:03,2026-03-20 05:03
positivo,5027,11.4,0.288,2026-03-20 05:03,2026-03-20 05:03
neutral,30289,68.7,-0.0,2026-03-20 05:33,2026-03-20 05:33
negativo,8738,19.8,-0.313,2026-03-20 05:33,2026-03-20 05:33
positivo,5035,11.4,0.288,2026-03-20 05:33,2026-03-20 05:33
neutral,30329,68.7,-0.0,2026-03-20 06:03,2026-03-20 06:03
negativo,8749,19.8,-0.313,2026-03-20 06:03,2026-03-20 06:03
positivo,5042,11.4,0.288,2026-03-20 06:03,2026-03-20 06:03
neutral,30454,68.8,-0.0,2026-03-20 06:33,2026-03-20 06:33
negativo,8778,19.8,-0.313,2026-03-20 06:33,2026-03-20 06:33
positivo,5050,11.4,0.288,2026-03-20 06:33,2026-03-20 06:33
neutral,30485,68.8,-0.0,2026-03-20 07:03,2026-03-20 07:03
negativo,8786,19.8,-0.313,2026-03-20 07:03,2026-03-20 07:03
positivo,5056,11.4,0.288,2026-03-20 07:03,2026-03-20 07:03
neutral,30557,68.8,-0.0,2026-03-20 07:33,2026-03-20 07:33
negativo,8804,19.8,-0.313,2026-03-20 07:33,2026-03-20 07:33
positivo,5064,11.4,0.288,2026-03-20 07:33,2026-03-20 07:33
neutral,30608,68.8,-0.0,2026-03-20 08:03,2026-03-20 08:03
negativo,8812,19.8,-0.313,2026-03-20 08:03,2026-03-20 08:03
positivo,5065,11.4,0.288,2026-03-20 08:03,2026-03-20 08:03
neutral,30675,68.8,-0.0,2026-03-20 08:34,2026-03-20 08:34
negativo,8822,19.8,-0.313,2026-03-20 08:34,2026-03-20 08:34
positivo,5077,11.4,0.288,2026-03-20 08:34,2026-03-20 08:34
neutral,30745,68.8,-0.0,2026-03-20 09:03,2026-03-20 09:03
negativo,8838,19.8,-0.313,2026-03-20 09:03,2026-03-20 09:03
positivo,5083,11.4,0.288,2026-03-20 09:03,2026-03-20 09:03
neutral,30801,68.8,-0.0,2026-03-20 09:33,2026-03-20 09:33
negativo,8855,19.8,-0.313,2026-03-20 09:33,2026-03-20 09:33
positivo,5091,11.4,0.288,2026-03-20 09:33,2026-03-20 09:33
neutral,30848,68.8,-0.0,2026-03-20 10:03,2026-03-20 10:03
negativo,8877,19.8,-0.313,2026-03-20 10:03,2026-03-20 10:03
positivo,5101,11.4,0.288,2026-03-20 10:03,2026-03-20 10:03
neutral,30916,68.8,-0.0,2026-03-20 10:33,2026-03-20 10:33
negativo,8905,19.8,-0.313,2026-03-20 10:33,2026-03-20 10:33
positivo,5115,11.4,0.288,2026-03-20 10:33,2026-03-20 10:33
neutral,30973,68.8,-0.0,2026-03-20 11:03,2026-03-20 11:03
negativo,8934,19.8,-0.313,2026-03-20 11:03,2026-03-20 11:03
positivo,5130,11.4,0.287,2026-03-20 11:03,2026-03-20 11:03
neutral,31033,68.8,-0.0,2026-03-20 11:34,2026-03-20 11:34
negativo,8953,19.8,-0.313,2026-03-20 11:34,2026-03-20 11:34
positivo,5140,11.4,0.287,2026-03-20 11:34,2026-03-20 11:34
neutral,31128,68.8,-0.0,2026-03-20 12:03,2026-03-20 12:03
negativo,8971,19.8,-0.313,2026-03-20 12:03,2026-03-20 12:03
positivo,5159,11.4,0.287,2026-03-20 12:03,2026-03-20 12:03
neutral,31221,68.8,-0.0,2026-03-20 12:34,2026-03-20 12:34
negativo,9004,19.8,-0.313,2026-03-20 12:34,2026-03-20 12:34
positivo,5182,11.4,0.287,2026-03-20 12:34,2026-03-20 12:34
neutral,31316,68.8,-0.0,2026-03-20 13:03,2026-03-20 13:03
negativo,9023,19.8,-0.313,2026-03-20 13:03,2026-03-20 13:03
positivo,5198,11.4,0.287,2026-03-20 13:03,2026-03-20 13:03
neutral,31401,68.8,-0.0,2026-03-20 13:33,2026-03-20 13:33
negativo,9053,19.8,-0.313,2026-03-20 13:33,2026-03-20 13:33
positivo,5210,11.4,0.287,2026-03-20 13:33,2026-03-20 13:33
neutral,31487,68.8,-0.0,2026-03-20 14:04,2026-03-20 14:04
negativo,9079,19.8,-0.313,2026-03-20 14:04,2026-03-20 14:04
positivo,5230,11.4,0.287,2026-03-20 14:04,2026-03-20 14:04
neutral,31584,68.7,-0.0,2026-03-20 14:33,2026-03-20 14:33
negativo,9109,19.8,-0.313,2026-03-20 14:33,2026-03-20 14:33
positivo,5254,11.4,0.287,2026-03-20 14:33,2026-03-20 14:33
neutral,31667,68.7,-0.0,2026-03-20 15:03,2026-03-20 15:03
negativo,9134,19.8,-0.313,2026-03-20 15:03,2026-03-20 15:03
positivo,5274,11.4,0.287,2026-03-20 15:03,2026-03-20 15:03
neutral,31726,68.7,-0.0,2026-03-20 15:34,2026-03-20 15:34
negativo,9162,19.8,-0.313,2026-03-20 15:34,2026-03-20 15:34
positivo,5289,11.5,0.287,2026-03-20 15:34,2026-03-20 15:34
neutral,31796,68.7,-0.0,2026-03-20 16:04,2026-03-20 16:04
negativo,9190,19.9,-0.313,2026-03-20 16:04,2026-03-20 16:04
positivo,5306,11.5,0.287,2026-03-20 16:04,2026-03-20 16:04
neutral,31857,68.7,-0.0,2026-03-20 16:34,2026-03-20 16:34
negativo,9206,19.8,-0.313,2026-03-20 16:34,2026-03-20 16:34
positivo,5316,11.5,0.287,2026-03-20 16:34,2026-03-20 16:34
neutral,31918,68.7,-0.0,2026-03-20 17:03,2026-03-20 17:03
negativo,9226,19.9,-0.313,2026-03-20 17:03,2026-03-20 17:03
positivo,5327,11.5,0.287,2026-03-20 17:03,2026-03-20 17:03
neutral,31969,68.7,-0.0,2026-03-20 17:33,2026-03-20 17:33
negativo,9242,19.9,-0.313,2026-03-20 17:33,2026-03-20 17:33
positivo,5344,11.5,0.287,2026-03-20 17:33,2026-03-20 17:33
neutral,32010,68.7,-0.0,2026-03-20 18:03,2026-03-20 18:03
negativo,9258,19.9,-0.313,2026-03-20 18:03,2026-03-20 18:03
positivo,5358,11.5,0.287,2026-03-20 18:03,2026-03-20 18:03
neutral,32092,68.6,-0.0,2026-03-20 18:33,2026-03-20 18:33
negativo,9288,19.9,-0.313,2026-03-20 18:33,2026-03-20 18:33
positivo,5373,11.5,0.287,2026-03-20 18:33,2026-03-20 18:33
neutral,32133,68.6,-0.0,2026-03-20 19:04,2026-03-20 19:04
negativo,9311,19.9,-0.313,2026-03-20 19:04,2026-03-20 19:04
positivo,5382,11.5,0.287,2026-03-20 19:04,2026-03-20 19:04
neutral,32178,68.6,-0.0,2026-03-20 19:33,2026-03-20 19:33
negativo,9327,19.9,-0.313,2026-03-20 19:33,2026-03-20 19:33
positivo,5398,11.5,0.287,2026-03-20 19:33,2026-03-20 19:33
neutral,32235,68.6,-0.0,2026-03-20 20:03,2026-03-20 20:03
negativo,9339,19.9,-0.313,2026-03-20 20:03,2026-03-20 20:03
positivo,5403,11.5,0.287,2026-03-20 20:03,2026-03-20 20:03
neutral,32272,68.6,-0.0,2026-03-20 20:33,2026-03-20 20:33
negativo,9358,19.9,-0.313,2026-03-20 20:33,2026-03-20 20:33
positivo,5409,11.5,0.287,2026-03-20 20:33,2026-03-20 20:33
neutral,32305,68.6,-0.0,2026-03-20 21:04,2026-03-20 21:04
negativo,9368,19.9,-0.313,2026-03-20 21:04,2026-03-20 21:04
positivo,5413,11.5,0.287,2026-03-20 21:04,2026-03-20 21:04
neutral,32340,68.6,-0.0,2026-03-20 21:33,2026-03-20 21:33
negativo,9380,19.9,-0.313,2026-03-20 21:33,2026-03-20 21:33
positivo,5418,11.5,0.287,2026-03-20 21:33,2026-03-20 21:33
neutral,32380,68.6,-0.0,2026-03-20 22:03,2026-03-20 22:03
negativo,9391,19.9,-0.313,2026-03-20 22:03,2026-03-20 22:03
positivo,5421,11.5,0.287,2026-03-20 22:03,2026-03-20 22:03
neutral,32404,68.6,-0.0,2026-03-20 22:34,2026-03-20 22:34
negativo,9395,19.9,-0.313,2026-03-20 22:34,2026-03-20 22:34
positivo,5424,11.5,0.287,2026-03-20 22:34,2026-03-20 22:34
neutral,32425,68.6,-0.0,2026-03-20 23:03,2026-03-20 23:03
negativo,9397,19.9,-0.313,2026-03-20 23:03,2026-03-20 23:03
positivo,5428,11.5,0.287,2026-03-20 23:03,2026-03-20 23:03
neutral,32457,68.6,-0.0,2026-03-20 23:33,2026-03-20 23:33
negativo,9401,19.9,-0.313,2026-03-20 23:33,2026-03-20 23:33
positivo,5428,11.5,0.287,2026-03-20 23:33,2026-03-20 23:33
neutral,32475,68.6,-0.0,2026-03-21 00:04,2026-03-21 00:04
negativo,9406,19.9,-0.313,2026-03-21 00:04,2026-03-21 00:04
positivo,5434,11.5,0.287,2026-03-21 00:04,2026-03-21 00:04
neutral,32562,68.7,-0.0,2026-03-21 00:34,2026-03-21 00:34
negativo,9420,19.9,-0.313,2026-03-21 00:34,2026-03-21 00:34
positivo,5441,11.5,0.287,2026-03-21 00:34,2026-03-21 00:34
neutral,32605,68.7,-0.0,2026-03-21 01:03,2026-03-21 01:03
negativo,9432,19.9,-0.313,2026-03-21 01:03,2026-03-21 01:03
positivo,5443,11.5,0.287,2026-03-21 01:03,2026-03-21 01:03
neutral,32612,68.7,-0.0,2026-03-21 01:33,2026-03-21 01:33
negativo,9434,19.9,-0.313,2026-03-21 01:33,2026-03-21 01:33
positivo,5443,11.5,0.287,2026-03-21 01:33,2026-03-21 01:33
neutral,32619,68.7,-0.0,2026-03-21 02:03,2026-03-21 02:03
negativo,9436,19.9,-0.313,2026-03-21 02:03,2026-03-21 02:03
positivo,5446,11.5,0.287,2026-03-21 02:03,2026-03-21 02:03
neutral,32638,68.7,-0.0,2026-03-21 02:33,2026-03-21 02:33
negativo,9439,19.9,-0.313,2026-03-21 02:33,2026-03-21 02:33
positivo,5447,11.5,0.287,2026-03-21 02:33,2026-03-21 02:33
neutral,32642,68.7,-0.0,2026-03-21 03:03,2026-03-21 03:03
negativo,9440,19.9,-0.313,2026-03-21 03:03,2026-03-21 03:03
positivo,5447,11.5,0.287,2026-03-21 03:03,2026-03-21 03:03
neutral,32665,68.7,-0.0,2026-03-21 03:34,2026-03-21 03:34
negativo,9452,19.9,-0.313,2026-03-21 03:34,2026-03-21 03:34
positivo,5452,11.5,0.287,2026-03-21 03:34,2026-03-21 03:34
neutral,32671,68.7,-0.0,2026-03-21 04:03,2026-03-21 04:03
negativo,9452,19.9,-0.313,2026-03-21 04:03,2026-03-21 04:03
positivo,5453,11.5,0.287,2026-03-21 04:03,2026-03-21 04:03
neutral,32687,68.7,-0.0,2026-03-21 04:33,2026-03-21 04:33
negativo,9454,19.9,-0.313,2026-03-21 04:33,2026-03-21 04:33
positivo,5454,11.5,0.287,2026-03-21 04:33,2026-03-21 04:33
neutral,32694,68.7,-0.0,2026-03-21 05:03,2026-03-21 05:03
negativo,9454,19.9,-0.313,2026-03-21 05:03,2026-03-21 05:03
positivo,5455,11.5,0.287,2026-03-21 05:03,2026-03-21 05:03
neutral,32745,68.7,-0.0,2026-03-21 05:33,2026-03-21 05:33
negativo,9458,19.8,-0.313,2026-03-21 05:33,2026-03-21 05:33
positivo,5459,11.5,0.287,2026-03-21 05:33,2026-03-21 05:33
neutral,32787,68.7,-0.0,2026-03-21 06:03,2026-03-21 06:03
negativo,9463,19.8,-0.313,2026-03-21 06:03,2026-03-21 06:03
positivo,5467,11.5,0.287,2026-03-21 06:03,2026-03-21 06:03
neutral,32905,68.7,-0.0,2026-03-21 06:33,2026-03-21 06:33
negativo,9482,19.8,-0.313,2026-03-21 06:33,2026-03-21 06:33
positivo,5478,11.4,0.287,2026-03-21 06:33,2026-03-21 06:33
neutral,32936,68.8,-0.0,2026-03-21 07:04,2026-03-21 07:04
negativo,9486,19.8,-0.313,2026-03-21 07:04,2026-03-21 07:04
positivo,5480,11.4,0.287,2026-03-21 07:04,2026-03-21 07:04
neutral,32990,68.8,-0.0,2026-03-21 07:33,2026-03-21 07:33
negativo,9492,19.8,-0.313,2026-03-21 07:33,2026-03-21 07:33
positivo,5489,11.4,0.287,2026-03-21 07:33,2026-03-21 07:33
neutral,33024,68.8,-0.0,2026-03-21 08:03,2026-03-21 08:03
negativo,9499,19.8,-0.313,2026-03-21 08:03,2026-03-21 08:03
positivo,5493,11.4,0.287,2026-03-21 08:03,2026-03-21 08:03
neutral,33089,68.8,-0.0,2026-03-21 08:34,2026-03-21 08:34
negativo,9506,19.8,-0.313,2026-03-21 08:34,2026-03-21 08:34
positivo,5504,11.4,0.287,2026-03-21 08:34,2026-03-21 08:34
neutral,32948,68.8,-0.0,2026-03-21 09:03,2026-03-21 09:03
negativo,9487,19.8,-0.313,2026-03-21 09:03,2026-03-21 09:03
positivo,5471,11.4,0.287,2026-03-21 09:03,2026-03-21 09:03
neutral,32989,68.8,-0.0,2026-03-21 09:33,2026-03-21 09:33
negativo,9492,19.8,-0.313,2026-03-21 09:33,2026-03-21 09:33
positivo,5474,11.4,0.287,2026-03-21 09:33,2026-03-21 09:33
neutral,33024,68.8,-0.0,2026-03-21 10:03,2026-03-21 10:03
negativo,9503,19.8,-0.313,2026-03-21 10:03,2026-03-21 10:03
positivo,5478,11.4,0.287,2026-03-21 10:03,2026-03-21 10:03
neutral,33064,68.8,-0.0,2026-03-21 10:33,2026-03-21 10:33
negativo,9508,19.8,-0.313,2026-03-21 10:33,2026-03-21 10:33
positivo,5482,11.4,0.287,2026-03-21 10:33,2026-03-21 10:33
neutral,33099,68.8,-0.0,2026-03-21 11:03,2026-03-21 11:03
negativo,9520,19.8,-0.313,2026-03-21 11:03,2026-03-21 11:03
positivo,5487,11.4,0.287,2026-03-21 11:03,2026-03-21 11:03
neutral,33144,68.8,-0.0,2026-03-21 11:33,2026-03-21 11:33
negativo,9534,19.8,-0.313,2026-03-21 11:33,2026-03-21 11:33
positivo,5493,11.4,0.287,2026-03-21 11:33,2026-03-21 11:33
neutral,33185,68.8,-0.0,2026-03-21 12:03,2026-03-21 12:03
negativo,9550,19.8,-0.313,2026-03-21 12:03,2026-03-21 12:03
positivo,5498,11.4,0.287,2026-03-21 12:03,2026-03-21 12:03
neutral,33227,68.8,-0.0,2026-03-21 12:33,2026-03-21 12:33
negativo,9567,19.8,-0.313,2026-03-21 12:33,2026-03-21 12:33
positivo,5504,11.4,0.287,2026-03-21 12:33,2026-03-21 12:33
neutral,33260,68.8,-0.0,2026-03-21 13:03,2026-03-21 13:03
negativo,9592,19.8,-0.313,2026-03-21 13:03,2026-03-21 13:03
positivo,5510,11.4,0.287,2026-03-21 13:03,2026-03-21 13:03
neutral,33291,68.8,-0.0,2026-03-21 13:33,2026-03-21 13:33
negativo,9604,19.8,-0.313,2026-03-21 13:33,2026-03-21 13:33
positivo,5516,11.4,0.287,2026-03-21 13:33,2026-03-21 13:33
neutral,33347,68.8,-0.0,2026-03-21 14:04,2026-03-21 14:04
negativo,9616,19.8,-0.313,2026-03-21 14:04,2026-03-21 14:04
positivo,5522,11.4,0.287,2026-03-21 14:04,2026-03-21 14:04
neutral,33396,68.8,-0.0,2026-03-21 14:33,2026-03-21 14:33
negativo,9626,19.8,-0.313,2026-03-21 14:33,2026-03-21 14:33
positivo,5526,11.4,0.287,2026-03-21 14:33,2026-03-21 14:33
neutral,33423,68.8,-0.0,2026-03-21 15:03,2026-03-21 15:03
negativo,9637,19.8,-0.313,2026-03-21 15:03,2026-03-21 15:03
positivo,5533,11.4,0.287,2026-03-21 15:03,2026-03-21 15:03
neutral,33461,68.8,-0.0,2026-03-21 15:33,2026-03-21 15:33
negativo,9652,19.8,-0.313,2026-03-21 15:33,2026-03-21 15:33
positivo,5536,11.4,0.287,2026-03-21 15:33,2026-03-21 15:33
neutral,33485,68.8,-0.0,2026-03-21 16:03,2026-03-21 16:03
negativo,9659,19.8,-0.313,2026-03-21 16:03,2026-03-21 16:03
positivo,5537,11.4,0.287,2026-03-21 16:03,2026-03-21 16:03
neutral,33517,68.8,-0.0,2026-03-21 16:33,2026-03-21 16:33
negativo,9667,19.8,-0.313,2026-03-21 16:33,2026-03-21 16:33
positivo,5541,11.4,0.287,2026-03-21 16:33,2026-03-21 16:33
neutral,33548,68.8,-0.0,2026-03-21 17:03,2026-03-21 17:03
negativo,9677,19.8,-0.313,2026-03-21 17:03,2026-03-21 17:03
positivo,5541,11.4,0.287,2026-03-21 17:03,2026-03-21 17:03
neutral,33576,68.8,-0.0,2026-03-21 17:33,2026-03-21 17:33
negativo,9691,19.9,-0.313,2026-03-21 17:33,2026-03-21 17:33
positivo,5552,11.4,0.287,2026-03-21 17:33,2026-03-21 17:33
neutral,33600,68.8,-0.0,2026-03-21 18:03,2026-03-21 18:03
negativo,9704,19.9,-0.313,2026-03-21 18:03,2026-03-21 18:03
positivo,5558,11.4,0.287,2026-03-21 18:03,2026-03-21 18:03
neutral,33647,68.8,-0.0,2026-03-21 18:33,2026-03-21 18:33
negativo,9720,19.9,-0.313,2026-03-21 18:33,2026-03-21 18:33
positivo,5564,11.4,0.287,2026-03-21 18:33,2026-03-21 18:33
neutral,33680,68.8,-0.0,2026-03-21 19:03,2026-03-21 19:03
negativo,9730,19.9,-0.313,2026-03-21 19:03,2026-03-21 19:03
positivo,5568,11.4,0.287,2026-03-21 19:03,2026-03-21 19:03
neutral,33715,68.8,-0.0,2026-03-21 19:33,2026-03-21 19:33
negativo,9742,19.9,-0.313,2026-03-21 19:33,2026-03-21 19:33
positivo,5573,11.4,0.287,2026-03-21 19:33,2026-03-21 19:33
neutral,33336,68.8,-0.0,2026-03-21 20:03,2026-03-21 20:03
negativo,9629,19.9,-0.313,2026-03-21 20:03,2026-03-21 20:03
positivo,5510,11.4,0.287,2026-03-21 20:03,2026-03-21 20:03
neutral,33336,68.8,-0.0,2026-03-21 20:33,2026-03-21 20:33
negativo,9629,19.9,-0.313,2026-03-21 20:33,2026-03-21 20:33
positivo,5510,11.4,0.287,2026-03-21 20:33,2026-03-21 20:33
neutral,33336,68.8,-0.0,2026-03-21 21:03,2026-03-21 21:03
negativo,9629,19.9,-0.313,2026-03-21 21:03,2026-03-21 21:03
positivo,5510,11.4,0.287,2026-03-21 21:03,2026-03-21 21:03
neutral,33336,68.8,-0.0,2026-03-21 21:33,2026-03-21 21:33
negativo,9629,19.9,-0.313,2026-03-21 21:33,2026-03-21 21:33
positivo,5510,11.4,0.287,2026-03-21 21:33,2026-03-21 21:33
neutral,33336,68.8,-0.0,2026-03-21 22:03,2026-03-21 22:03
negativo,9629,19.9,-0.313,2026-03-21 22:03,2026-03-21 22:03
positivo,5510,11.4,0.287,2026-03-21 22:03,2026-03-21 22:03
neutral,33336,68.8,-0.0,2026-03-21 22:33,2026-03-21 22:33
negativo,9629,19.9,-0.313,2026-03-21 22:33,2026-03-21 22:33
positivo,5510,11.4,0.287,2026-03-21 22:33,2026-03-21 22:33
neutral,33336,68.8,-0.0,2026-03-21 23:03,2026-03-21 23:03
negativo,9629,19.9,-0.313,2026-03-21 23:03,2026-03-21 23:03
positivo,5510,11.4,0.287,2026-03-21 23:03,2026-03-21 23:03
neutral,33336,68.8,-0.0,2026-03-21 23:33,2026-03-21 23:33
negativo,9629,19.9,-0.313,2026-03-21 23:33,2026-03-21 23:33
positivo,5510,11.4,0.287,2026-03-21 23:33,2026-03-21 23:33
neutral,33336,68.8,-0.0,2026-03-22 00:03,2026-03-22 00:03
negativo,9629,19.9,-0.313,2026-03-22 00:03,2026-03-22 00:03
positivo,5510,11.4,0.287,2026-03-22 00:03,2026-03-22 00:03
neutral,33336,68.8,-0.0,2026-03-22 00:33,2026-03-22 00:33
negativo,9629,19.9,-0.313,2026-03-22 00:33,2026-03-22 00:33
positivo,5510,11.4,0.287,2026-03-22 00:33,2026-03-22 00:33
neutral,33336,68.8,-0.0,2026-03-22 01:03,2026-03-22 01:03
negativo,9629,19.9,-0.313,2026-03-22 01:03,2026-03-22 01:03
positivo,5510,11.4,0.287,2026-03-22 01:03,2026-03-22 01:03
neutral,33336,68.8,-0.0,2026-03-22 01:33,2026-03-22 01:33
negativo,9629,19.9,-0.313,2026-03-22 01:33,2026-03-22 01:33
positivo,5510,11.4,0.287,2026-03-22 01:33,2026-03-22 01:33
neutral,33336,68.8,-0.0,2026-03-22 02:03,2026-03-22 02:03
negativo,9629,19.9,-0.313,2026-03-22 02:03,2026-03-22 02:03
positivo,5510,11.4,0.287,2026-03-22 02:03,2026-03-22 02:03
neutral,33336,68.8,-0.0,2026-03-22 02:33,2026-03-22 02:33
negativo,9629,19.9,-0.313,2026-03-22 02:33,2026-03-22 02:33
positivo,5510,11.4,0.287,2026-03-22 02:33,2026-03-22 02:33
neutral,33336,68.8,-0.0,2026-03-22 03:03,2026-03-22 03:03
negativo,9629,19.9,-0.313,2026-03-22 03:03,2026-03-22 03:03
positivo,5510,11.4,0.287,2026-03-22 03:03,2026-03-22 03:03
neutral,33336,68.8,-0.0,2026-03-22 03:33,2026-03-22 03:33
negativo,9629,19.9,-0.313,2026-03-22 03:33,2026-03-22 03:33
positivo,5510,11.4,0.287,2026-03-22 03:33,2026-03-22 03:33
neutral,33336,68.8,-0.0,2026-03-22 04:03,2026-03-22 04:03
negativo,9629,19.9,-0.313,2026-03-22 04:03,2026-03-22 04:03
positivo,5510,11.4,0.287,2026-03-22 04:03,2026-03-22 04:03
neutral,33336,68.8,-0.0,2026-03-22 04:33,2026-03-22 04:33
negativo,9629,19.9,-0.313,2026-03-22 04:33,2026-03-22 04:33
positivo,5510,11.4,0.287,2026-03-22 04:33,2026-03-22 04:33
neutral,33336,68.8,-0.0,2026-03-22 05:03,2026-03-22 05:03
negativo,9629,19.9,-0.313,2026-03-22 05:03,2026-03-22 05:03
positivo,5510,11.4,0.287,2026-03-22 05:03,2026-03-22 05:03
neutral,33336,68.8,-0.0,2026-03-22 05:33,2026-03-22 05:33
negativo,9629,19.9,-0.313,2026-03-22 05:33,2026-03-22 05:33
positivo,5510,11.4,0.287,2026-03-22 05:33,2026-03-22 05:33
neutral,33336,68.8,-0.0,2026-03-22 06:03,2026-03-22 06:03
negativo,9629,19.9,-0.313,2026-03-22 06:03,2026-03-22 06:03
positivo,5510,11.4,0.287,2026-03-22 06:03,2026-03-22 06:03
neutral,33336,68.8,-0.0,2026-03-22 06:33,2026-03-22 06:33
negativo,9629,19.9,-0.313,2026-03-22 06:33,2026-03-22 06:33
positivo,5510,11.4,0.287,2026-03-22 06:33,2026-03-22 06:33
neutral,33336,68.8,-0.0,2026-03-22 07:03,2026-03-22 07:03
negativo,9629,19.9,-0.313,2026-03-22 07:03,2026-03-22 07:03
positivo,5510,11.4,0.287,2026-03-22 07:03,2026-03-22 07:03
neutral,33336,68.8,-0.0,2026-03-22 07:33,2026-03-22 07:33
negativo,9629,19.9,-0.313,2026-03-22 07:33,2026-03-22 07:33
positivo,5510,11.4,0.287,2026-03-22 07:33,2026-03-22 07:33
neutral,33336,68.8,-0.0,2026-03-22 08:03,2026-03-22 08:03
negativo,9629,19.9,-0.313,2026-03-22 08:03,2026-03-22 08:03
positivo,5510,11.4,0.287,2026-03-22 08:03,2026-03-22 08:03
neutral,33336,68.8,-0.0,2026-03-22 08:33,2026-03-22 08:33
negativo,9629,19.9,-0.313,2026-03-22 08:33,2026-03-22 08:33
positivo,5510,11.4,0.287,2026-03-22 08:33,2026-03-22 08:33
neutral,33336,68.8,-0.0,2026-03-22 09:03,2026-03-22 09:03
negativo,9629,19.9,-0.313,2026-03-22 09:03,2026-03-22 09:03
positivo,5510,11.4,0.287,2026-03-22 09:03,2026-03-22 09:03
neutral,33336,68.8,-0.0,2026-03-22 09:33,2026-03-22 09:33
negativo,9629,19.9,-0.313,2026-03-22 09:33,2026-03-22 09:33
positivo,5510,11.4,0.287,2026-03-22 09:33,2026-03-22 09:33
neutral,33336,68.8,-0.0,2026-03-22 10:03,2026-03-22 10:03
negativo,9629,19.9,-0.313,2026-03-22 10:03,2026-03-22 10:03
positivo,5510,11.4,0.287,2026-03-22 10:03,2026-03-22 10:03
neutral,33336,68.8,-0.0,2026-03-22 10:33,2026-03-22 10:33
negativo,9629,19.9,-0.313,2026-03-22 10:33,2026-03-22 10:33
positivo,5510,11.4,0.287,2026-03-22 10:33,2026-03-22 10:33
neutral,33336,68.8,-0.0,2026-03-22 11:03,2026-03-22 11:03
negativo,9629,19.9,-0.313,2026-03-22 11:03,2026-03-22 11:03
positivo,5510,11.4,0.287,2026-03-22 11:03,2026-03-22 11:03
neutral,33336,68.8,-0.0,2026-03-22 11:33,2026-03-22 11:33
negativo,9629,19.9,-0.313,2026-03-22 11:33,2026-03-22 11:33
positivo,5510,11.4,0.287,2026-03-22 11:33,2026-03-22 11:33
neutral,33336,68.8,-0.0,2026-03-22 12:03,2026-03-22 12:03
negativo,9629,19.9,-0.313,2026-03-22 12:03,2026-03-22 12:03
positivo,5510,11.4,0.287,2026-03-22 12:03,2026-03-22 12:03
neutral,33336,68.8,-0.0,2026-03-22 12:33,2026-03-22 12:33
negativo,9629,19.9,-0.313,2026-03-22 12:33,2026-03-22 12:33
positivo,5510,11.4,0.287,2026-03-22 12:33,2026-03-22 12:33
neutral,33336,68.8,-0.0,2026-03-22 13:03,2026-03-22 13:03
negativo,9629,19.9,-0.313,2026-03-22 13:03,2026-03-22 13:03
positivo,5510,11.4,0.287,2026-03-22 13:03,2026-03-22 13:03
neutral,33336,68.8,-0.0,2026-03-22 13:33,2026-03-22 13:33
negativo,9629,19.9,-0.313,2026-03-22 13:33,2026-03-22 13:33
positivo,5510,11.4,0.287,2026-03-22 13:33,2026-03-22 13:33
neutral,33336,68.8,-0.0,2026-03-22 14:03,2026-03-22 14:03
negativo,9629,19.9,-0.313,2026-03-22 14:03,2026-03-22 14:03
positivo,5510,11.4,0.287,2026-03-22 14:03,2026-03-22 14:03
neutral,33336,68.8,-0.0,2026-03-22 14:33,2026-03-22 14:33
negativo,9629,19.9,-0.313,2026-03-22 14:33,2026-03-22 14:33
positivo,5510,11.4,0.287,2026-03-22 14:33,2026-03-22 14:33
neutral,33336,68.8,-0.0,2026-03-22 15:03,2026-03-22 15:03
negativo,9629,19.9,-0.313,2026-03-22 15:03,2026-03-22 15:03
positivo,5510,11.4,0.287,2026-03-22 15:03,2026-03-22 15:03
neutral,33336,68.8,-0.0,2026-03-22 15:33,2026-03-22 15:33
negativo,9629,19.9,-0.313,2026-03-22 15:33,2026-03-22 15:33
positivo,5510,11.4,0.287,2026-03-22 15:33,2026-03-22 15:33
neutral,33336,68.8,-0.0,2026-03-22 16:03,2026-03-22 16:03
negativo,9629,19.9,-0.313,2026-03-22 16:03,2026-03-22 16:03
positivo,5510,11.4,0.287,2026-03-22 16:03,2026-03-22 16:03
neutral,33336,68.8,-0.0,2026-03-22 16:33,2026-03-22 16:33
negativo,9629,19.9,-0.313,2026-03-22 16:33,2026-03-22 16:33
positivo,5510,11.4,0.287,2026-03-22 16:33,2026-03-22 16:33
neutral,33336,68.8,-0.0,2026-03-22 17:03,2026-03-22 17:03
negativo,9629,19.9,-0.313,2026-03-22 17:03,2026-03-22 17:03
positivo,5510,11.4,0.287,2026-03-22 17:03,2026-03-22 17:03
neutral,33336,68.8,-0.0,2026-03-22 17:33,2026-03-22 17:33
negativo,9629,19.9,-0.313,2026-03-22 17:33,2026-03-22 17:33
positivo,5510,11.4,0.287,2026-03-22 17:33,2026-03-22 17:33
neutral,33336,68.8,-0.0,2026-03-22 18:03,2026-03-22 18:03
negativo,9629,19.9,-0.313,2026-03-22 18:03,2026-03-22 18:03
positivo,5510,11.4,0.287,2026-03-22 18:03,2026-03-22 18:03
