keyword,count,last_update,cycle
irán,225101,2026-03-26 23:01:00+00:00,2026-03-26 23:01
guerra,207922,2026-03-26 23:01:00+00:00,2026-03-26 23:01
internacional,200877,2026-03-26 23:01:00+00:00,2026-03-26 23:01
trump,150267,2026-03-26 23:01:00+00:00,2026-03-26 23:01
sánchez,116354,2026-03-26 23:01:00+00:00,2026-03-26 23:01
guerra irán,96276,2026-03-26 23:01:00+00:00,2026-03-26 23:01
israel,82588,2026-03-26 23:01:00+00:00,2026-03-26 23:01
málaga,59211,2026-03-26 23:01:00+00:00,2026-03-26 23:01
anuncia,53522,2026-03-26 23:01:00+00:00,2026-03-26 23:01
petróleo,52514,2026-03-26 23:01:00+00:00,2026-03-26 23:01
ormuz,51130,2026-03-26 23:01:00+00:00,2026-03-26 23:01
muere,50359,2026-03-26 23:01:00+00:00,2026-03-26 23:01
plan,49771,2026-03-26 23:01:00+00:00,2026-03-26 23:01
aragón,49279,2026-03-26 23:01:00+00:00,2026-03-26 23:01
diario,49038,2026-03-26 23:01:00+00:00,2026-03-26 23:01
santa,48679,2026-03-26 23:01:00+00:00,2026-03-26 23:01
carlos,48155,2026-03-26 23:01:00+00:00,2026-03-26 23:01
crisis,46454,2026-03-26 23:01:00+00:00,2026-03-26 23:01
20,46436,2026-03-26 23:01:00+00:00,2026-03-26 23:01
irán,225425,2026-03-26 23:31:00+00:00,2026-03-26 23:31
guerra,209754,2026-03-26 23:31:00+00:00,2026-03-26 23:31
internacional,202775,2026-03-26 23:31:00+00:00,2026-03-26 23:31
trump,149949,2026-03-26 23:31:00+00:00,2026-03-26 23:31
sánchez,113980,2026-03-26 23:31:00+00:00,2026-03-26 23:31
guerra irán,96152,2026-03-26 23:31:00+00:00,2026-03-26 23:31
israel,82714,2026-03-26 23:31:00+00:00,2026-03-26 23:31
málaga,59253,2026-03-26 23:31:00+00:00,2026-03-26 23:31
anuncia,53493,2026-03-26 23:31:00+00:00,2026-03-26 23:31
petróleo,52520,2026-03-26 23:31:00+00:00,2026-03-26 23:31
ormuz,51330,2026-03-26 23:31:00+00:00,2026-03-26 23:31
muere,50682,2026-03-26 23:31:00+00:00,2026-03-26 23:31
plan,49643,2026-03-26 23:31:00+00:00,2026-03-26 23:31
aragón,49375,2026-03-26 23:31:00+00:00,2026-03-26 23:31
diario,49340,2026-03-26 23:31:00+00:00,2026-03-26 23:31
santa,49080,2026-03-26 23:31:00+00:00,2026-03-26 23:31
carlos,47118,2026-03-26 23:31:00+00:00,2026-03-26 23:31
crisis,46727,2026-03-26 23:31:00+00:00,2026-03-26 23:31
irán,225800,2026-03-27 00:01:00+00:00,2026-03-27 00:01
guerra,209716,2026-03-27 00:01:00+00:00,2026-03-27 00:01
internacional,203216,2026-03-27 00:01:00+00:00,2026-03-27 00:01
trump,150019,2026-03-27 00:01:00+00:00,2026-03-27 00:01
sánchez,114246,2026-03-27 00:01:00+00:00,2026-03-27 00:01
guerra irán,96254,2026-03-27 00:01:00+00:00,2026-03-27 00:01
israel,82725,2026-03-27 00:01:00+00:00,2026-03-27 00:01
málaga,59083,2026-03-27 00:01:00+00:00,2026-03-27 00:01
anuncia,53496,2026-03-27 00:01:00+00:00,2026-03-27 00:01
petróleo,52525,2026-03-27 00:01:00+00:00,2026-03-27 00:01
ormuz,51287,2026-03-27 00:01:00+00:00,2026-03-27 00:01
muere,50683,2026-03-27 00:01:00+00:00,2026-03-27 00:01
plan,49646,2026-03-27 00:01:00+00:00,2026-03-27 00:01
diario,49535,2026-03-27 00:01:00+00:00,2026-03-27 00:01
aragón,49378,2026-03-27 00:01:00+00:00,2026-03-27 00:01
santa,49082,2026-03-27 00:01:00+00:00,2026-03-27 00:01
carlos,47561,2026-03-27 00:01:00+00:00,2026-03-27 00:01
crisis,46660,2026-03-27 00:01:00+00:00,2026-03-27 00:01
irán,226357,2026-03-27 00:31:00+00:00,2026-03-27 00:31
guerra,211093,2026-03-27 00:31:00+00:00,2026-03-27 00:31
internacional,204150,2026-03-27 00:31:00+00:00,2026-03-27 00:31
trump,148345,2026-03-27 00:31:00+00:00,2026-03-27 00:31
sánchez,115758,2026-03-27 00:31:00+00:00,2026-03-27 00:31
guerra irán,96680,2026-03-27 00:31:00+00:00,2026-03-27 00:31
israel,82788,2026-03-27 00:31:00+00:00,2026-03-27 00:31
málaga,59935,2026-03-27 00:31:00+00:00,2026-03-27 00:31
anuncia,53498,2026-03-27 00:31:00+00:00,2026-03-27 00:31
petróleo,52550,2026-03-27 00:31:00+00:00,2026-03-27 00:31
ormuz,51153,2026-03-27 00:31:00+00:00,2026-03-27 00:31
muere,50686,2026-03-27 00:31:00+00:00,2026-03-27 00:31
santa,50007,2026-03-27 00:31:00+00:00,2026-03-27 00:31
diario,49718,2026-03-27 00:31:00+00:00,2026-03-27 00:31
plan,49566,2026-03-27 00:31:00+00:00,2026-03-27 00:31
aragón,49407,2026-03-27 00:31:00+00:00,2026-03-27 00:31
carlos,47575,2026-03-27 00:31:00+00:00,2026-03-27 00:31
mundial,47271,2026-03-27 00:31:00+00:00,2026-03-27 00:31
crisis,46735,2026-03-27 00:31:00+00:00,2026-03-27 00:31
20,46596,2026-03-27 00:31:00+00:00,2026-03-27 00:31
irán,226463,2026-03-27 01:01:00+00:00,2026-03-27 01:01
guerra,211109,2026-03-27 01:01:00+00:00,2026-03-27 01:01
internacional,204688,2026-03-27 01:01:00+00:00,2026-03-27 01:01
trump,148463,2026-03-27 01:01:00+00:00,2026-03-27 01:01
sánchez,116039,2026-03-27 01:01:00+00:00,2026-03-27 01:01
guerra irán,96686,2026-03-27 01:01:00+00:00,2026-03-27 01:01
israel,82793,2026-03-27 01:01:00+00:00,2026-03-27 01:01
málaga,59936,2026-03-27 01:01:00+00:00,2026-03-27 01:01
anuncia,53500,2026-03-27 01:01:00+00:00,2026-03-27 01:01
petróleo,52552,2026-03-27 01:01:00+00:00,2026-03-27 01:01
ormuz,51297,2026-03-27 01:01:00+00:00,2026-03-27 01:01
muere,50687,2026-03-27 01:01:00+00:00,2026-03-27 01:01
santa,50008,2026-03-27 01:01:00+00:00,2026-03-27 01:01
aragón,49735,2026-03-27 01:01:00+00:00,2026-03-27 01:01
diario,49722,2026-03-27 01:01:00+00:00,2026-03-27 01:01
plan,49568,2026-03-27 01:01:00+00:00,2026-03-27 01:01
carlos,47911,2026-03-27 01:01:00+00:00,2026-03-27 01:01
mundial,47218,2026-03-27 01:01:00+00:00,2026-03-27 01:01
crisis,47130,2026-03-27 01:01:00+00:00,2026-03-27 01:01
20,46543,2026-03-27 01:01:00+00:00,2026-03-27 01:01
irán,226405,2026-03-27 01:31:00+00:00,2026-03-27 01:31
guerra,211107,2026-03-27 01:31:00+00:00,2026-03-27 01:31
internacional,204686,2026-03-27 01:31:00+00:00,2026-03-27 01:31
trump,148862,2026-03-27 01:31:00+00:00,2026-03-27 01:31
sánchez,116045,2026-03-27 01:31:00+00:00,2026-03-27 01:31
guerra irán,96727,2026-03-27 01:31:00+00:00,2026-03-27 01:31
israel,82764,2026-03-27 01:31:00+00:00,2026-03-27 01:31
málaga,60813,2026-03-27 01:31:00+00:00,2026-03-27 01:31
anuncia,53502,2026-03-27 01:31:00+00:00,2026-03-27 01:31
petróleo,52554,2026-03-27 01:31:00+00:00,2026-03-27 01:31
ormuz,51299,2026-03-27 01:31:00+00:00,2026-03-27 01:31
muere,50618,2026-03-27 01:31:00+00:00,2026-03-27 01:31
santa,50199,2026-03-27 01:31:00+00:00,2026-03-27 01:31
aragón,49736,2026-03-27 01:31:00+00:00,2026-03-27 01:31
diario,49724,2026-03-27 01:31:00+00:00,2026-03-27 01:31
plan,49359,2026-03-27 01:31:00+00:00,2026-03-27 01:31
carlos,47913,2026-03-27 01:31:00+00:00,2026-03-27 01:31
mundial,47386,2026-03-27 01:31:00+00:00,2026-03-27 01:31
crisis,47090,2026-03-27 01:31:00+00:00,2026-03-27 01:31
20,46546,2026-03-27 01:31:00+00:00,2026-03-27 01:31
irán,226676,2026-03-27 02:01:00+00:00,2026-03-27 02:01
guerra,211519,2026-03-27 02:01:00+00:00,2026-03-27 02:01
internacional,205141,2026-03-27 02:01:00+00:00,2026-03-27 02:01
trump,149583,2026-03-27 02:01:00+00:00,2026-03-27 02:01
sánchez,115303,2026-03-27 02:01:00+00:00,2026-03-27 02:01
guerra irán,96668,2026-03-27 02:01:00+00:00,2026-03-27 02:01
israel,82289,2026-03-27 02:01:00+00:00,2026-03-27 02:01
málaga,60879,2026-03-27 02:01:00+00:00,2026-03-27 02:01
anuncia,53278,2026-03-27 02:01:00+00:00,2026-03-27 02:01
petróleo,52462,2026-03-27 02:01:00+00:00,2026-03-27 02:01
ormuz,52207,2026-03-27 02:01:00+00:00,2026-03-27 02:01
muere,51014,2026-03-27 02:01:00+00:00,2026-03-27 02:01
santa,50201,2026-03-27 02:01:00+00:00,2026-03-27 02:01
plan,50052,2026-03-27 02:01:00+00:00,2026-03-27 02:01
aragón,50013,2026-03-27 02:01:00+00:00,2026-03-27 02:01
diario,49591,2026-03-27 02:01:00+00:00,2026-03-27 02:01
mundial,48227,2026-03-27 02:01:00+00:00,2026-03-27 02:01
carlos,47507,2026-03-27 02:01:00+00:00,2026-03-27 02:01
crisis,46882,2026-03-27 02:01:00+00:00,2026-03-27 02:01
20,46549,2026-03-27 02:01:00+00:00,2026-03-27 02:01
irán,226693,2026-03-27 02:31:00+00:00,2026-03-27 02:31
guerra,211532,2026-03-27 02:31:00+00:00,2026-03-27 02:31
internacional,205275,2026-03-27 02:31:00+00:00,2026-03-27 02:31
trump,149980,2026-03-27 02:31:00+00:00,2026-03-27 02:31
sánchez,115309,2026-03-27 02:31:00+00:00,2026-03-27 02:31
guerra irán,96671,2026-03-27 02:31:00+00:00,2026-03-27 02:31
israel,82453,2026-03-27 02:31:00+00:00,2026-03-27 02:31
málaga,60884,2026-03-27 02:31:00+00:00,2026-03-27 02:31
anuncia,53977,2026-03-27 02:31:00+00:00,2026-03-27 02:31
petróleo,52464,2026-03-27 02:31:00+00:00,2026-03-27 02:31
ormuz,52209,2026-03-27 02:31:00+00:00,2026-03-27 02:31
muere,51016,2026-03-27 02:31:00+00:00,2026-03-27 02:31
santa,50584,2026-03-27 02:31:00+00:00,2026-03-27 02:31
plan,50322,2026-03-27 02:31:00+00:00,2026-03-27 02:31
aragón,50015,2026-03-27 02:31:00+00:00,2026-03-27 02:31
diario,49593,2026-03-27 02:31:00+00:00,2026-03-27 02:31
mundial,48228,2026-03-27 02:31:00+00:00,2026-03-27 02:31
carlos,47508,2026-03-27 02:31:00+00:00,2026-03-27 02:31
crisis,46883,2026-03-27 02:31:00+00:00,2026-03-27 02:31
20,46550,2026-03-27 02:31:00+00:00,2026-03-27 02:31
irán,227609,2026-03-27 03:01:00+00:00,2026-03-27 03:01
guerra,211060,2026-03-27 03:01:00+00:00,2026-03-27 03:01
internacional,204594,2026-03-27 03:01:00+00:00,2026-03-27 03:01
trump,153034,2026-03-27 03:01:00+00:00,2026-03-27 03:01
sánchez,116398,2026-03-27 03:01:00+00:00,2026-03-27 03:01
guerra irán,96669,2026-03-27 03:01:00+00:00,2026-03-27 03:01
israel,82510,2026-03-27 03:01:00+00:00,2026-03-27 03:01
málaga,60806,2026-03-27 03:01:00+00:00,2026-03-27 03:01
anuncia,53983,2026-03-27 03:01:00+00:00,2026-03-27 03:01
petróleo,52896,2026-03-27 03:01:00+00:00,2026-03-27 03:01
ormuz,52875,2026-03-27 03:01:00+00:00,2026-03-27 03:01
muere,51017,2026-03-27 03:01:00+00:00,2026-03-27 03:01
plan,50801,2026-03-27 03:01:00+00:00,2026-03-27 03:01
santa,50776,2026-03-27 03:01:00+00:00,2026-03-27 03:01
aragón,49994,2026-03-27 03:01:00+00:00,2026-03-27 03:01
diario,49588,2026-03-27 03:01:00+00:00,2026-03-27 03:01
mundial,48177,2026-03-27 03:01:00+00:00,2026-03-27 03:01
carlos,47769,2026-03-27 03:01:00+00:00,2026-03-27 03:01
crisis,46816,2026-03-27 03:01:00+00:00,2026-03-27 03:01
irán,227212,2026-03-27 03:31:00+00:00,2026-03-27 03:31
guerra,212467,2026-03-27 03:31:00+00:00,2026-03-27 03:31
internacional,206234,2026-03-27 03:31:00+00:00,2026-03-27 03:31
trump,150685,2026-03-27 03:31:00+00:00,2026-03-27 03:31
sánchez,116694,2026-03-27 03:31:00+00:00,2026-03-27 03:31
guerra irán,97194,2026-03-27 03:31:00+00:00,2026-03-27 03:31
israel,82322,2026-03-27 03:31:00+00:00,2026-03-27 03:31
málaga,60889,2026-03-27 03:31:00+00:00,2026-03-27 03:31
anuncia,53982,2026-03-27 03:31:00+00:00,2026-03-27 03:31
petróleo,52916,2026-03-27 03:31:00+00:00,2026-03-27 03:31
ormuz,52354,2026-03-27 03:31:00+00:00,2026-03-27 03:31
muere,51018,2026-03-27 03:31:00+00:00,2026-03-27 03:31
santa,50782,2026-03-27 03:31:00+00:00,2026-03-27 03:31
plan,50619,2026-03-27 03:31:00+00:00,2026-03-27 03:31
aragón,50019,2026-03-27 03:31:00+00:00,2026-03-27 03:31
diario,49598,2026-03-27 03:31:00+00:00,2026-03-27 03:31
mundial,48232,2026-03-27 03:31:00+00:00,2026-03-27 03:31
carlos,47779,2026-03-27 03:31:00+00:00,2026-03-27 03:31
crisis,46887,2026-03-27 03:31:00+00:00,2026-03-27 03:31
irán,226897,2026-03-27 04:01:00+00:00,2026-03-27 04:01
guerra,211999,2026-03-27 04:01:00+00:00,2026-03-27 04:01
internacional,205751,2026-03-27 04:01:00+00:00,2026-03-27 04:01
trump,151571,2026-03-27 04:01:00+00:00,2026-03-27 04:01
sánchez,116299,2026-03-27 04:01:00+00:00,2026-03-27 04:01
guerra irán,97211,2026-03-27 04:01:00+00:00,2026-03-27 04:01
israel,82036,2026-03-27 04:01:00+00:00,2026-03-27 04:01
málaga,60875,2026-03-27 04:01:00+00:00,2026-03-27 04:01
anuncia,54005,2026-03-27 04:01:00+00:00,2026-03-27 04:01
petróleo,52922,2026-03-27 04:01:00+00:00,2026-03-27 04:01
ormuz,52613,2026-03-27 04:01:00+00:00,2026-03-27 04:01
muere,51018,2026-03-27 04:01:00+00:00,2026-03-27 04:01
santa,50599,2026-03-27 04:01:00+00:00,2026-03-27 04:01
plan,49844,2026-03-27 04:01:00+00:00,2026-03-27 04:01
diario,49464,2026-03-27 04:01:00+00:00,2026-03-27 04:01
aragón,49336,2026-03-27 04:01:00+00:00,2026-03-27 04:01
mundial,49048,2026-03-27 04:01:00+00:00,2026-03-27 04:01
carlos,47498,2026-03-27 04:01:00+00:00,2026-03-27 04:01
crisis,46846,2026-03-27 04:01:00+00:00,2026-03-27 04:01
irán,226684,2026-03-27 04:31:00+00:00,2026-03-27 04:31
guerra,210177,2026-03-27 04:31:00+00:00,2026-03-27 04:31
internacional,206525,2026-03-27 04:31:00+00:00,2026-03-27 04:31
trump,151938,2026-03-27 04:31:00+00:00,2026-03-27 04:31
sánchez,116303,2026-03-27 04:31:00+00:00,2026-03-27 04:31
guerra irán,96603,2026-03-27 04:31:00+00:00,2026-03-27 04:31
israel,81915,2026-03-27 04:31:00+00:00,2026-03-27 04:31
málaga,60813,2026-03-27 04:31:00+00:00,2026-03-27 04:31
anuncia,53987,2026-03-27 04:31:00+00:00,2026-03-27 04:31
petróleo,53153,2026-03-27 04:31:00+00:00,2026-03-27 04:31
ormuz,52817,2026-03-27 04:31:00+00:00,2026-03-27 04:31
muere,51019,2026-03-27 04:31:00+00:00,2026-03-27 04:31
santa,50821,2026-03-27 04:31:00+00:00,2026-03-27 04:31
plan,50479,2026-03-27 04:31:00+00:00,2026-03-27 04:31
diario,49434,2026-03-27 04:31:00+00:00,2026-03-27 04:31
aragón,49291,2026-03-27 04:31:00+00:00,2026-03-27 04:31
mundial,49277,2026-03-27 04:31:00+00:00,2026-03-27 04:31
carlos,47629,2026-03-27 04:31:00+00:00,2026-03-27 04:31
crisis,46777,2026-03-27 04:31:00+00:00,2026-03-27 04:31
irán,226994,2026-03-27 05:01:00+00:00,2026-03-27 05:01
guerra,211184,2026-03-27 05:01:00+00:00,2026-03-27 05:01
internacional,207020,2026-03-27 05:01:00+00:00,2026-03-27 05:01
trump,151493,2026-03-27 05:01:00+00:00,2026-03-27 05:01
sánchez,115896,2026-03-27 05:01:00+00:00,2026-03-27 05:01
guerra irán,96924,2026-03-27 05:01:00+00:00,2026-03-27 05:01
israel,81954,2026-03-27 05:01:00+00:00,2026-03-27 05:01
málaga,60895,2026-03-27 05:01:00+00:00,2026-03-27 05:01
anuncia,54272,2026-03-27 05:01:00+00:00,2026-03-27 05:01
petróleo,53190,2026-03-27 05:01:00+00:00,2026-03-27 05:01
ormuz,53068,2026-03-27 05:01:00+00:00,2026-03-27 05:01
muere,51019,2026-03-27 05:01:00+00:00,2026-03-27 05:01
santa,50736,2026-03-27 05:01:00+00:00,2026-03-27 05:01
plan,50160,2026-03-27 05:01:00+00:00,2026-03-27 05:01
mundial,49599,2026-03-27 05:01:00+00:00,2026-03-27 05:01
diario,49399,2026-03-27 05:01:00+00:00,2026-03-27 05:01
aragón,49316,2026-03-27 05:01:00+00:00,2026-03-27 05:01
carlos,47537,2026-03-27 05:01:00+00:00,2026-03-27 05:01
20,46445,2026-03-27 05:01:00+00:00,2026-03-27 05:01
irán,227561,2026-03-27 05:31:00+00:00,2026-03-27 05:31
guerra,211697,2026-03-27 05:31:00+00:00,2026-03-27 05:31
internacional,207184,2026-03-27 05:31:00+00:00,2026-03-27 05:31
trump,151760,2026-03-27 05:31:00+00:00,2026-03-27 05:31
sánchez,114572,2026-03-27 05:31:00+00:00,2026-03-27 05:31
guerra irán,97122,2026-03-27 05:31:00+00:00,2026-03-27 05:31
israel,82020,2026-03-27 05:31:00+00:00,2026-03-27 05:31
málaga,60871,2026-03-27 05:31:00+00:00,2026-03-27 05:31
anuncia,53798,2026-03-27 05:31:00+00:00,2026-03-27 05:31
petróleo,53227,2026-03-27 05:31:00+00:00,2026-03-27 05:31
ormuz,53073,2026-03-27 05:31:00+00:00,2026-03-27 05:31
muere,51417,2026-03-27 05:31:00+00:00,2026-03-27 05:31
santa,51289,2026-03-27 05:31:00+00:00,2026-03-27 05:31
aragón,51132,2026-03-27 05:31:00+00:00,2026-03-27 05:31
plan,50207,2026-03-27 05:31:00+00:00,2026-03-27 05:31
mundial,49605,2026-03-27 05:31:00+00:00,2026-03-27 05:31
diario,49596,2026-03-27 05:31:00+00:00,2026-03-27 05:31
carlos,47401,2026-03-27 05:31:00+00:00,2026-03-27 05:31
irán,227280,2026-03-27 06:01:00+00:00,2026-03-27 06:01
guerra,213957,2026-03-27 06:01:00+00:00,2026-03-27 06:01
internacional,207555,2026-03-27 06:01:00+00:00,2026-03-27 06:01
trump,151574,2026-03-27 06:01:00+00:00,2026-03-27 06:01
sánchez,117403,2026-03-27 06:01:00+00:00,2026-03-27 06:01
guerra irán,97215,2026-03-27 06:01:00+00:00,2026-03-27 06:01
israel,82116,2026-03-27 06:01:00+00:00,2026-03-27 06:01
málaga,60839,2026-03-27 06:01:00+00:00,2026-03-27 06:01
anuncia,54284,2026-03-27 06:01:00+00:00,2026-03-27 06:01
ormuz,53310,2026-03-27 06:01:00+00:00,2026-03-27 06:01
petróleo,53230,2026-03-27 06:01:00+00:00,2026-03-27 06:01
muere,51418,2026-03-27 06:01:00+00:00,2026-03-27 06:01
santa,51095,2026-03-27 06:01:00+00:00,2026-03-27 06:01
aragón,51046,2026-03-27 06:01:00+00:00,2026-03-27 06:01
mundial,49762,2026-03-27 06:01:00+00:00,2026-03-27 06:01
diario,49600,2026-03-27 06:01:00+00:00,2026-03-27 06:01
plan,49425,2026-03-27 06:01:00+00:00,2026-03-27 06:01
carlos,47630,2026-03-27 06:01:00+00:00,2026-03-27 06:01
irán,227234,2026-03-27 06:31:00+00:00,2026-03-27 06:31
guerra,214709,2026-03-27 06:31:00+00:00,2026-03-27 06:31
internacional,208424,2026-03-27 06:31:00+00:00,2026-03-27 06:31
trump,151791,2026-03-27 06:31:00+00:00,2026-03-27 06:31
sánchez,118370,2026-03-27 06:31:00+00:00,2026-03-27 06:31
guerra irán,97355,2026-03-27 06:31:00+00:00,2026-03-27 06:31
israel,82000,2026-03-27 06:31:00+00:00,2026-03-27 06:31
málaga,60852,2026-03-27 06:31:00+00:00,2026-03-27 06:31
anuncia,54291,2026-03-27 06:31:00+00:00,2026-03-27 06:31
petróleo,53039,2026-03-27 06:31:00+00:00,2026-03-27 06:31
ormuz,52963,2026-03-27 06:31:00+00:00,2026-03-27 06:31
santa,51696,2026-03-27 06:31:00+00:00,2026-03-27 06:31
muere,51422,2026-03-27 06:31:00+00:00,2026-03-27 06:31
aragón,50975,2026-03-27 06:31:00+00:00,2026-03-27 06:31
mundial,50097,2026-03-27 06:31:00+00:00,2026-03-27 06:31
diario,49945,2026-03-27 06:31:00+00:00,2026-03-27 06:31
plan,49927,2026-03-27 06:31:00+00:00,2026-03-27 06:31
carlos,48131,2026-03-27 06:31:00+00:00,2026-03-27 06:31
20,46964,2026-03-27 06:31:00+00:00,2026-03-27 06:31
irán,225525,2026-03-27 07:01:00+00:00,2026-03-27 07:01
guerra,213553,2026-03-27 07:01:00+00:00,2026-03-27 07:01
internacional,208317,2026-03-27 07:01:00+00:00,2026-03-27 07:01
trump,151384,2026-03-27 07:01:00+00:00,2026-03-27 07:01
sánchez,116342,2026-03-27 07:01:00+00:00,2026-03-27 07:01
guerra irán,96579,2026-03-27 07:01:00+00:00,2026-03-27 07:01
israel,81493,2026-03-27 07:01:00+00:00,2026-03-27 07:01
málaga,60837,2026-03-27 07:01:00+00:00,2026-03-27 07:01
anuncia,53563,2026-03-27 07:01:00+00:00,2026-03-27 07:01
petróleo,52942,2026-03-27 07:01:00+00:00,2026-03-27 07:01
ormuz,52870,2026-03-27 07:01:00+00:00,2026-03-27 07:01
santa,51868,2026-03-27 07:01:00+00:00,2026-03-27 07:01
muere,51423,2026-03-27 07:01:00+00:00,2026-03-27 07:01
aragón,51103,2026-03-27 07:01:00+00:00,2026-03-27 07:01
mundial,50644,2026-03-27 07:01:00+00:00,2026-03-27 07:01
diario,49855,2026-03-27 07:01:00+00:00,2026-03-27 07:01
plan,49803,2026-03-27 07:01:00+00:00,2026-03-27 07:01
carlos,47524,2026-03-27 07:01:00+00:00,2026-03-27 07:01
semana santa,46939,2026-03-27 07:01:00+00:00,2026-03-27 07:01
irán,226146,2026-03-27 07:31:00+00:00,2026-03-27 07:31
guerra,214113,2026-03-27 07:31:00+00:00,2026-03-27 07:31
internacional,208644,2026-03-27 07:31:00+00:00,2026-03-27 07:31
trump,152340,2026-03-27 07:31:00+00:00,2026-03-27 07:31
sánchez,116575,2026-03-27 07:31:00+00:00,2026-03-27 07:31
guerra irán,96471,2026-03-27 07:31:00+00:00,2026-03-27 07:31
israel,81537,2026-03-27 07:31:00+00:00,2026-03-27 07:31
málaga,60844,2026-03-27 07:31:00+00:00,2026-03-27 07:31
anuncia,53880,2026-03-27 07:31:00+00:00,2026-03-27 07:31
ormuz,53034,2026-03-27 07:31:00+00:00,2026-03-27 07:31
petróleo,52897,2026-03-27 07:31:00+00:00,2026-03-27 07:31
santa,52494,2026-03-27 07:31:00+00:00,2026-03-27 07:31
muere,51425,2026-03-27 07:31:00+00:00,2026-03-27 07:31
mundial,51092,2026-03-27 07:31:00+00:00,2026-03-27 07:31
aragón,50957,2026-03-27 07:31:00+00:00,2026-03-27 07:31
plan,50756,2026-03-27 07:31:00+00:00,2026-03-27 07:31
diario,50371,2026-03-27 07:31:00+00:00,2026-03-27 07:31
semana santa,47590,2026-03-27 07:31:00+00:00,2026-03-27 07:31
carlos,47555,2026-03-27 07:31:00+00:00,2026-03-27 07:31
irán,225455,2026-03-27 08:01:00+00:00,2026-03-27 08:01
guerra,213868,2026-03-27 08:01:00+00:00,2026-03-27 08:01
internacional,209365,2026-03-27 08:01:00+00:00,2026-03-27 08:01
trump,152337,2026-03-27 08:01:00+00:00,2026-03-27 08:01
sánchez,118187,2026-03-27 08:01:00+00:00,2026-03-27 08:01
guerra irán,96229,2026-03-27 08:01:00+00:00,2026-03-27 08:01
israel,81783,2026-03-27 08:01:00+00:00,2026-03-27 08:01
málaga,60871,2026-03-27 08:01:00+00:00,2026-03-27 08:01
anuncia,54282,2026-03-27 08:01:00+00:00,2026-03-27 08:01
ormuz,53050,2026-03-27 08:01:00+00:00,2026-03-27 08:01
santa,53032,2026-03-27 08:01:00+00:00,2026-03-27 08:01
petróleo,52902,2026-03-27 08:01:00+00:00,2026-03-27 08:01
muere,51229,2026-03-27 08:01:00+00:00,2026-03-27 08:01
mundial,51097,2026-03-27 08:01:00+00:00,2026-03-27 08:01
aragón,50858,2026-03-27 08:01:00+00:00,2026-03-27 08:01
diario,50379,2026-03-27 08:01:00+00:00,2026-03-27 08:01
plan,50073,2026-03-27 08:01:00+00:00,2026-03-27 08:01
semana santa,48135,2026-03-27 08:01:00+00:00,2026-03-27 08:01
carlos,47742,2026-03-27 08:01:00+00:00,2026-03-27 08:01
irán,226305,2026-03-27 08:30:00+00:00,2026-03-27 08:30
guerra,214147,2026-03-27 08:30:00+00:00,2026-03-27 08:30
internacional,209607,2026-03-27 08:30:00+00:00,2026-03-27 08:30
trump,152724,2026-03-27 08:30:00+00:00,2026-03-27 08:30
sánchez,114616,2026-03-27 08:30:00+00:00,2026-03-27 08:30
guerra irán,96268,2026-03-27 08:30:00+00:00,2026-03-27 08:30
israel,81883,2026-03-27 08:30:00+00:00,2026-03-27 08:30
málaga,60813,2026-03-27 08:30:00+00:00,2026-03-27 08:30
ormuz,53645,2026-03-27 08:30:00+00:00,2026-03-27 08:30
anuncia,53295,2026-03-27 08:30:00+00:00,2026-03-27 08:30
santa,53203,2026-03-27 08:30:00+00:00,2026-03-27 08:30
petróleo,52559,2026-03-27 08:30:00+00:00,2026-03-27 08:30
muere,51263,2026-03-27 08:30:00+00:00,2026-03-27 08:30
aragón,51260,2026-03-27 08:30:00+00:00,2026-03-27 08:30
mundial,50791,2026-03-27 08:30:00+00:00,2026-03-27 08:30
diario,50557,2026-03-27 08:30:00+00:00,2026-03-27 08:30
plan,50433,2026-03-27 08:30:00+00:00,2026-03-27 08:30
semana santa,48308,2026-03-27 08:30:00+00:00,2026-03-27 08:30
irán,226306,2026-03-27 08:31:00+00:00,2026-03-27 08:31
guerra,214148,2026-03-27 08:31:00+00:00,2026-03-27 08:31
internacional,209514,2026-03-27 08:31:00+00:00,2026-03-27 08:31
trump,152724,2026-03-27 08:31:00+00:00,2026-03-27 08:31
sánchez,114617,2026-03-27 08:31:00+00:00,2026-03-27 08:31
guerra irán,96268,2026-03-27 08:31:00+00:00,2026-03-27 08:31
israel,81883,2026-03-27 08:31:00+00:00,2026-03-27 08:31
málaga,60813,2026-03-27 08:31:00+00:00,2026-03-27 08:31
ormuz,53645,2026-03-27 08:31:00+00:00,2026-03-27 08:31
anuncia,53296,2026-03-27 08:31:00+00:00,2026-03-27 08:31
santa,53203,2026-03-27 08:31:00+00:00,2026-03-27 08:31
petróleo,52445,2026-03-27 08:31:00+00:00,2026-03-27 08:31
muere,51264,2026-03-27 08:31:00+00:00,2026-03-27 08:31
aragón,51260,2026-03-27 08:31:00+00:00,2026-03-27 08:31
mundial,51060,2026-03-27 08:31:00+00:00,2026-03-27 08:31
diario,50557,2026-03-27 08:31:00+00:00,2026-03-27 08:31
plan,50433,2026-03-27 08:31:00+00:00,2026-03-27 08:31
semana santa,48308,2026-03-27 08:31:00+00:00,2026-03-27 08:31
internacional,403387,2026-04-07 22:07:00+00:00,2026-04-07 22:07
irán,365241,2026-04-07 22:07:00+00:00,2026-04-07 22:07
guerra,297843,2026-04-07 22:07:00+00:00,2026-04-07 22:07
trump,274715,2026-04-07 22:07:00+00:00,2026-04-07 22:07
sánchez,140831,2026-04-07 22:07:00+00:00,2026-04-07 22:07
guerra irán,135593,2026-04-07 22:07:00+00:00,2026-04-07 22:07
israel,133733,2026-04-07 22:07:00+00:00,2026-04-07 22:07
santa,112330,2026-04-07 22:07:00+00:00,2026-04-07 22:07
málaga,103007,2026-04-07 22:07:00+00:00,2026-04-07 22:07
semana santa,102935,2026-04-07 22:07:00+00:00,2026-04-07 22:07
diario,87876,2026-04-07 22:07:00+00:00,2026-04-07 22:07
luna,87755,2026-04-07 22:07:00+00:00,2026-04-07 22:07
ormuz,81023,2026-04-07 22:07:00+00:00,2026-04-07 22:07
artemis,76355,2026-04-07 22:07:00+00:00,2026-04-07 22:07
juicio,75053,2026-04-07 22:07:00+00:00,2026-04-07 22:07
petróleo,74131,2026-04-07 22:07:00+00:00,2026-04-07 22:07
mundial,72386,2026-04-07 22:07:00+00:00,2026-04-07 22:07
ii,71778,2026-04-07 22:07:00+00:00,2026-04-07 22:07
internacional,404510,2026-04-07 22:36:00+00:00,2026-04-07 22:36
irán,366621,2026-04-07 22:36:00+00:00,2026-04-07 22:36
guerra,297826,2026-04-07 22:36:00+00:00,2026-04-07 22:36
trump,276189,2026-04-07 22:36:00+00:00,2026-04-07 22:36
sánchez,140863,2026-04-07 22:36:00+00:00,2026-04-07 22:36
guerra irán,135734,2026-04-07 22:36:00+00:00,2026-04-07 22:36
israel,135460,2026-04-07 22:36:00+00:00,2026-04-07 22:36
santa,112084,2026-04-07 22:36:00+00:00,2026-04-07 22:36
málaga,103537,2026-04-07 22:36:00+00:00,2026-04-07 22:36
semana santa,102662,2026-04-07 22:36:00+00:00,2026-04-07 22:36
diario,87718,2026-04-07 22:36:00+00:00,2026-04-07 22:36
luna,87395,2026-04-07 22:36:00+00:00,2026-04-07 22:36
ormuz,80835,2026-04-07 22:36:00+00:00,2026-04-07 22:36
artemis,76701,2026-04-07 22:36:00+00:00,2026-04-07 22:36
juicio,74575,2026-04-07 22:36:00+00:00,2026-04-07 22:36
petróleo,73967,2026-04-07 22:36:00+00:00,2026-04-07 22:36
mundial,72140,2026-04-07 22:36:00+00:00,2026-04-07 22:36
ii,71761,2026-04-07 22:36:00+00:00,2026-04-07 22:36
internacional,404492,2026-04-07 23:06:00+00:00,2026-04-07 23:06
irán,368310,2026-04-07 23:06:00+00:00,2026-04-07 23:06
guerra,298556,2026-04-07 23:06:00+00:00,2026-04-07 23:06
trump,277999,2026-04-07 23:06:00+00:00,2026-04-07 23:06
sánchez,141042,2026-04-07 23:06:00+00:00,2026-04-07 23:06
guerra irán,135981,2026-04-07 23:06:00+00:00,2026-04-07 23:06
israel,135572,2026-04-07 23:06:00+00:00,2026-04-07 23:06
santa,111979,2026-04-07 23:06:00+00:00,2026-04-07 23:06
málaga,104253,2026-04-07 23:06:00+00:00,2026-04-07 23:06
semana santa,102555,2026-04-07 23:06:00+00:00,2026-04-07 23:06
diario,87768,2026-04-07 23:06:00+00:00,2026-04-07 23:06
luna,87396,2026-04-07 23:06:00+00:00,2026-04-07 23:06
ormuz,81497,2026-04-07 23:06:00+00:00,2026-04-07 23:06
artemis,76702,2026-04-07 23:06:00+00:00,2026-04-07 23:06
juicio,74577,2026-04-07 23:06:00+00:00,2026-04-07 23:06
petróleo,73973,2026-04-07 23:06:00+00:00,2026-04-07 23:06
mundial,72001,2026-04-07 23:06:00+00:00,2026-04-07 23:06
ii,71762,2026-04-07 23:06:00+00:00,2026-04-07 23:06
internacional,405049,2026-04-07 23:36:00+00:00,2026-04-07 23:36
irán,369684,2026-04-07 23:36:00+00:00,2026-04-07 23:36
guerra,298838,2026-04-07 23:36:00+00:00,2026-04-07 23:36
trump,279315,2026-04-07 23:36:00+00:00,2026-04-07 23:36
sánchez,141049,2026-04-07 23:36:00+00:00,2026-04-07 23:36
guerra irán,135998,2026-04-07 23:36:00+00:00,2026-04-07 23:36
israel,135585,2026-04-07 23:36:00+00:00,2026-04-07 23:36
santa,111923,2026-04-07 23:36:00+00:00,2026-04-07 23:36
málaga,104155,2026-04-07 23:36:00+00:00,2026-04-07 23:36
semana santa,102497,2026-04-07 23:36:00+00:00,2026-04-07 23:36
diario,87574,2026-04-07 23:36:00+00:00,2026-04-07 23:36
luna,87374,2026-04-07 23:36:00+00:00,2026-04-07 23:36
ormuz,82009,2026-04-07 23:36:00+00:00,2026-04-07 23:36
artemis,77109,2026-04-07 23:36:00+00:00,2026-04-07 23:36
juicio,74854,2026-04-07 23:36:00+00:00,2026-04-07 23:36
petróleo,74230,2026-04-07 23:36:00+00:00,2026-04-07 23:36
ii,72169,2026-04-07 23:36:00+00:00,2026-04-07 23:36
mundial,72003,2026-04-07 23:36:00+00:00,2026-04-07 23:36
internacional,405449,2026-04-08 00:06:00+00:00,2026-04-08 00:06
irán,370500,2026-04-08 00:06:00+00:00,2026-04-08 00:06
guerra,299144,2026-04-08 00:06:00+00:00,2026-04-08 00:06
trump,280474,2026-04-08 00:06:00+00:00,2026-04-08 00:06
sánchez,141023,2026-04-08 00:06:00+00:00,2026-04-08 00:06
guerra irán,136014,2026-04-08 00:06:00+00:00,2026-04-08 00:06
israel,135699,2026-04-08 00:06:00+00:00,2026-04-08 00:06
santa,111721,2026-04-08 00:06:00+00:00,2026-04-08 00:06
málaga,104550,2026-04-08 00:06:00+00:00,2026-04-08 00:06
semana santa,102293,2026-04-08 00:06:00+00:00,2026-04-08 00:06
diario,87834,2026-04-08 00:06:00+00:00,2026-04-08 00:06
luna,87698,2026-04-08 00:06:00+00:00,2026-04-08 00:06
ormuz,82813,2026-04-08 00:06:00+00:00,2026-04-08 00:06
artemis,77435,2026-04-08 00:06:00+00:00,2026-04-08 00:06
juicio,74584,2026-04-08 00:06:00+00:00,2026-04-08 00:06
petróleo,74402,2026-04-08 00:06:00+00:00,2026-04-08 00:06
ii,72369,2026-04-08 00:06:00+00:00,2026-04-08 00:06
mundial,71805,2026-04-08 00:06:00+00:00,2026-04-08 00:06
internacional,406385,2026-04-08 00:36:00+00:00,2026-04-08 00:36
irán,370030,2026-04-08 00:36:00+00:00,2026-04-08 00:36
guerra,299308,2026-04-08 00:36:00+00:00,2026-04-08 00:36
trump,280566,2026-04-08 00:36:00+00:00,2026-04-08 00:36
sánchez,141165,2026-04-08 00:36:00+00:00,2026-04-08 00:36
guerra irán,135894,2026-04-08 00:36:00+00:00,2026-04-08 00:36
israel,134338,2026-04-08 00:36:00+00:00,2026-04-08 00:36
santa,111564,2026-04-08 00:36:00+00:00,2026-04-08 00:36
málaga,103681,2026-04-08 00:36:00+00:00,2026-04-08 00:36
semana santa,102209,2026-04-08 00:36:00+00:00,2026-04-08 00:36
luna,88044,2026-04-08 00:36:00+00:00,2026-04-08 00:36
diario,87711,2026-04-08 00:36:00+00:00,2026-04-08 00:36
ormuz,83536,2026-04-08 00:36:00+00:00,2026-04-08 00:36
artemis,77428,2026-04-08 00:36:00+00:00,2026-04-08 00:36
juicio,74789,2026-04-08 00:36:00+00:00,2026-04-08 00:36
petróleo,74326,2026-04-08 00:36:00+00:00,2026-04-08 00:36
ii,72388,2026-04-08 00:36:00+00:00,2026-04-08 00:36
mundial,71867,2026-04-08 00:36:00+00:00,2026-04-08 00:36
internacional,406449,2026-04-08 01:06:00+00:00,2026-04-08 01:06
irán,371580,2026-04-08 01:06:00+00:00,2026-04-08 01:06
guerra,299413,2026-04-08 01:06:00+00:00,2026-04-08 01:06
trump,281080,2026-04-08 01:06:00+00:00,2026-04-08 01:06
sánchez,140989,2026-04-08 01:06:00+00:00,2026-04-08 01:06
israel,136036,2026-04-08 01:06:00+00:00,2026-04-08 01:06
guerra irán,135889,2026-04-08 01:06:00+00:00,2026-04-08 01:06
santa,111578,2026-04-08 01:06:00+00:00,2026-04-08 01:06
málaga,104553,2026-04-08 01:06:00+00:00,2026-04-08 01:06
semana santa,102148,2026-04-08 01:06:00+00:00,2026-04-08 01:06
diario,87714,2026-04-08 01:06:00+00:00,2026-04-08 01:06
luna,87614,2026-04-08 01:06:00+00:00,2026-04-08 01:06
ormuz,84223,2026-04-08 01:06:00+00:00,2026-04-08 01:06
artemis,77234,2026-04-08 01:06:00+00:00,2026-04-08 01:06
petróleo,74861,2026-04-08 01:06:00+00:00,2026-04-08 01:06
juicio,74531,2026-04-08 01:06:00+00:00,2026-04-08 01:06
ii,72116,2026-04-08 01:06:00+00:00,2026-04-08 01:06
mundial,71757,2026-04-08 01:06:00+00:00,2026-04-08 01:06
internacional,406446,2026-04-08 01:36:00+00:00,2026-04-08 01:36
irán,372211,2026-04-08 01:36:00+00:00,2026-04-08 01:36
guerra,299811,2026-04-08 01:36:00+00:00,2026-04-08 01:36
trump,281656,2026-04-08 01:36:00+00:00,2026-04-08 01:36
sánchez,141587,2026-04-08 01:36:00+00:00,2026-04-08 01:36
israel,136362,2026-04-08 01:36:00+00:00,2026-04-08 01:36
guerra irán,135973,2026-04-08 01:36:00+00:00,2026-04-08 01:36
santa,111580,2026-04-08 01:36:00+00:00,2026-04-08 01:36
málaga,104556,2026-04-08 01:36:00+00:00,2026-04-08 01:36
semana santa,102149,2026-04-08 01:36:00+00:00,2026-04-08 01:36
diario,87945,2026-04-08 01:36:00+00:00,2026-04-08 01:36
luna,87571,2026-04-08 01:36:00+00:00,2026-04-08 01:36
ormuz,84336,2026-04-08 01:36:00+00:00,2026-04-08 01:36
artemis,77093,2026-04-08 01:36:00+00:00,2026-04-08 01:36
petróleo,74598,2026-04-08 01:36:00+00:00,2026-04-08 01:36
juicio,74532,2026-04-08 01:36:00+00:00,2026-04-08 01:36
ii,71975,2026-04-08 01:36:00+00:00,2026-04-08 01:36
internacional,405762,2026-04-08 02:06:00+00:00,2026-04-08 02:06
irán,373899,2026-04-08 02:06:00+00:00,2026-04-08 02:06
guerra,299940,2026-04-08 02:06:00+00:00,2026-04-08 02:06
trump,283518,2026-04-08 02:06:00+00:00,2026-04-08 02:06
sánchez,141082,2026-04-08 02:06:00+00:00,2026-04-08 02:06
israel,136435,2026-04-08 02:06:00+00:00,2026-04-08 02:06
guerra irán,136110,2026-04-08 02:06:00+00:00,2026-04-08 02:06
santa,111581,2026-04-08 02:06:00+00:00,2026-04-08 02:06
málaga,104557,2026-04-08 02:06:00+00:00,2026-04-08 02:06
semana santa,102150,2026-04-08 02:06:00+00:00,2026-04-08 02:06
diario,88201,2026-04-08 02:06:00+00:00,2026-04-08 02:06
luna,87572,2026-04-08 02:06:00+00:00,2026-04-08 02:06
ormuz,84551,2026-04-08 02:06:00+00:00,2026-04-08 02:06
artemis,77093,2026-04-08 02:06:00+00:00,2026-04-08 02:06
petróleo,74602,2026-04-08 02:06:00+00:00,2026-04-08 02:06
juicio,74292,2026-04-08 02:06:00+00:00,2026-04-08 02:06
ii,71736,2026-04-08 02:06:00+00:00,2026-04-08 02:06
internacional,405759,2026-04-08 02:36:00+00:00,2026-04-08 02:36
irán,374348,2026-04-08 02:36:00+00:00,2026-04-08 02:36
guerra,299934,2026-04-08 02:36:00+00:00,2026-04-08 02:36
trump,283728,2026-04-08 02:36:00+00:00,2026-04-08 02:36
sánchez,140880,2026-04-08 02:36:00+00:00,2026-04-08 02:36
israel,136354,2026-04-08 02:36:00+00:00,2026-04-08 02:36
guerra irán,136022,2026-04-08 02:36:00+00:00,2026-04-08 02:36
santa,111748,2026-04-08 02:36:00+00:00,2026-04-08 02:36
málaga,104558,2026-04-08 02:36:00+00:00,2026-04-08 02:36
semana santa,102319,2026-04-08 02:36:00+00:00,2026-04-08 02:36
diario,88379,2026-04-08 02:36:00+00:00,2026-04-08 02:36
luna,87413,2026-04-08 02:36:00+00:00,2026-04-08 02:36
ormuz,85323,2026-04-08 02:36:00+00:00,2026-04-08 02:36
artemis,77115,2026-04-08 02:36:00+00:00,2026-04-08 02:36
petróleo,74498,2026-04-08 02:36:00+00:00,2026-04-08 02:36
juicio,74293,2026-04-08 02:36:00+00:00,2026-04-08 02:36
ii,71759,2026-04-08 02:36:00+00:00,2026-04-08 02:36
internacional,405808,2026-04-08 03:06:00+00:00,2026-04-08 03:06
irán,375143,2026-04-08 03:06:00+00:00,2026-04-08 03:06
guerra,300173,2026-04-08 03:06:00+00:00,2026-04-08 03:06
trump,283716,2026-04-08 03:06:00+00:00,2026-04-08 03:06
sánchez,140882,2026-04-08 03:06:00+00:00,2026-04-08 03:06
israel,136360,2026-04-08 03:06:00+00:00,2026-04-08 03:06
guerra irán,136030,2026-04-08 03:06:00+00:00,2026-04-08 03:06
santa,111211,2026-04-08 03:06:00+00:00,2026-04-08 03:06
málaga,104559,2026-04-08 03:06:00+00:00,2026-04-08 03:06
semana santa,101774,2026-04-08 03:06:00+00:00,2026-04-08 03:06
diario,88330,2026-04-08 03:06:00+00:00,2026-04-08 03:06
luna,87315,2026-04-08 03:06:00+00:00,2026-04-08 03:06
ormuz,85877,2026-04-08 03:06:00+00:00,2026-04-08 03:06
artemis,77015,2026-04-08 03:06:00+00:00,2026-04-08 03:06
juicio,74293,2026-04-08 03:06:00+00:00,2026-04-08 03:06
petróleo,74101,2026-04-08 03:06:00+00:00,2026-04-08 03:06
ii,71760,2026-04-08 03:06:00+00:00,2026-04-08 03:06
internacional,406694,2026-04-08 03:36:00+00:00,2026-04-08 03:36
irán,376172,2026-04-08 03:36:00+00:00,2026-04-08 03:36
guerra,300059,2026-04-08 03:36:00+00:00,2026-04-08 03:36
trump,284131,2026-04-08 03:36:00+00:00,2026-04-08 03:36
sánchez,141037,2026-04-08 03:36:00+00:00,2026-04-08 03:36
israel,137054,2026-04-08 03:36:00+00:00,2026-04-08 03:36
guerra irán,136246,2026-04-08 03:36:00+00:00,2026-04-08 03:36
santa,111690,2026-04-08 03:36:00+00:00,2026-04-08 03:36
málaga,104900,2026-04-08 03:36:00+00:00,2026-04-08 03:36
semana santa,101689,2026-04-08 03:36:00+00:00,2026-04-08 03:36
diario,88337,2026-04-08 03:36:00+00:00,2026-04-08 03:36
luna,87726,2026-04-08 03:36:00+00:00,2026-04-08 03:36
ormuz,86675,2026-04-08 03:36:00+00:00,2026-04-08 03:36
artemis,76971,2026-04-08 03:36:00+00:00,2026-04-08 03:36
juicio,74533,2026-04-08 03:36:00+00:00,2026-04-08 03:36
petróleo,74500,2026-04-08 03:36:00+00:00,2026-04-08 03:36
ii,71770,2026-04-08 03:36:00+00:00,2026-04-08 03:36
internacional,406314,2026-04-08 04:06:00+00:00,2026-04-08 04:06
irán,372881,2026-04-08 04:06:00+00:00,2026-04-08 04:06
guerra,300049,2026-04-08 04:06:00+00:00,2026-04-08 04:06
trump,281711,2026-04-08 04:06:00+00:00,2026-04-08 04:06
sánchez,140938,2026-04-08 04:06:00+00:00,2026-04-08 04:06
israel,136639,2026-04-08 04:06:00+00:00,2026-04-08 04:06
guerra irán,135840,2026-04-08 04:06:00+00:00,2026-04-08 04:06
santa,111513,2026-04-08 04:06:00+00:00,2026-04-08 04:06
málaga,104984,2026-04-08 04:06:00+00:00,2026-04-08 04:06
semana santa,101611,2026-04-08 04:06:00+00:00,2026-04-08 04:06
diario,88308,2026-04-08 04:06:00+00:00,2026-04-08 04:06
luna,87460,2026-04-08 04:06:00+00:00,2026-04-08 04:06
ormuz,86352,2026-04-08 04:06:00+00:00,2026-04-08 04:06
artemis,76872,2026-04-08 04:06:00+00:00,2026-04-08 04:06
petróleo,74919,2026-04-08 04:06:00+00:00,2026-04-08 04:06
juicio,74266,2026-04-08 04:06:00+00:00,2026-04-08 04:06
ii,71672,2026-04-08 04:06:00+00:00,2026-04-08 04:06
internacional,407149,2026-04-08 04:38:00+00:00,2026-04-08 04:38
irán,374385,2026-04-08 04:38:00+00:00,2026-04-08 04:38
guerra,301478,2026-04-08 04:38:00+00:00,2026-04-08 04:38
trump,282963,2026-04-08 04:38:00+00:00,2026-04-08 04:38
sánchez,141323,2026-04-08 04:38:00+00:00,2026-04-08 04:38
israel,136835,2026-04-08 04:38:00+00:00,2026-04-08 04:38
guerra irán,136671,2026-04-08 04:38:00+00:00,2026-04-08 04:38
santa,111519,2026-04-08 04:38:00+00:00,2026-04-08 04:38
málaga,105262,2026-04-08 04:38:00+00:00,2026-04-08 04:38
semana santa,101616,2026-04-08 04:38:00+00:00,2026-04-08 04:38
luna,89364,2026-04-08 04:38:00+00:00,2026-04-08 04:38
diario,88890,2026-04-08 04:38:00+00:00,2026-04-08 04:38
ormuz,86541,2026-04-08 04:38:00+00:00,2026-04-08 04:38
artemis,77844,2026-04-08 04:38:00+00:00,2026-04-08 04:38
petróleo,75062,2026-04-08 04:38:00+00:00,2026-04-08 04:38
juicio,74271,2026-04-08 04:38:00+00:00,2026-04-08 04:38
ii,72254,2026-04-08 04:38:00+00:00,2026-04-08 04:38
internacional,407606,2026-04-08 05:07:00+00:00,2026-04-08 05:07
irán,375090,2026-04-08 05:07:00+00:00,2026-04-08 05:07
guerra,301646,2026-04-08 05:07:00+00:00,2026-04-08 05:07
trump,283624,2026-04-08 05:07:00+00:00,2026-04-08 05:07
sánchez,141483,2026-04-08 05:07:00+00:00,2026-04-08 05:07
israel,136946,2026-04-08 05:07:00+00:00,2026-04-08 05:07
guerra irán,136868,2026-04-08 05:07:00+00:00,2026-04-08 05:07
santa,111330,2026-04-08 05:07:00+00:00,2026-04-08 05:07
málaga,105191,2026-04-08 05:07:00+00:00,2026-04-08 05:07
semana santa,101424,2026-04-08 05:07:00+00:00,2026-04-08 05:07
luna,89762,2026-04-08 05:07:00+00:00,2026-04-08 05:07
diario,88836,2026-04-08 05:07:00+00:00,2026-04-08 05:07
ormuz,86912,2026-04-08 05:07:00+00:00,2026-04-08 05:07
artemis,77917,2026-04-08 05:07:00+00:00,2026-04-08 05:07
petróleo,75067,2026-04-08 05:07:00+00:00,2026-04-08 05:07
juicio,74115,2026-04-08 05:07:00+00:00,2026-04-08 05:07
ii,72326,2026-04-08 05:07:00+00:00,2026-04-08 05:07
internacional,407974,2026-04-08 05:36:00+00:00,2026-04-08 05:36
irán,374676,2026-04-08 05:36:00+00:00,2026-04-08 05:36
guerra,301100,2026-04-08 05:36:00+00:00,2026-04-08 05:36
trump,282214,2026-04-08 05:36:00+00:00,2026-04-08 05:36
sánchez,141251,2026-04-08 05:36:00+00:00,2026-04-08 05:36
israel,136795,2026-04-08 05:36:00+00:00,2026-04-08 05:36
guerra irán,136555,2026-04-08 05:36:00+00:00,2026-04-08 05:36
santa,111236,2026-04-08 05:36:00+00:00,2026-04-08 05:36
málaga,105195,2026-04-08 05:36:00+00:00,2026-04-08 05:36
semana santa,101327,2026-04-08 05:36:00+00:00,2026-04-08 05:36
diario,89001,2026-04-08 05:36:00+00:00,2026-04-08 05:36
luna,88973,2026-04-08 05:36:00+00:00,2026-04-08 05:36
ormuz,87124,2026-04-08 05:36:00+00:00,2026-04-08 05:36
artemis,77759,2026-04-08 05:36:00+00:00,2026-04-08 05:36
petróleo,75029,2026-04-08 05:36:00+00:00,2026-04-08 05:36
juicio,73434,2026-04-08 05:36:00+00:00,2026-04-08 05:36
ii,72208,2026-04-08 05:36:00+00:00,2026-04-08 05:36
internacional,407414,2026-04-08 06:06:00+00:00,2026-04-08 06:06
irán,373571,2026-04-08 06:06:00+00:00,2026-04-08 06:06
guerra,299846,2026-04-08 06:06:00+00:00,2026-04-08 06:06
trump,281814,2026-04-08 06:06:00+00:00,2026-04-08 06:06
sánchez,141346,2026-04-08 06:06:00+00:00,2026-04-08 06:06
israel,135714,2026-04-08 06:06:00+00:00,2026-04-08 06:06
guerra irán,135127,2026-04-08 06:06:00+00:00,2026-04-08 06:06
santa,110855,2026-04-08 06:06:00+00:00,2026-04-08 06:06
málaga,105114,2026-04-08 06:06:00+00:00,2026-04-08 06:06
semana santa,100941,2026-04-08 06:06:00+00:00,2026-04-08 06:06
luna,88888,2026-04-08 06:06:00+00:00,2026-04-08 06:06
diario,88877,2026-04-08 06:06:00+00:00,2026-04-08 06:06
ormuz,86988,2026-04-08 06:06:00+00:00,2026-04-08 06:06
artemis,77941,2026-04-08 06:06:00+00:00,2026-04-08 06:06
petróleo,74815,2026-04-08 06:06:00+00:00,2026-04-08 06:06
juicio,73436,2026-04-08 06:06:00+00:00,2026-04-08 06:06
ii,72390,2026-04-08 06:06:00+00:00,2026-04-08 06:06
internacional,406750,2026-04-08 06:36:00+00:00,2026-04-08 06:36
irán,374439,2026-04-08 06:36:00+00:00,2026-04-08 06:36
guerra,300140,2026-04-08 06:36:00+00:00,2026-04-08 06:36
trump,281867,2026-04-08 06:36:00+00:00,2026-04-08 06:36
sánchez,140017,2026-04-08 06:36:00+00:00,2026-04-08 06:36
israel,136131,2026-04-08 06:36:00+00:00,2026-04-08 06:36
guerra irán,135485,2026-04-08 06:36:00+00:00,2026-04-08 06:36
santa,110464,2026-04-08 06:36:00+00:00,2026-04-08 06:36
málaga,104906,2026-04-08 06:36:00+00:00,2026-04-08 06:36
semana santa,100544,2026-04-08 06:36:00+00:00,2026-04-08 06:36
luna,89594,2026-04-08 06:36:00+00:00,2026-04-08 06:36
diario,89091,2026-04-08 06:36:00+00:00,2026-04-08 06:36
ormuz,87577,2026-04-08 06:36:00+00:00,2026-04-08 06:36
artemis,78282,2026-04-08 06:36:00+00:00,2026-04-08 06:36
petróleo,75818,2026-04-08 06:36:00+00:00,2026-04-08 06:36
juicio,73707,2026-04-08 06:36:00+00:00,2026-04-08 06:36
ii,72519,2026-04-08 06:36:00+00:00,2026-04-08 06:36
internacional,405794,2026-04-08 07:06:00+00:00,2026-04-08 07:06
irán,375269,2026-04-08 07:06:00+00:00,2026-04-08 07:06
guerra,299861,2026-04-08 07:06:00+00:00,2026-04-08 07:06
trump,282122,2026-04-08 07:06:00+00:00,2026-04-08 07:06
sánchez,138512,2026-04-08 07:06:00+00:00,2026-04-08 07:06
israel,136551,2026-04-08 07:06:00+00:00,2026-04-08 07:06
guerra irán,135046,2026-04-08 07:06:00+00:00,2026-04-08 07:06
santa,109353,2026-04-08 07:06:00+00:00,2026-04-08 07:06
málaga,105150,2026-04-08 07:06:00+00:00,2026-04-08 07:06
semana santa,99417,2026-04-08 07:06:00+00:00,2026-04-08 07:06
luna,89468,2026-04-08 07:06:00+00:00,2026-04-08 07:06
diario,88258,2026-04-08 07:06:00+00:00,2026-04-08 07:06
ormuz,87652,2026-04-08 07:06:00+00:00,2026-04-08 07:06
artemis,78141,2026-04-08 07:06:00+00:00,2026-04-08 07:06
petróleo,75894,2026-04-08 07:06:00+00:00,2026-04-08 07:06
juicio,73613,2026-04-08 07:06:00+00:00,2026-04-08 07:06
internacional,405866,2026-04-08 07:36:00+00:00,2026-04-08 07:36
irán,375852,2026-04-08 07:36:00+00:00,2026-04-08 07:36
guerra,299840,2026-04-08 07:36:00+00:00,2026-04-08 07:36
trump,282525,2026-04-08 07:36:00+00:00,2026-04-08 07:36
sánchez,138305,2026-04-08 07:36:00+00:00,2026-04-08 07:36
israel,136527,2026-04-08 07:36:00+00:00,2026-04-08 07:36
guerra irán,134911,2026-04-08 07:36:00+00:00,2026-04-08 07:36
santa,108642,2026-04-08 07:36:00+00:00,2026-04-08 07:36
málaga,104927,2026-04-08 07:36:00+00:00,2026-04-08 07:36
semana santa,98696,2026-04-08 07:36:00+00:00,2026-04-08 07:36
luna,89755,2026-04-08 07:36:00+00:00,2026-04-08 07:36
diario,88522,2026-04-08 07:36:00+00:00,2026-04-08 07:36
ormuz,87907,2026-04-08 07:36:00+00:00,2026-04-08 07:36
artemis,78718,2026-04-08 07:36:00+00:00,2026-04-08 07:36
petróleo,76069,2026-04-08 07:36:00+00:00,2026-04-08 07:36
juicio,73496,2026-04-08 07:36:00+00:00,2026-04-08 07:36
ii,72687,2026-04-08 07:36:00+00:00,2026-04-08 07:36
internacional,404675,2026-04-08 08:06:00+00:00,2026-04-08 08:06
irán,374686,2026-04-08 08:06:00+00:00,2026-04-08 08:06
guerra,299704,2026-04-08 08:06:00+00:00,2026-04-08 08:06
trump,281503,2026-04-08 08:06:00+00:00,2026-04-08 08:06
sánchez,139101,2026-04-08 08:06:00+00:00,2026-04-08 08:06
israel,136211,2026-04-08 08:06:00+00:00,2026-04-08 08:06
guerra irán,134474,2026-04-08 08:06:00+00:00,2026-04-08 08:06
santa,108180,2026-04-08 08:06:00+00:00,2026-04-08 08:06
málaga,104930,2026-04-08 08:06:00+00:00,2026-04-08 08:06
semana santa,98329,2026-04-08 08:06:00+00:00,2026-04-08 08:06
luna,89366,2026-04-08 08:06:00+00:00,2026-04-08 08:06
diario,88042,2026-04-08 08:06:00+00:00,2026-04-08 08:06
ormuz,87055,2026-04-08 08:06:00+00:00,2026-04-08 08:06
artemis,78514,2026-04-08 08:06:00+00:00,2026-04-08 08:06
petróleo,76097,2026-04-08 08:06:00+00:00,2026-04-08 08:06
juicio,73618,2026-04-08 08:06:00+00:00,2026-04-08 08:06
ii,72486,2026-04-08 08:06:00+00:00,2026-04-08 08:06
internacional,403146,2026-04-08 08:36:00+00:00,2026-04-08 08:36
irán,374572,2026-04-08 08:36:00+00:00,2026-04-08 08:36
guerra,299481,2026-04-08 08:36:00+00:00,2026-04-08 08:36
trump,281161,2026-04-08 08:36:00+00:00,2026-04-08 08:36
sánchez,139706,2026-04-08 08:36:00+00:00,2026-04-08 08:36
israel,136219,2026-04-08 08:36:00+00:00,2026-04-08 08:36
guerra irán,134330,2026-04-08 08:36:00+00:00,2026-04-08 08:36
santa,108208,2026-04-08 08:36:00+00:00,2026-04-08 08:36
málaga,104935,2026-04-08 08:36:00+00:00,2026-04-08 08:36
semana santa,98356,2026-04-08 08:36:00+00:00,2026-04-08 08:36
luna,89231,2026-04-08 08:36:00+00:00,2026-04-08 08:36
diario,88203,2026-04-08 08:36:00+00:00,2026-04-08 08:36
ormuz,86932,2026-04-08 08:36:00+00:00,2026-04-08 08:36
artemis,78280,2026-04-08 08:36:00+00:00,2026-04-08 08:36
petróleo,75890,2026-04-08 08:36:00+00:00,2026-04-08 08:36
juicio,74184,2026-04-08 08:36:00+00:00,2026-04-08 08:36
ii,72254,2026-04-08 08:36:00+00:00,2026-04-08 08:36
internacional,402681,2026-04-08 09:06:00+00:00,2026-04-08 09:06
irán,374598,2026-04-08 09:06:00+00:00,2026-04-08 09:06
guerra,299675,2026-04-08 09:06:00+00:00,2026-04-08 09:06
trump,281825,2026-04-08 09:06:00+00:00,2026-04-08 09:06
sánchez,139432,2026-04-08 09:06:00+00:00,2026-04-08 09:06
israel,135864,2026-04-08 09:06:00+00:00,2026-04-08 09:06
guerra irán,134205,2026-04-08 09:06:00+00:00,2026-04-08 09:06
santa,107695,2026-04-08 09:06:00+00:00,2026-04-08 09:06
málaga,104719,2026-04-08 09:06:00+00:00,2026-04-08 09:06
semana santa,97835,2026-04-08 09:06:00+00:00,2026-04-08 09:06
luna,89067,2026-04-08 09:06:00+00:00,2026-04-08 09:06
diario,87483,2026-04-08 09:06:00+00:00,2026-04-08 09:06
ormuz,87411,2026-04-08 09:06:00+00:00,2026-04-08 09:06
artemis,78451,2026-04-08 09:06:00+00:00,2026-04-08 09:06
petróleo,76069,2026-04-08 09:06:00+00:00,2026-04-08 09:06
juicio,74637,2026-04-08 09:06:00+00:00,2026-04-08 09:06
ii,72760,2026-04-08 09:06:00+00:00,2026-04-08 09:06
internacional,403325,2026-04-08 09:36:00+00:00,2026-04-08 09:36
irán,375236,2026-04-08 09:36:00+00:00,2026-04-08 09:36
guerra,299355,2026-04-08 09:36:00+00:00,2026-04-08 09:36
trump,281667,2026-04-08 09:36:00+00:00,2026-04-08 09:36
sánchez,139332,2026-04-08 09:36:00+00:00,2026-04-08 09:36
israel,135898,2026-04-08 09:36:00+00:00,2026-04-08 09:36
guerra irán,134275,2026-04-08 09:36:00+00:00,2026-04-08 09:36
santa,106875,2026-04-08 09:36:00+00:00,2026-04-08 09:36
málaga,104350,2026-04-08 09:36:00+00:00,2026-04-08 09:36
semana santa,97206,2026-04-08 09:36:00+00:00,2026-04-08 09:36
luna,88746,2026-04-08 09:36:00+00:00,2026-04-08 09:36
diario,88304,2026-04-08 09:36:00+00:00,2026-04-08 09:36
ormuz,87802,2026-04-08 09:36:00+00:00,2026-04-08 09:36
artemis,77969,2026-04-08 09:36:00+00:00,2026-04-08 09:36
petróleo,76383,2026-04-08 09:36:00+00:00,2026-04-08 09:36
juicio,74269,2026-04-08 09:36:00+00:00,2026-04-08 09:36
ii,72427,2026-04-08 09:36:00+00:00,2026-04-08 09:36
internacional,403519,2026-04-08 10:06:00+00:00,2026-04-08 10:06
irán,376497,2026-04-08 10:06:00+00:00,2026-04-08 10:06
guerra,299761,2026-04-08 10:06:00+00:00,2026-04-08 10:06
trump,283098,2026-04-08 10:06:00+00:00,2026-04-08 10:06
sánchez,139439,2026-04-08 10:06:00+00:00,2026-04-08 10:06
israel,136512,2026-04-08 10:06:00+00:00,2026-04-08 10:06
guerra irán,134873,2026-04-08 10:06:00+00:00,2026-04-08 10:06
santa,106597,2026-04-08 10:06:00+00:00,2026-04-08 10:06
málaga,104925,2026-04-08 10:06:00+00:00,2026-04-08 10:06
semana santa,96922,2026-04-08 10:06:00+00:00,2026-04-08 10:06
luna,89306,2026-04-08 10:06:00+00:00,2026-04-08 10:06
diario,88382,2026-04-08 10:06:00+00:00,2026-04-08 10:06
ormuz,87687,2026-04-08 10:06:00+00:00,2026-04-08 10:06
artemis,78429,2026-04-08 10:06:00+00:00,2026-04-08 10:06
petróleo,76923,2026-04-08 10:06:00+00:00,2026-04-08 10:06
juicio,74615,2026-04-08 10:06:00+00:00,2026-04-08 10:06
ii,73003,2026-04-08 10:06:00+00:00,2026-04-08 10:06
internacional,403043,2026-04-08 10:36:00+00:00,2026-04-08 10:36
irán,377944,2026-04-08 10:36:00+00:00,2026-04-08 10:36
guerra,299723,2026-04-08 10:36:00+00:00,2026-04-08 10:36
trump,283933,2026-04-08 10:36:00+00:00,2026-04-08 10:36
sánchez,139422,2026-04-08 10:36:00+00:00,2026-04-08 10:36
israel,137079,2026-04-08 10:36:00+00:00,2026-04-08 10:36
guerra irán,134884,2026-04-08 10:36:00+00:00,2026-04-08 10:36
santa,106411,2026-04-08 10:36:00+00:00,2026-04-08 10:36
málaga,106139,2026-04-08 10:36:00+00:00,2026-04-08 10:36
semana santa,96732,2026-04-08 10:36:00+00:00,2026-04-08 10:36
luna,89597,2026-04-08 10:36:00+00:00,2026-04-08 10:36
diario,88626,2026-04-08 10:36:00+00:00,2026-04-08 10:36
ormuz,87779,2026-04-08 10:36:00+00:00,2026-04-08 10:36
artemis,78524,2026-04-08 10:36:00+00:00,2026-04-08 10:36
petróleo,76608,2026-04-08 10:36:00+00:00,2026-04-08 10:36
juicio,74498,2026-04-08 10:36:00+00:00,2026-04-08 10:36
ii,73100,2026-04-08 10:36:00+00:00,2026-04-08 10:36
internacional,402221,2026-04-08 11:06:00+00:00,2026-04-08 11:06
irán,378240,2026-04-08 11:06:00+00:00,2026-04-08 11:06
guerra,299717,2026-04-08 11:06:00+00:00,2026-04-08 11:06
trump,284261,2026-04-08 11:06:00+00:00,2026-04-08 11:06
sánchez,139646,2026-04-08 11:06:00+00:00,2026-04-08 11:06
israel,135645,2026-04-08 11:06:00+00:00,2026-04-08 11:06
guerra irán,134920,2026-04-08 11:06:00+00:00,2026-04-08 11:06
santa,105949,2026-04-08 11:06:00+00:00,2026-04-08 11:06
málaga,104908,2026-04-08 11:06:00+00:00,2026-04-08 11:06
semana santa,96300,2026-04-08 11:06:00+00:00,2026-04-08 11:06
luna,90047,2026-04-08 11:06:00+00:00,2026-04-08 11:06
diario,88750,2026-04-08 11:06:00+00:00,2026-04-08 11:06
ormuz,87942,2026-04-08 11:06:00+00:00,2026-04-08 11:06
artemis,78885,2026-04-08 11:06:00+00:00,2026-04-08 11:06
petróleo,76934,2026-04-08 11:06:00+00:00,2026-04-08 11:06
juicio,75568,2026-04-08 11:06:00+00:00,2026-04-08 11:06
ii,73520,2026-04-08 11:06:00+00:00,2026-04-08 11:06
internacional,402149,2026-04-08 11:36:00+00:00,2026-04-08 11:36
irán,379152,2026-04-08 11:36:00+00:00,2026-04-08 11:36
guerra,299252,2026-04-08 11:36:00+00:00,2026-04-08 11:36
trump,284224,2026-04-08 11:36:00+00:00,2026-04-08 11:36
sánchez,139849,2026-04-08 11:36:00+00:00,2026-04-08 11:36
israel,135715,2026-04-08 11:36:00+00:00,2026-04-08 11:36
guerra irán,134777,2026-04-08 11:36:00+00:00,2026-04-08 11:36
santa,105645,2026-04-08 11:36:00+00:00,2026-04-08 11:36
málaga,104296,2026-04-08 11:36:00+00:00,2026-04-08 11:36
semana santa,95990,2026-04-08 11:36:00+00:00,2026-04-08 11:36
luna,90177,2026-04-08 11:36:00+00:00,2026-04-08 11:36
diario,89074,2026-04-08 11:36:00+00:00,2026-04-08 11:36
ormuz,87497,2026-04-08 11:36:00+00:00,2026-04-08 11:36
artemis,78334,2026-04-08 11:36:00+00:00,2026-04-08 11:36
petróleo,76840,2026-04-08 11:36:00+00:00,2026-04-08 11:36
juicio,75469,2026-04-08 11:36:00+00:00,2026-04-08 11:36
ii,73074,2026-04-08 11:36:00+00:00,2026-04-08 11:36
internacional,404144,2026-04-08 12:07:00+00:00,2026-04-08 12:07
irán,379976,2026-04-08 12:07:00+00:00,2026-04-08 12:07
guerra,299239,2026-04-08 12:07:00+00:00,2026-04-08 12:07
trump,285458,2026-04-08 12:07:00+00:00,2026-04-08 12:07
sánchez,140040,2026-04-08 12:07:00+00:00,2026-04-08 12:07
israel,135560,2026-04-08 12:07:00+00:00,2026-04-08 12:07
guerra irán,134902,2026-04-08 12:07:00+00:00,2026-04-08 12:07
málaga,106003,2026-04-08 12:07:00+00:00,2026-04-08 12:07
santa,105057,2026-04-08 12:07:00+00:00,2026-04-08 12:07
semana santa,95394,2026-04-08 12:07:00+00:00,2026-04-08 12:07
luna,90049,2026-04-08 12:07:00+00:00,2026-04-08 12:07
diario,89029,2026-04-08 12:07:00+00:00,2026-04-08 12:07
ormuz,87692,2026-04-08 12:07:00+00:00,2026-04-08 12:07
artemis,78882,2026-04-08 12:07:00+00:00,2026-04-08 12:07
petróleo,76852,2026-04-08 12:07:00+00:00,2026-04-08 12:07
juicio,76392,2026-04-08 12:07:00+00:00,2026-04-08 12:07
ii,73711,2026-04-08 12:07:00+00:00,2026-04-08 12:07
internacional,404852,2026-04-08 12:36:00+00:00,2026-04-08 12:36
irán,381030,2026-04-08 12:36:00+00:00,2026-04-08 12:36
guerra,299768,2026-04-08 12:36:00+00:00,2026-04-08 12:36
trump,287252,2026-04-08 12:36:00+00:00,2026-04-08 12:36
sánchez,139837,2026-04-08 12:36:00+00:00,2026-04-08 12:36
guerra irán,135323,2026-04-08 12:36:00+00:00,2026-04-08 12:36
israel,134722,2026-04-08 12:36:00+00:00,2026-04-08 12:36
málaga,105651,2026-04-08 12:36:00+00:00,2026-04-08 12:36
santa,104328,2026-04-08 12:36:00+00:00,2026-04-08 12:36
semana santa,94653,2026-04-08 12:36:00+00:00,2026-04-08 12:36
luna,89402,2026-04-08 12:36:00+00:00,2026-04-08 12:36
diario,88994,2026-04-08 12:36:00+00:00,2026-04-08 12:36
ormuz,87607,2026-04-08 12:36:00+00:00,2026-04-08 12:36
artemis,78563,2026-04-08 12:36:00+00:00,2026-04-08 12:36
petróleo,77230,2026-04-08 12:36:00+00:00,2026-04-08 12:36
juicio,75790,2026-04-08 12:36:00+00:00,2026-04-08 12:36
ii,73606,2026-04-08 12:36:00+00:00,2026-04-08 12:36
aragón,71693,2026-04-08 12:36:00+00:00,2026-04-08 12:36
internacional,399878,2026-04-08 13:06:00+00:00,2026-04-08 13:06
irán,381656,2026-04-08 13:06:00+00:00,2026-04-08 13:06
guerra,299990,2026-04-08 13:06:00+00:00,2026-04-08 13:06
trump,287390,2026-04-08 13:06:00+00:00,2026-04-08 13:06
sánchez,140047,2026-04-08 13:06:00+00:00,2026-04-08 13:06
guerra irán,135465,2026-04-08 13:06:00+00:00,2026-04-08 13:06
israel,134590,2026-04-08 13:06:00+00:00,2026-04-08 13:06
málaga,106662,2026-04-08 13:06:00+00:00,2026-04-08 13:06
santa,104172,2026-04-08 13:06:00+00:00,2026-04-08 13:06
semana santa,94505,2026-04-08 13:06:00+00:00,2026-04-08 13:06
luna,89914,2026-04-08 13:06:00+00:00,2026-04-08 13:06
diario,88568,2026-04-08 13:06:00+00:00,2026-04-08 13:06
ormuz,87547,2026-04-08 13:06:00+00:00,2026-04-08 13:06
artemis,79472,2026-04-08 13:06:00+00:00,2026-04-08 13:06
petróleo,77421,2026-04-08 13:06:00+00:00,2026-04-08 13:06
juicio,75731,2026-04-08 13:06:00+00:00,2026-04-08 13:06
ii,74240,2026-04-08 13:06:00+00:00,2026-04-08 13:06
internacional,401386,2026-04-08 13:36:00+00:00,2026-04-08 13:36
irán,383578,2026-04-08 13:36:00+00:00,2026-04-08 13:36
guerra,300029,2026-04-08 13:36:00+00:00,2026-04-08 13:36
trump,288253,2026-04-08 13:36:00+00:00,2026-04-08 13:36
sánchez,139941,2026-04-08 13:36:00+00:00,2026-04-08 13:36
guerra irán,135559,2026-04-08 13:36:00+00:00,2026-04-08 13:36
israel,134735,2026-04-08 13:36:00+00:00,2026-04-08 13:36
málaga,106776,2026-04-08 13:36:00+00:00,2026-04-08 13:36
santa,103822,2026-04-08 13:36:00+00:00,2026-04-08 13:36
semana santa,94149,2026-04-08 13:36:00+00:00,2026-04-08 13:36
luna,90428,2026-04-08 13:36:00+00:00,2026-04-08 13:36
diario,88896,2026-04-08 13:36:00+00:00,2026-04-08 13:36
ormuz,87685,2026-04-08 13:36:00+00:00,2026-04-08 13:36
artemis,79767,2026-04-08 13:36:00+00:00,2026-04-08 13:36
petróleo,77527,2026-04-08 13:36:00+00:00,2026-04-08 13:36
juicio,75736,2026-04-08 13:36:00+00:00,2026-04-08 13:36
ii,74593,2026-04-08 13:36:00+00:00,2026-04-08 13:36
internacional,400379,2026-04-08 14:06:00+00:00,2026-04-08 14:06
irán,383820,2026-04-08 14:06:00+00:00,2026-04-08 14:06
guerra,299833,2026-04-08 14:06:00+00:00,2026-04-08 14:06
trump,287776,2026-04-08 14:06:00+00:00,2026-04-08 14:06
sánchez,140263,2026-04-08 14:06:00+00:00,2026-04-08 14:06
guerra irán,135424,2026-04-08 14:06:00+00:00,2026-04-08 14:06
israel,134861,2026-04-08 14:06:00+00:00,2026-04-08 14:06
málaga,106481,2026-04-08 14:06:00+00:00,2026-04-08 14:06
santa,103673,2026-04-08 14:06:00+00:00,2026-04-08 14:06
semana santa,93998,2026-04-08 14:06:00+00:00,2026-04-08 14:06
luna,89888,2026-04-08 14:06:00+00:00,2026-04-08 14:06
diario,88709,2026-04-08 14:06:00+00:00,2026-04-08 14:06
ormuz,88030,2026-04-08 14:06:00+00:00,2026-04-08 14:06
artemis,79603,2026-04-08 14:06:00+00:00,2026-04-08 14:06
petróleo,77805,2026-04-08 14:06:00+00:00,2026-04-08 14:06
juicio,76079,2026-04-08 14:06:00+00:00,2026-04-08 14:06
ii,74651,2026-04-08 14:06:00+00:00,2026-04-08 14:06
aragón,72820,2026-04-08 14:06:00+00:00,2026-04-08 14:06
internacional,400589,2026-04-08 14:36:00+00:00,2026-04-08 14:36
irán,384933,2026-04-08 14:36:00+00:00,2026-04-08 14:36
guerra,300295,2026-04-08 14:36:00+00:00,2026-04-08 14:36
trump,288475,2026-04-08 14:36:00+00:00,2026-04-08 14:36
sánchez,139760,2026-04-08 14:36:00+00:00,2026-04-08 14:36
guerra irán,135712,2026-04-08 14:36:00+00:00,2026-04-08 14:36
israel,134964,2026-04-08 14:36:00+00:00,2026-04-08 14:36
málaga,106373,2026-04-08 14:36:00+00:00,2026-04-08 14:36
santa,103326,2026-04-08 14:36:00+00:00,2026-04-08 14:36
semana santa,93644,2026-04-08 14:36:00+00:00,2026-04-08 14:36
luna,90123,2026-04-08 14:36:00+00:00,2026-04-08 14:36
diario,88451,2026-04-08 14:36:00+00:00,2026-04-08 14:36
ormuz,88270,2026-04-08 14:36:00+00:00,2026-04-08 14:36
artemis,79745,2026-04-08 14:36:00+00:00,2026-04-08 14:36
petróleo,77927,2026-04-08 14:36:00+00:00,2026-04-08 14:36
juicio,76085,2026-04-08 14:36:00+00:00,2026-04-08 14:36
ii,75027,2026-04-08 14:36:00+00:00,2026-04-08 14:36
aragón,73405,2026-04-08 14:36:00+00:00,2026-04-08 14:36
internacional,400711,2026-04-08 15:06:00+00:00,2026-04-08 15:06
irán,385885,2026-04-08 15:06:00+00:00,2026-04-08 15:06
guerra,300631,2026-04-08 15:06:00+00:00,2026-04-08 15:06
trump,288259,2026-04-08 15:06:00+00:00,2026-04-08 15:06
sánchez,139573,2026-04-08 15:06:00+00:00,2026-04-08 15:06
guerra irán,135815,2026-04-08 15:06:00+00:00,2026-04-08 15:06
israel,135072,2026-04-08 15:06:00+00:00,2026-04-08 15:06
málaga,106166,2026-04-08 15:06:00+00:00,2026-04-08 15:06
santa,102944,2026-04-08 15:06:00+00:00,2026-04-08 15:06
semana santa,93142,2026-04-08 15:06:00+00:00,2026-04-08 15:06
luna,89899,2026-04-08 15:06:00+00:00,2026-04-08 15:06
ormuz,88829,2026-04-08 15:06:00+00:00,2026-04-08 15:06
diario,88452,2026-04-08 15:06:00+00:00,2026-04-08 15:06
artemis,79966,2026-04-08 15:06:00+00:00,2026-04-08 15:06
petróleo,78057,2026-04-08 15:06:00+00:00,2026-04-08 15:06
juicio,76303,2026-04-08 15:06:00+00:00,2026-04-08 15:06
ii,75347,2026-04-08 15:06:00+00:00,2026-04-08 15:06
aragón,73412,2026-04-08 15:06:00+00:00,2026-04-08 15:06
internacional,401610,2026-04-08 15:36:00+00:00,2026-04-08 15:36
irán,386366,2026-04-08 15:36:00+00:00,2026-04-08 15:36
guerra,300482,2026-04-08 15:36:00+00:00,2026-04-08 15:36
trump,287961,2026-04-08 15:36:00+00:00,2026-04-08 15:36
sánchez,139611,2026-04-08 15:36:00+00:00,2026-04-08 15:36
guerra irán,135684,2026-04-08 15:36:00+00:00,2026-04-08 15:36
israel,135051,2026-04-08 15:36:00+00:00,2026-04-08 15:36
málaga,105925,2026-04-08 15:36:00+00:00,2026-04-08 15:36
santa,102504,2026-04-08 15:36:00+00:00,2026-04-08 15:36
semana santa,92694,2026-04-08 15:36:00+00:00,2026-04-08 15:36
luna,89073,2026-04-08 15:36:00+00:00,2026-04-08 15:36
ormuz,89049,2026-04-08 15:36:00+00:00,2026-04-08 15:36
diario,88348,2026-04-08 15:36:00+00:00,2026-04-08 15:36
artemis,79518,2026-04-08 15:36:00+00:00,2026-04-08 15:36
petróleo,77895,2026-04-08 15:36:00+00:00,2026-04-08 15:36
juicio,76586,2026-04-08 15:36:00+00:00,2026-04-08 15:36
ii,74457,2026-04-08 15:36:00+00:00,2026-04-08 15:36
aragón,73834,2026-04-08 15:36:00+00:00,2026-04-08 15:36
internacional,401710,2026-04-08 16:06:00+00:00,2026-04-08 16:06
irán,386477,2026-04-08 16:06:00+00:00,2026-04-08 16:06
guerra,299982,2026-04-08 16:06:00+00:00,2026-04-08 16:06
trump,287684,2026-04-08 16:06:00+00:00,2026-04-08 16:06
sánchez,140226,2026-04-08 16:06:00+00:00,2026-04-08 16:06
guerra irán,135322,2026-04-08 16:06:00+00:00,2026-04-08 16:06
israel,135125,2026-04-08 16:06:00+00:00,2026-04-08 16:06
málaga,106259,2026-04-08 16:06:00+00:00,2026-04-08 16:06
santa,102642,2026-04-08 16:06:00+00:00,2026-04-08 16:06
semana santa,92691,2026-04-08 16:06:00+00:00,2026-04-08 16:06
ormuz,89790,2026-04-08 16:06:00+00:00,2026-04-08 16:06
luna,88527,2026-04-08 16:06:00+00:00,2026-04-08 16:06
diario,88017,2026-04-08 16:06:00+00:00,2026-04-08 16:06
artemis,78853,2026-04-08 16:06:00+00:00,2026-04-08 16:06
petróleo,78206,2026-04-08 16:06:00+00:00,2026-04-08 16:06
juicio,76590,2026-04-08 16:06:00+00:00,2026-04-08 16:06
ii,74453,2026-04-08 16:06:00+00:00,2026-04-08 16:06
aragón,73914,2026-04-08 16:06:00+00:00,2026-04-08 16:06
internacional,401259,2026-04-08 16:36:00+00:00,2026-04-08 16:36
irán,388036,2026-04-08 16:36:00+00:00,2026-04-08 16:36
guerra,300626,2026-04-08 16:36:00+00:00,2026-04-08 16:36
trump,287137,2026-04-08 16:36:00+00:00,2026-04-08 16:36
sánchez,141219,2026-04-08 16:36:00+00:00,2026-04-08 16:36
guerra irán,135660,2026-04-08 16:36:00+00:00,2026-04-08 16:36
israel,135651,2026-04-08 16:36:00+00:00,2026-04-08 16:36
málaga,106331,2026-04-08 16:36:00+00:00,2026-04-08 16:36
santa,102428,2026-04-08 16:36:00+00:00,2026-04-08 16:36
semana santa,92471,2026-04-08 16:36:00+00:00,2026-04-08 16:36
ormuz,90641,2026-04-08 16:36:00+00:00,2026-04-08 16:36
diario,87896,2026-04-08 16:36:00+00:00,2026-04-08 16:36
luna,87676,2026-04-08 16:36:00+00:00,2026-04-08 16:36
petróleo,78856,2026-04-08 16:36:00+00:00,2026-04-08 16:36
artemis,78700,2026-04-08 16:36:00+00:00,2026-04-08 16:36
juicio,76880,2026-04-08 16:36:00+00:00,2026-04-08 16:36
aragón,74340,2026-04-08 16:36:00+00:00,2026-04-08 16:36
ii,73478,2026-04-08 16:36:00+00:00,2026-04-08 16:36
internacional,401282,2026-04-08 17:07:00+00:00,2026-04-08 17:07
irán,388024,2026-04-08 17:07:00+00:00,2026-04-08 17:07
guerra,300195,2026-04-08 17:07:00+00:00,2026-04-08 17:07
trump,286255,2026-04-08 17:07:00+00:00,2026-04-08 17:07
sánchez,141832,2026-04-08 17:07:00+00:00,2026-04-08 17:07
israel,136628,2026-04-08 17:07:00+00:00,2026-04-08 17:07
guerra irán,135373,2026-04-08 17:07:00+00:00,2026-04-08 17:07
málaga,106388,2026-04-08 17:07:00+00:00,2026-04-08 17:07
santa,102076,2026-04-08 17:07:00+00:00,2026-04-08 17:07
semana santa,92374,2026-04-08 17:07:00+00:00,2026-04-08 17:07
ormuz,90364,2026-04-08 17:07:00+00:00,2026-04-08 17:07
diario,87700,2026-04-08 17:07:00+00:00,2026-04-08 17:07
luna,87283,2026-04-08 17:07:00+00:00,2026-04-08 17:07
petróleo,78736,2026-04-08 17:07:00+00:00,2026-04-08 17:07
artemis,78372,2026-04-08 17:07:00+00:00,2026-04-08 17:07
juicio,77165,2026-04-08 17:07:00+00:00,2026-04-08 17:07
aragón,73953,2026-04-08 17:07:00+00:00,2026-04-08 17:07
ii,73205,2026-04-08 17:07:00+00:00,2026-04-08 17:07
internacional,403159,2026-04-08 17:36:00+00:00,2026-04-08 17:36
irán,388390,2026-04-08 17:36:00+00:00,2026-04-08 17:36
guerra,300047,2026-04-08 17:36:00+00:00,2026-04-08 17:36
trump,285501,2026-04-08 17:36:00+00:00,2026-04-08 17:36
sánchez,141579,2026-04-08 17:36:00+00:00,2026-04-08 17:36
israel,137294,2026-04-08 17:36:00+00:00,2026-04-08 17:36
guerra irán,134889,2026-04-08 17:36:00+00:00,2026-04-08 17:36
málaga,106272,2026-04-08 17:36:00+00:00,2026-04-08 17:36
santa,101816,2026-04-08 17:36:00+00:00,2026-04-08 17:36
semana santa,92109,2026-04-08 17:36:00+00:00,2026-04-08 17:36
ormuz,91429,2026-04-08 17:36:00+00:00,2026-04-08 17:36
diario,88583,2026-04-08 17:36:00+00:00,2026-04-08 17:36
luna,87055,2026-04-08 17:36:00+00:00,2026-04-08 17:36
petróleo,78914,2026-04-08 17:36:00+00:00,2026-04-08 17:36
artemis,78089,2026-04-08 17:36:00+00:00,2026-04-08 17:36
juicio,77168,2026-04-08 17:36:00+00:00,2026-04-08 17:36
aragón,73959,2026-04-08 17:36:00+00:00,2026-04-08 17:36
ii,73453,2026-04-08 17:36:00+00:00,2026-04-08 17:36
internacional,404291,2026-04-08 18:06:00+00:00,2026-04-08 18:06
irán,388578,2026-04-08 18:06:00+00:00,2026-04-08 18:06
guerra,300454,2026-04-08 18:06:00+00:00,2026-04-08 18:06
trump,285647,2026-04-08 18:06:00+00:00,2026-04-08 18:06
sánchez,141846,2026-04-08 18:06:00+00:00,2026-04-08 18:06
israel,138279,2026-04-08 18:06:00+00:00,2026-04-08 18:06
guerra irán,134731,2026-04-08 18:06:00+00:00,2026-04-08 18:06
málaga,106974,2026-04-08 18:06:00+00:00,2026-04-08 18:06
santa,101763,2026-04-08 18:06:00+00:00,2026-04-08 18:06
semana santa,92054,2026-04-08 18:06:00+00:00,2026-04-08 18:06
ormuz,91700,2026-04-08 18:06:00+00:00,2026-04-08 18:06
diario,88764,2026-04-08 18:06:00+00:00,2026-04-08 18:06
luna,86333,2026-04-08 18:06:00+00:00,2026-04-08 18:06
petróleo,79187,2026-04-08 18:06:00+00:00,2026-04-08 18:06
artemis,77385,2026-04-08 18:06:00+00:00,2026-04-08 18:06
juicio,77064,2026-04-08 18:06:00+00:00,2026-04-08 18:06
hacer,74376,2026-04-08 18:06:00+00:00,2026-04-08 18:06
aragón,74371,2026-04-08 18:06:00+00:00,2026-04-08 18:06
internacional,404761,2026-04-08 18:36:00+00:00,2026-04-08 18:36
irán,389486,2026-04-08 18:36:00+00:00,2026-04-08 18:36
guerra,301069,2026-04-08 18:36:00+00:00,2026-04-08 18:36
trump,286170,2026-04-08 18:36:00+00:00,2026-04-08 18:36
sánchez,141869,2026-04-08 18:36:00+00:00,2026-04-08 18:36
israel,139400,2026-04-08 18:36:00+00:00,2026-04-08 18:36
guerra irán,134999,2026-04-08 18:36:00+00:00,2026-04-08 18:36
málaga,107436,2026-04-08 18:36:00+00:00,2026-04-08 18:36
santa,101711,2026-04-08 18:36:00+00:00,2026-04-08 18:36
semana santa,92000,2026-04-08 18:36:00+00:00,2026-04-08 18:36
ormuz,91939,2026-04-08 18:36:00+00:00,2026-04-08 18:36
diario,88801,2026-04-08 18:36:00+00:00,2026-04-08 18:36
luna,86054,2026-04-08 18:36:00+00:00,2026-04-08 18:36
petróleo,79107,2026-04-08 18:36:00+00:00,2026-04-08 18:36
juicio,77740,2026-04-08 18:36:00+00:00,2026-04-08 18:36
artemis,75806,2026-04-08 18:36:00+00:00,2026-04-08 18:36
hacer,74381,2026-04-08 18:36:00+00:00,2026-04-08 18:36
aragón,74378,2026-04-08 18:36:00+00:00,2026-04-08 18:36
internacional,404934,2026-04-08 19:07:00+00:00,2026-04-08 19:07
irán,390944,2026-04-08 19:07:00+00:00,2026-04-08 19:07
guerra,301902,2026-04-08 19:07:00+00:00,2026-04-08 19:07
trump,286006,2026-04-08 19:07:00+00:00,2026-04-08 19:07
sánchez,142089,2026-04-08 19:07:00+00:00,2026-04-08 19:07
israel,140152,2026-04-08 19:07:00+00:00,2026-04-08 19:07
guerra irán,135665,2026-04-08 19:07:00+00:00,2026-04-08 19:07
málaga,106647,2026-04-08 19:07:00+00:00,2026-04-08 19:07
santa,101440,2026-04-08 19:07:00+00:00,2026-04-08 19:07
ormuz,91924,2026-04-08 19:07:00+00:00,2026-04-08 19:07
semana santa,91724,2026-04-08 19:07:00+00:00,2026-04-08 19:07
diario,88814,2026-04-08 19:07:00+00:00,2026-04-08 19:07
luna,86285,2026-04-08 19:07:00+00:00,2026-04-08 19:07
petróleo,79068,2026-04-08 19:07:00+00:00,2026-04-08 19:07
juicio,78166,2026-04-08 19:07:00+00:00,2026-04-08 19:07
artemis,75368,2026-04-08 19:07:00+00:00,2026-04-08 19:07
alto,75023,2026-04-08 19:07:00+00:00,2026-04-08 19:07
hacer,74711,2026-04-08 19:07:00+00:00,2026-04-08 19:07
internacional,404917,2026-04-08 19:37:00+00:00,2026-04-08 19:37
irán,391984,2026-04-08 19:37:00+00:00,2026-04-08 19:37
guerra,302085,2026-04-08 19:37:00+00:00,2026-04-08 19:37
trump,286306,2026-04-08 19:37:00+00:00,2026-04-08 19:37
sánchez,142220,2026-04-08 19:37:00+00:00,2026-04-08 19:37
israel,140807,2026-04-08 19:37:00+00:00,2026-04-08 19:37
guerra irán,135891,2026-04-08 19:37:00+00:00,2026-04-08 19:37
málaga,107077,2026-04-08 19:37:00+00:00,2026-04-08 19:37
santa,101061,2026-04-08 19:37:00+00:00,2026-04-08 19:37
ormuz,92428,2026-04-08 19:37:00+00:00,2026-04-08 19:37
semana santa,91339,2026-04-08 19:37:00+00:00,2026-04-08 19:37
diario,88952,2026-04-08 19:37:00+00:00,2026-04-08 19:37
luna,85503,2026-04-08 19:37:00+00:00,2026-04-08 19:37
petróleo,79081,2026-04-08 19:37:00+00:00,2026-04-08 19:37
juicio,78475,2026-04-08 19:37:00+00:00,2026-04-08 19:37
alto,76252,2026-04-08 19:37:00+00:00,2026-04-08 19:37
hacer,74715,2026-04-08 19:37:00+00:00,2026-04-08 19:37
internacional,404880,2026-04-08 20:06:00+00:00,2026-04-08 20:06
irán,391867,2026-04-08 20:06:00+00:00,2026-04-08 20:06
guerra,302240,2026-04-08 20:06:00+00:00,2026-04-08 20:06
trump,286397,2026-04-08 20:06:00+00:00,2026-04-08 20:06
sánchez,142365,2026-04-08 20:06:00+00:00,2026-04-08 20:06
israel,141077,2026-04-08 20:06:00+00:00,2026-04-08 20:06
guerra irán,135561,2026-04-08 20:06:00+00:00,2026-04-08 20:06
málaga,107219,2026-04-08 20:06:00+00:00,2026-04-08 20:06
santa,100917,2026-04-08 20:06:00+00:00,2026-04-08 20:06
ormuz,92506,2026-04-08 20:06:00+00:00,2026-04-08 20:06
semana santa,91192,2026-04-08 20:06:00+00:00,2026-04-08 20:06
diario,88656,2026-04-08 20:06:00+00:00,2026-04-08 20:06
luna,85028,2026-04-08 20:06:00+00:00,2026-04-08 20:06
petróleo,79086,2026-04-08 20:06:00+00:00,2026-04-08 20:06
juicio,78478,2026-04-08 20:06:00+00:00,2026-04-08 20:06
alto,76712,2026-04-08 20:06:00+00:00,2026-04-08 20:06
hacer,74574,2026-04-08 20:06:00+00:00,2026-04-08 20:06
internacional,404751,2026-04-08 20:37:00+00:00,2026-04-08 20:37
irán,391518,2026-04-08 20:37:00+00:00,2026-04-08 20:37
guerra,302090,2026-04-08 20:37:00+00:00,2026-04-08 20:37
trump,285615,2026-04-08 20:37:00+00:00,2026-04-08 20:37
sánchez,142373,2026-04-08 20:37:00+00:00,2026-04-08 20:37
israel,141333,2026-04-08 20:37:00+00:00,2026-04-08 20:37
guerra irán,135435,2026-04-08 20:37:00+00:00,2026-04-08 20:37
málaga,107428,2026-04-08 20:37:00+00:00,2026-04-08 20:37
santa,100831,2026-04-08 20:37:00+00:00,2026-04-08 20:37
ormuz,92464,2026-04-08 20:37:00+00:00,2026-04-08 20:37
semana santa,91104,2026-04-08 20:37:00+00:00,2026-04-08 20:37
diario,89180,2026-04-08 20:37:00+00:00,2026-04-08 20:37
luna,84261,2026-04-08 20:37:00+00:00,2026-04-08 20:37
petróleo,79020,2026-04-08 20:37:00+00:00,2026-04-08 20:37
juicio,78020,2026-04-08 20:37:00+00:00,2026-04-08 20:37
alto,77162,2026-04-08 20:37:00+00:00,2026-04-08 20:37
aragón,74503,2026-04-08 20:37:00+00:00,2026-04-08 20:37
internacional,404735,2026-04-08 21:07:00+00:00,2026-04-08 21:07
irán,391896,2026-04-08 21:07:00+00:00,2026-04-08 21:07
guerra,302632,2026-04-08 21:07:00+00:00,2026-04-08 21:07
trump,285498,2026-04-08 21:07:00+00:00,2026-04-08 21:07
sánchez,142381,2026-04-08 21:07:00+00:00,2026-04-08 21:07
israel,141553,2026-04-08 21:07:00+00:00,2026-04-08 21:07
guerra irán,135890,2026-04-08 21:07:00+00:00,2026-04-08 21:07
málaga,107289,2026-04-08 21:07:00+00:00,2026-04-08 21:07
santa,100787,2026-04-08 21:07:00+00:00,2026-04-08 21:07
ormuz,92514,2026-04-08 21:07:00+00:00,2026-04-08 21:07
semana santa,91059,2026-04-08 21:07:00+00:00,2026-04-08 21:07
diario,88952,2026-04-08 21:07:00+00:00,2026-04-08 21:07
luna,84112,2026-04-08 21:07:00+00:00,2026-04-08 21:07
petróleo,79026,2026-04-08 21:07:00+00:00,2026-04-08 21:07
juicio,78024,2026-04-08 21:07:00+00:00,2026-04-08 21:07
alto,77953,2026-04-08 21:07:00+00:00,2026-04-08 21:07
hacer,74729,2026-04-08 21:07:00+00:00,2026-04-08 21:07
aragón,74506,2026-04-08 21:07:00+00:00,2026-04-08 21:07
internacional,404454,2026-04-08 21:36:00+00:00,2026-04-08 21:36
irán,393223,2026-04-08 21:36:00+00:00,2026-04-08 21:36
guerra,303012,2026-04-08 21:36:00+00:00,2026-04-08 21:36
trump,286009,2026-04-08 21:36:00+00:00,2026-04-08 21:36
sánchez,142485,2026-04-08 21:36:00+00:00,2026-04-08 21:36
israel,141679,2026-04-08 21:36:00+00:00,2026-04-08 21:36
guerra irán,136336,2026-04-08 21:36:00+00:00,2026-04-08 21:36
málaga,107341,2026-04-08 21:36:00+00:00,2026-04-08 21:36
santa,100810,2026-04-08 21:36:00+00:00,2026-04-08 21:36
ormuz,92494,2026-04-08 21:36:00+00:00,2026-04-08 21:36
semana santa,91083,2026-04-08 21:36:00+00:00,2026-04-08 21:36
diario,88754,2026-04-08 21:36:00+00:00,2026-04-08 21:36
luna,84205,2026-04-08 21:36:00+00:00,2026-04-08 21:36
petróleo,79819,2026-04-08 21:36:00+00:00,2026-04-08 21:36
alto,78730,2026-04-08 21:36:00+00:00,2026-04-08 21:36
juicio,78025,2026-04-08 21:36:00+00:00,2026-04-08 21:36
hacer,74732,2026-04-08 21:36:00+00:00,2026-04-08 21:36
aragón,74508,2026-04-08 21:36:00+00:00,2026-04-08 21:36
internacional,405703,2026-04-08 22:07:00+00:00,2026-04-08 22:07
irán,393479,2026-04-08 22:07:00+00:00,2026-04-08 22:07
guerra,302562,2026-04-08 22:07:00+00:00,2026-04-08 22:07
trump,285809,2026-04-08 22:07:00+00:00,2026-04-08 22:07
sánchez,142365,2026-04-08 22:07:00+00:00,2026-04-08 22:07
israel,141535,2026-04-08 22:07:00+00:00,2026-04-08 22:07
guerra irán,136303,2026-04-08 22:07:00+00:00,2026-04-08 22:07
málaga,109012,2026-04-08 22:07:00+00:00,2026-04-08 22:07
santa,100822,2026-04-08 22:07:00+00:00,2026-04-08 22:07
ormuz,92678,2026-04-08 22:07:00+00:00,2026-04-08 22:07
semana santa,91093,2026-04-08 22:07:00+00:00,2026-04-08 22:07
diario,88752,2026-04-08 22:07:00+00:00,2026-04-08 22:07
luna,83948,2026-04-08 22:07:00+00:00,2026-04-08 22:07
petróleo,79993,2026-04-08 22:07:00+00:00,2026-04-08 22:07
alto,79172,2026-04-08 22:07:00+00:00,2026-04-08 22:07
juicio,78027,2026-04-08 22:07:00+00:00,2026-04-08 22:07
hacer,74734,2026-04-08 22:07:00+00:00,2026-04-08 22:07
aragón,74513,2026-04-08 22:07:00+00:00,2026-04-08 22:07
internacional,406275,2026-04-08 22:36:00+00:00,2026-04-08 22:36
irán,393161,2026-04-08 22:36:00+00:00,2026-04-08 22:36
guerra,302491,2026-04-08 22:36:00+00:00,2026-04-08 22:36
trump,286583,2026-04-08 22:36:00+00:00,2026-04-08 22:36
sánchez,142662,2026-04-08 22:36:00+00:00,2026-04-08 22:36
israel,141713,2026-04-08 22:36:00+00:00,2026-04-08 22:36
guerra irán,136153,2026-04-08 22:36:00+00:00,2026-04-08 22:36
málaga,108686,2026-04-08 22:36:00+00:00,2026-04-08 22:36
santa,100449,2026-04-08 22:36:00+00:00,2026-04-08 22:36
ormuz,92645,2026-04-08 22:36:00+00:00,2026-04-08 22:36
semana santa,90715,2026-04-08 22:36:00+00:00,2026-04-08 22:36
diario,88664,2026-04-08 22:36:00+00:00,2026-04-08 22:36
luna,83621,2026-04-08 22:36:00+00:00,2026-04-08 22:36
petróleo,79995,2026-04-08 22:36:00+00:00,2026-04-08 22:36
alto,79174,2026-04-08 22:36:00+00:00,2026-04-08 22:36
juicio,78029,2026-04-08 22:36:00+00:00,2026-04-08 22:36
hacer,75129,2026-04-08 22:36:00+00:00,2026-04-08 22:36
aragón,74514,2026-04-08 22:36:00+00:00,2026-04-08 22:36
internacional,406064,2026-04-08 23:06:00+00:00,2026-04-08 23:06
irán,393479,2026-04-08 23:06:00+00:00,2026-04-08 23:06
guerra,302605,2026-04-08 23:06:00+00:00,2026-04-08 23:06
trump,286752,2026-04-08 23:06:00+00:00,2026-04-08 23:06
sánchez,142792,2026-04-08 23:06:00+00:00,2026-04-08 23:06
israel,141839,2026-04-08 23:06:00+00:00,2026-04-08 23:06
guerra irán,136276,2026-04-08 23:06:00+00:00,2026-04-08 23:06
málaga,109995,2026-04-08 23:06:00+00:00,2026-04-08 23:06
santa,100344,2026-04-08 23:06:00+00:00,2026-04-08 23:06
ormuz,92971,2026-04-08 23:06:00+00:00,2026-04-08 23:06
semana santa,90608,2026-04-08 23:06:00+00:00,2026-04-08 23:06
diario,88910,2026-04-08 23:06:00+00:00,2026-04-08 23:06
luna,82543,2026-04-08 23:06:00+00:00,2026-04-08 23:06
petróleo,79998,2026-04-08 23:06:00+00:00,2026-04-08 23:06
alto,79383,2026-04-08 23:06:00+00:00,2026-04-08 23:06
juicio,78031,2026-04-08 23:06:00+00:00,2026-04-08 23:06
hacer,75785,2026-04-08 23:06:00+00:00,2026-04-08 23:06
final,74683,2026-04-08 23:06:00+00:00,2026-04-08 23:06
internacional,406359,2026-04-08 23:36:00+00:00,2026-04-08 23:36
irán,393841,2026-04-08 23:36:00+00:00,2026-04-08 23:36
guerra,303103,2026-04-08 23:36:00+00:00,2026-04-08 23:36
trump,287121,2026-04-08 23:36:00+00:00,2026-04-08 23:36
sánchez,143268,2026-04-08 23:36:00+00:00,2026-04-08 23:36
israel,141848,2026-04-08 23:36:00+00:00,2026-04-08 23:36
guerra irán,136242,2026-04-08 23:36:00+00:00,2026-04-08 23:36
málaga,109996,2026-04-08 23:36:00+00:00,2026-04-08 23:36
santa,100051,2026-04-08 23:36:00+00:00,2026-04-08 23:36
ormuz,92977,2026-04-08 23:36:00+00:00,2026-04-08 23:36
semana santa,90311,2026-04-08 23:36:00+00:00,2026-04-08 23:36
diario,88715,2026-04-08 23:36:00+00:00,2026-04-08 23:36
luna,81926,2026-04-08 23:36:00+00:00,2026-04-08 23:36
petróleo,80192,2026-04-08 23:36:00+00:00,2026-04-08 23:36
alto,79535,2026-04-08 23:36:00+00:00,2026-04-08 23:36
juicio,78032,2026-04-08 23:36:00+00:00,2026-04-08 23:36
hacer,75787,2026-04-08 23:36:00+00:00,2026-04-08 23:36
final,74870,2026-04-08 23:36:00+00:00,2026-04-08 23:36
internacional,406808,2026-04-09 00:06:00+00:00,2026-04-09 00:06
irán,394050,2026-04-09 00:06:00+00:00,2026-04-09 00:06
guerra,303206,2026-04-09 00:06:00+00:00,2026-04-09 00:06
trump,287591,2026-04-09 00:06:00+00:00,2026-04-09 00:06
sánchez,143235,2026-04-09 00:06:00+00:00,2026-04-09 00:06
israel,141858,2026-04-09 00:06:00+00:00,2026-04-09 00:06
guerra irán,136200,2026-04-09 00:06:00+00:00,2026-04-09 00:06
málaga,109731,2026-04-09 00:06:00+00:00,2026-04-09 00:06
santa,99946,2026-04-09 00:06:00+00:00,2026-04-09 00:06
ormuz,93130,2026-04-09 00:06:00+00:00,2026-04-09 00:06
semana santa,90204,2026-04-09 00:06:00+00:00,2026-04-09 00:06
diario,88927,2026-04-09 00:06:00+00:00,2026-04-09 00:06
luna,81467,2026-04-09 00:06:00+00:00,2026-04-09 00:06
petróleo,80195,2026-04-09 00:06:00+00:00,2026-04-09 00:06
alto,79541,2026-04-09 00:06:00+00:00,2026-04-09 00:06
juicio,77933,2026-04-09 00:06:00+00:00,2026-04-09 00:06
hacer,75646,2026-04-09 00:06:00+00:00,2026-04-09 00:06
final,74872,2026-04-09 00:06:00+00:00,2026-04-09 00:06
internacional,406940,2026-04-09 00:36:00+00:00,2026-04-09 00:36
irán,394589,2026-04-09 00:36:00+00:00,2026-04-09 00:36
guerra,303376,2026-04-09 00:36:00+00:00,2026-04-09 00:36
trump,288470,2026-04-09 00:36:00+00:00,2026-04-09 00:36
sánchez,143164,2026-04-09 00:36:00+00:00,2026-04-09 00:36
israel,142161,2026-04-09 00:36:00+00:00,2026-04-09 00:36
guerra irán,136212,2026-04-09 00:36:00+00:00,2026-04-09 00:36
málaga,109734,2026-04-09 00:36:00+00:00,2026-04-09 00:36
santa,99949,2026-04-09 00:36:00+00:00,2026-04-09 00:36
ormuz,93267,2026-04-09 00:36:00+00:00,2026-04-09 00:36
semana santa,90207,2026-04-09 00:36:00+00:00,2026-04-09 00:36
diario,88931,2026-04-09 00:36:00+00:00,2026-04-09 00:36
luna,81300,2026-04-09 00:36:00+00:00,2026-04-09 00:36
petróleo,80200,2026-04-09 00:36:00+00:00,2026-04-09 00:36
alto,79919,2026-04-09 00:36:00+00:00,2026-04-09 00:36
juicio,77935,2026-04-09 00:36:00+00:00,2026-04-09 00:36
hacer,75647,2026-04-09 00:36:00+00:00,2026-04-09 00:36
final,75472,2026-04-09 00:36:00+00:00,2026-04-09 00:36
internacional,407122,2026-04-09 01:06:00+00:00,2026-04-09 01:06
irán,394418,2026-04-09 01:06:00+00:00,2026-04-09 01:06
guerra,303220,2026-04-09 01:06:00+00:00,2026-04-09 01:06
trump,288653,2026-04-09 01:06:00+00:00,2026-04-09 01:06
sánchez,142942,2026-04-09 01:06:00+00:00,2026-04-09 01:06
israel,142273,2026-04-09 01:06:00+00:00,2026-04-09 01:06
guerra irán,136006,2026-04-09 01:06:00+00:00,2026-04-09 01:06
málaga,110055,2026-04-09 01:06:00+00:00,2026-04-09 01:06
santa,99951,2026-04-09 01:06:00+00:00,2026-04-09 01:06
ormuz,93304,2026-04-09 01:06:00+00:00,2026-04-09 01:06
semana santa,90208,2026-04-09 01:06:00+00:00,2026-04-09 01:06
diario,89147,2026-04-09 01:06:00+00:00,2026-04-09 01:06
luna,81117,2026-04-09 01:06:00+00:00,2026-04-09 01:06
petróleo,80265,2026-04-09 01:06:00+00:00,2026-04-09 01:06
alto,80054,2026-04-09 01:06:00+00:00,2026-04-09 01:06
juicio,77577,2026-04-09 01:06:00+00:00,2026-04-09 01:06
hacer,75924,2026-04-09 01:06:00+00:00,2026-04-09 01:06
final,75421,2026-04-09 01:06:00+00:00,2026-04-09 01:06
internacional,407136,2026-04-09 01:37:00+00:00,2026-04-09 01:37
irán,394685,2026-04-09 01:37:00+00:00,2026-04-09 01:37
guerra,303720,2026-04-09 01:37:00+00:00,2026-04-09 01:37
trump,288477,2026-04-09 01:37:00+00:00,2026-04-09 01:37
sánchez,142966,2026-04-09 01:37:00+00:00,2026-04-09 01:37
israel,142378,2026-04-09 01:37:00+00:00,2026-04-09 01:37
guerra irán,136363,2026-04-09 01:37:00+00:00,2026-04-09 01:37
málaga,110136,2026-04-09 01:37:00+00:00,2026-04-09 01:37
santa,100180,2026-04-09 01:37:00+00:00,2026-04-09 01:37
ormuz,93726,2026-04-09 01:37:00+00:00,2026-04-09 01:37
semana santa,90249,2026-04-09 01:37:00+00:00,2026-04-09 01:37
diario,89075,2026-04-09 01:37:00+00:00,2026-04-09 01:37
luna,81019,2026-04-09 01:37:00+00:00,2026-04-09 01:37
petróleo,80166,2026-04-09 01:37:00+00:00,2026-04-09 01:37
alto,80063,2026-04-09 01:37:00+00:00,2026-04-09 01:37
juicio,77436,2026-04-09 01:37:00+00:00,2026-04-09 01:37
hacer,75925,2026-04-09 01:37:00+00:00,2026-04-09 01:37
aragón,74583,2026-04-09 01:37:00+00:00,2026-04-09 01:37
internacional,406846,2026-04-09 02:06:00+00:00,2026-04-09 02:06
irán,394548,2026-04-09 02:06:00+00:00,2026-04-09 02:06
guerra,303553,2026-04-09 02:06:00+00:00,2026-04-09 02:06
trump,288217,2026-04-09 02:06:00+00:00,2026-04-09 02:06
sánchez,142844,2026-04-09 02:06:00+00:00,2026-04-09 02:06
israel,142327,2026-04-09 02:06:00+00:00,2026-04-09 02:06
guerra irán,136280,2026-04-09 02:06:00+00:00,2026-04-09 02:06
málaga,110137,2026-04-09 02:06:00+00:00,2026-04-09 02:06
santa,100092,2026-04-09 02:06:00+00:00,2026-04-09 02:06
ormuz,93727,2026-04-09 02:06:00+00:00,2026-04-09 02:06
semana santa,90160,2026-04-09 02:06:00+00:00,2026-04-09 02:06
diario,89076,2026-04-09 02:06:00+00:00,2026-04-09 02:06
luna,80878,2026-04-09 02:06:00+00:00,2026-04-09 02:06
petróleo,80319,2026-04-09 02:06:00+00:00,2026-04-09 02:06
alto,80064,2026-04-09 02:06:00+00:00,2026-04-09 02:06
juicio,77437,2026-04-09 02:06:00+00:00,2026-04-09 02:06
hacer,75926,2026-04-09 02:06:00+00:00,2026-04-09 02:06
aragón,74584,2026-04-09 02:06:00+00:00,2026-04-09 02:06
internacional,407534,2026-04-09 02:36:00+00:00,2026-04-09 02:36
irán,394512,2026-04-09 02:36:00+00:00,2026-04-09 02:36
guerra,303134,2026-04-09 02:36:00+00:00,2026-04-09 02:36
trump,287895,2026-04-09 02:36:00+00:00,2026-04-09 02:36
sánchez,142753,2026-04-09 02:36:00+00:00,2026-04-09 02:36
israel,142646,2026-04-09 02:36:00+00:00,2026-04-09 02:36
guerra irán,136075,2026-04-09 02:36:00+00:00,2026-04-09 02:36
málaga,110139,2026-04-09 02:36:00+00:00,2026-04-09 02:36
santa,100295,2026-04-09 02:36:00+00:00,2026-04-09 02:36
ormuz,93694,2026-04-09 02:36:00+00:00,2026-04-09 02:36
semana santa,90365,2026-04-09 02:36:00+00:00,2026-04-09 02:36
diario,89077,2026-04-09 02:36:00+00:00,2026-04-09 02:36
luna,80830,2026-04-09 02:36:00+00:00,2026-04-09 02:36
petróleo,80283,2026-04-09 02:36:00+00:00,2026-04-09 02:36
alto,80218,2026-04-09 02:36:00+00:00,2026-04-09 02:36
juicio,77829,2026-04-09 02:36:00+00:00,2026-04-09 02:36
hacer,75926,2026-04-09 02:36:00+00:00,2026-04-09 02:36
aragón,74481,2026-04-09 02:36:00+00:00,2026-04-09 02:36
internacional,408105,2026-04-09 03:06:00+00:00,2026-04-09 03:06
irán,393980,2026-04-09 03:06:00+00:00,2026-04-09 03:06
guerra,302194,2026-04-09 03:06:00+00:00,2026-04-09 03:06
trump,287196,2026-04-09 03:06:00+00:00,2026-04-09 03:06
israel,142872,2026-04-09 03:06:00+00:00,2026-04-09 03:06
sánchez,142757,2026-04-09 03:06:00+00:00,2026-04-09 03:06
guerra irán,135770,2026-04-09 03:06:00+00:00,2026-04-09 03:06
málaga,110088,2026-04-09 03:06:00+00:00,2026-04-09 03:06
santa,99866,2026-04-09 03:06:00+00:00,2026-04-09 03:06
ormuz,93698,2026-04-09 03:06:00+00:00,2026-04-09 03:06
semana santa,89930,2026-04-09 03:06:00+00:00,2026-04-09 03:06
diario,89028,2026-04-09 03:06:00+00:00,2026-04-09 03:06
luna,80425,2026-04-09 03:06:00+00:00,2026-04-09 03:06
alto,80326,2026-04-09 03:06:00+00:00,2026-04-09 03:06
petróleo,80285,2026-04-09 03:06:00+00:00,2026-04-09 03:06
juicio,76700,2026-04-09 03:06:00+00:00,2026-04-09 03:06
hacer,75026,2026-04-09 03:06:00+00:00,2026-04-09 03:06
final,74063,2026-04-09 03:06:00+00:00,2026-04-09 03:06
internacional,407582,2026-04-09 03:36:00+00:00,2026-04-09 03:36
irán,394100,2026-04-09 03:36:00+00:00,2026-04-09 03:36
guerra,301455,2026-04-09 03:36:00+00:00,2026-04-09 03:36
trump,287355,2026-04-09 03:36:00+00:00,2026-04-09 03:36
sánchez,142918,2026-04-09 03:36:00+00:00,2026-04-09 03:36
israel,142853,2026-04-09 03:36:00+00:00,2026-04-09 03:36
guerra irán,135654,2026-04-09 03:36:00+00:00,2026-04-09 03:36
málaga,109701,2026-04-09 03:36:00+00:00,2026-04-09 03:36
santa,99793,2026-04-09 03:36:00+00:00,2026-04-09 03:36
ormuz,93675,2026-04-09 03:36:00+00:00,2026-04-09 03:36
semana santa,89921,2026-04-09 03:36:00+00:00,2026-04-09 03:36
diario,88774,2026-04-09 03:36:00+00:00,2026-04-09 03:36
alto,80974,2026-04-09 03:36:00+00:00,2026-04-09 03:36
petróleo,80151,2026-04-09 03:36:00+00:00,2026-04-09 03:36
luna,80101,2026-04-09 03:36:00+00:00,2026-04-09 03:36
juicio,76930,2026-04-09 03:36:00+00:00,2026-04-09 03:36
hacer,75539,2026-04-09 03:36:00+00:00,2026-04-09 03:36
aragón,74637,2026-04-09 03:36:00+00:00,2026-04-09 03:36
internacional,407802,2026-04-09 04:06:00+00:00,2026-04-09 04:06
irán,394367,2026-04-09 04:06:00+00:00,2026-04-09 04:06
guerra,301427,2026-04-09 04:06:00+00:00,2026-04-09 04:06
trump,286806,2026-04-09 04:06:00+00:00,2026-04-09 04:06
sánchez,143369,2026-04-09 04:06:00+00:00,2026-04-09 04:06
israel,142638,2026-04-09 04:06:00+00:00,2026-04-09 04:06
guerra irán,135095,2026-04-09 04:06:00+00:00,2026-04-09 04:06
málaga,109535,2026-04-09 04:06:00+00:00,2026-04-09 04:06
santa,99466,2026-04-09 04:06:00+00:00,2026-04-09 04:06
ormuz,94841,2026-04-09 04:06:00+00:00,2026-04-09 04:06
semana santa,89588,2026-04-09 04:06:00+00:00,2026-04-09 04:06
diario,88421,2026-04-09 04:06:00+00:00,2026-04-09 04:06
alto,81232,2026-04-09 04:06:00+00:00,2026-04-09 04:06
petróleo,80324,2026-04-09 04:06:00+00:00,2026-04-09 04:06
luna,79174,2026-04-09 04:06:00+00:00,2026-04-09 04:06
juicio,76768,2026-04-09 04:06:00+00:00,2026-04-09 04:06
hacer,75158,2026-04-09 04:06:00+00:00,2026-04-09 04:06
aragón,74550,2026-04-09 04:06:00+00:00,2026-04-09 04:06
internacional,408183,2026-04-09 04:36:00+00:00,2026-04-09 04:36
irán,396098,2026-04-09 04:36:00+00:00,2026-04-09 04:36
guerra,303049,2026-04-09 04:36:00+00:00,2026-04-09 04:36
trump,288500,2026-04-09 04:36:00+00:00,2026-04-09 04:36
sánchez,143691,2026-04-09 04:36:00+00:00,2026-04-09 04:36
israel,143184,2026-04-09 04:36:00+00:00,2026-04-09 04:36
guerra irán,135462,2026-04-09 04:36:00+00:00,2026-04-09 04:36
málaga,109543,2026-04-09 04:36:00+00:00,2026-04-09 04:36
santa,99667,2026-04-09 04:36:00+00:00,2026-04-09 04:36
ormuz,96028,2026-04-09 04:36:00+00:00,2026-04-09 04:36
semana santa,89791,2026-04-09 04:36:00+00:00,2026-04-09 04:36
diario,88989,2026-04-09 04:36:00+00:00,2026-04-09 04:36
alto,81646,2026-04-09 04:36:00+00:00,2026-04-09 04:36
petróleo,80366,2026-04-09 04:36:00+00:00,2026-04-09 04:36
luna,79910,2026-04-09 04:36:00+00:00,2026-04-09 04:36
juicio,77445,2026-04-09 04:36:00+00:00,2026-04-09 04:36
hacer,75162,2026-04-09 04:36:00+00:00,2026-04-09 04:36
aragón,74555,2026-04-09 04:36:00+00:00,2026-04-09 04:36
internacional,407364,2026-04-09 05:07:00+00:00,2026-04-09 05:07
irán,395922,2026-04-09 05:07:00+00:00,2026-04-09 05:07
guerra,302617,2026-04-09 05:07:00+00:00,2026-04-09 05:07
trump,288762,2026-04-09 05:07:00+00:00,2026-04-09 05:07
sánchez,143700,2026-04-09 05:07:00+00:00,2026-04-09 05:07
israel,143194,2026-04-09 05:07:00+00:00,2026-04-09 05:07
guerra irán,135534,2026-04-09 05:07:00+00:00,2026-04-09 05:07
málaga,109446,2026-04-09 05:07:00+00:00,2026-04-09 05:07
santa,99775,2026-04-09 05:07:00+00:00,2026-04-09 05:07
ormuz,96115,2026-04-09 05:07:00+00:00,2026-04-09 05:07
semana santa,89900,2026-04-09 05:07:00+00:00,2026-04-09 05:07
diario,89218,2026-04-09 05:07:00+00:00,2026-04-09 05:07
alto,81840,2026-04-09 05:07:00+00:00,2026-04-09 05:07
petróleo,80370,2026-04-09 05:07:00+00:00,2026-04-09 05:07
luna,80002,2026-04-09 05:07:00+00:00,2026-04-09 05:07
juicio,77447,2026-04-09 05:07:00+00:00,2026-04-09 05:07
hacer,75285,2026-04-09 05:07:00+00:00,2026-04-09 05:07
aragón,74798,2026-04-09 05:07:00+00:00,2026-04-09 05:07
internacional,407249,2026-04-09 05:36:00+00:00,2026-04-09 05:36
irán,394671,2026-04-09 05:36:00+00:00,2026-04-09 05:36
guerra,301837,2026-04-09 05:36:00+00:00,2026-04-09 05:36
trump,287700,2026-04-09 05:36:00+00:00,2026-04-09 05:36
sánchez,144024,2026-04-09 05:36:00+00:00,2026-04-09 05:36
israel,142733,2026-04-09 05:36:00+00:00,2026-04-09 05:36
guerra irán,134814,2026-04-09 05:36:00+00:00,2026-04-09 05:36
málaga,109450,2026-04-09 05:36:00+00:00,2026-04-09 05:36
santa,99988,2026-04-09 05:36:00+00:00,2026-04-09 05:36
ormuz,96078,2026-04-09 05:36:00+00:00,2026-04-09 05:36
semana santa,90115,2026-04-09 05:36:00+00:00,2026-04-09 05:36
diario,89062,2026-04-09 05:36:00+00:00,2026-04-09 05:36
alto,81868,2026-04-09 05:36:00+00:00,2026-04-09 05:36
petróleo,80282,2026-04-09 05:36:00+00:00,2026-04-09 05:36
luna,79931,2026-04-09 05:36:00+00:00,2026-04-09 05:36
juicio,77568,2026-04-09 05:36:00+00:00,2026-04-09 05:36
hacer,75145,2026-04-09 05:36:00+00:00,2026-04-09 05:36
aragón,75058,2026-04-09 05:36:00+00:00,2026-04-09 05:36
internacional,407410,2026-04-09 06:06:00+00:00,2026-04-09 06:06
irán,395272,2026-04-09 06:06:00+00:00,2026-04-09 06:06
guerra,301756,2026-04-09 06:06:00+00:00,2026-04-09 06:06
trump,287666,2026-04-09 06:06:00+00:00,2026-04-09 06:06
sánchez,143915,2026-04-09 06:06:00+00:00,2026-04-09 06:06
israel,142580,2026-04-09 06:06:00+00:00,2026-04-09 06:06
guerra irán,134881,2026-04-09 06:06:00+00:00,2026-04-09 06:06
málaga,110221,2026-04-09 06:06:00+00:00,2026-04-09 06:06
santa,99973,2026-04-09 06:06:00+00:00,2026-04-09 06:06
ormuz,96318,2026-04-09 06:06:00+00:00,2026-04-09 06:06
semana santa,90098,2026-04-09 06:06:00+00:00,2026-04-09 06:06
diario,89223,2026-04-09 06:06:00+00:00,2026-04-09 06:06
alto,82044,2026-04-09 06:06:00+00:00,2026-04-09 06:06
petróleo,80264,2026-04-09 06:06:00+00:00,2026-04-09 06:06
luna,79411,2026-04-09 06:06:00+00:00,2026-04-09 06:06
juicio,75982,2026-04-09 06:06:00+00:00,2026-04-09 06:06
aragón,74800,2026-04-09 06:06:00+00:00,2026-04-09 06:06
fuego,74627,2026-04-09 06:06:00+00:00,2026-04-09 06:06
internacional,407769,2026-04-09 06:36:00+00:00,2026-04-09 06:36
irán,395229,2026-04-09 06:36:00+00:00,2026-04-09 06:36
guerra,301873,2026-04-09 06:36:00+00:00,2026-04-09 06:36
trump,287550,2026-04-09 06:36:00+00:00,2026-04-09 06:36
sánchez,143525,2026-04-09 06:36:00+00:00,2026-04-09 06:36
israel,142283,2026-04-09 06:36:00+00:00,2026-04-09 06:36
guerra irán,134894,2026-04-09 06:36:00+00:00,2026-04-09 06:36
málaga,110519,2026-04-09 06:36:00+00:00,2026-04-09 06:36
santa,99855,2026-04-09 06:36:00+00:00,2026-04-09 06:36
ormuz,96237,2026-04-09 06:36:00+00:00,2026-04-09 06:36
semana santa,89978,2026-04-09 06:36:00+00:00,2026-04-09 06:36
diario,89231,2026-04-09 06:36:00+00:00,2026-04-09 06:36
alto,82541,2026-04-09 06:36:00+00:00,2026-04-09 06:36
petróleo,80165,2026-04-09 06:36:00+00:00,2026-04-09 06:36
luna,79308,2026-04-09 06:36:00+00:00,2026-04-09 06:36
fuego,75228,2026-04-09 06:36:00+00:00,2026-04-09 06:36
juicio,74894,2026-04-09 06:36:00+00:00,2026-04-09 06:36
aragón,74804,2026-04-09 06:36:00+00:00,2026-04-09 06:36
internacional,409070,2026-04-09 07:06:00+00:00,2026-04-09 07:06
irán,395108,2026-04-09 07:06:00+00:00,2026-04-09 07:06
guerra,301852,2026-04-09 07:06:00+00:00,2026-04-09 07:06
trump,287271,2026-04-09 07:06:00+00:00,2026-04-09 07:06
sánchez,143686,2026-04-09 07:06:00+00:00,2026-04-09 07:06
israel,142774,2026-04-09 07:06:00+00:00,2026-04-09 07:06
guerra irán,134795,2026-04-09 07:06:00+00:00,2026-04-09 07:06
málaga,110511,2026-04-09 07:06:00+00:00,2026-04-09 07:06
santa,99315,2026-04-09 07:06:00+00:00,2026-04-09 07:06
ormuz,96493,2026-04-09 07:06:00+00:00,2026-04-09 07:06
semana santa,89983,2026-04-09 07:06:00+00:00,2026-04-09 07:06
diario,89674,2026-04-09 07:06:00+00:00,2026-04-09 07:06
alto,82649,2026-04-09 07:06:00+00:00,2026-04-09 07:06
petróleo,79487,2026-04-09 07:06:00+00:00,2026-04-09 07:06
luna,78411,2026-04-09 07:06:00+00:00,2026-04-09 07:06
fuego,75353,2026-04-09 07:06:00+00:00,2026-04-09 07:06
aragón,75207,2026-04-09 07:06:00+00:00,2026-04-09 07:06
juicio,75138,2026-04-09 07:06:00+00:00,2026-04-09 07:06
internacional,408889,2026-04-09 07:37:00+00:00,2026-04-09 07:37
irán,394688,2026-04-09 07:37:00+00:00,2026-04-09 07:37
guerra,302713,2026-04-09 07:37:00+00:00,2026-04-09 07:37
trump,287288,2026-04-09 07:37:00+00:00,2026-04-09 07:37
sánchez,144034,2026-04-09 07:37:00+00:00,2026-04-09 07:37
israel,142723,2026-04-09 07:37:00+00:00,2026-04-09 07:37
guerra irán,134781,2026-04-09 07:37:00+00:00,2026-04-09 07:37
málaga,110569,2026-04-09 07:37:00+00:00,2026-04-09 07:37
santa,99223,2026-04-09 07:37:00+00:00,2026-04-09 07:37
ormuz,96821,2026-04-09 07:37:00+00:00,2026-04-09 07:37
semana santa,89889,2026-04-09 07:37:00+00:00,2026-04-09 07:37
diario,89623,2026-04-09 07:37:00+00:00,2026-04-09 07:37
alto,83414,2026-04-09 07:37:00+00:00,2026-04-09 07:37
petróleo,78968,2026-04-09 07:37:00+00:00,2026-04-09 07:37
luna,78337,2026-04-09 07:37:00+00:00,2026-04-09 07:37
fuego,76378,2026-04-09 07:37:00+00:00,2026-04-09 07:37
juicio,75431,2026-04-09 07:37:00+00:00,2026-04-09 07:37
aragón,75012,2026-04-09 07:37:00+00:00,2026-04-09 07:37
internacional,408807,2026-04-09 08:06:00+00:00,2026-04-09 08:06
irán,395739,2026-04-09 08:06:00+00:00,2026-04-09 08:06
guerra,302028,2026-04-09 08:06:00+00:00,2026-04-09 08:06
trump,287023,2026-04-09 08:06:00+00:00,2026-04-09 08:06
sánchez,144013,2026-04-09 08:06:00+00:00,2026-04-09 08:06
israel,143267,2026-04-09 08:06:00+00:00,2026-04-09 08:06
guerra irán,134512,2026-04-09 08:06:00+00:00,2026-04-09 08:06
málaga,111115,2026-04-09 08:06:00+00:00,2026-04-09 08:06
santa,99211,2026-04-09 08:06:00+00:00,2026-04-09 08:06
ormuz,97052,2026-04-09 08:06:00+00:00,2026-04-09 08:06
semana santa,89876,2026-04-09 08:06:00+00:00,2026-04-09 08:06
diario,89376,2026-04-09 08:06:00+00:00,2026-04-09 08:06
alto,84784,2026-04-09 08:06:00+00:00,2026-04-09 08:06
luna,78909,2026-04-09 08:06:00+00:00,2026-04-09 08:06
petróleo,78513,2026-04-09 08:06:00+00:00,2026-04-09 08:06
fuego,77558,2026-04-09 08:06:00+00:00,2026-04-09 08:06
aragón,75219,2026-04-09 08:06:00+00:00,2026-04-09 08:06
juicio,74960,2026-04-09 08:06:00+00:00,2026-04-09 08:06
internacional,410890,2026-04-09 08:36:00+00:00,2026-04-09 08:36
irán,395647,2026-04-09 08:36:00+00:00,2026-04-09 08:36
guerra,301584,2026-04-09 08:36:00+00:00,2026-04-09 08:36
trump,286104,2026-04-09 08:36:00+00:00,2026-04-09 08:36
sánchez,144315,2026-04-09 08:36:00+00:00,2026-04-09 08:36
israel,143391,2026-04-09 08:36:00+00:00,2026-04-09 08:36
guerra irán,134215,2026-04-09 08:36:00+00:00,2026-04-09 08:36
málaga,110784,2026-04-09 08:36:00+00:00,2026-04-09 08:36
santa,99135,2026-04-09 08:36:00+00:00,2026-04-09 08:36
ormuz,97483,2026-04-09 08:36:00+00:00,2026-04-09 08:36
semana santa,89875,2026-04-09 08:36:00+00:00,2026-04-09 08:36
diario,89539,2026-04-09 08:36:00+00:00,2026-04-09 08:36
alto,85063,2026-04-09 08:36:00+00:00,2026-04-09 08:36
luna,79133,2026-04-09 08:36:00+00:00,2026-04-09 08:36
petróleo,78323,2026-04-09 08:36:00+00:00,2026-04-09 08:36
fuego,78007,2026-04-09 08:36:00+00:00,2026-04-09 08:36
final,75080,2026-04-09 08:36:00+00:00,2026-04-09 08:36
aragón,75070,2026-04-09 08:36:00+00:00,2026-04-09 08:36
internacional,413548,2026-04-09 09:06:00+00:00,2026-04-09 09:06
irán,397206,2026-04-09 09:06:00+00:00,2026-04-09 09:06
guerra,302528,2026-04-09 09:06:00+00:00,2026-04-09 09:06
trump,285965,2026-04-09 09:06:00+00:00,2026-04-09 09:06
israel,143833,2026-04-09 09:06:00+00:00,2026-04-09 09:06
sánchez,143496,2026-04-09 09:06:00+00:00,2026-04-09 09:06
guerra irán,134918,2026-04-09 09:06:00+00:00,2026-04-09 09:06
málaga,111403,2026-04-09 09:06:00+00:00,2026-04-09 09:06
santa,99296,2026-04-09 09:06:00+00:00,2026-04-09 09:06
ormuz,97767,2026-04-09 09:06:00+00:00,2026-04-09 09:06
semana santa,90061,2026-04-09 09:06:00+00:00,2026-04-09 09:06
diario,89232,2026-04-09 09:06:00+00:00,2026-04-09 09:06
alto,84869,2026-04-09 09:06:00+00:00,2026-04-09 09:06
petróleo,79223,2026-04-09 09:06:00+00:00,2026-04-09 09:06
luna,79064,2026-04-09 09:06:00+00:00,2026-04-09 09:06
fuego,78155,2026-04-09 09:06:00+00:00,2026-04-09 09:06
ábalos,78136,2026-04-09 09:06:00+00:00,2026-04-09 09:06
aragón,75228,2026-04-09 09:06:00+00:00,2026-04-09 09:06
internacional,412930,2026-04-09 09:36:00+00:00,2026-04-09 09:36
irán,397545,2026-04-09 09:36:00+00:00,2026-04-09 09:36
guerra,302484,2026-04-09 09:36:00+00:00,2026-04-09 09:36
trump,286321,2026-04-09 09:36:00+00:00,2026-04-09 09:36
israel,144220,2026-04-09 09:36:00+00:00,2026-04-09 09:36
sánchez,143588,2026-04-09 09:36:00+00:00,2026-04-09 09:36
guerra irán,134923,2026-04-09 09:36:00+00:00,2026-04-09 09:36
málaga,111030,2026-04-09 09:36:00+00:00,2026-04-09 09:36
santa,99178,2026-04-09 09:36:00+00:00,2026-04-09 09:36
ormuz,97703,2026-04-09 09:36:00+00:00,2026-04-09 09:36
semana santa,90017,2026-04-09 09:36:00+00:00,2026-04-09 09:36
diario,89419,2026-04-09 09:36:00+00:00,2026-04-09 09:36
alto,84059,2026-04-09 09:36:00+00:00,2026-04-09 09:36
luna,79087,2026-04-09 09:36:00+00:00,2026-04-09 09:36
petróleo,78984,2026-04-09 09:36:00+00:00,2026-04-09 09:36
fuego,78081,2026-04-09 09:36:00+00:00,2026-04-09 09:36
ábalos,77749,2026-04-09 09:36:00+00:00,2026-04-09 09:36
final,75308,2026-04-09 09:36:00+00:00,2026-04-09 09:36
internacional,413193,2026-04-09 10:06:00+00:00,2026-04-09 10:06
irán,397540,2026-04-09 10:06:00+00:00,2026-04-09 10:06
guerra,302751,2026-04-09 10:06:00+00:00,2026-04-09 10:06
trump,285887,2026-04-09 10:06:00+00:00,2026-04-09 10:06
israel,145294,2026-04-09 10:06:00+00:00,2026-04-09 10:06
sánchez,143908,2026-04-09 10:06:00+00:00,2026-04-09 10:06
guerra irán,134948,2026-04-09 10:06:00+00:00,2026-04-09 10:06
málaga,110114,2026-04-09 10:06:00+00:00,2026-04-09 10:06
santa,98826,2026-04-09 10:06:00+00:00,2026-04-09 10:06
ormuz,97712,2026-04-09 10:06:00+00:00,2026-04-09 10:06
semana santa,89761,2026-04-09 10:06:00+00:00,2026-04-09 10:06
diario,89306,2026-04-09 10:06:00+00:00,2026-04-09 10:06
alto,83962,2026-04-09 10:06:00+00:00,2026-04-09 10:06
luna,78906,2026-04-09 10:06:00+00:00,2026-04-09 10:06
petróleo,78831,2026-04-09 10:06:00+00:00,2026-04-09 10:06
fuego,78112,2026-04-09 10:06:00+00:00,2026-04-09 10:06
ábalos,77396,2026-04-09 10:06:00+00:00,2026-04-09 10:06
final,75507,2026-04-09 10:06:00+00:00,2026-04-09 10:06
internacional,412093,2026-04-09 10:37:00+00:00,2026-04-09 10:37
irán,397360,2026-04-09 10:37:00+00:00,2026-04-09 10:37
guerra,303656,2026-04-09 10:37:00+00:00,2026-04-09 10:37
trump,285192,2026-04-09 10:37:00+00:00,2026-04-09 10:37
israel,145711,2026-04-09 10:37:00+00:00,2026-04-09 10:37
sánchez,144673,2026-04-09 10:37:00+00:00,2026-04-09 10:37
guerra irán,134801,2026-04-09 10:37:00+00:00,2026-04-09 10:37
málaga,109954,2026-04-09 10:37:00+00:00,2026-04-09 10:37
santa,98512,2026-04-09 10:37:00+00:00,2026-04-09 10:37
ormuz,97928,2026-04-09 10:37:00+00:00,2026-04-09 10:37
semana santa,89506,2026-04-09 10:37:00+00:00,2026-04-09 10:37
diario,89074,2026-04-09 10:37:00+00:00,2026-04-09 10:37
alto,85147,2026-04-09 10:37:00+00:00,2026-04-09 10:37
fuego,78877,2026-04-09 10:37:00+00:00,2026-04-09 10:37
petróleo,78711,2026-04-09 10:37:00+00:00,2026-04-09 10:37
luna,77922,2026-04-09 10:37:00+00:00,2026-04-09 10:37
ábalos,77028,2026-04-09 10:37:00+00:00,2026-04-09 10:37
final,75467,2026-04-09 10:37:00+00:00,2026-04-09 10:37
internacional,412604,2026-04-09 11:07:00+00:00,2026-04-09 11:07
irán,397983,2026-04-09 11:07:00+00:00,2026-04-09 11:07
guerra,304814,2026-04-09 11:07:00+00:00,2026-04-09 11:07
trump,286326,2026-04-09 11:07:00+00:00,2026-04-09 11:07
sánchez,145784,2026-04-09 11:07:00+00:00,2026-04-09 11:07
israel,145404,2026-04-09 11:07:00+00:00,2026-04-09 11:07
guerra irán,135234,2026-04-09 11:07:00+00:00,2026-04-09 11:07
málaga,109729,2026-04-09 11:07:00+00:00,2026-04-09 11:07
santa,98227,2026-04-09 11:07:00+00:00,2026-04-09 11:07
ormuz,98187,2026-04-09 11:07:00+00:00,2026-04-09 11:07
diario,89257,2026-04-09 11:07:00+00:00,2026-04-09 11:07
semana santa,89241,2026-04-09 11:07:00+00:00,2026-04-09 11:07
alto,85301,2026-04-09 11:07:00+00:00,2026-04-09 11:07
petróleo,79015,2026-04-09 11:07:00+00:00,2026-04-09 11:07
fuego,78913,2026-04-09 11:07:00+00:00,2026-04-09 11:07
ábalos,77988,2026-04-09 11:07:00+00:00,2026-04-09 11:07
luna,77940,2026-04-09 11:07:00+00:00,2026-04-09 11:07
aragón,74769,2026-04-09 11:07:00+00:00,2026-04-09 11:07
internacional,412594,2026-04-09 11:37:00+00:00,2026-04-09 11:37
irán,398425,2026-04-09 11:37:00+00:00,2026-04-09 11:37
guerra,304471,2026-04-09 11:37:00+00:00,2026-04-09 11:37
trump,286307,2026-04-09 11:37:00+00:00,2026-04-09 11:37
sánchez,146453,2026-04-09 11:37:00+00:00,2026-04-09 11:37
israel,145022,2026-04-09 11:37:00+00:00,2026-04-09 11:37
guerra irán,135351,2026-04-09 11:37:00+00:00,2026-04-09 11:37
málaga,109377,2026-04-09 11:37:00+00:00,2026-04-09 11:37
ormuz,98428,2026-04-09 11:37:00+00:00,2026-04-09 11:37
santa,98326,2026-04-09 11:37:00+00:00,2026-04-09 11:37
diario,89226,2026-04-09 11:37:00+00:00,2026-04-09 11:37
semana santa,89204,2026-04-09 11:37:00+00:00,2026-04-09 11:37
alto,85284,2026-04-09 11:37:00+00:00,2026-04-09 11:37
petróleo,79700,2026-04-09 11:37:00+00:00,2026-04-09 11:37
fuego,79011,2026-04-09 11:37:00+00:00,2026-04-09 11:37
ábalos,77927,2026-04-09 11:37:00+00:00,2026-04-09 11:37
luna,77779,2026-04-09 11:37:00+00:00,2026-04-09 11:37
aragón,74659,2026-04-09 11:37:00+00:00,2026-04-09 11:37
internacional,407397,2026-04-09 12:07:00+00:00,2026-04-09 12:07
irán,397954,2026-04-09 12:07:00+00:00,2026-04-09 12:07
guerra,304271,2026-04-09 12:07:00+00:00,2026-04-09 12:07
trump,285733,2026-04-09 12:07:00+00:00,2026-04-09 12:07
sánchez,146971,2026-04-09 12:07:00+00:00,2026-04-09 12:07
israel,145172,2026-04-09 12:07:00+00:00,2026-04-09 12:07
guerra irán,135190,2026-04-09 12:07:00+00:00,2026-04-09 12:07
málaga,108585,2026-04-09 12:07:00+00:00,2026-04-09 12:07
ormuz,98117,2026-04-09 12:07:00+00:00,2026-04-09 12:07
santa,97898,2026-04-09 12:07:00+00:00,2026-04-09 12:07
diario,88868,2026-04-09 12:07:00+00:00,2026-04-09 12:07
semana santa,88834,2026-04-09 12:07:00+00:00,2026-04-09 12:07
alto,85298,2026-04-09 12:07:00+00:00,2026-04-09 12:07
petróleo,79844,2026-04-09 12:07:00+00:00,2026-04-09 12:07
fuego,79018,2026-04-09 12:07:00+00:00,2026-04-09 12:07
ábalos,77701,2026-04-09 12:07:00+00:00,2026-04-09 12:07
luna,77345,2026-04-09 12:07:00+00:00,2026-04-09 12:07
aragón,75376,2026-04-09 12:07:00+00:00,2026-04-09 12:07
internacional,408470,2026-04-09 12:36:00+00:00,2026-04-09 12:36
irán,397347,2026-04-09 12:36:00+00:00,2026-04-09 12:36
guerra,304643,2026-04-09 12:36:00+00:00,2026-04-09 12:36
trump,284721,2026-04-09 12:36:00+00:00,2026-04-09 12:36
sánchez,147502,2026-04-09 12:36:00+00:00,2026-04-09 12:36
israel,145243,2026-04-09 12:36:00+00:00,2026-04-09 12:36
guerra irán,135605,2026-04-09 12:36:00+00:00,2026-04-09 12:36
málaga,108243,2026-04-09 12:36:00+00:00,2026-04-09 12:36
ormuz,98026,2026-04-09 12:36:00+00:00,2026-04-09 12:36
santa,97826,2026-04-09 12:36:00+00:00,2026-04-09 12:36
diario,89385,2026-04-09 12:36:00+00:00,2026-04-09 12:36
semana santa,88682,2026-04-09 12:36:00+00:00,2026-04-09 12:36
alto,85849,2026-04-09 12:36:00+00:00,2026-04-09 12:36
petróleo,79851,2026-04-09 12:36:00+00:00,2026-04-09 12:36
fuego,79606,2026-04-09 12:36:00+00:00,2026-04-09 12:36
luna,77551,2026-04-09 12:36:00+00:00,2026-04-09 12:36
ábalos,77160,2026-04-09 12:36:00+00:00,2026-04-09 12:36
aragón,75169,2026-04-09 12:36:00+00:00,2026-04-09 12:36
internacional,408606,2026-04-09 13:06:00+00:00,2026-04-09 13:06
irán,397827,2026-04-09 13:06:00+00:00,2026-04-09 13:06
guerra,305553,2026-04-09 13:06:00+00:00,2026-04-09 13:06
trump,283885,2026-04-09 13:06:00+00:00,2026-04-09 13:06
sánchez,147595,2026-04-09 13:06:00+00:00,2026-04-09 13:06
israel,145807,2026-04-09 13:06:00+00:00,2026-04-09 13:06
guerra irán,136033,2026-04-09 13:06:00+00:00,2026-04-09 13:06
málaga,107942,2026-04-09 13:06:00+00:00,2026-04-09 13:06
ormuz,98449,2026-04-09 13:06:00+00:00,2026-04-09 13:06
santa,97845,2026-04-09 13:06:00+00:00,2026-04-09 13:06
diario,89393,2026-04-09 13:06:00+00:00,2026-04-09 13:06
semana santa,88792,2026-04-09 13:06:00+00:00,2026-04-09 13:06
alto,86260,2026-04-09 13:06:00+00:00,2026-04-09 13:06
fuego,80224,2026-04-09 13:06:00+00:00,2026-04-09 13:06
petróleo,79858,2026-04-09 13:06:00+00:00,2026-04-09 13:06
ábalos,77542,2026-04-09 13:06:00+00:00,2026-04-09 13:06
luna,77062,2026-04-09 13:06:00+00:00,2026-04-09 13:06
aragón,75173,2026-04-09 13:06:00+00:00,2026-04-09 13:06
internacional,408292,2026-04-09 13:37:00+00:00,2026-04-09 13:37
irán,397802,2026-04-09 13:37:00+00:00,2026-04-09 13:37
guerra,305679,2026-04-09 13:37:00+00:00,2026-04-09 13:37
trump,283743,2026-04-09 13:37:00+00:00,2026-04-09 13:37
sánchez,147478,2026-04-09 13:37:00+00:00,2026-04-09 13:37
israel,145735,2026-04-09 13:37:00+00:00,2026-04-09 13:37
guerra irán,136038,2026-04-09 13:37:00+00:00,2026-04-09 13:37
málaga,108184,2026-04-09 13:37:00+00:00,2026-04-09 13:37
ormuz,99199,2026-04-09 13:37:00+00:00,2026-04-09 13:37
santa,98036,2026-04-09 13:37:00+00:00,2026-04-09 13:37
diario,89307,2026-04-09 13:37:00+00:00,2026-04-09 13:37
semana santa,88985,2026-04-09 13:37:00+00:00,2026-04-09 13:37
alto,86266,2026-04-09 13:37:00+00:00,2026-04-09 13:37
fuego,80313,2026-04-09 13:37:00+00:00,2026-04-09 13:37
petróleo,79600,2026-04-09 13:37:00+00:00,2026-04-09 13:37
ábalos,77865,2026-04-09 13:37:00+00:00,2026-04-09 13:37
luna,76186,2026-04-09 13:37:00+00:00,2026-04-09 13:37
aragón,75827,2026-04-09 13:37:00+00:00,2026-04-09 13:37
internacional,408885,2026-04-09 14:06:00+00:00,2026-04-09 14:06
irán,398525,2026-04-09 14:06:00+00:00,2026-04-09 14:06
guerra,306006,2026-04-09 14:06:00+00:00,2026-04-09 14:06
trump,283201,2026-04-09 14:06:00+00:00,2026-04-09 14:06
sánchez,147369,2026-04-09 14:06:00+00:00,2026-04-09 14:06
israel,145903,2026-04-09 14:06:00+00:00,2026-04-09 14:06
guerra irán,136334,2026-04-09 14:06:00+00:00,2026-04-09 14:06
málaga,107834,2026-04-09 14:06:00+00:00,2026-04-09 14:06
ormuz,99849,2026-04-09 14:06:00+00:00,2026-04-09 14:06
santa,98158,2026-04-09 14:06:00+00:00,2026-04-09 14:06
diario,89275,2026-04-09 14:06:00+00:00,2026-04-09 14:06
semana santa,88715,2026-04-09 14:06:00+00:00,2026-04-09 14:06
alto,86663,2026-04-09 14:06:00+00:00,2026-04-09 14:06
fuego,80713,2026-04-09 14:06:00+00:00,2026-04-09 14:06
petróleo,79665,2026-04-09 14:06:00+00:00,2026-04-09 14:06
ábalos,77792,2026-04-09 14:06:00+00:00,2026-04-09 14:06
aragón,76226,2026-04-09 14:06:00+00:00,2026-04-09 14:06
luna,75658,2026-04-09 14:06:00+00:00,2026-04-09 14:06
internacional,409060,2026-04-09 14:36:00+00:00,2026-04-09 14:36
irán,399336,2026-04-09 14:36:00+00:00,2026-04-09 14:36
guerra,306006,2026-04-09 14:36:00+00:00,2026-04-09 14:36
trump,283205,2026-04-09 14:36:00+00:00,2026-04-09 14:36
sánchez,147683,2026-04-09 14:36:00+00:00,2026-04-09 14:36
israel,146831,2026-04-09 14:36:00+00:00,2026-04-09 14:36
guerra irán,136580,2026-04-09 14:36:00+00:00,2026-04-09 14:36
málaga,107656,2026-04-09 14:36:00+00:00,2026-04-09 14:36
ormuz,100410,2026-04-09 14:36:00+00:00,2026-04-09 14:36
santa,98314,2026-04-09 14:36:00+00:00,2026-04-09 14:36
diario,89282,2026-04-09 14:36:00+00:00,2026-04-09 14:36
semana santa,88872,2026-04-09 14:36:00+00:00,2026-04-09 14:36
alto,87347,2026-04-09 14:36:00+00:00,2026-04-09 14:36
fuego,81181,2026-04-09 14:36:00+00:00,2026-04-09 14:36
petróleo,79476,2026-04-09 14:36:00+00:00,2026-04-09 14:36
ábalos,77823,2026-04-09 14:36:00+00:00,2026-04-09 14:36
aragón,76231,2026-04-09 14:36:00+00:00,2026-04-09 14:36
luna,75451,2026-04-09 14:36:00+00:00,2026-04-09 14:36
internacional,408285,2026-04-09 15:06:00+00:00,2026-04-09 15:06
irán,399204,2026-04-09 15:06:00+00:00,2026-04-09 15:06
guerra,306270,2026-04-09 15:06:00+00:00,2026-04-09 15:06
trump,282109,2026-04-09 15:06:00+00:00,2026-04-09 15:06
sánchez,148163,2026-04-09 15:06:00+00:00,2026-04-09 15:06
israel,146707,2026-04-09 15:06:00+00:00,2026-04-09 15:06
guerra irán,136929,2026-04-09 15:06:00+00:00,2026-04-09 15:06
málaga,107349,2026-04-09 15:06:00+00:00,2026-04-09 15:06
ormuz,100330,2026-04-09 15:06:00+00:00,2026-04-09 15:06
santa,98439,2026-04-09 15:06:00+00:00,2026-04-09 15:06
diario,89162,2026-04-09 15:06:00+00:00,2026-04-09 15:06
semana santa,88800,2026-04-09 15:06:00+00:00,2026-04-09 15:06
alto,87413,2026-04-09 15:06:00+00:00,2026-04-09 15:06
fuego,81299,2026-04-09 15:06:00+00:00,2026-04-09 15:06
petróleo,78792,2026-04-09 15:06:00+00:00,2026-04-09 15:06
aragón,76908,2026-04-09 15:06:00+00:00,2026-04-09 15:06
ábalos,76731,2026-04-09 15:06:00+00:00,2026-04-09 15:06
luna,75354,2026-04-09 15:06:00+00:00,2026-04-09 15:06
internacional,408044,2026-04-09 15:36:00+00:00,2026-04-09 15:36
irán,399762,2026-04-09 15:36:00+00:00,2026-04-09 15:36
guerra,306571,2026-04-09 15:36:00+00:00,2026-04-09 15:36
trump,281710,2026-04-09 15:36:00+00:00,2026-04-09 15:36
sánchez,148365,2026-04-09 15:36:00+00:00,2026-04-09 15:36
israel,146962,2026-04-09 15:36:00+00:00,2026-04-09 15:36
guerra irán,137357,2026-04-09 15:36:00+00:00,2026-04-09 15:36
málaga,107411,2026-04-09 15:36:00+00:00,2026-04-09 15:36
ormuz,100468,2026-04-09 15:36:00+00:00,2026-04-09 15:36
santa,98235,2026-04-09 15:36:00+00:00,2026-04-09 15:36
diario,89061,2026-04-09 15:36:00+00:00,2026-04-09 15:36
semana santa,88591,2026-04-09 15:36:00+00:00,2026-04-09 15:36
alto,87714,2026-04-09 15:36:00+00:00,2026-04-09 15:36
fuego,81622,2026-04-09 15:36:00+00:00,2026-04-09 15:36
petróleo,79326,2026-04-09 15:36:00+00:00,2026-04-09 15:36
aragón,77299,2026-04-09 15:36:00+00:00,2026-04-09 15:36
ábalos,76308,2026-04-09 15:36:00+00:00,2026-04-09 15:36
luna,75469,2026-04-09 15:36:00+00:00,2026-04-09 15:36
internacional,408179,2026-04-09 16:06:00+00:00,2026-04-09 16:06
irán,400136,2026-04-09 16:06:00+00:00,2026-04-09 16:06
guerra,307957,2026-04-09 16:06:00+00:00,2026-04-09 16:06
trump,281621,2026-04-09 16:06:00+00:00,2026-04-09 16:06
sánchez,147938,2026-04-09 16:06:00+00:00,2026-04-09 16:06
israel,147640,2026-04-09 16:06:00+00:00,2026-04-09 16:06
guerra irán,137942,2026-04-09 16:06:00+00:00,2026-04-09 16:06
málaga,107310,2026-04-09 16:06:00+00:00,2026-04-09 16:06
ormuz,100477,2026-04-09 16:06:00+00:00,2026-04-09 16:06
santa,98384,2026-04-09 16:06:00+00:00,2026-04-09 16:06
diario,89205,2026-04-09 16:06:00+00:00,2026-04-09 16:06
semana santa,88224,2026-04-09 16:06:00+00:00,2026-04-09 16:06
alto,87462,2026-04-09 16:06:00+00:00,2026-04-09 16:06
fuego,81843,2026-04-09 16:06:00+00:00,2026-04-09 16:06
petróleo,79065,2026-04-09 16:06:00+00:00,2026-04-09 16:06
aragón,77364,2026-04-09 16:06:00+00:00,2026-04-09 16:06
ábalos,75375,2026-04-09 16:06:00+00:00,2026-04-09 16:06
internacional,408262,2026-04-09 16:36:00+00:00,2026-04-09 16:36
irán,399772,2026-04-09 16:36:00+00:00,2026-04-09 16:36
guerra,307774,2026-04-09 16:36:00+00:00,2026-04-09 16:36
trump,281080,2026-04-09 16:36:00+00:00,2026-04-09 16:36
sánchez,148736,2026-04-09 16:36:00+00:00,2026-04-09 16:36
israel,148096,2026-04-09 16:36:00+00:00,2026-04-09 16:36
guerra irán,137653,2026-04-09 16:36:00+00:00,2026-04-09 16:36
málaga,107344,2026-04-09 16:36:00+00:00,2026-04-09 16:36
ormuz,100360,2026-04-09 16:36:00+00:00,2026-04-09 16:36
santa,98263,2026-04-09 16:36:00+00:00,2026-04-09 16:36
diario,89117,2026-04-09 16:36:00+00:00,2026-04-09 16:36
semana santa,88100,2026-04-09 16:36:00+00:00,2026-04-09 16:36
alto,87548,2026-04-09 16:36:00+00:00,2026-04-09 16:36
fuego,82050,2026-04-09 16:36:00+00:00,2026-04-09 16:36
petróleo,79014,2026-04-09 16:36:00+00:00,2026-04-09 16:36
aragón,77596,2026-04-09 16:36:00+00:00,2026-04-09 16:36
mundial,74776,2026-04-09 16:36:00+00:00,2026-04-09 16:36
internacional,408176,2026-04-09 17:07:00+00:00,2026-04-09 17:07
irán,396549,2026-04-09 17:07:00+00:00,2026-04-09 17:07
guerra,307958,2026-04-09 17:07:00+00:00,2026-04-09 17:07
trump,279650,2026-04-09 17:07:00+00:00,2026-04-09 17:07
sánchez,149189,2026-04-09 17:07:00+00:00,2026-04-09 17:07
israel,148139,2026-04-09 17:07:00+00:00,2026-04-09 17:07
guerra irán,137561,2026-04-09 17:07:00+00:00,2026-04-09 17:07
málaga,107217,2026-04-09 17:07:00+00:00,2026-04-09 17:07
ormuz,99946,2026-04-09 17:07:00+00:00,2026-04-09 17:07
santa,98224,2026-04-09 17:07:00+00:00,2026-04-09 17:07
diario,88620,2026-04-09 17:07:00+00:00,2026-04-09 17:07
semana santa,88061,2026-04-09 17:07:00+00:00,2026-04-09 17:07
alto,81008,2026-04-09 17:07:00+00:00,2026-04-09 17:07
petróleo,78719,2026-04-09 17:07:00+00:00,2026-04-09 17:07
aragón,78016,2026-04-09 17:07:00+00:00,2026-04-09 17:07
final,75747,2026-04-09 17:07:00+00:00,2026-04-09 17:07
fuego,75527,2026-04-09 17:07:00+00:00,2026-04-09 17:07
internacional,408768,2026-04-09 17:37:00+00:00,2026-04-09 17:37
irán,396195,2026-04-09 17:37:00+00:00,2026-04-09 17:37
guerra,308155,2026-04-09 17:37:00+00:00,2026-04-09 17:37
trump,276566,2026-04-09 17:37:00+00:00,2026-04-09 17:37
sánchez,148492,2026-04-09 17:37:00+00:00,2026-04-09 17:37
israel,147905,2026-04-09 17:37:00+00:00,2026-04-09 17:37
guerra irán,137518,2026-04-09 17:37:00+00:00,2026-04-09 17:37
málaga,107384,2026-04-09 17:37:00+00:00,2026-04-09 17:37
ormuz,99041,2026-04-09 17:37:00+00:00,2026-04-09 17:37
santa,98186,2026-04-09 17:37:00+00:00,2026-04-09 17:37
diario,88582,2026-04-09 17:37:00+00:00,2026-04-09 17:37
semana santa,88022,2026-04-09 17:37:00+00:00,2026-04-09 17:37
alto,81169,2026-04-09 17:37:00+00:00,2026-04-09 17:37
petróleo,78771,2026-04-09 17:37:00+00:00,2026-04-09 17:37
aragón,78079,2026-04-09 17:37:00+00:00,2026-04-09 17:37
final,76664,2026-04-09 17:37:00+00:00,2026-04-09 17:37
fuego,76009,2026-04-09 17:37:00+00:00,2026-04-09 17:37
internacional,406668,2026-04-09 18:07:00+00:00,2026-04-09 18:07
irán,395399,2026-04-09 18:07:00+00:00,2026-04-09 18:07
guerra,307997,2026-04-09 18:07:00+00:00,2026-04-09 18:07
trump,276404,2026-04-09 18:07:00+00:00,2026-04-09 18:07
sánchez,148821,2026-04-09 18:07:00+00:00,2026-04-09 18:07
israel,148266,2026-04-09 18:07:00+00:00,2026-04-09 18:07
guerra irán,137230,2026-04-09 18:07:00+00:00,2026-04-09 18:07
málaga,107599,2026-04-09 18:07:00+00:00,2026-04-09 18:07
ormuz,98648,2026-04-09 18:07:00+00:00,2026-04-09 18:07
santa,98194,2026-04-09 18:07:00+00:00,2026-04-09 18:07
diario,89005,2026-04-09 18:07:00+00:00,2026-04-09 18:07
semana santa,87826,2026-04-09 18:07:00+00:00,2026-04-09 18:07
alto,81483,2026-04-09 18:07:00+00:00,2026-04-09 18:07
petróleo,78775,2026-04-09 18:07:00+00:00,2026-04-09 18:07
aragón,78081,2026-04-09 18:07:00+00:00,2026-04-09 18:07
final,76467,2026-04-09 18:07:00+00:00,2026-04-09 18:07
fuego,76157,2026-04-09 18:07:00+00:00,2026-04-09 18:07
internacional,406613,2026-04-09 18:36:00+00:00,2026-04-09 18:36
irán,396401,2026-04-09 18:36:00+00:00,2026-04-09 18:36
guerra,309940,2026-04-09 18:36:00+00:00,2026-04-09 18:36
trump,277115,2026-04-09 18:36:00+00:00,2026-04-09 18:36
israel,149959,2026-04-09 18:36:00+00:00,2026-04-09 18:36
sánchez,149479,2026-04-09 18:36:00+00:00,2026-04-09 18:36
guerra irán,137563,2026-04-09 18:36:00+00:00,2026-04-09 18:36
málaga,107791,2026-04-09 18:36:00+00:00,2026-04-09 18:36
ormuz,98729,2026-04-09 18:36:00+00:00,2026-04-09 18:36
santa,98184,2026-04-09 18:36:00+00:00,2026-04-09 18:36
diario,89411,2026-04-09 18:36:00+00:00,2026-04-09 18:36
semana santa,87916,2026-04-09 18:36:00+00:00,2026-04-09 18:36
alto,81818,2026-04-09 18:36:00+00:00,2026-04-09 18:36
líbano,79624,2026-04-09 18:36:00+00:00,2026-04-09 18:36
petróleo,78727,2026-04-09 18:36:00+00:00,2026-04-09 18:36
aragón,78150,2026-04-09 18:36:00+00:00,2026-04-09 18:36
fuego,76509,2026-04-09 18:36:00+00:00,2026-04-09 18:36
internacional,406784,2026-04-09 19:07:00+00:00,2026-04-09 19:07
irán,395586,2026-04-09 19:07:00+00:00,2026-04-09 19:07
guerra,310323,2026-04-09 19:07:00+00:00,2026-04-09 19:07
trump,277220,2026-04-09 19:07:00+00:00,2026-04-09 19:07
sánchez,149868,2026-04-09 19:07:00+00:00,2026-04-09 19:07
israel,149099,2026-04-09 19:07:00+00:00,2026-04-09 19:07
guerra irán,137294,2026-04-09 19:07:00+00:00,2026-04-09 19:07
málaga,107102,2026-04-09 19:07:00+00:00,2026-04-09 19:07
ormuz,98531,2026-04-09 19:07:00+00:00,2026-04-09 19:07
santa,98047,2026-04-09 19:07:00+00:00,2026-04-09 19:07
diario,88424,2026-04-09 19:07:00+00:00,2026-04-09 19:07
semana santa,87777,2026-04-09 19:07:00+00:00,2026-04-09 19:07
alto,81936,2026-04-09 19:07:00+00:00,2026-04-09 19:07
petróleo,78531,2026-04-09 19:07:00+00:00,2026-04-09 19:07
aragón,77959,2026-04-09 19:07:00+00:00,2026-04-09 19:07
líbano,77363,2026-04-09 19:07:00+00:00,2026-04-09 19:07
final,76756,2026-04-09 19:07:00+00:00,2026-04-09 19:07
fuego,76554,2026-04-09 19:07:00+00:00,2026-04-09 19:07
internacional,406979,2026-04-09 19:36:00+00:00,2026-04-09 19:36
irán,395829,2026-04-09 19:36:00+00:00,2026-04-09 19:36
guerra,310720,2026-04-09 19:36:00+00:00,2026-04-09 19:36
trump,278337,2026-04-09 19:36:00+00:00,2026-04-09 19:36
sánchez,150152,2026-04-09 19:36:00+00:00,2026-04-09 19:36
israel,149622,2026-04-09 19:36:00+00:00,2026-04-09 19:36
guerra irán,137543,2026-04-09 19:36:00+00:00,2026-04-09 19:36
málaga,107132,2026-04-09 19:36:00+00:00,2026-04-09 19:36
ormuz,98554,2026-04-09 19:36:00+00:00,2026-04-09 19:36
santa,97667,2026-04-09 19:36:00+00:00,2026-04-09 19:36
diario,88172,2026-04-09 19:36:00+00:00,2026-04-09 19:36
semana santa,87593,2026-04-09 19:36:00+00:00,2026-04-09 19:36
alto,82243,2026-04-09 19:36:00+00:00,2026-04-09 19:36
petróleo,78441,2026-04-09 19:36:00+00:00,2026-04-09 19:36
líbano,78043,2026-04-09 19:36:00+00:00,2026-04-09 19:36
aragón,77968,2026-04-09 19:36:00+00:00,2026-04-09 19:36
fuego,76761,2026-04-09 19:36:00+00:00,2026-04-09 19:36
internacional,406905,2026-04-09 20:06:00+00:00,2026-04-09 20:06
irán,395108,2026-04-09 20:06:00+00:00,2026-04-09 20:06
guerra,310109,2026-04-09 20:06:00+00:00,2026-04-09 20:06
trump,278395,2026-04-09 20:06:00+00:00,2026-04-09 20:06
sánchez,150118,2026-04-09 20:06:00+00:00,2026-04-09 20:06
israel,149602,2026-04-09 20:06:00+00:00,2026-04-09 20:06
guerra irán,137487,2026-04-09 20:06:00+00:00,2026-04-09 20:06
málaga,108394,2026-04-09 20:06:00+00:00,2026-04-09 20:06
ormuz,98885,2026-04-09 20:06:00+00:00,2026-04-09 20:06
santa,97515,2026-04-09 20:06:00+00:00,2026-04-09 20:06
diario,88111,2026-04-09 20:06:00+00:00,2026-04-09 20:06
semana santa,87487,2026-04-09 20:06:00+00:00,2026-04-09 20:06
alto,82448,2026-04-09 20:06:00+00:00,2026-04-09 20:06
petróleo,78297,2026-04-09 20:06:00+00:00,2026-04-09 20:06
líbano,78077,2026-04-09 20:06:00+00:00,2026-04-09 20:06
aragón,77971,2026-04-09 20:06:00+00:00,2026-04-09 20:06
fuego,77168,2026-04-09 20:06:00+00:00,2026-04-09 20:06
internacional,406791,2026-04-09 20:36:00+00:00,2026-04-09 20:36
irán,394641,2026-04-09 20:36:00+00:00,2026-04-09 20:36
guerra,310069,2026-04-09 20:36:00+00:00,2026-04-09 20:36
trump,278013,2026-04-09 20:36:00+00:00,2026-04-09 20:36
sánchez,150218,2026-04-09 20:36:00+00:00,2026-04-09 20:36
israel,150017,2026-04-09 20:36:00+00:00,2026-04-09 20:36
guerra irán,137553,2026-04-09 20:36:00+00:00,2026-04-09 20:36
málaga,108053,2026-04-09 20:36:00+00:00,2026-04-09 20:36
ormuz,98727,2026-04-09 20:36:00+00:00,2026-04-09 20:36
santa,97517,2026-04-09 20:36:00+00:00,2026-04-09 20:36
diario,88377,2026-04-09 20:36:00+00:00,2026-04-09 20:36
semana santa,87488,2026-04-09 20:36:00+00:00,2026-04-09 20:36
alto,82880,2026-04-09 20:36:00+00:00,2026-04-09 20:36
líbano,78961,2026-04-09 20:36:00+00:00,2026-04-09 20:36
petróleo,78301,2026-04-09 20:36:00+00:00,2026-04-09 20:36
aragón,77972,2026-04-09 20:36:00+00:00,2026-04-09 20:36
fuego,77787,2026-04-09 20:36:00+00:00,2026-04-09 20:36
internacional,406982,2026-04-09 21:06:00+00:00,2026-04-09 21:06
irán,394648,2026-04-09 21:06:00+00:00,2026-04-09 21:06
guerra,309682,2026-04-09 21:06:00+00:00,2026-04-09 21:06
trump,278167,2026-04-09 21:06:00+00:00,2026-04-09 21:06
sánchez,150177,2026-04-09 21:06:00+00:00,2026-04-09 21:06
israel,149870,2026-04-09 21:06:00+00:00,2026-04-09 21:06
guerra irán,137716,2026-04-09 21:06:00+00:00,2026-04-09 21:06
málaga,108177,2026-04-09 21:06:00+00:00,2026-04-09 21:06
ormuz,99018,2026-04-09 21:06:00+00:00,2026-04-09 21:06
santa,97519,2026-04-09 21:06:00+00:00,2026-04-09 21:06
diario,88385,2026-04-09 21:06:00+00:00,2026-04-09 21:06
semana santa,87490,2026-04-09 21:06:00+00:00,2026-04-09 21:06
alto,83368,2026-04-09 21:06:00+00:00,2026-04-09 21:06
líbano,79296,2026-04-09 21:06:00+00:00,2026-04-09 21:06
fuego,78278,2026-04-09 21:06:00+00:00,2026-04-09 21:06
petróleo,78245,2026-04-09 21:06:00+00:00,2026-04-09 21:06
aragón,77974,2026-04-09 21:06:00+00:00,2026-04-09 21:06
internacional,407279,2026-04-09 21:36:00+00:00,2026-04-09 21:36
irán,394795,2026-04-09 21:36:00+00:00,2026-04-09 21:36
guerra,309856,2026-04-09 21:36:00+00:00,2026-04-09 21:36
trump,278531,2026-04-09 21:36:00+00:00,2026-04-09 21:36
sánchez,150431,2026-04-09 21:36:00+00:00,2026-04-09 21:36
israel,149888,2026-04-09 21:36:00+00:00,2026-04-09 21:36
guerra irán,137831,2026-04-09 21:36:00+00:00,2026-04-09 21:36
málaga,107780,2026-04-09 21:36:00+00:00,2026-04-09 21:36
ormuz,99243,2026-04-09 21:36:00+00:00,2026-04-09 21:36
santa,97522,2026-04-09 21:36:00+00:00,2026-04-09 21:36
diario,88846,2026-04-09 21:36:00+00:00,2026-04-09 21:36
semana santa,87493,2026-04-09 21:36:00+00:00,2026-04-09 21:36
alto,83374,2026-04-09 21:36:00+00:00,2026-04-09 21:36
líbano,79301,2026-04-09 21:36:00+00:00,2026-04-09 21:36
fuego,78466,2026-04-09 21:36:00+00:00,2026-04-09 21:36
petróleo,78249,2026-04-09 21:36:00+00:00,2026-04-09 21:36
aragón,77976,2026-04-09 21:36:00+00:00,2026-04-09 21:36
internacional,406879,2026-04-09 22:07:00+00:00,2026-04-09 22:07
irán,394810,2026-04-09 22:07:00+00:00,2026-04-09 22:07
guerra,309930,2026-04-09 22:07:00+00:00,2026-04-09 22:07
trump,278728,2026-04-09 22:07:00+00:00,2026-04-09 22:07
sánchez,150288,2026-04-09 22:07:00+00:00,2026-04-09 22:07
israel,149874,2026-04-09 22:07:00+00:00,2026-04-09 22:07
guerra irán,137991,2026-04-09 22:07:00+00:00,2026-04-09 22:07
málaga,108515,2026-04-09 22:07:00+00:00,2026-04-09 22:07
ormuz,99263,2026-04-09 22:07:00+00:00,2026-04-09 22:07
santa,97525,2026-04-09 22:07:00+00:00,2026-04-09 22:07
diario,88851,2026-04-09 22:07:00+00:00,2026-04-09 22:07
semana santa,87496,2026-04-09 22:07:00+00:00,2026-04-09 22:07
alto,83325,2026-04-09 22:07:00+00:00,2026-04-09 22:07
líbano,79304,2026-04-09 22:07:00+00:00,2026-04-09 22:07
fuego,78564,2026-04-09 22:07:00+00:00,2026-04-09 22:07
petróleo,78252,2026-04-09 22:07:00+00:00,2026-04-09 22:07
aragón,77977,2026-04-09 22:07:00+00:00,2026-04-09 22:07
internacional,407444,2026-04-09 22:36:00+00:00,2026-04-09 22:36
irán,395275,2026-04-09 22:36:00+00:00,2026-04-09 22:36
guerra,310125,2026-04-09 22:36:00+00:00,2026-04-09 22:36
trump,278889,2026-04-09 22:36:00+00:00,2026-04-09 22:36
sánchez,150416,2026-04-09 22:36:00+00:00,2026-04-09 22:36
israel,149863,2026-04-09 22:36:00+00:00,2026-04-09 22:36
guerra irán,138105,2026-04-09 22:36:00+00:00,2026-04-09 22:36
málaga,108511,2026-04-09 22:36:00+00:00,2026-04-09 22:36
ormuz,99186,2026-04-09 22:36:00+00:00,2026-04-09 22:36
santa,97360,2026-04-09 22:36:00+00:00,2026-04-09 22:36
diario,88853,2026-04-09 22:36:00+00:00,2026-04-09 22:36
semana santa,87328,2026-04-09 22:36:00+00:00,2026-04-09 22:36
alto,83718,2026-04-09 22:36:00+00:00,2026-04-09 22:36
líbano,79309,2026-04-09 22:36:00+00:00,2026-04-09 22:36
fuego,78959,2026-04-09 22:36:00+00:00,2026-04-09 22:36
petróleo,78256,2026-04-09 22:36:00+00:00,2026-04-09 22:36
aragón,77924,2026-04-09 22:36:00+00:00,2026-04-09 22:36
internacional,408877,2026-04-09 23:06:00+00:00,2026-04-09 23:06
irán,393532,2026-04-09 23:06:00+00:00,2026-04-09 23:06
guerra,309863,2026-04-09 23:06:00+00:00,2026-04-09 23:06
trump,277874,2026-04-09 23:06:00+00:00,2026-04-09 23:06
sánchez,150371,2026-04-09 23:06:00+00:00,2026-04-09 23:06
israel,149905,2026-04-09 23:06:00+00:00,2026-04-09 23:06
guerra irán,137916,2026-04-09 23:06:00+00:00,2026-04-09 23:06
málaga,107782,2026-04-09 23:06:00+00:00,2026-04-09 23:06
ormuz,98322,2026-04-09 23:06:00+00:00,2026-04-09 23:06
santa,97261,2026-04-09 23:06:00+00:00,2026-04-09 23:06
diario,88996,2026-04-09 23:06:00+00:00,2026-04-09 23:06
semana santa,87226,2026-04-09 23:06:00+00:00,2026-04-09 23:06
alto,82669,2026-04-09 23:06:00+00:00,2026-04-09 23:06
líbano,79313,2026-04-09 23:06:00+00:00,2026-04-09 23:06
petróleo,78259,2026-04-09 23:06:00+00:00,2026-04-09 23:06
aragón,77926,2026-04-09 23:06:00+00:00,2026-04-09 23:06
fuego,77795,2026-04-09 23:06:00+00:00,2026-04-09 23:06
internacional,409227,2026-04-09 23:36:00+00:00,2026-04-09 23:36
irán,393167,2026-04-09 23:36:00+00:00,2026-04-09 23:36
guerra,309813,2026-04-09 23:36:00+00:00,2026-04-09 23:36
trump,277462,2026-04-09 23:36:00+00:00,2026-04-09 23:36
sánchez,150374,2026-04-09 23:36:00+00:00,2026-04-09 23:36
israel,149983,2026-04-09 23:36:00+00:00,2026-04-09 23:36
guerra irán,137855,2026-04-09 23:36:00+00:00,2026-04-09 23:36
málaga,108812,2026-04-09 23:36:00+00:00,2026-04-09 23:36
ormuz,98132,2026-04-09 23:36:00+00:00,2026-04-09 23:36
santa,97214,2026-04-09 23:36:00+00:00,2026-04-09 23:36
diario,88867,2026-04-09 23:36:00+00:00,2026-04-09 23:36
semana santa,87179,2026-04-09 23:36:00+00:00,2026-04-09 23:36
alto,82652,2026-04-09 23:36:00+00:00,2026-04-09 23:36
líbano,79640,2026-04-09 23:36:00+00:00,2026-04-09 23:36
petróleo,78262,2026-04-09 23:36:00+00:00,2026-04-09 23:36
aragón,77927,2026-04-09 23:36:00+00:00,2026-04-09 23:36
fuego,77777,2026-04-09 23:36:00+00:00,2026-04-09 23:36
español,76061,2026-04-09 23:36:00+00:00,2026-04-09 23:36
internacional,409814,2026-04-10 00:07:00+00:00,2026-04-10 00:07
irán,393065,2026-04-10 00:07:00+00:00,2026-04-10 00:07
guerra,310177,2026-04-10 00:07:00+00:00,2026-04-10 00:07
trump,278982,2026-04-10 00:07:00+00:00,2026-04-10 00:07
sánchez,150245,2026-04-10 00:07:00+00:00,2026-04-10 00:07
israel,150079,2026-04-10 00:07:00+00:00,2026-04-10 00:07
guerra irán,137865,2026-04-10 00:07:00+00:00,2026-04-10 00:07
málaga,108814,2026-04-10 00:07:00+00:00,2026-04-10 00:07
ormuz,98499,2026-04-10 00:07:00+00:00,2026-04-10 00:07
santa,97216,2026-04-10 00:07:00+00:00,2026-04-10 00:07
diario,89001,2026-04-10 00:07:00+00:00,2026-04-10 00:07
semana santa,87180,2026-04-10 00:07:00+00:00,2026-04-10 00:07
alto,82567,2026-04-10 00:07:00+00:00,2026-04-10 00:07
líbano,79911,2026-04-10 00:07:00+00:00,2026-04-10 00:07
petróleo,78200,2026-04-10 00:07:00+00:00,2026-04-10 00:07
aragón,77929,2026-04-10 00:07:00+00:00,2026-04-10 00:07
fuego,77585,2026-04-10 00:07:00+00:00,2026-04-10 00:07
final,76440,2026-04-10 00:07:00+00:00,2026-04-10 00:07
internacional,409710,2026-04-10 00:36:00+00:00,2026-04-10 00:36
irán,393235,2026-04-10 00:36:00+00:00,2026-04-10 00:36
guerra,310248,2026-04-10 00:36:00+00:00,2026-04-10 00:36
trump,279201,2026-04-10 00:36:00+00:00,2026-04-10 00:36
sánchez,150123,2026-04-10 00:36:00+00:00,2026-04-10 00:36
israel,150085,2026-04-10 00:36:00+00:00,2026-04-10 00:36
guerra irán,138065,2026-04-10 00:36:00+00:00,2026-04-10 00:36
málaga,108815,2026-04-10 00:36:00+00:00,2026-04-10 00:36
ormuz,98916,2026-04-10 00:36:00+00:00,2026-04-10 00:36
santa,97217,2026-04-10 00:36:00+00:00,2026-04-10 00:36
diario,89173,2026-04-10 00:36:00+00:00,2026-04-10 00:36
semana santa,87181,2026-04-10 00:36:00+00:00,2026-04-10 00:36
alto,82522,2026-04-10 00:36:00+00:00,2026-04-10 00:36
líbano,79914,2026-04-10 00:36:00+00:00,2026-04-10 00:36
aragón,77930,2026-04-10 00:36:00+00:00,2026-04-10 00:36
petróleo,77923,2026-04-10 00:36:00+00:00,2026-04-10 00:36
fuego,77278,2026-04-10 00:36:00+00:00,2026-04-10 00:36
final,76835,2026-04-10 00:36:00+00:00,2026-04-10 00:36
internacional,410436,2026-04-10 01:06:00+00:00,2026-04-10 01:06
irán,393146,2026-04-10 01:06:00+00:00,2026-04-10 01:06
guerra,310272,2026-04-10 01:06:00+00:00,2026-04-10 01:06
trump,279737,2026-04-10 01:06:00+00:00,2026-04-10 01:06
sánchez,150172,2026-04-10 01:06:00+00:00,2026-04-10 01:06
israel,150036,2026-04-10 01:06:00+00:00,2026-04-10 01:06
guerra irán,137975,2026-04-10 01:06:00+00:00,2026-04-10 01:06
málaga,108818,2026-04-10 01:06:00+00:00,2026-04-10 01:06
ormuz,98922,2026-04-10 01:06:00+00:00,2026-04-10 01:06
santa,97219,2026-04-10 01:06:00+00:00,2026-04-10 01:06
diario,89375,2026-04-10 01:06:00+00:00,2026-04-10 01:06
semana santa,87183,2026-04-10 01:06:00+00:00,2026-04-10 01:06
alto,82185,2026-04-10 01:06:00+00:00,2026-04-10 01:06
líbano,80011,2026-04-10 01:06:00+00:00,2026-04-10 01:06
petróleo,78081,2026-04-10 01:06:00+00:00,2026-04-10 01:06
aragón,77932,2026-04-10 01:06:00+00:00,2026-04-10 01:06
fuego,76936,2026-04-10 01:06:00+00:00,2026-04-10 01:06
final,76910,2026-04-10 01:06:00+00:00,2026-04-10 01:06
español,76476,2026-04-10 01:06:00+00:00,2026-04-10 01:06
internacional,410542,2026-04-10 01:37:00+00:00,2026-04-10 01:37
irán,392807,2026-04-10 01:37:00+00:00,2026-04-10 01:37
guerra,310240,2026-04-10 01:37:00+00:00,2026-04-10 01:37
trump,279451,2026-04-10 01:37:00+00:00,2026-04-10 01:37
sánchez,150173,2026-04-10 01:37:00+00:00,2026-04-10 01:37
israel,149996,2026-04-10 01:37:00+00:00,2026-04-10 01:37
guerra irán,137975,2026-04-10 01:37:00+00:00,2026-04-10 01:37
málaga,108818,2026-04-10 01:37:00+00:00,2026-04-10 01:37
ormuz,98811,2026-04-10 01:37:00+00:00,2026-04-10 01:37
santa,97177,2026-04-10 01:37:00+00:00,2026-04-10 01:37
diario,89376,2026-04-10 01:37:00+00:00,2026-04-10 01:37
semana santa,87140,2026-04-10 01:37:00+00:00,2026-04-10 01:37
alto,82057,2026-04-10 01:37:00+00:00,2026-04-10 01:37
líbano,79961,2026-04-10 01:37:00+00:00,2026-04-10 01:37
petróleo,78081,2026-04-10 01:37:00+00:00,2026-04-10 01:37
aragón,77932,2026-04-10 01:37:00+00:00,2026-04-10 01:37
final,76911,2026-04-10 01:37:00+00:00,2026-04-10 01:37
fuego,76806,2026-04-10 01:37:00+00:00,2026-04-10 01:37
internacional,410863,2026-04-10 02:06:00+00:00,2026-04-10 02:06
irán,392690,2026-04-10 02:06:00+00:00,2026-04-10 02:06
guerra,310409,2026-04-10 02:06:00+00:00,2026-04-10 02:06
trump,278907,2026-04-10 02:06:00+00:00,2026-04-10 02:06
sánchez,150111,2026-04-10 02:06:00+00:00,2026-04-10 02:06
israel,150094,2026-04-10 02:06:00+00:00,2026-04-10 02:06
guerra irán,138177,2026-04-10 02:06:00+00:00,2026-04-10 02:06
málaga,108818,2026-04-10 02:06:00+00:00,2026-04-10 02:06
ormuz,98753,2026-04-10 02:06:00+00:00,2026-04-10 02:06
santa,96991,2026-04-10 02:06:00+00:00,2026-04-10 02:06
diario,89286,2026-04-10 02:06:00+00:00,2026-04-10 02:06
semana santa,86952,2026-04-10 02:06:00+00:00,2026-04-10 02:06
alto,81890,2026-04-10 02:06:00+00:00,2026-04-10 02:06
líbano,80232,2026-04-10 02:06:00+00:00,2026-04-10 02:06
petróleo,78082,2026-04-10 02:06:00+00:00,2026-04-10 02:06
aragón,77933,2026-04-10 02:06:00+00:00,2026-04-10 02:06
final,76911,2026-04-10 02:06:00+00:00,2026-04-10 02:06
fuego,76638,2026-04-10 02:06:00+00:00,2026-04-10 02:06
español,76280,2026-04-10 02:06:00+00:00,2026-04-10 02:06
internacional,410881,2026-04-10 02:36:00+00:00,2026-04-10 02:36
irán,392101,2026-04-10 02:36:00+00:00,2026-04-10 02:36
guerra,310144,2026-04-10 02:36:00+00:00,2026-04-10 02:36
trump,278764,2026-04-10 02:36:00+00:00,2026-04-10 02:36
israel,150054,2026-04-10 02:36:00+00:00,2026-04-10 02:36
sánchez,149851,2026-04-10 02:36:00+00:00,2026-04-10 02:36
guerra irán,138179,2026-04-10 02:36:00+00:00,2026-04-10 02:36
málaga,108819,2026-04-10 02:36:00+00:00,2026-04-10 02:36
ormuz,98442,2026-04-10 02:36:00+00:00,2026-04-10 02:36
santa,96992,2026-04-10 02:36:00+00:00,2026-04-10 02:36
diario,89287,2026-04-10 02:36:00+00:00,2026-04-10 02:36
semana santa,86952,2026-04-10 02:36:00+00:00,2026-04-10 02:36
alto,81464,2026-04-10 02:36:00+00:00,2026-04-10 02:36
líbano,80182,2026-04-10 02:36:00+00:00,2026-04-10 02:36
petróleo,77987,2026-04-10 02:36:00+00:00,2026-04-10 02:36
aragón,77933,2026-04-10 02:36:00+00:00,2026-04-10 02:36
final,76912,2026-04-10 02:36:00+00:00,2026-04-10 02:36
español,76674,2026-04-10 02:36:00+00:00,2026-04-10 02:36
fuego,76316,2026-04-10 02:36:00+00:00,2026-04-10 02:36
internacional,410098,2026-04-10 03:07:00+00:00,2026-04-10 03:07
irán,391687,2026-04-10 03:07:00+00:00,2026-04-10 03:07
guerra,309603,2026-04-10 03:07:00+00:00,2026-04-10 03:07
trump,278173,2026-04-10 03:07:00+00:00,2026-04-10 03:07
israel,149934,2026-04-10 03:07:00+00:00,2026-04-10 03:07
sánchez,149855,2026-04-10 03:07:00+00:00,2026-04-10 03:07
guerra irán,137939,2026-04-10 03:07:00+00:00,2026-04-10 03:07
málaga,108620,2026-04-10 03:07:00+00:00,2026-04-10 03:07
ormuz,98136,2026-04-10 03:07:00+00:00,2026-04-10 03:07
santa,96593,2026-04-10 03:07:00+00:00,2026-04-10 03:07
diario,89170,2026-04-10 03:07:00+00:00,2026-04-10 03:07
semana santa,86658,2026-04-10 03:07:00+00:00,2026-04-10 03:07
alto,81124,2026-04-10 03:07:00+00:00,2026-04-10 03:07
líbano,80318,2026-04-10 03:07:00+00:00,2026-04-10 03:07
petróleo,78181,2026-04-10 03:07:00+00:00,2026-04-10 03:07
final,76613,2026-04-10 03:07:00+00:00,2026-04-10 03:07
español,76475,2026-04-10 03:07:00+00:00,2026-04-10 03:07
aragón,76441,2026-04-10 03:07:00+00:00,2026-04-10 03:07
internacional,410982,2026-04-10 03:36:00+00:00,2026-04-10 03:36
irán,390948,2026-04-10 03:36:00+00:00,2026-04-10 03:36
guerra,309144,2026-04-10 03:36:00+00:00,2026-04-10 03:36
trump,278512,2026-04-10 03:36:00+00:00,2026-04-10 03:36
israel,149867,2026-04-10 03:36:00+00:00,2026-04-10 03:36
sánchez,149783,2026-04-10 03:36:00+00:00,2026-04-10 03:36
guerra irán,137873,2026-04-10 03:36:00+00:00,2026-04-10 03:36
málaga,108486,2026-04-10 03:36:00+00:00,2026-04-10 03:36
ormuz,97686,2026-04-10 03:36:00+00:00,2026-04-10 03:36
santa,96443,2026-04-10 03:36:00+00:00,2026-04-10 03:36
diario,89841,2026-04-10 03:36:00+00:00,2026-04-10 03:36
semana santa,86504,2026-04-10 03:36:00+00:00,2026-04-10 03:36
alto,81412,2026-04-10 03:36:00+00:00,2026-04-10 03:36
líbano,80257,2026-04-10 03:36:00+00:00,2026-04-10 03:36
aragón,78782,2026-04-10 03:36:00+00:00,2026-04-10 03:36
petróleo,78107,2026-04-10 03:36:00+00:00,2026-04-10 03:36
final,76522,2026-04-10 03:36:00+00:00,2026-04-10 03:36
internacional,410563,2026-04-10 04:06:00+00:00,2026-04-10 04:06
irán,391147,2026-04-10 04:06:00+00:00,2026-04-10 04:06
guerra,308495,2026-04-10 04:06:00+00:00,2026-04-10 04:06
trump,278499,2026-04-10 04:06:00+00:00,2026-04-10 04:06
sánchez,150629,2026-04-10 04:06:00+00:00,2026-04-10 04:06
israel,149711,2026-04-10 04:06:00+00:00,2026-04-10 04:06
guerra irán,138024,2026-04-10 04:06:00+00:00,2026-04-10 04:06
málaga,108488,2026-04-10 04:06:00+00:00,2026-04-10 04:06
ormuz,97859,2026-04-10 04:06:00+00:00,2026-04-10 04:06
santa,96535,2026-04-10 04:06:00+00:00,2026-04-10 04:06
diario,89300,2026-04-10 04:06:00+00:00,2026-04-10 04:06
semana santa,86350,2026-04-10 04:06:00+00:00,2026-04-10 04:06
alto,81113,2026-04-10 04:06:00+00:00,2026-04-10 04:06
líbano,80157,2026-04-10 04:06:00+00:00,2026-04-10 04:06
aragón,78784,2026-04-10 04:06:00+00:00,2026-04-10 04:06
petróleo,78111,2026-04-10 04:06:00+00:00,2026-04-10 04:06
final,76469,2026-04-10 04:06:00+00:00,2026-04-10 04:06
fuego,76286,2026-04-10 04:06:00+00:00,2026-04-10 04:06
internacional,410852,2026-04-10 04:36:00+00:00,2026-04-10 04:36
irán,391958,2026-04-10 04:36:00+00:00,2026-04-10 04:36
guerra,310115,2026-04-10 04:36:00+00:00,2026-04-10 04:36
trump,278832,2026-04-10 04:36:00+00:00,2026-04-10 04:36
sánchez,150755,2026-04-10 04:36:00+00:00,2026-04-10 04:36
israel,150233,2026-04-10 04:36:00+00:00,2026-04-10 04:36
guerra irán,138085,2026-04-10 04:36:00+00:00,2026-04-10 04:36
málaga,108496,2026-04-10 04:36:00+00:00,2026-04-10 04:36
ormuz,98374,2026-04-10 04:36:00+00:00,2026-04-10 04:36
santa,96545,2026-04-10 04:36:00+00:00,2026-04-10 04:36
diario,89836,2026-04-10 04:36:00+00:00,2026-04-10 04:36
semana santa,86360,2026-04-10 04:36:00+00:00,2026-04-10 04:36
alto,81027,2026-04-10 04:36:00+00:00,2026-04-10 04:36
líbano,80324,2026-04-10 04:36:00+00:00,2026-04-10 04:36
aragón,79062,2026-04-10 04:36:00+00:00,2026-04-10 04:36
petróleo,78389,2026-04-10 04:36:00+00:00,2026-04-10 04:36
final,77026,2026-04-10 04:36:00+00:00,2026-04-10 04:36
fuego,76738,2026-04-10 04:36:00+00:00,2026-04-10 04:36
internacional,410722,2026-04-10 05:07:00+00:00,2026-04-10 05:07
irán,392075,2026-04-10 05:07:00+00:00,2026-04-10 05:07
guerra,310271,2026-04-10 05:07:00+00:00,2026-04-10 05:07
trump,278768,2026-04-10 05:07:00+00:00,2026-04-10 05:07
sánchez,150760,2026-04-10 05:07:00+00:00,2026-04-10 05:07
israel,150375,2026-04-10 05:07:00+00:00,2026-04-10 05:07
guerra irán,138342,2026-04-10 05:07:00+00:00,2026-04-10 05:07
málaga,108458,2026-04-10 05:07:00+00:00,2026-04-10 05:07
ormuz,98433,2026-04-10 05:07:00+00:00,2026-04-10 05:07
santa,96409,2026-04-10 05:07:00+00:00,2026-04-10 05:07
diario,89460,2026-04-10 05:07:00+00:00,2026-04-10 05:07
semana santa,86222,2026-04-10 05:07:00+00:00,2026-04-10 05:07
alto,81093,2026-04-10 05:07:00+00:00,2026-04-10 05:07
líbano,80435,2026-04-10 05:07:00+00:00,2026-04-10 05:07
aragón,79064,2026-04-10 05:07:00+00:00,2026-04-10 05:07
petróleo,78393,2026-04-10 05:07:00+00:00,2026-04-10 05:07
final,76930,2026-04-10 05:07:00+00:00,2026-04-10 05:07
fuego,76804,2026-04-10 05:07:00+00:00,2026-04-10 05:07
internacional,411285,2026-04-10 05:36:00+00:00,2026-04-10 05:36
irán,391086,2026-04-10 05:36:00+00:00,2026-04-10 05:36
guerra,310752,2026-04-10 05:36:00+00:00,2026-04-10 05:36
trump,278594,2026-04-10 05:36:00+00:00,2026-04-10 05:36
sánchez,150788,2026-04-10 05:36:00+00:00,2026-04-10 05:36
israel,150101,2026-04-10 05:36:00+00:00,2026-04-10 05:36
guerra irán,138538,2026-04-10 05:36:00+00:00,2026-04-10 05:36
málaga,108461,2026-04-10 05:36:00+00:00,2026-04-10 05:36
ormuz,98107,2026-04-10 05:36:00+00:00,2026-04-10 05:36
santa,96246,2026-04-10 05:36:00+00:00,2026-04-10 05:36
diario,89673,2026-04-10 05:36:00+00:00,2026-04-10 05:36
semana santa,86056,2026-04-10 05:36:00+00:00,2026-04-10 05:36
alto,80146,2026-04-10 05:36:00+00:00,2026-04-10 05:36
líbano,79951,2026-04-10 05:36:00+00:00,2026-04-10 05:36
aragón,79066,2026-04-10 05:36:00+00:00,2026-04-10 05:36
petróleo,78061,2026-04-10 05:36:00+00:00,2026-04-10 05:36
final,76607,2026-04-10 05:36:00+00:00,2026-04-10 05:36
internacional,412011,2026-04-10 06:06:00+00:00,2026-04-10 06:06
irán,390373,2026-04-10 06:06:00+00:00,2026-04-10 06:06
guerra,309701,2026-04-10 06:06:00+00:00,2026-04-10 06:06
trump,277827,2026-04-10 06:06:00+00:00,2026-04-10 06:06
sánchez,150955,2026-04-10 06:06:00+00:00,2026-04-10 06:06
israel,150817,2026-04-10 06:06:00+00:00,2026-04-10 06:06
guerra irán,137692,2026-04-10 06:06:00+00:00,2026-04-10 06:06
málaga,108416,2026-04-10 06:06:00+00:00,2026-04-10 06:06
ormuz,98448,2026-04-10 06:06:00+00:00,2026-04-10 06:06
santa,96202,2026-04-10 06:06:00+00:00,2026-04-10 06:06
diario,90341,2026-04-10 06:06:00+00:00,2026-04-10 06:06
semana santa,86011,2026-04-10 06:06:00+00:00,2026-04-10 06:06
líbano,81980,2026-04-10 06:06:00+00:00,2026-04-10 06:06
alto,79766,2026-04-10 06:06:00+00:00,2026-04-10 06:06
aragón,79004,2026-04-10 06:06:00+00:00,2026-04-10 06:06
petróleo,77556,2026-04-10 06:06:00+00:00,2026-04-10 06:06
español,76516,2026-04-10 06:06:00+00:00,2026-04-10 06:06
final,76388,2026-04-10 06:06:00+00:00,2026-04-10 06:06
internacional,411580,2026-04-10 06:37:00+00:00,2026-04-10 06:37
irán,390314,2026-04-10 06:37:00+00:00,2026-04-10 06:37
guerra,309484,2026-04-10 06:37:00+00:00,2026-04-10 06:37
trump,278575,2026-04-10 06:37:00+00:00,2026-04-10 06:37
sánchez,150968,2026-04-10 06:37:00+00:00,2026-04-10 06:37
israel,150812,2026-04-10 06:37:00+00:00,2026-04-10 06:37
guerra irán,137377,2026-04-10 06:37:00+00:00,2026-04-10 06:37
málaga,108220,2026-04-10 06:37:00+00:00,2026-04-10 06:37
ormuz,98549,2026-04-10 06:37:00+00:00,2026-04-10 06:37
santa,96134,2026-04-10 06:37:00+00:00,2026-04-10 06:37
diario,89807,2026-04-10 06:37:00+00:00,2026-04-10 06:37
semana santa,85940,2026-04-10 06:37:00+00:00,2026-04-10 06:37
líbano,82097,2026-04-10 06:37:00+00:00,2026-04-10 06:37
alto,79581,2026-04-10 06:37:00+00:00,2026-04-10 06:37
aragón,79097,2026-04-10 06:37:00+00:00,2026-04-10 06:37
español,77880,2026-04-10 06:37:00+00:00,2026-04-10 06:37
petróleo,77421,2026-04-10 06:37:00+00:00,2026-04-10 06:37
final,76621,2026-04-10 06:37:00+00:00,2026-04-10 06:37
internacional,411280,2026-04-10 07:07:00+00:00,2026-04-10 07:07
irán,390366,2026-04-10 07:07:00+00:00,2026-04-10 07:07
guerra,309192,2026-04-10 07:07:00+00:00,2026-04-10 07:07
trump,278615,2026-04-10 07:07:00+00:00,2026-04-10 07:07
israel,151477,2026-04-10 07:07:00+00:00,2026-04-10 07:07
sánchez,150814,2026-04-10 07:07:00+00:00,2026-04-10 07:07
guerra irán,137440,2026-04-10 07:07:00+00:00,2026-04-10 07:07
málaga,108779,2026-04-10 07:07:00+00:00,2026-04-10 07:07
ormuz,98675,2026-04-10 07:07:00+00:00,2026-04-10 07:07
santa,96046,2026-04-10 07:07:00+00:00,2026-04-10 07:07
diario,89812,2026-04-10 07:07:00+00:00,2026-04-10 07:07
semana santa,85851,2026-04-10 07:07:00+00:00,2026-04-10 07:07
líbano,82501,2026-04-10 07:07:00+00:00,2026-04-10 07:07
aragón,79101,2026-04-10 07:07:00+00:00,2026-04-10 07:07
alto,78660,2026-04-10 07:07:00+00:00,2026-04-10 07:07
español,77838,2026-04-10 07:07:00+00:00,2026-04-10 07:07
petróleo,77337,2026-04-10 07:07:00+00:00,2026-04-10 07:07
final,76624,2026-04-10 07:07:00+00:00,2026-04-10 07:07
internacional,412125,2026-04-10 07:36:00+00:00,2026-04-10 07:36
irán,390007,2026-04-10 07:36:00+00:00,2026-04-10 07:36
guerra,309323,2026-04-10 07:36:00+00:00,2026-04-10 07:36
trump,278453,2026-04-10 07:36:00+00:00,2026-04-10 07:36
israel,151452,2026-04-10 07:36:00+00:00,2026-04-10 07:36
sánchez,150847,2026-04-10 07:36:00+00:00,2026-04-10 07:36
guerra irán,137386,2026-04-10 07:36:00+00:00,2026-04-10 07:36
málaga,108784,2026-04-10 07:36:00+00:00,2026-04-10 07:36
ormuz,98826,2026-04-10 07:36:00+00:00,2026-04-10 07:36
santa,95963,2026-04-10 07:36:00+00:00,2026-04-10 07:36
diario,89718,2026-04-10 07:36:00+00:00,2026-04-10 07:36
semana santa,85767,2026-04-10 07:36:00+00:00,2026-04-10 07:36
líbano,82637,2026-04-10 07:36:00+00:00,2026-04-10 07:36
aragón,79635,2026-04-10 07:36:00+00:00,2026-04-10 07:36
español,78395,2026-04-10 07:36:00+00:00,2026-04-10 07:36
petróleo,77958,2026-04-10 07:36:00+00:00,2026-04-10 07:36
alto,77903,2026-04-10 07:36:00+00:00,2026-04-10 07:36
final,76627,2026-04-10 07:36:00+00:00,2026-04-10 07:36
internacional,412524,2026-04-10 08:06:00+00:00,2026-04-10 08:06
irán,389003,2026-04-10 08:06:00+00:00,2026-04-10 08:06
guerra,309351,2026-04-10 08:06:00+00:00,2026-04-10 08:06
trump,278346,2026-04-10 08:06:00+00:00,2026-04-10 08:06
sánchez,150429,2026-04-10 08:06:00+00:00,2026-04-10 08:06
israel,150009,2026-04-10 08:06:00+00:00,2026-04-10 08:06
guerra irán,137310,2026-04-10 08:06:00+00:00,2026-04-10 08:06
málaga,109882,2026-04-10 08:06:00+00:00,2026-04-10 08:06
ormuz,98819,2026-04-10 08:06:00+00:00,2026-04-10 08:06
santa,95886,2026-04-10 08:06:00+00:00,2026-04-10 08:06
diario,88903,2026-04-10 08:06:00+00:00,2026-04-10 08:06
semana santa,85687,2026-04-10 08:06:00+00:00,2026-04-10 08:06
aragón,79703,2026-04-10 08:06:00+00:00,2026-04-10 08:06
líbano,79575,2026-04-10 08:06:00+00:00,2026-04-10 08:06
español,78226,2026-04-10 08:06:00+00:00,2026-04-10 08:06
petróleo,77919,2026-04-10 08:06:00+00:00,2026-04-10 08:06
alto,76700,2026-04-10 08:06:00+00:00,2026-04-10 08:06
final,76695,2026-04-10 08:06:00+00:00,2026-04-10 08:06
internacional,413001,2026-04-10 08:36:00+00:00,2026-04-10 08:36
irán,388615,2026-04-10 08:36:00+00:00,2026-04-10 08:36
guerra,309307,2026-04-10 08:36:00+00:00,2026-04-10 08:36
trump,278563,2026-04-10 08:36:00+00:00,2026-04-10 08:36
israel,150321,2026-04-10 08:36:00+00:00,2026-04-10 08:36
sánchez,149830,2026-04-10 08:36:00+00:00,2026-04-10 08:36
guerra irán,137624,2026-04-10 08:36:00+00:00,2026-04-10 08:36
málaga,109787,2026-04-10 08:36:00+00:00,2026-04-10 08:36
ormuz,98726,2026-04-10 08:36:00+00:00,2026-04-10 08:36
santa,95466,2026-04-10 08:36:00+00:00,2026-04-10 08:36
diario,88716,2026-04-10 08:36:00+00:00,2026-04-10 08:36
semana santa,85261,2026-04-10 08:36:00+00:00,2026-04-10 08:36
aragón,79977,2026-04-10 08:36:00+00:00,2026-04-10 08:36
líbano,79594,2026-04-10 08:36:00+00:00,2026-04-10 08:36
español,78089,2026-04-10 08:36:00+00:00,2026-04-10 08:36
petróleo,77555,2026-04-10 08:36:00+00:00,2026-04-10 08:36
final,76599,2026-04-10 08:36:00+00:00,2026-04-10 08:36
alto,76246,2026-04-10 08:36:00+00:00,2026-04-10 08:36
internacional,412799,2026-04-10 09:07:00+00:00,2026-04-10 09:07
irán,387814,2026-04-10 09:07:00+00:00,2026-04-10 09:07
guerra,309338,2026-04-10 09:07:00+00:00,2026-04-10 09:07
trump,278441,2026-04-10 09:07:00+00:00,2026-04-10 09:07
israel,150101,2026-04-10 09:07:00+00:00,2026-04-10 09:07
sánchez,150062,2026-04-10 09:07:00+00:00,2026-04-10 09:07
guerra irán,137538,2026-04-10 09:07:00+00:00,2026-04-10 09:07
málaga,111267,2026-04-10 09:07:00+00:00,2026-04-10 09:07
ormuz,98622,2026-04-10 09:07:00+00:00,2026-04-10 09:07
santa,95312,2026-04-10 09:07:00+00:00,2026-04-10 09:07
diario,88694,2026-04-10 09:07:00+00:00,2026-04-10 09:07
semana santa,85104,2026-04-10 09:07:00+00:00,2026-04-10 09:07
aragón,79980,2026-04-10 09:07:00+00:00,2026-04-10 09:07
líbano,79758,2026-04-10 09:07:00+00:00,2026-04-10 09:07
español,78560,2026-04-10 09:07:00+00:00,2026-04-10 09:07
petróleo,77952,2026-04-10 09:07:00+00:00,2026-04-10 09:07
final,76927,2026-04-10 09:07:00+00:00,2026-04-10 09:07
alto,76117,2026-04-10 09:07:00+00:00,2026-04-10 09:07
internacional,412993,2026-04-10 09:37:00+00:00,2026-04-10 09:37
irán,387827,2026-04-10 09:37:00+00:00,2026-04-10 09:37
guerra,309303,2026-04-10 09:37:00+00:00,2026-04-10 09:37
trump,278246,2026-04-10 09:37:00+00:00,2026-04-10 09:37
israel,151107,2026-04-10 09:37:00+00:00,2026-04-10 09:37
sánchez,150015,2026-04-10 09:37:00+00:00,2026-04-10 09:37
guerra irán,137483,2026-04-10 09:37:00+00:00,2026-04-10 09:37
málaga,111460,2026-04-10 09:37:00+00:00,2026-04-10 09:37
ormuz,98786,2026-04-10 09:37:00+00:00,2026-04-10 09:37
santa,95266,2026-04-10 09:37:00+00:00,2026-04-10 09:37
diario,89885,2026-04-10 09:37:00+00:00,2026-04-10 09:37
semana santa,85184,2026-04-10 09:37:00+00:00,2026-04-10 09:37
líbano,82169,2026-04-10 09:37:00+00:00,2026-04-10 09:37
aragón,79904,2026-04-10 09:37:00+00:00,2026-04-10 09:37
español,78557,2026-04-10 09:37:00+00:00,2026-04-10 09:37
petróleo,77760,2026-04-10 09:37:00+00:00,2026-04-10 09:37
final,76340,2026-04-10 09:37:00+00:00,2026-04-10 09:37
internacional,412701,2026-04-10 10:06:00+00:00,2026-04-10 10:06
irán,387335,2026-04-10 10:06:00+00:00,2026-04-10 10:06
guerra,309701,2026-04-10 10:06:00+00:00,2026-04-10 10:06
trump,277975,2026-04-10 10:06:00+00:00,2026-04-10 10:06
israel,151133,2026-04-10 10:06:00+00:00,2026-04-10 10:06
sánchez,149300,2026-04-10 10:06:00+00:00,2026-04-10 10:06
guerra irán,137400,2026-04-10 10:06:00+00:00,2026-04-10 10:06
málaga,111737,2026-04-10 10:06:00+00:00,2026-04-10 10:06
ormuz,98627,2026-04-10 10:06:00+00:00,2026-04-10 10:06
santa,95056,2026-04-10 10:06:00+00:00,2026-04-10 10:06
diario,89980,2026-04-10 10:06:00+00:00,2026-04-10 10:06
semana santa,84920,2026-04-10 10:06:00+00:00,2026-04-10 10:06
líbano,81798,2026-04-10 10:06:00+00:00,2026-04-10 10:06
aragón,79675,2026-04-10 10:06:00+00:00,2026-04-10 10:06
español,78604,2026-04-10 10:06:00+00:00,2026-04-10 10:06
petróleo,77760,2026-04-10 10:06:00+00:00,2026-04-10 10:06
final,76436,2026-04-10 10:06:00+00:00,2026-04-10 10:06
internacional,412781,2026-04-10 10:37:00+00:00,2026-04-10 10:37
irán,387151,2026-04-10 10:37:00+00:00,2026-04-10 10:37
guerra,310433,2026-04-10 10:37:00+00:00,2026-04-10 10:37
trump,279507,2026-04-10 10:37:00+00:00,2026-04-10 10:37
israel,151608,2026-04-10 10:37:00+00:00,2026-04-10 10:37
sánchez,149298,2026-04-10 10:37:00+00:00,2026-04-10 10:37
guerra irán,137517,2026-04-10 10:37:00+00:00,2026-04-10 10:37
málaga,112172,2026-04-10 10:37:00+00:00,2026-04-10 10:37
ormuz,98709,2026-04-10 10:37:00+00:00,2026-04-10 10:37
santa,94869,2026-04-10 10:37:00+00:00,2026-04-10 10:37
diario,89880,2026-04-10 10:37:00+00:00,2026-04-10 10:37
semana santa,84779,2026-04-10 10:37:00+00:00,2026-04-10 10:37
líbano,82139,2026-04-10 10:37:00+00:00,2026-04-10 10:37
aragón,80040,2026-04-10 10:37:00+00:00,2026-04-10 10:37
español,78564,2026-04-10 10:37:00+00:00,2026-04-10 10:37
petróleo,78057,2026-04-10 10:37:00+00:00,2026-04-10 10:37
final,77985,2026-04-10 10:37:00+00:00,2026-04-10 10:37
internacional,415658,2026-04-10 11:09:00+00:00,2026-04-10 11:09
irán,387089,2026-04-10 11:09:00+00:00,2026-04-10 11:09
guerra,311050,2026-04-10 11:09:00+00:00,2026-04-10 11:09
trump,279375,2026-04-10 11:09:00+00:00,2026-04-10 11:09
israel,152106,2026-04-10 11:09:00+00:00,2026-04-10 11:09
sánchez,149499,2026-04-10 11:09:00+00:00,2026-04-10 11:09
guerra irán,137667,2026-04-10 11:09:00+00:00,2026-04-10 11:09
málaga,112050,2026-04-10 11:09:00+00:00,2026-04-10 11:09
ormuz,98735,2026-04-10 11:09:00+00:00,2026-04-10 11:09
santa,94876,2026-04-10 11:09:00+00:00,2026-04-10 11:09
diario,89887,2026-04-10 11:09:00+00:00,2026-04-10 11:09
semana santa,84538,2026-04-10 11:09:00+00:00,2026-04-10 11:09
líbano,82277,2026-04-10 11:09:00+00:00,2026-04-10 11:09
aragón,80275,2026-04-10 11:09:00+00:00,2026-04-10 11:09
español,78483,2026-04-10 11:09:00+00:00,2026-04-10 11:09
petróleo,78353,2026-04-10 11:09:00+00:00,2026-04-10 11:09
final,76804,2026-04-10 11:09:00+00:00,2026-04-10 11:09
internacional,416188,2026-04-10 11:37:00+00:00,2026-04-10 11:37
irán,387394,2026-04-10 11:37:00+00:00,2026-04-10 11:37
guerra,311081,2026-04-10 11:37:00+00:00,2026-04-10 11:37
trump,280074,2026-04-10 11:37:00+00:00,2026-04-10 11:37
israel,152014,2026-04-10 11:37:00+00:00,2026-04-10 11:37
sánchez,149219,2026-04-10 11:37:00+00:00,2026-04-10 11:37
guerra irán,137874,2026-04-10 11:37:00+00:00,2026-04-10 11:37
málaga,111496,2026-04-10 11:37:00+00:00,2026-04-10 11:37
ormuz,98563,2026-04-10 11:37:00+00:00,2026-04-10 11:37
santa,94561,2026-04-10 11:37:00+00:00,2026-04-10 11:37
diario,89787,2026-04-10 11:37:00+00:00,2026-04-10 11:37
semana santa,84216,2026-04-10 11:37:00+00:00,2026-04-10 11:37
líbano,82419,2026-04-10 11:37:00+00:00,2026-04-10 11:37
aragón,79127,2026-04-10 11:37:00+00:00,2026-04-10 11:37
petróleo,78355,2026-04-10 11:37:00+00:00,2026-04-10 11:37
español,78193,2026-04-10 11:37:00+00:00,2026-04-10 11:37
final,77994,2026-04-10 11:37:00+00:00,2026-04-10 11:37
internacional,416857,2026-04-10 12:07:00+00:00,2026-04-10 12:07
irán,386856,2026-04-10 12:07:00+00:00,2026-04-10 12:07
guerra,311252,2026-04-10 12:07:00+00:00,2026-04-10 12:07
trump,279228,2026-04-10 12:07:00+00:00,2026-04-10 12:07
israel,152382,2026-04-10 12:07:00+00:00,2026-04-10 12:07
sánchez,149111,2026-04-10 12:07:00+00:00,2026-04-10 12:07
guerra irán,137905,2026-04-10 12:07:00+00:00,2026-04-10 12:07
málaga,111893,2026-04-10 12:07:00+00:00,2026-04-10 12:07
ormuz,98504,2026-04-10 12:07:00+00:00,2026-04-10 12:07
santa,94854,2026-04-10 12:07:00+00:00,2026-04-10 12:07
diario,89725,2026-04-10 12:07:00+00:00,2026-04-10 12:07
semana santa,84068,2026-04-10 12:07:00+00:00,2026-04-10 12:07
líbano,82489,2026-04-10 12:07:00+00:00,2026-04-10 12:07
aragón,78780,2026-04-10 12:07:00+00:00,2026-04-10 12:07
español,78384,2026-04-10 12:07:00+00:00,2026-04-10 12:07
petróleo,78226,2026-04-10 12:07:00+00:00,2026-04-10 12:07
final,76712,2026-04-10 12:07:00+00:00,2026-04-10 12:07
internacional,417597,2026-04-10 12:36:00+00:00,2026-04-10 12:36
irán,387155,2026-04-10 12:36:00+00:00,2026-04-10 12:36
guerra,311222,2026-04-10 12:36:00+00:00,2026-04-10 12:36
trump,279046,2026-04-10 12:36:00+00:00,2026-04-10 12:36
israel,153798,2026-04-10 12:36:00+00:00,2026-04-10 12:36
sánchez,148838,2026-04-10 12:36:00+00:00,2026-04-10 12:36
guerra irán,137838,2026-04-10 12:36:00+00:00,2026-04-10 12:36
málaga,111982,2026-04-10 12:36:00+00:00,2026-04-10 12:36
ormuz,98416,2026-04-10 12:36:00+00:00,2026-04-10 12:36
santa,94997,2026-04-10 12:36:00+00:00,2026-04-10 12:36
diario,89525,2026-04-10 12:36:00+00:00,2026-04-10 12:36
semana santa,83818,2026-04-10 12:36:00+00:00,2026-04-10 12:36
líbano,82819,2026-04-10 12:36:00+00:00,2026-04-10 12:36
español,78450,2026-04-10 12:36:00+00:00,2026-04-10 12:36
petróleo,78272,2026-04-10 12:36:00+00:00,2026-04-10 12:36
aragón,78204,2026-04-10 12:36:00+00:00,2026-04-10 12:36
internacional,417168,2026-04-10 13:06:00+00:00,2026-04-10 13:06
irán,386116,2026-04-10 13:06:00+00:00,2026-04-10 13:06
guerra,311847,2026-04-10 13:06:00+00:00,2026-04-10 13:06
trump,278128,2026-04-10 13:06:00+00:00,2026-04-10 13:06
israel,154643,2026-04-10 13:06:00+00:00,2026-04-10 13:06
sánchez,149207,2026-04-10 13:06:00+00:00,2026-04-10 13:06
guerra irán,138094,2026-04-10 13:06:00+00:00,2026-04-10 13:06
málaga,112728,2026-04-10 13:06:00+00:00,2026-04-10 13:06
ormuz,98245,2026-04-10 13:06:00+00:00,2026-04-10 13:06
santa,94946,2026-04-10 13:06:00+00:00,2026-04-10 13:06
diario,89618,2026-04-10 13:06:00+00:00,2026-04-10 13:06
semana santa,83766,2026-04-10 13:06:00+00:00,2026-04-10 13:06
líbano,82757,2026-04-10 13:06:00+00:00,2026-04-10 13:06
español,79059,2026-04-10 13:06:00+00:00,2026-04-10 13:06
aragón,78727,2026-04-10 13:06:00+00:00,2026-04-10 13:06
petróleo,78424,2026-04-10 13:06:00+00:00,2026-04-10 13:06
final,77309,2026-04-10 13:06:00+00:00,2026-04-10 13:06
internacional,418947,2026-04-10 13:37:00+00:00,2026-04-10 13:37
irán,385686,2026-04-10 13:37:00+00:00,2026-04-10 13:37
guerra,311886,2026-04-10 13:37:00+00:00,2026-04-10 13:37
trump,277871,2026-04-10 13:37:00+00:00,2026-04-10 13:37
israel,154556,2026-04-10 13:37:00+00:00,2026-04-10 13:37
sánchez,149439,2026-04-10 13:37:00+00:00,2026-04-10 13:37
guerra irán,138129,2026-04-10 13:37:00+00:00,2026-04-10 13:37
málaga,111983,2026-04-10 13:37:00+00:00,2026-04-10 13:37
ormuz,98449,2026-04-10 13:37:00+00:00,2026-04-10 13:37
santa,94846,2026-04-10 13:37:00+00:00,2026-04-10 13:37
diario,89835,2026-04-10 13:37:00+00:00,2026-04-10 13:37
semana santa,83693,2026-04-10 13:37:00+00:00,2026-04-10 13:37
líbano,82042,2026-04-10 13:37:00+00:00,2026-04-10 13:37
aragón,80478,2026-04-10 13:37:00+00:00,2026-04-10 13:37
español,79217,2026-04-10 13:37:00+00:00,2026-04-10 13:37
petróleo,78441,2026-04-10 13:37:00+00:00,2026-04-10 13:37
final,77378,2026-04-10 13:37:00+00:00,2026-04-10 13:37
internacional,419545,2026-04-10 14:07:00+00:00,2026-04-10 14:07
irán,386062,2026-04-10 14:07:00+00:00,2026-04-10 14:07
guerra,312452,2026-04-10 14:07:00+00:00,2026-04-10 14:07
trump,277849,2026-04-10 14:07:00+00:00,2026-04-10 14:07
israel,154633,2026-04-10 14:07:00+00:00,2026-04-10 14:07
sánchez,149867,2026-04-10 14:07:00+00:00,2026-04-10 14:07
guerra irán,138529,2026-04-10 14:07:00+00:00,2026-04-10 14:07
málaga,112425,2026-04-10 14:07:00+00:00,2026-04-10 14:07
ormuz,98365,2026-04-10 14:07:00+00:00,2026-04-10 14:07
santa,94692,2026-04-10 14:07:00+00:00,2026-04-10 14:07
diario,90133,2026-04-10 14:07:00+00:00,2026-04-10 14:07
semana santa,83536,2026-04-10 14:07:00+00:00,2026-04-10 14:07
líbano,81763,2026-04-10 14:07:00+00:00,2026-04-10 14:07
aragón,80827,2026-04-10 14:07:00+00:00,2026-04-10 14:07
español,79784,2026-04-10 14:07:00+00:00,2026-04-10 14:07
petróleo,78346,2026-04-10 14:07:00+00:00,2026-04-10 14:07
final,77609,2026-04-10 14:07:00+00:00,2026-04-10 14:07
internacional,420614,2026-04-10 14:37:00+00:00,2026-04-10 14:37
irán,385651,2026-04-10 14:37:00+00:00,2026-04-10 14:37
guerra,313486,2026-04-10 14:37:00+00:00,2026-04-10 14:37
trump,277281,2026-04-10 14:37:00+00:00,2026-04-10 14:37
israel,155802,2026-04-10 14:37:00+00:00,2026-04-10 14:37
sánchez,149959,2026-04-10 14:37:00+00:00,2026-04-10 14:37
guerra irán,138669,2026-04-10 14:37:00+00:00,2026-04-10 14:37
málaga,112204,2026-04-10 14:37:00+00:00,2026-04-10 14:37
ormuz,97734,2026-04-10 14:37:00+00:00,2026-04-10 14:37
santa,94538,2026-04-10 14:37:00+00:00,2026-04-10 14:37
diario,90735,2026-04-10 14:37:00+00:00,2026-04-10 14:37
semana santa,83378,2026-04-10 14:37:00+00:00,2026-04-10 14:37
líbano,81291,2026-04-10 14:37:00+00:00,2026-04-10 14:37
aragón,81024,2026-04-10 14:37:00+00:00,2026-04-10 14:37
español,79998,2026-04-10 14:37:00+00:00,2026-04-10 14:37
petróleo,78418,2026-04-10 14:37:00+00:00,2026-04-10 14:37
final,77560,2026-04-10 14:37:00+00:00,2026-04-10 14:37
internacional,420745,2026-04-10 15:07:00+00:00,2026-04-10 15:07
irán,384741,2026-04-10 15:07:00+00:00,2026-04-10 15:07
guerra,314356,2026-04-10 15:07:00+00:00,2026-04-10 15:07
trump,277313,2026-04-10 15:07:00+00:00,2026-04-10 15:07
israel,157074,2026-04-10 15:07:00+00:00,2026-04-10 15:07
sánchez,150276,2026-04-10 15:07:00+00:00,2026-04-10 15:07
guerra irán,138873,2026-04-10 15:07:00+00:00,2026-04-10 15:07
málaga,112156,2026-04-10 15:07:00+00:00,2026-04-10 15:07
ormuz,97534,2026-04-10 15:07:00+00:00,2026-04-10 15:07
santa,94341,2026-04-10 15:07:00+00:00,2026-04-10 15:07
diario,91143,2026-04-10 15:07:00+00:00,2026-04-10 15:07
semana santa,83266,2026-04-10 15:07:00+00:00,2026-04-10 15:07
aragón,81818,2026-04-10 15:07:00+00:00,2026-04-10 15:07
líbano,81310,2026-04-10 15:07:00+00:00,2026-04-10 15:07
español,79929,2026-04-10 15:07:00+00:00,2026-04-10 15:07
petróleo,78427,2026-04-10 15:07:00+00:00,2026-04-10 15:07
final,77962,2026-04-10 15:07:00+00:00,2026-04-10 15:07
internacional,422298,2026-04-10 15:37:00+00:00,2026-04-10 15:37
irán,385022,2026-04-10 15:37:00+00:00,2026-04-10 15:37
guerra,314892,2026-04-10 15:37:00+00:00,2026-04-10 15:37
trump,277125,2026-04-10 15:37:00+00:00,2026-04-10 15:37
israel,157751,2026-04-10 15:37:00+00:00,2026-04-10 15:37
sánchez,150824,2026-04-10 15:37:00+00:00,2026-04-10 15:37
guerra irán,139295,2026-04-10 15:37:00+00:00,2026-04-10 15:37
málaga,112503,2026-04-10 15:37:00+00:00,2026-04-10 15:37
ormuz,97202,2026-04-10 15:37:00+00:00,2026-04-10 15:37
santa,94277,2026-04-10 15:37:00+00:00,2026-04-10 15:37
diario,91444,2026-04-10 15:37:00+00:00,2026-04-10 15:37
semana santa,83199,2026-04-10 15:37:00+00:00,2026-04-10 15:37
aragón,81731,2026-04-10 15:37:00+00:00,2026-04-10 15:37
líbano,81374,2026-04-10 15:37:00+00:00,2026-04-10 15:37
español,79935,2026-04-10 15:37:00+00:00,2026-04-10 15:37
petróleo,78356,2026-04-10 15:37:00+00:00,2026-04-10 15:37
final,77840,2026-04-10 15:37:00+00:00,2026-04-10 15:37
internacional,423140,2026-04-10 16:07:00+00:00,2026-04-10 16:07
irán,385000,2026-04-10 16:07:00+00:00,2026-04-10 16:07
guerra,315669,2026-04-10 16:07:00+00:00,2026-04-10 16:07
trump,276511,2026-04-10 16:07:00+00:00,2026-04-10 16:07
israel,158084,2026-04-10 16:07:00+00:00,2026-04-10 16:07
sánchez,150885,2026-04-10 16:07:00+00:00,2026-04-10 16:07
guerra irán,139380,2026-04-10 16:07:00+00:00,2026-04-10 16:07
málaga,112309,2026-04-10 16:07:00+00:00,2026-04-10 16:07
ormuz,97245,2026-04-10 16:07:00+00:00,2026-04-10 16:07
santa,94051,2026-04-10 16:07:00+00:00,2026-04-10 16:07
diario,92347,2026-04-10 16:07:00+00:00,2026-04-10 16:07
semana santa,82969,2026-04-10 16:07:00+00:00,2026-04-10 16:07
aragón,82231,2026-04-10 16:07:00+00:00,2026-04-10 16:07
líbano,81402,2026-04-10 16:07:00+00:00,2026-04-10 16:07
español,79979,2026-04-10 16:07:00+00:00,2026-04-10 16:07
petróleo,78005,2026-04-10 16:07:00+00:00,2026-04-10 16:07
final,77975,2026-04-10 16:07:00+00:00,2026-04-10 16:07
internacional,424035,2026-04-10 16:36:00+00:00,2026-04-10 16:36
irán,385187,2026-04-10 16:36:00+00:00,2026-04-10 16:36
guerra,316106,2026-04-10 16:36:00+00:00,2026-04-10 16:36
trump,276481,2026-04-10 16:36:00+00:00,2026-04-10 16:36
israel,158089,2026-04-10 16:36:00+00:00,2026-04-10 16:36
sánchez,151759,2026-04-10 16:36:00+00:00,2026-04-10 16:36
guerra irán,139981,2026-04-10 16:36:00+00:00,2026-04-10 16:36
málaga,111908,2026-04-10 16:36:00+00:00,2026-04-10 16:36
ormuz,97172,2026-04-10 16:36:00+00:00,2026-04-10 16:36
santa,94062,2026-04-10 16:36:00+00:00,2026-04-10 16:36
diario,92273,2026-04-10 16:36:00+00:00,2026-04-10 16:36
semana santa,82980,2026-04-10 16:36:00+00:00,2026-04-10 16:36
aragón,82235,2026-04-10 16:36:00+00:00,2026-04-10 16:36
líbano,80808,2026-04-10 16:36:00+00:00,2026-04-10 16:36
español,80173,2026-04-10 16:36:00+00:00,2026-04-10 16:36
final,77979,2026-04-10 16:36:00+00:00,2026-04-10 16:36
petróleo,77729,2026-04-10 16:36:00+00:00,2026-04-10 16:36
internacional,424072,2026-04-10 17:07:00+00:00,2026-04-10 17:07
irán,384949,2026-04-10 17:07:00+00:00,2026-04-10 17:07
guerra,317431,2026-04-10 17:07:00+00:00,2026-04-10 17:07
trump,277134,2026-04-10 17:07:00+00:00,2026-04-10 17:07
israel,158923,2026-04-10 17:07:00+00:00,2026-04-10 17:07
sánchez,152836,2026-04-10 17:07:00+00:00,2026-04-10 17:07
guerra irán,140578,2026-04-10 17:07:00+00:00,2026-04-10 17:07
málaga,112011,2026-04-10 17:07:00+00:00,2026-04-10 17:07
ormuz,97199,2026-04-10 17:07:00+00:00,2026-04-10 17:07
santa,93985,2026-04-10 17:07:00+00:00,2026-04-10 17:07
diario,91839,2026-04-10 17:07:00+00:00,2026-04-10 17:07
semana santa,82900,2026-04-10 17:07:00+00:00,2026-04-10 17:07
aragón,82870,2026-04-10 17:07:00+00:00,2026-04-10 17:07
líbano,80664,2026-04-10 17:07:00+00:00,2026-04-10 17:07
español,80179,2026-04-10 17:07:00+00:00,2026-04-10 17:07
petróleo,77851,2026-04-10 17:07:00+00:00,2026-04-10 17:07
final,77783,2026-04-10 17:07:00+00:00,2026-04-10 17:07
internacional,424021,2026-04-10 17:36:00+00:00,2026-04-10 17:36
irán,385010,2026-04-10 17:36:00+00:00,2026-04-10 17:36
guerra,317585,2026-04-10 17:36:00+00:00,2026-04-10 17:36
trump,277403,2026-04-10 17:36:00+00:00,2026-04-10 17:36
israel,158857,2026-04-10 17:36:00+00:00,2026-04-10 17:36
sánchez,153460,2026-04-10 17:36:00+00:00,2026-04-10 17:36
guerra irán,140734,2026-04-10 17:36:00+00:00,2026-04-10 17:36
málaga,112069,2026-04-10 17:36:00+00:00,2026-04-10 17:36
ormuz,96967,2026-04-10 17:36:00+00:00,2026-04-10 17:36
santa,93934,2026-04-10 17:36:00+00:00,2026-04-10 17:36
diario,92026,2026-04-10 17:36:00+00:00,2026-04-10 17:36
aragón,83096,2026-04-10 17:36:00+00:00,2026-04-10 17:36
semana santa,82848,2026-04-10 17:36:00+00:00,2026-04-10 17:36
español,80355,2026-04-10 17:36:00+00:00,2026-04-10 17:36
líbano,79793,2026-04-10 17:36:00+00:00,2026-04-10 17:36
final,78069,2026-04-10 17:36:00+00:00,2026-04-10 17:36
petróleo,77719,2026-04-10 17:36:00+00:00,2026-04-10 17:36
internacional,423218,2026-04-10 18:06:00+00:00,2026-04-10 18:06
irán,384905,2026-04-10 18:06:00+00:00,2026-04-10 18:06
guerra,318117,2026-04-10 18:06:00+00:00,2026-04-10 18:06
trump,276594,2026-04-10 18:06:00+00:00,2026-04-10 18:06
israel,159940,2026-04-10 18:06:00+00:00,2026-04-10 18:06
sánchez,153512,2026-04-10 18:06:00+00:00,2026-04-10 18:06
guerra irán,140703,2026-04-10 18:06:00+00:00,2026-04-10 18:06
málaga,112072,2026-04-10 18:06:00+00:00,2026-04-10 18:06
ormuz,97817,2026-04-10 18:06:00+00:00,2026-04-10 18:06
santa,93651,2026-04-10 18:06:00+00:00,2026-04-10 18:06
diario,91948,2026-04-10 18:06:00+00:00,2026-04-10 18:06
aragón,83492,2026-04-10 18:06:00+00:00,2026-04-10 18:06
semana santa,82561,2026-04-10 18:06:00+00:00,2026-04-10 18:06
español,80944,2026-04-10 18:06:00+00:00,2026-04-10 18:06
líbano,79523,2026-04-10 18:06:00+00:00,2026-04-10 18:06
final,78170,2026-04-10 18:06:00+00:00,2026-04-10 18:06
petróleo,77724,2026-04-10 18:06:00+00:00,2026-04-10 18:06
internacional,424253,2026-04-10 18:36:00+00:00,2026-04-10 18:36
irán,384475,2026-04-10 18:36:00+00:00,2026-04-10 18:36
guerra,318597,2026-04-10 18:36:00+00:00,2026-04-10 18:36
trump,275831,2026-04-10 18:36:00+00:00,2026-04-10 18:36
israel,160305,2026-04-10 18:36:00+00:00,2026-04-10 18:36
sánchez,153604,2026-04-10 18:36:00+00:00,2026-04-10 18:36
guerra irán,140428,2026-04-10 18:36:00+00:00,2026-04-10 18:36
málaga,111954,2026-04-10 18:36:00+00:00,2026-04-10 18:36
ormuz,98210,2026-04-10 18:36:00+00:00,2026-04-10 18:36
santa,93660,2026-04-10 18:36:00+00:00,2026-04-10 18:36
diario,92152,2026-04-10 18:36:00+00:00,2026-04-10 18:36
aragón,83890,2026-04-10 18:36:00+00:00,2026-04-10 18:36
semana santa,82569,2026-04-10 18:36:00+00:00,2026-04-10 18:36
español,80700,2026-04-10 18:36:00+00:00,2026-04-10 18:36
líbano,79646,2026-04-10 18:36:00+00:00,2026-04-10 18:36
final,78180,2026-04-10 18:36:00+00:00,2026-04-10 18:36
petróleo,77732,2026-04-10 18:36:00+00:00,2026-04-10 18:36
internacional,424856,2026-04-10 19:07:00+00:00,2026-04-10 19:07
irán,383748,2026-04-10 19:07:00+00:00,2026-04-10 19:07
guerra,318095,2026-04-10 19:07:00+00:00,2026-04-10 19:07
trump,275845,2026-04-10 19:07:00+00:00,2026-04-10 19:07
israel,160050,2026-04-10 19:07:00+00:00,2026-04-10 19:07
sánchez,153553,2026-04-10 19:07:00+00:00,2026-04-10 19:07
guerra irán,140135,2026-04-10 19:07:00+00:00,2026-04-10 19:07
málaga,111851,2026-04-10 19:07:00+00:00,2026-04-10 19:07
ormuz,97798,2026-04-10 19:07:00+00:00,2026-04-10 19:07
santa,93570,2026-04-10 19:07:00+00:00,2026-04-10 19:07
diario,92440,2026-04-10 19:07:00+00:00,2026-04-10 19:07
aragón,84117,2026-04-10 19:07:00+00:00,2026-04-10 19:07
semana santa,82477,2026-04-10 19:07:00+00:00,2026-04-10 19:07
español,80703,2026-04-10 19:07:00+00:00,2026-04-10 19:07
líbano,79403,2026-04-10 19:07:00+00:00,2026-04-10 19:07
final,77940,2026-04-10 19:07:00+00:00,2026-04-10 19:07
petróleo,77655,2026-04-10 19:07:00+00:00,2026-04-10 19:07
internacional,425752,2026-04-10 19:37:00+00:00,2026-04-10 19:37
irán,383437,2026-04-10 19:37:00+00:00,2026-04-10 19:37
guerra,317781,2026-04-10 19:37:00+00:00,2026-04-10 19:37
trump,275528,2026-04-10 19:37:00+00:00,2026-04-10 19:37
israel,160131,2026-04-10 19:37:00+00:00,2026-04-10 19:37
sánchez,153700,2026-04-10 19:37:00+00:00,2026-04-10 19:37
guerra irán,139977,2026-04-10 19:37:00+00:00,2026-04-10 19:37
málaga,112379,2026-04-10 19:37:00+00:00,2026-04-10 19:37
ormuz,97871,2026-04-10 19:37:00+00:00,2026-04-10 19:37
santa,93735,2026-04-10 19:37:00+00:00,2026-04-10 19:37
diario,92776,2026-04-10 19:37:00+00:00,2026-04-10 19:37
aragón,84120,2026-04-10 19:37:00+00:00,2026-04-10 19:37
semana santa,82333,2026-04-10 19:37:00+00:00,2026-04-10 19:37
español,80641,2026-04-10 19:37:00+00:00,2026-04-10 19:37
líbano,79318,2026-04-10 19:37:00+00:00,2026-04-10 19:37
final,77744,2026-04-10 19:37:00+00:00,2026-04-10 19:37
petróleo,77659,2026-04-10 19:37:00+00:00,2026-04-10 19:37
internacional,426602,2026-04-10 20:07:00+00:00,2026-04-10 20:07
irán,383464,2026-04-10 20:07:00+00:00,2026-04-10 20:07
guerra,317866,2026-04-10 20:07:00+00:00,2026-04-10 20:07
trump,274569,2026-04-10 20:07:00+00:00,2026-04-10 20:07
israel,160116,2026-04-10 20:07:00+00:00,2026-04-10 20:07
sánchez,153968,2026-04-10 20:07:00+00:00,2026-04-10 20:07
guerra irán,139775,2026-04-10 20:07:00+00:00,2026-04-10 20:07
málaga,112245,2026-04-10 20:07:00+00:00,2026-04-10 20:07
ormuz,97730,2026-04-10 20:07:00+00:00,2026-04-10 20:07
santa,93739,2026-04-10 20:07:00+00:00,2026-04-10 20:07
diario,92854,2026-04-10 20:07:00+00:00,2026-04-10 20:07
aragón,84121,2026-04-10 20:07:00+00:00,2026-04-10 20:07
semana santa,82336,2026-04-10 20:07:00+00:00,2026-04-10 20:07
español,80699,2026-04-10 20:07:00+00:00,2026-04-10 20:07
líbano,78856,2026-04-10 20:07:00+00:00,2026-04-10 20:07
petróleo,77661,2026-04-10 20:07:00+00:00,2026-04-10 20:07
final,77536,2026-04-10 20:07:00+00:00,2026-04-10 20:07
internacional,426879,2026-04-10 20:37:00+00:00,2026-04-10 20:37
irán,383577,2026-04-10 20:37:00+00:00,2026-04-10 20:37
guerra,317694,2026-04-10 20:37:00+00:00,2026-04-10 20:37
trump,274392,2026-04-10 20:37:00+00:00,2026-04-10 20:37
israel,160122,2026-04-10 20:37:00+00:00,2026-04-10 20:37
sánchez,153972,2026-04-10 20:37:00+00:00,2026-04-10 20:37
guerra irán,139689,2026-04-10 20:37:00+00:00,2026-04-10 20:37
málaga,112462,2026-04-10 20:37:00+00:00,2026-04-10 20:37
ormuz,97825,2026-04-10 20:37:00+00:00,2026-04-10 20:37
santa,93741,2026-04-10 20:37:00+00:00,2026-04-10 20:37
diario,93708,2026-04-10 20:37:00+00:00,2026-04-10 20:37
aragón,84123,2026-04-10 20:37:00+00:00,2026-04-10 20:37
semana santa,82338,2026-04-10 20:37:00+00:00,2026-04-10 20:37
español,80701,2026-04-10 20:37:00+00:00,2026-04-10 20:37
líbano,79247,2026-04-10 20:37:00+00:00,2026-04-10 20:37
petróleo,77567,2026-04-10 20:37:00+00:00,2026-04-10 20:37
internacional,426644,2026-04-10 21:07:00+00:00,2026-04-10 21:07
irán,382569,2026-04-10 21:07:00+00:00,2026-04-10 21:07
guerra,317435,2026-04-10 21:07:00+00:00,2026-04-10 21:07
trump,274275,2026-04-10 21:07:00+00:00,2026-04-10 21:07
israel,159810,2026-04-10 21:07:00+00:00,2026-04-10 21:07
sánchez,154756,2026-04-10 21:07:00+00:00,2026-04-10 21:07
guerra irán,139442,2026-04-10 21:07:00+00:00,2026-04-10 21:07
málaga,112231,2026-04-10 21:07:00+00:00,2026-04-10 21:07
ormuz,97375,2026-04-10 21:07:00+00:00,2026-04-10 21:07
diario,93861,2026-04-10 21:07:00+00:00,2026-04-10 21:07
santa,93744,2026-04-10 21:07:00+00:00,2026-04-10 21:07
aragón,84125,2026-04-10 21:07:00+00:00,2026-04-10 21:07
semana santa,82341,2026-04-10 21:07:00+00:00,2026-04-10 21:07
español,80704,2026-04-10 21:07:00+00:00,2026-04-10 21:07
líbano,79167,2026-04-10 21:07:00+00:00,2026-04-10 21:07
petróleo,77568,2026-04-10 21:07:00+00:00,2026-04-10 21:07
internacional,426670,2026-04-10 21:36:00+00:00,2026-04-10 21:36
irán,382976,2026-04-10 21:36:00+00:00,2026-04-10 21:36
guerra,317551,2026-04-10 21:36:00+00:00,2026-04-10 21:36
trump,274378,2026-04-10 21:36:00+00:00,2026-04-10 21:36
israel,160032,2026-04-10 21:36:00+00:00,2026-04-10 21:36
sánchez,154694,2026-04-10 21:36:00+00:00,2026-04-10 21:36
guerra irán,139529,2026-04-10 21:36:00+00:00,2026-04-10 21:36
málaga,112168,2026-04-10 21:36:00+00:00,2026-04-10 21:36
ormuz,97513,2026-04-10 21:36:00+00:00,2026-04-10 21:36
diario,94041,2026-04-10 21:36:00+00:00,2026-04-10 21:36
santa,93745,2026-04-10 21:36:00+00:00,2026-04-10 21:36
aragón,84125,2026-04-10 21:36:00+00:00,2026-04-10 21:36
semana santa,82342,2026-04-10 21:36:00+00:00,2026-04-10 21:36
español,80706,2026-04-10 21:36:00+00:00,2026-04-10 21:36
líbano,79371,2026-04-10 21:36:00+00:00,2026-04-10 21:36
petróleo,77347,2026-04-10 21:36:00+00:00,2026-04-10 21:36
internacional,425891,2026-04-10 22:07:00+00:00,2026-04-10 22:07
irán,383113,2026-04-10 22:07:00+00:00,2026-04-10 22:07
guerra,317476,2026-04-10 22:07:00+00:00,2026-04-10 22:07
trump,274094,2026-04-10 22:07:00+00:00,2026-04-10 22:07
israel,160534,2026-04-10 22:07:00+00:00,2026-04-10 22:07
sánchez,154568,2026-04-10 22:07:00+00:00,2026-04-10 22:07
guerra irán,139455,2026-04-10 22:07:00+00:00,2026-04-10 22:07
málaga,111078,2026-04-10 22:07:00+00:00,2026-04-10 22:07
ormuz,97419,2026-04-10 22:07:00+00:00,2026-04-10 22:07
diario,93987,2026-04-10 22:07:00+00:00,2026-04-10 22:07
santa,93696,2026-04-10 22:07:00+00:00,2026-04-10 22:07
aragón,84127,2026-04-10 22:07:00+00:00,2026-04-10 22:07
semana santa,82292,2026-04-10 22:07:00+00:00,2026-04-10 22:07
español,80708,2026-04-10 22:07:00+00:00,2026-04-10 22:07
líbano,79560,2026-04-10 22:07:00+00:00,2026-04-10 22:07
petróleo,77691,2026-04-10 22:07:00+00:00,2026-04-10 22:07
internacional,425760,2026-04-10 22:37:00+00:00,2026-04-10 22:37
irán,383237,2026-04-10 22:37:00+00:00,2026-04-10 22:37
guerra,317856,2026-04-10 22:37:00+00:00,2026-04-10 22:37
trump,274202,2026-04-10 22:37:00+00:00,2026-04-10 22:37
israel,160785,2026-04-10 22:37:00+00:00,2026-04-10 22:37
sánchez,154887,2026-04-10 22:37:00+00:00,2026-04-10 22:37
guerra irán,139343,2026-04-10 22:37:00+00:00,2026-04-10 22:37
málaga,109914,2026-04-10 22:37:00+00:00,2026-04-10 22:37
ormuz,97583,2026-04-10 22:37:00+00:00,2026-04-10 22:37
diario,93989,2026-04-10 22:37:00+00:00,2026-04-10 22:37
santa,93638,2026-04-10 22:37:00+00:00,2026-04-10 22:37
aragón,84128,2026-04-10 22:37:00+00:00,2026-04-10 22:37
semana santa,82233,2026-04-10 22:37:00+00:00,2026-04-10 22:37
español,80610,2026-04-10 22:37:00+00:00,2026-04-10 22:37
líbano,80058,2026-04-10 22:37:00+00:00,2026-04-10 22:37
petróleo,77693,2026-04-10 22:37:00+00:00,2026-04-10 22:37
internacional,425791,2026-04-10 23:07:00+00:00,2026-04-10 23:07
irán,383422,2026-04-10 23:07:00+00:00,2026-04-10 23:07
guerra,317927,2026-04-10 23:07:00+00:00,2026-04-10 23:07
trump,274278,2026-04-10 23:07:00+00:00,2026-04-10 23:07
israel,160790,2026-04-10 23:07:00+00:00,2026-04-10 23:07
sánchez,154892,2026-04-10 23:07:00+00:00,2026-04-10 23:07
guerra irán,139350,2026-04-10 23:07:00+00:00,2026-04-10 23:07
málaga,110634,2026-04-10 23:07:00+00:00,2026-04-10 23:07
ormuz,97930,2026-04-10 23:07:00+00:00,2026-04-10 23:07
diario,94383,2026-04-10 23:07:00+00:00,2026-04-10 23:07
santa,93538,2026-04-10 23:07:00+00:00,2026-04-10 23:07
aragón,84129,2026-04-10 23:07:00+00:00,2026-04-10 23:07
semana santa,82131,2026-04-10 23:07:00+00:00,2026-04-10 23:07
español,80612,2026-04-10 23:07:00+00:00,2026-04-10 23:07
líbano,80059,2026-04-10 23:07:00+00:00,2026-04-10 23:07
petróleo,77596,2026-04-10 23:07:00+00:00,2026-04-10 23:07
internacional,424911,2026-04-10 23:37:00+00:00,2026-04-10 23:37
irán,383481,2026-04-10 23:37:00+00:00,2026-04-10 23:37
guerra,317851,2026-04-10 23:37:00+00:00,2026-04-10 23:37
trump,274599,2026-04-10 23:37:00+00:00,2026-04-10 23:37
israel,161052,2026-04-10 23:37:00+00:00,2026-04-10 23:37
sánchez,155106,2026-04-10 23:37:00+00:00,2026-04-10 23:37
guerra irán,139241,2026-04-10 23:37:00+00:00,2026-04-10 23:37
málaga,111550,2026-04-10 23:37:00+00:00,2026-04-10 23:37
ormuz,97768,2026-04-10 23:37:00+00:00,2026-04-10 23:37
diario,94314,2026-04-10 23:37:00+00:00,2026-04-10 23:37
santa,93390,2026-04-10 23:37:00+00:00,2026-04-10 23:37
aragón,84131,2026-04-10 23:37:00+00:00,2026-04-10 23:37
semana santa,82083,2026-04-10 23:37:00+00:00,2026-04-10 23:37
español,80613,2026-04-10 23:37:00+00:00,2026-04-10 23:37
líbano,79886,2026-04-10 23:37:00+00:00,2026-04-10 23:37
petróleo,77598,2026-04-10 23:37:00+00:00,2026-04-10 23:37
internacional,425435,2026-04-11 00:07:00+00:00,2026-04-11 00:07
irán,383635,2026-04-11 00:07:00+00:00,2026-04-11 00:07
guerra,318159,2026-04-11 00:07:00+00:00,2026-04-11 00:07
trump,274387,2026-04-11 00:07:00+00:00,2026-04-11 00:07
israel,161419,2026-04-11 00:07:00+00:00,2026-04-11 00:07
sánchez,155183,2026-04-11 00:07:00+00:00,2026-04-11 00:07
guerra irán,139248,2026-04-11 00:07:00+00:00,2026-04-11 00:07
málaga,111552,2026-04-11 00:07:00+00:00,2026-04-11 00:07
ormuz,97705,2026-04-11 00:07:00+00:00,2026-04-11 00:07
diario,94238,2026-04-11 00:07:00+00:00,2026-04-11 00:07
santa,93391,2026-04-11 00:07:00+00:00,2026-04-11 00:07
aragón,84131,2026-04-11 00:07:00+00:00,2026-04-11 00:07
semana santa,82084,2026-04-11 00:07:00+00:00,2026-04-11 00:07
español,80615,2026-04-11 00:07:00+00:00,2026-04-11 00:07
líbano,79912,2026-04-11 00:07:00+00:00,2026-04-11 00:07
petróleo,77601,2026-04-11 00:07:00+00:00,2026-04-11 00:07
internacional,425979,2026-04-11 00:37:00+00:00,2026-04-11 00:37
irán,383171,2026-04-11 00:37:00+00:00,2026-04-11 00:37
guerra,318090,2026-04-11 00:37:00+00:00,2026-04-11 00:37
trump,273839,2026-04-11 00:37:00+00:00,2026-04-11 00:37
israel,161330,2026-04-11 00:37:00+00:00,2026-04-11 00:37
sánchez,155364,2026-04-11 00:37:00+00:00,2026-04-11 00:37
guerra irán,139134,2026-04-11 00:37:00+00:00,2026-04-11 00:37
málaga,111469,2026-04-11 00:37:00+00:00,2026-04-11 00:37
ormuz,97709,2026-04-11 00:37:00+00:00,2026-04-11 00:37
diario,94209,2026-04-11 00:37:00+00:00,2026-04-11 00:37
santa,93338,2026-04-11 00:37:00+00:00,2026-04-11 00:37
aragón,84206,2026-04-11 00:37:00+00:00,2026-04-11 00:37
semana santa,82040,2026-04-11 00:37:00+00:00,2026-04-11 00:37
español,80756,2026-04-11 00:37:00+00:00,2026-04-11 00:37
líbano,79932,2026-04-11 00:37:00+00:00,2026-04-11 00:37
petróleo,77652,2026-04-11 00:37:00+00:00,2026-04-11 00:37
internacional,426952,2026-04-11 01:07:00+00:00,2026-04-11 01:07
irán,383259,2026-04-11 01:07:00+00:00,2026-04-11 01:07
guerra,318168,2026-04-11 01:07:00+00:00,2026-04-11 01:07
trump,274282,2026-04-11 01:07:00+00:00,2026-04-11 01:07
israel,161319,2026-04-11 01:07:00+00:00,2026-04-11 01:07
sánchez,156013,2026-04-11 01:07:00+00:00,2026-04-11 01:07
guerra irán,139160,2026-04-11 01:07:00+00:00,2026-04-11 01:07
málaga,111359,2026-04-11 01:07:00+00:00,2026-04-11 01:07
ormuz,97634,2026-04-11 01:07:00+00:00,2026-04-11 01:07
diario,93370,2026-04-11 01:07:00+00:00,2026-04-11 01:07
santa,93310,2026-04-11 01:07:00+00:00,2026-04-11 01:07
aragón,83988,2026-04-11 01:07:00+00:00,2026-04-11 01:07
semana santa,82011,2026-04-11 01:07:00+00:00,2026-04-11 01:07
español,80683,2026-04-11 01:07:00+00:00,2026-04-11 01:07
líbano,79815,2026-04-11 01:07:00+00:00,2026-04-11 01:07
petróleo,77323,2026-04-11 01:07:00+00:00,2026-04-11 01:07
internacional,427262,2026-04-11 01:37:00+00:00,2026-04-11 01:37
irán,383365,2026-04-11 01:37:00+00:00,2026-04-11 01:37
guerra,318280,2026-04-11 01:37:00+00:00,2026-04-11 01:37
trump,274623,2026-04-11 01:37:00+00:00,2026-04-11 01:37
israel,161253,2026-04-11 01:37:00+00:00,2026-04-11 01:37
sánchez,156135,2026-04-11 01:37:00+00:00,2026-04-11 01:37
guerra irán,139310,2026-04-11 01:37:00+00:00,2026-04-11 01:37
málaga,111361,2026-04-11 01:37:00+00:00,2026-04-11 01:37
ormuz,98173,2026-04-11 01:37:00+00:00,2026-04-11 01:37
diario,93373,2026-04-11 01:37:00+00:00,2026-04-11 01:37
santa,93313,2026-04-11 01:37:00+00:00,2026-04-11 01:37
aragón,83990,2026-04-11 01:37:00+00:00,2026-04-11 01:37
semana santa,82013,2026-04-11 01:37:00+00:00,2026-04-11 01:37
español,80828,2026-04-11 01:37:00+00:00,2026-04-11 01:37
líbano,79906,2026-04-11 01:37:00+00:00,2026-04-11 01:37
petróleo,77328,2026-04-11 01:37:00+00:00,2026-04-11 01:37
internacional,426737,2026-04-11 02:07:00+00:00,2026-04-11 02:07
irán,383258,2026-04-11 02:07:00+00:00,2026-04-11 02:07
guerra,318277,2026-04-11 02:07:00+00:00,2026-04-11 02:07
trump,274342,2026-04-11 02:07:00+00:00,2026-04-11 02:07
israel,161328,2026-04-11 02:07:00+00:00,2026-04-11 02:07
sánchez,155848,2026-04-11 02:07:00+00:00,2026-04-11 02:07
guerra irán,139336,2026-04-11 02:07:00+00:00,2026-04-11 02:07
málaga,111474,2026-04-11 02:07:00+00:00,2026-04-11 02:07
ormuz,97944,2026-04-11 02:07:00+00:00,2026-04-11 02:07
diario,94216,2026-04-11 02:07:00+00:00,2026-04-11 02:07
santa,93194,2026-04-11 02:07:00+00:00,2026-04-11 02:07
aragón,84110,2026-04-11 02:07:00+00:00,2026-04-11 02:07
semana santa,81893,2026-04-11 02:07:00+00:00,2026-04-11 02:07
español,80908,2026-04-11 02:07:00+00:00,2026-04-11 02:07
líbano,80340,2026-04-11 02:07:00+00:00,2026-04-11 02:07
petróleo,77464,2026-04-11 02:07:00+00:00,2026-04-11 02:07
internacional,426722,2026-04-11 02:37:00+00:00,2026-04-11 02:37
irán,383268,2026-04-11 02:37:00+00:00,2026-04-11 02:37
guerra,318230,2026-04-11 02:37:00+00:00,2026-04-11 02:37
trump,274198,2026-04-11 02:37:00+00:00,2026-04-11 02:37
israel,161144,2026-04-11 02:37:00+00:00,2026-04-11 02:37
sánchez,155850,2026-04-11 02:37:00+00:00,2026-04-11 02:37
guerra irán,139338,2026-04-11 02:37:00+00:00,2026-04-11 02:37
málaga,111476,2026-04-11 02:37:00+00:00,2026-04-11 02:37
ormuz,97945,2026-04-11 02:37:00+00:00,2026-04-11 02:37
diario,94218,2026-04-11 02:37:00+00:00,2026-04-11 02:37
santa,93197,2026-04-11 02:37:00+00:00,2026-04-11 02:37
aragón,84111,2026-04-11 02:37:00+00:00,2026-04-11 02:37
semana santa,81896,2026-04-11 02:37:00+00:00,2026-04-11 02:37
español,80851,2026-04-11 02:37:00+00:00,2026-04-11 02:37
líbano,80341,2026-04-11 02:37:00+00:00,2026-04-11 02:37
petróleo,77466,2026-04-11 02:37:00+00:00,2026-04-11 02:37
internacional,425227,2026-04-11 03:07:00+00:00,2026-04-11 03:07
irán,382344,2026-04-11 03:07:00+00:00,2026-04-11 03:07
guerra,318008,2026-04-11 03:07:00+00:00,2026-04-11 03:07
trump,274172,2026-04-11 03:07:00+00:00,2026-04-11 03:07
israel,160825,2026-04-11 03:07:00+00:00,2026-04-11 03:07
sánchez,156015,2026-04-11 03:07:00+00:00,2026-04-11 03:07
guerra irán,139297,2026-04-11 03:07:00+00:00,2026-04-11 03:07
málaga,111328,2026-04-11 03:07:00+00:00,2026-04-11 03:07
ormuz,97865,2026-04-11 03:07:00+00:00,2026-04-11 03:07
diario,93478,2026-04-11 03:07:00+00:00,2026-04-11 03:07
santa,92727,2026-04-11 03:07:00+00:00,2026-04-11 03:07
aragón,82300,2026-04-11 03:07:00+00:00,2026-04-11 03:07
semana santa,81380,2026-04-11 03:07:00+00:00,2026-04-11 03:07
español,80613,2026-04-11 03:07:00+00:00,2026-04-11 03:07
líbano,79928,2026-04-11 03:07:00+00:00,2026-04-11 03:07
petróleo,77367,2026-04-11 03:07:00+00:00,2026-04-11 03:07
internacional,425581,2026-04-11 03:37:00+00:00,2026-04-11 03:37
irán,382132,2026-04-11 03:37:00+00:00,2026-04-11 03:37
guerra,317088,2026-04-11 03:37:00+00:00,2026-04-11 03:37
trump,273798,2026-04-11 03:37:00+00:00,2026-04-11 03:37
israel,161124,2026-04-11 03:37:00+00:00,2026-04-11 03:37
sánchez,155828,2026-04-11 03:37:00+00:00,2026-04-11 03:37
guerra irán,139162,2026-04-11 03:37:00+00:00,2026-04-11 03:37
málaga,111874,2026-04-11 03:37:00+00:00,2026-04-11 03:37
ormuz,96983,2026-04-11 03:37:00+00:00,2026-04-11 03:37
diario,94223,2026-04-11 03:37:00+00:00,2026-04-11 03:37
santa,92612,2026-04-11 03:37:00+00:00,2026-04-11 03:37
aragón,83159,2026-04-11 03:37:00+00:00,2026-04-11 03:37
semana santa,81367,2026-04-11 03:37:00+00:00,2026-04-11 03:37
español,80546,2026-04-11 03:37:00+00:00,2026-04-11 03:37
líbano,80203,2026-04-11 03:37:00+00:00,2026-04-11 03:37
petróleo,77404,2026-04-11 03:37:00+00:00,2026-04-11 03:37
final,76742,2026-04-11 03:37:00+00:00,2026-04-11 03:37
internacional,424930,2026-04-11 04:07:00+00:00,2026-04-11 04:07
irán,381879,2026-04-11 04:07:00+00:00,2026-04-11 04:07
guerra,317016,2026-04-11 04:07:00+00:00,2026-04-11 04:07
trump,274031,2026-04-11 04:07:00+00:00,2026-04-11 04:07
israel,161224,2026-04-11 04:07:00+00:00,2026-04-11 04:07
sánchez,155516,2026-04-11 04:07:00+00:00,2026-04-11 04:07
guerra irán,139343,2026-04-11 04:07:00+00:00,2026-04-11 04:07
málaga,111729,2026-04-11 04:07:00+00:00,2026-04-11 04:07
ormuz,96686,2026-04-11 04:07:00+00:00,2026-04-11 04:07
diario,93139,2026-04-11 04:07:00+00:00,2026-04-11 04:07
santa,92265,2026-04-11 04:07:00+00:00,2026-04-11 04:07
aragón,83201,2026-04-11 04:07:00+00:00,2026-04-11 04:07
semana santa,80976,2026-04-11 04:07:00+00:00,2026-04-11 04:07
español,80938,2026-04-11 04:07:00+00:00,2026-04-11 04:07
líbano,80097,2026-04-11 04:07:00+00:00,2026-04-11 04:07
petróleo,77271,2026-04-11 04:07:00+00:00,2026-04-11 04:07
final,76687,2026-04-11 04:07:00+00:00,2026-04-11 04:07
internacional,425619,2026-04-11 04:37:00+00:00,2026-04-11 04:37
irán,382422,2026-04-11 04:37:00+00:00,2026-04-11 04:37
guerra,317724,2026-04-11 04:37:00+00:00,2026-04-11 04:37
trump,275292,2026-04-11 04:37:00+00:00,2026-04-11 04:37
israel,161239,2026-04-11 04:37:00+00:00,2026-04-11 04:37
sánchez,155531,2026-04-11 04:37:00+00:00,2026-04-11 04:37
guerra irán,139302,2026-04-11 04:37:00+00:00,2026-04-11 04:37
málaga,111997,2026-04-11 04:37:00+00:00,2026-04-11 04:37
ormuz,97214,2026-04-11 04:37:00+00:00,2026-04-11 04:37
diario,93555,2026-04-11 04:37:00+00:00,2026-04-11 04:37
santa,92529,2026-04-11 04:37:00+00:00,2026-04-11 04:37
aragón,83207,2026-04-11 04:37:00+00:00,2026-04-11 04:37
semana santa,80986,2026-04-11 04:37:00+00:00,2026-04-11 04:37
español,80944,2026-04-11 04:37:00+00:00,2026-04-11 04:37
líbano,80101,2026-04-11 04:37:00+00:00,2026-04-11 04:37
petróleo,77491,2026-04-11 04:37:00+00:00,2026-04-11 04:37
final,76691,2026-04-11 04:37:00+00:00,2026-04-11 04:37
internacional,425721,2026-04-11 05:07:00+00:00,2026-04-11 05:07
irán,382435,2026-04-11 05:07:00+00:00,2026-04-11 05:07
guerra,316991,2026-04-11 05:07:00+00:00,2026-04-11 05:07
trump,275468,2026-04-11 05:07:00+00:00,2026-04-11 05:07
israel,161425,2026-04-11 05:07:00+00:00,2026-04-11 05:07
sánchez,155335,2026-04-11 05:07:00+00:00,2026-04-11 05:07
guerra irán,139304,2026-04-11 05:07:00+00:00,2026-04-11 05:07
málaga,111798,2026-04-11 05:07:00+00:00,2026-04-11 05:07
ormuz,97216,2026-04-11 05:07:00+00:00,2026-04-11 05:07
diario,93495,2026-04-11 05:07:00+00:00,2026-04-11 05:07
santa,92471,2026-04-11 05:07:00+00:00,2026-04-11 05:07
aragón,83208,2026-04-11 05:07:00+00:00,2026-04-11 05:07
semana santa,80926,2026-04-11 05:07:00+00:00,2026-04-11 05:07
español,80815,2026-04-11 05:07:00+00:00,2026-04-11 05:07
líbano,80330,2026-04-11 05:07:00+00:00,2026-04-11 05:07
petróleo,77492,2026-04-11 05:07:00+00:00,2026-04-11 05:07
final,76691,2026-04-11 05:07:00+00:00,2026-04-11 05:07
internacional,425663,2026-04-11 05:37:00+00:00,2026-04-11 05:37
irán,381664,2026-04-11 05:37:00+00:00,2026-04-11 05:37
guerra,316989,2026-04-11 05:37:00+00:00,2026-04-11 05:37
trump,274469,2026-04-11 05:37:00+00:00,2026-04-11 05:37
israel,161223,2026-04-11 05:37:00+00:00,2026-04-11 05:37
sánchez,154822,2026-04-11 05:37:00+00:00,2026-04-11 05:37
guerra irán,139193,2026-04-11 05:37:00+00:00,2026-04-11 05:37
málaga,111722,2026-04-11 05:37:00+00:00,2026-04-11 05:37
ormuz,96900,2026-04-11 05:37:00+00:00,2026-04-11 05:37
diario,93500,2026-04-11 05:37:00+00:00,2026-04-11 05:37
santa,92348,2026-04-11 05:37:00+00:00,2026-04-11 05:37
aragón,83209,2026-04-11 05:37:00+00:00,2026-04-11 05:37
español,81210,2026-04-11 05:37:00+00:00,2026-04-11 05:37
semana santa,80802,2026-04-11 05:37:00+00:00,2026-04-11 05:37
líbano,80189,2026-04-11 05:37:00+00:00,2026-04-11 05:37
petróleo,77494,2026-04-11 05:37:00+00:00,2026-04-11 05:37
final,77327,2026-04-11 05:37:00+00:00,2026-04-11 05:37
internacional,425816,2026-04-11 06:07:00+00:00,2026-04-11 06:07
irán,381451,2026-04-11 06:07:00+00:00,2026-04-11 06:07
guerra,316966,2026-04-11 06:07:00+00:00,2026-04-11 06:07
trump,275011,2026-04-11 06:07:00+00:00,2026-04-11 06:07
israel,161250,2026-04-11 06:07:00+00:00,2026-04-11 06:07
sánchez,155411,2026-04-11 06:07:00+00:00,2026-04-11 06:07
guerra irán,139168,2026-04-11 06:07:00+00:00,2026-04-11 06:07
málaga,111594,2026-04-11 06:07:00+00:00,2026-04-11 06:07
ormuz,96763,2026-04-11 06:07:00+00:00,2026-04-11 06:07
diario,93423,2026-04-11 06:07:00+00:00,2026-04-11 06:07
santa,92255,2026-04-11 06:07:00+00:00,2026-04-11 06:07
aragón,83211,2026-04-11 06:07:00+00:00,2026-04-11 06:07
español,81490,2026-04-11 06:07:00+00:00,2026-04-11 06:07
semana santa,80706,2026-04-11 06:07:00+00:00,2026-04-11 06:07
líbano,79835,2026-04-11 06:07:00+00:00,2026-04-11 06:07
final,77671,2026-04-11 06:07:00+00:00,2026-04-11 06:07
petróleo,77446,2026-04-11 06:07:00+00:00,2026-04-11 06:07
artemis,76168,2026-04-11 06:07:00+00:00,2026-04-11 06:07
internacional,425097,2026-04-11 06:37:00+00:00,2026-04-11 06:37
irán,380954,2026-04-11 06:37:00+00:00,2026-04-11 06:37
guerra,316634,2026-04-11 06:37:00+00:00,2026-04-11 06:37
trump,274686,2026-04-11 06:37:00+00:00,2026-04-11 06:37
israel,160803,2026-04-11 06:37:00+00:00,2026-04-11 06:37
sánchez,155216,2026-04-11 06:37:00+00:00,2026-04-11 06:37
guerra irán,138984,2026-04-11 06:37:00+00:00,2026-04-11 06:37
málaga,111428,2026-04-11 06:37:00+00:00,2026-04-11 06:37
ormuz,96830,2026-04-11 06:37:00+00:00,2026-04-11 06:37
diario,93168,2026-04-11 06:37:00+00:00,2026-04-11 06:37
santa,92257,2026-04-11 06:37:00+00:00,2026-04-11 06:37
aragón,83608,2026-04-11 06:37:00+00:00,2026-04-11 06:37
español,81755,2026-04-11 06:37:00+00:00,2026-04-11 06:37
semana santa,80708,2026-04-11 06:37:00+00:00,2026-04-11 06:37
líbano,79144,2026-04-11 06:37:00+00:00,2026-04-11 06:37
petróleo,77734,2026-04-11 06:37:00+00:00,2026-04-11 06:37
final,77389,2026-04-11 06:37:00+00:00,2026-04-11 06:37
artemis,76288,2026-04-11 06:37:00+00:00,2026-04-11 06:37
internacional,424755,2026-04-11 07:07:00+00:00,2026-04-11 07:07
irán,380302,2026-04-11 07:07:00+00:00,2026-04-11 07:07
guerra,316849,2026-04-11 07:07:00+00:00,2026-04-11 07:07
trump,274872,2026-04-11 07:07:00+00:00,2026-04-11 07:07
israel,160551,2026-04-11 07:07:00+00:00,2026-04-11 07:07
sánchez,155532,2026-04-11 07:07:00+00:00,2026-04-11 07:07
guerra irán,138910,2026-04-11 07:07:00+00:00,2026-04-11 07:07
málaga,111275,2026-04-11 07:07:00+00:00,2026-04-11 07:07
ormuz,96379,2026-04-11 07:07:00+00:00,2026-04-11 07:07
diario,92985,2026-04-11 07:07:00+00:00,2026-04-11 07:07
santa,92091,2026-04-11 07:07:00+00:00,2026-04-11 07:07
aragón,82809,2026-04-11 07:07:00+00:00,2026-04-11 07:07
español,81756,2026-04-11 07:07:00+00:00,2026-04-11 07:07
semana santa,80540,2026-04-11 07:07:00+00:00,2026-04-11 07:07
líbano,79050,2026-04-11 07:07:00+00:00,2026-04-11 07:07
petróleo,77735,2026-04-11 07:07:00+00:00,2026-04-11 07:07
final,77290,2026-04-11 07:07:00+00:00,2026-04-11 07:07
artemis,76702,2026-04-11 07:07:00+00:00,2026-04-11 07:07
internacional,424854,2026-04-11 07:37:00+00:00,2026-04-11 07:37
irán,380019,2026-04-11 07:37:00+00:00,2026-04-11 07:37
guerra,316612,2026-04-11 07:37:00+00:00,2026-04-11 07:37
trump,275012,2026-04-11 07:37:00+00:00,2026-04-11 07:37
israel,159914,2026-04-11 07:37:00+00:00,2026-04-11 07:37
sánchez,155456,2026-04-11 07:37:00+00:00,2026-04-11 07:37
guerra irán,139008,2026-04-11 07:37:00+00:00,2026-04-11 07:37
málaga,111178,2026-04-11 07:37:00+00:00,2026-04-11 07:37
ormuz,96227,2026-04-11 07:37:00+00:00,2026-04-11 07:37
diario,93023,2026-04-11 07:37:00+00:00,2026-04-11 07:37
santa,92012,2026-04-11 07:37:00+00:00,2026-04-11 07:37
aragón,82712,2026-04-11 07:37:00+00:00,2026-04-11 07:37
español,81457,2026-04-11 07:37:00+00:00,2026-04-11 07:37
semana santa,80459,2026-04-11 07:37:00+00:00,2026-04-11 07:37
líbano,78742,2026-04-11 07:37:00+00:00,2026-04-11 07:37
petróleo,77710,2026-04-11 07:37:00+00:00,2026-04-11 07:37
artemis,77645,2026-04-11 07:37:00+00:00,2026-04-11 07:37
final,77093,2026-04-11 07:37:00+00:00,2026-04-11 07:37
internacional,424815,2026-04-11 08:07:00+00:00,2026-04-11 08:07
irán,379830,2026-04-11 08:07:00+00:00,2026-04-11 08:07
guerra,316754,2026-04-11 08:07:00+00:00,2026-04-11 08:07
trump,274976,2026-04-11 08:07:00+00:00,2026-04-11 08:07
israel,159568,2026-04-11 08:07:00+00:00,2026-04-11 08:07
sánchez,155404,2026-04-11 08:07:00+00:00,2026-04-11 08:07
guerra irán,139068,2026-04-11 08:07:00+00:00,2026-04-11 08:07
málaga,111253,2026-04-11 08:07:00+00:00,2026-04-11 08:07
ormuz,96079,2026-04-11 08:07:00+00:00,2026-04-11 08:07
diario,93743,2026-04-11 08:07:00+00:00,2026-04-11 08:07
santa,91932,2026-04-11 08:07:00+00:00,2026-04-11 08:07
aragón,82522,2026-04-11 08:07:00+00:00,2026-04-11 08:07
español,81459,2026-04-11 08:07:00+00:00,2026-04-11 08:07
semana santa,80378,2026-04-11 08:07:00+00:00,2026-04-11 08:07
líbano,78237,2026-04-11 08:07:00+00:00,2026-04-11 08:07
petróleo,77712,2026-04-11 08:07:00+00:00,2026-04-11 08:07
artemis,77327,2026-04-11 08:07:00+00:00,2026-04-11 08:07
final,77014,2026-04-11 08:07:00+00:00,2026-04-11 08:07
internacional,423511,2026-04-11 08:37:00+00:00,2026-04-11 08:37
irán,379144,2026-04-11 08:37:00+00:00,2026-04-11 08:37
guerra,316434,2026-04-11 08:37:00+00:00,2026-04-11 08:37
trump,275284,2026-04-11 08:37:00+00:00,2026-04-11 08:37
israel,159483,2026-04-11 08:37:00+00:00,2026-04-11 08:37
sánchez,155658,2026-04-11 08:37:00+00:00,2026-04-11 08:37
guerra irán,138752,2026-04-11 08:37:00+00:00,2026-04-11 08:37
málaga,111056,2026-04-11 08:37:00+00:00,2026-04-11 08:37
ormuz,96310,2026-04-11 08:37:00+00:00,2026-04-11 08:37
diario,93747,2026-04-11 08:37:00+00:00,2026-04-11 08:37
santa,91787,2026-04-11 08:37:00+00:00,2026-04-11 08:37
aragón,82523,2026-04-11 08:37:00+00:00,2026-04-11 08:37
español,81224,2026-04-11 08:37:00+00:00,2026-04-11 08:37
semana santa,80230,2026-04-11 08:37:00+00:00,2026-04-11 08:37
líbano,78238,2026-04-11 08:37:00+00:00,2026-04-11 08:37
petróleo,77521,2026-04-11 08:37:00+00:00,2026-04-11 08:37
artemis,77084,2026-04-11 08:37:00+00:00,2026-04-11 08:37
final,76771,2026-04-11 08:37:00+00:00,2026-04-11 08:37
internacional,422910,2026-04-11 09:07:00+00:00,2026-04-11 09:07
irán,378950,2026-04-11 09:07:00+00:00,2026-04-11 09:07
guerra,316393,2026-04-11 09:07:00+00:00,2026-04-11 09:07
trump,275273,2026-04-11 09:07:00+00:00,2026-04-11 09:07
israel,159545,2026-04-11 09:07:00+00:00,2026-04-11 09:07
sánchez,155970,2026-04-11 09:07:00+00:00,2026-04-11 09:07
guerra irán,138668,2026-04-11 09:07:00+00:00,2026-04-11 09:07
málaga,110759,2026-04-11 09:07:00+00:00,2026-04-11 09:07
ormuz,95995,2026-04-11 09:07:00+00:00,2026-04-11 09:07
diario,93733,2026-04-11 09:07:00+00:00,2026-04-11 09:07
santa,91632,2026-04-11 09:07:00+00:00,2026-04-11 09:07
aragón,83038,2026-04-11 09:07:00+00:00,2026-04-11 09:07
español,81227,2026-04-11 09:07:00+00:00,2026-04-11 09:07
semana santa,80072,2026-04-11 09:07:00+00:00,2026-04-11 09:07
líbano,78412,2026-04-11 09:07:00+00:00,2026-04-11 09:07
artemis,77580,2026-04-11 09:07:00+00:00,2026-04-11 09:07
petróleo,77525,2026-04-11 09:07:00+00:00,2026-04-11 09:07
final,76633,2026-04-11 09:07:00+00:00,2026-04-11 09:07
internacional,422092,2026-04-11 09:37:00+00:00,2026-04-11 09:37
irán,378405,2026-04-11 09:37:00+00:00,2026-04-11 09:37
guerra,315619,2026-04-11 09:37:00+00:00,2026-04-11 09:37
trump,275134,2026-04-11 09:37:00+00:00,2026-04-11 09:37
israel,159498,2026-04-11 09:37:00+00:00,2026-04-11 09:37
sánchez,155730,2026-04-11 09:37:00+00:00,2026-04-11 09:37
guerra irán,138054,2026-04-11 09:37:00+00:00,2026-04-11 09:37
málaga,110518,2026-04-11 09:37:00+00:00,2026-04-11 09:37
ormuz,96131,2026-04-11 09:37:00+00:00,2026-04-11 09:37
diario,93382,2026-04-11 09:37:00+00:00,2026-04-11 09:37
santa,91762,2026-04-11 09:37:00+00:00,2026-04-11 09:37
aragón,83363,2026-04-11 09:37:00+00:00,2026-04-11 09:37
español,80749,2026-04-11 09:37:00+00:00,2026-04-11 09:37
semana santa,79914,2026-04-11 09:37:00+00:00,2026-04-11 09:37
líbano,78104,2026-04-11 09:37:00+00:00,2026-04-11 09:37
artemis,77781,2026-04-11 09:37:00+00:00,2026-04-11 09:37
petróleo,77361,2026-04-11 09:37:00+00:00,2026-04-11 09:37
final,76436,2026-04-11 09:37:00+00:00,2026-04-11 09:37
internacional,421618,2026-04-11 10:07:00+00:00,2026-04-11 10:07
irán,377918,2026-04-11 10:07:00+00:00,2026-04-11 10:07
guerra,315017,2026-04-11 10:07:00+00:00,2026-04-11 10:07
trump,275288,2026-04-11 10:07:00+00:00,2026-04-11 10:07
israel,158898,2026-04-11 10:07:00+00:00,2026-04-11 10:07
sánchez,155668,2026-04-11 10:07:00+00:00,2026-04-11 10:07
guerra irán,137806,2026-04-11 10:07:00+00:00,2026-04-11 10:07
málaga,110521,2026-04-11 10:07:00+00:00,2026-04-11 10:07
ormuz,96135,2026-04-11 10:07:00+00:00,2026-04-11 10:07
diario,93436,2026-04-11 10:07:00+00:00,2026-04-11 10:07
santa,91515,2026-04-11 10:07:00+00:00,2026-04-11 10:07
aragón,83365,2026-04-11 10:07:00+00:00,2026-04-11 10:07
español,80454,2026-04-11 10:07:00+00:00,2026-04-11 10:07
semana santa,79663,2026-04-11 10:07:00+00:00,2026-04-11 10:07
artemis,78074,2026-04-11 10:07:00+00:00,2026-04-11 10:07
líbano,77901,2026-04-11 10:07:00+00:00,2026-04-11 10:07
petróleo,77227,2026-04-11 10:07:00+00:00,2026-04-11 10:07
final,76011,2026-04-11 10:07:00+00:00,2026-04-11 10:07
internacional,421837,2026-04-11 10:37:00+00:00,2026-04-11 10:37
irán,377811,2026-04-11 10:37:00+00:00,2026-04-11 10:37
guerra,314767,2026-04-11 10:37:00+00:00,2026-04-11 10:37
trump,275632,2026-04-11 10:37:00+00:00,2026-04-11 10:37
israel,158825,2026-04-11 10:37:00+00:00,2026-04-11 10:37
sánchez,156231,2026-04-11 10:37:00+00:00,2026-04-11 10:37
guerra irán,137634,2026-04-11 10:37:00+00:00,2026-04-11 10:37
málaga,110387,2026-04-11 10:37:00+00:00,2026-04-11 10:37
ormuz,96277,2026-04-11 10:37:00+00:00,2026-04-11 10:37
diario,93757,2026-04-11 10:37:00+00:00,2026-04-11 10:37
santa,91281,2026-04-11 10:37:00+00:00,2026-04-11 10:37
aragón,83690,2026-04-11 10:37:00+00:00,2026-04-11 10:37
español,79804,2026-04-11 10:37:00+00:00,2026-04-11 10:37
semana santa,79424,2026-04-11 10:37:00+00:00,2026-04-11 10:37
artemis,78079,2026-04-11 10:37:00+00:00,2026-04-11 10:37
líbano,77708,2026-04-11 10:37:00+00:00,2026-04-11 10:37
petróleo,77308,2026-04-11 10:37:00+00:00,2026-04-11 10:37
final,76014,2026-04-11 10:37:00+00:00,2026-04-11 10:37
internacional,421240,2026-04-11 11:07:00+00:00,2026-04-11 11:07
irán,378111,2026-04-11 11:07:00+00:00,2026-04-11 11:07
guerra,314606,2026-04-11 11:07:00+00:00,2026-04-11 11:07
trump,275769,2026-04-11 11:07:00+00:00,2026-04-11 11:07
israel,159163,2026-04-11 11:07:00+00:00,2026-04-11 11:07
sánchez,155996,2026-04-11 11:07:00+00:00,2026-04-11 11:07
guerra irán,137611,2026-04-11 11:07:00+00:00,2026-04-11 11:07
málaga,110136,2026-04-11 11:07:00+00:00,2026-04-11 11:07
ormuz,96460,2026-04-11 11:07:00+00:00,2026-04-11 11:07
diario,93758,2026-04-11 11:07:00+00:00,2026-04-11 11:07
santa,91133,2026-04-11 11:07:00+00:00,2026-04-11 11:07
aragón,83049,2026-04-11 11:07:00+00:00,2026-04-11 11:07
español,79809,2026-04-11 11:07:00+00:00,2026-04-11 11:07
semana santa,79273,2026-04-11 11:07:00+00:00,2026-04-11 11:07
artemis,78071,2026-04-11 11:07:00+00:00,2026-04-11 11:07
líbano,77609,2026-04-11 11:07:00+00:00,2026-04-11 11:07
petróleo,77313,2026-04-11 11:07:00+00:00,2026-04-11 11:07
muere,76117,2026-04-11 11:07:00+00:00,2026-04-11 11:07
internacional,419757,2026-04-11 11:37:00+00:00,2026-04-11 11:37
irán,378039,2026-04-11 11:37:00+00:00,2026-04-11 11:37
guerra,314787,2026-04-11 11:37:00+00:00,2026-04-11 11:37
trump,275581,2026-04-11 11:37:00+00:00,2026-04-11 11:37
israel,159144,2026-04-11 11:37:00+00:00,2026-04-11 11:37
sánchez,155816,2026-04-11 11:37:00+00:00,2026-04-11 11:37
guerra irán,137579,2026-04-11 11:37:00+00:00,2026-04-11 11:37
málaga,109830,2026-04-11 11:37:00+00:00,2026-04-11 11:37
ormuz,96464,2026-04-11 11:37:00+00:00,2026-04-11 11:37
diario,93671,2026-04-11 11:37:00+00:00,2026-04-11 11:37
santa,90867,2026-04-11 11:37:00+00:00,2026-04-11 11:37
aragón,83052,2026-04-11 11:37:00+00:00,2026-04-11 11:37
español,79494,2026-04-11 11:37:00+00:00,2026-04-11 11:37
semana santa,79116,2026-04-11 11:37:00+00:00,2026-04-11 11:37
artemis,78617,2026-04-11 11:37:00+00:00,2026-04-11 11:37
carlos,77545,2026-04-11 11:37:00+00:00,2026-04-11 11:37
líbano,77387,2026-04-11 11:37:00+00:00,2026-04-11 11:37
petróleo,77317,2026-04-11 11:37:00+00:00,2026-04-11 11:37
internacional,420108,2026-04-11 12:07:00+00:00,2026-04-11 12:07
irán,378125,2026-04-11 12:07:00+00:00,2026-04-11 12:07
guerra,315238,2026-04-11 12:07:00+00:00,2026-04-11 12:07
trump,275504,2026-04-11 12:07:00+00:00,2026-04-11 12:07
israel,159075,2026-04-11 12:07:00+00:00,2026-04-11 12:07
sánchez,155302,2026-04-11 12:07:00+00:00,2026-04-11 12:07
guerra irán,137585,2026-04-11 12:07:00+00:00,2026-04-11 12:07
málaga,109833,2026-04-11 12:07:00+00:00,2026-04-11 12:07
ormuz,96158,2026-04-11 12:07:00+00:00,2026-04-11 12:07
diario,93779,2026-04-11 12:07:00+00:00,2026-04-11 12:07
santa,90551,2026-04-11 12:07:00+00:00,2026-04-11 12:07
aragón,83150,2026-04-11 12:07:00+00:00,2026-04-11 12:07
semana santa,78998,2026-04-11 12:07:00+00:00,2026-04-11 12:07
español,78968,2026-04-11 12:07:00+00:00,2026-04-11 12:07
artemis,78753,2026-04-11 12:07:00+00:00,2026-04-11 12:07
carlos,78603,2026-04-11 12:07:00+00:00,2026-04-11 12:07
líbano,77389,2026-04-11 12:07:00+00:00,2026-04-11 12:07
petróleo,77319,2026-04-11 12:07:00+00:00,2026-04-11 12:07
muere,76517,2026-04-11 12:07:00+00:00,2026-04-11 12:07
internacional,420854,2026-04-11 12:36:00+00:00,2026-04-11 12:36
irán,378308,2026-04-11 12:36:00+00:00,2026-04-11 12:36
guerra,315431,2026-04-11 12:36:00+00:00,2026-04-11 12:36
trump,275786,2026-04-11 12:36:00+00:00,2026-04-11 12:36
israel,159278,2026-04-11 12:36:00+00:00,2026-04-11 12:36
sánchez,155491,2026-04-11 12:36:00+00:00,2026-04-11 12:36
guerra irán,137659,2026-04-11 12:36:00+00:00,2026-04-11 12:36
málaga,109437,2026-04-11 12:36:00+00:00,2026-04-11 12:36
ormuz,95973,2026-04-11 12:36:00+00:00,2026-04-11 12:36
diario,93796,2026-04-11 12:36:00+00:00,2026-04-11 12:36
santa,90511,2026-04-11 12:36:00+00:00,2026-04-11 12:36
aragón,83164,2026-04-11 12:36:00+00:00,2026-04-11 12:36
semana santa,78957,2026-04-11 12:36:00+00:00,2026-04-11 12:36
español,78854,2026-04-11 12:36:00+00:00,2026-04-11 12:36
artemis,78718,2026-04-11 12:36:00+00:00,2026-04-11 12:36
carlos,77987,2026-04-11 12:36:00+00:00,2026-04-11 12:36
líbano,77490,2026-04-11 12:36:00+00:00,2026-04-11 12:36
petróleo,77335,2026-04-11 12:36:00+00:00,2026-04-11 12:36
final,76721,2026-04-11 12:36:00+00:00,2026-04-11 12:36
internacional,420532,2026-04-11 13:06:00+00:00,2026-04-11 13:06
irán,377447,2026-04-11 13:06:00+00:00,2026-04-11 13:06
guerra,314895,2026-04-11 13:06:00+00:00,2026-04-11 13:06
trump,275178,2026-04-11 13:06:00+00:00,2026-04-11 13:06
israel,158655,2026-04-11 13:06:00+00:00,2026-04-11 13:06
sánchez,155285,2026-04-11 13:06:00+00:00,2026-04-11 13:06
guerra irán,137538,2026-04-11 13:06:00+00:00,2026-04-11 13:06
málaga,110074,2026-04-11 13:06:00+00:00,2026-04-11 13:06
ormuz,95358,2026-04-11 13:06:00+00:00,2026-04-11 13:06
diario,93988,2026-04-11 13:06:00+00:00,2026-04-11 13:06
santa,90461,2026-04-11 13:06:00+00:00,2026-04-11 13:06
aragón,83166,2026-04-11 13:06:00+00:00,2026-04-11 13:06
español,78934,2026-04-11 13:06:00+00:00,2026-04-11 13:06
semana santa,78906,2026-04-11 13:06:00+00:00,2026-04-11 13:06
artemis,78630,2026-04-11 13:06:00+00:00,2026-04-11 13:06
carlos,78345,2026-04-11 13:06:00+00:00,2026-04-11 13:06
petróleo,77004,2026-04-11 13:06:00+00:00,2026-04-11 13:06
líbano,76967,2026-04-11 13:06:00+00:00,2026-04-11 13:06
final,76519,2026-04-11 13:06:00+00:00,2026-04-11 13:06
internacional,420130,2026-04-11 13:36:00+00:00,2026-04-11 13:36
irán,378316,2026-04-11 13:36:00+00:00,2026-04-11 13:36
guerra,315524,2026-04-11 13:36:00+00:00,2026-04-11 13:36
trump,275735,2026-04-11 13:36:00+00:00,2026-04-11 13:36
israel,158898,2026-04-11 13:36:00+00:00,2026-04-11 13:36
sánchez,156193,2026-04-11 13:36:00+00:00,2026-04-11 13:36
guerra irán,137576,2026-04-11 13:36:00+00:00,2026-04-11 13:36
málaga,109885,2026-04-11 13:36:00+00:00,2026-04-11 13:36
ormuz,95656,2026-04-11 13:36:00+00:00,2026-04-11 13:36
diario,94395,2026-04-11 13:36:00+00:00,2026-04-11 13:36
santa,90390,2026-04-11 13:36:00+00:00,2026-04-11 13:36
aragón,83170,2026-04-11 13:36:00+00:00,2026-04-11 13:36
artemis,79520,2026-04-11 13:36:00+00:00,2026-04-11 13:36
carlos,79092,2026-04-11 13:36:00+00:00,2026-04-11 13:36
semana santa,78803,2026-04-11 13:36:00+00:00,2026-04-11 13:36
español,78673,2026-04-11 13:36:00+00:00,2026-04-11 13:36
muere,77968,2026-04-11 13:36:00+00:00,2026-04-11 13:36
petróleo,77011,2026-04-11 13:36:00+00:00,2026-04-11 13:36
internacional,420488,2026-04-11 14:06:00+00:00,2026-04-11 14:06
irán,378459,2026-04-11 14:06:00+00:00,2026-04-11 14:06
guerra,315553,2026-04-11 14:06:00+00:00,2026-04-11 14:06
trump,275514,2026-04-11 14:06:00+00:00,2026-04-11 14:06
israel,159039,2026-04-11 14:06:00+00:00,2026-04-11 14:06
sánchez,155931,2026-04-11 14:06:00+00:00,2026-04-11 14:06
guerra irán,137592,2026-04-11 14:06:00+00:00,2026-04-11 14:06
málaga,109700,2026-04-11 14:06:00+00:00,2026-04-11 14:06
ormuz,95520,2026-04-11 14:06:00+00:00,2026-04-11 14:06
diario,94298,2026-04-11 14:06:00+00:00,2026-04-11 14:06
santa,90391,2026-04-11 14:06:00+00:00,2026-04-11 14:06
aragón,83172,2026-04-11 14:06:00+00:00,2026-04-11 14:06
artemis,79976,2026-04-11 14:06:00+00:00,2026-04-11 14:06
carlos,79642,2026-04-11 14:06:00+00:00,2026-04-11 14:06
semana santa,78804,2026-04-11 14:06:00+00:00,2026-04-11 14:06
español,78527,2026-04-11 14:06:00+00:00,2026-04-11 14:06
muere,77970,2026-04-11 14:06:00+00:00,2026-04-11 14:06
petróleo,77153,2026-04-11 14:06:00+00:00,2026-04-11 14:06
líbano,77082,2026-04-11 14:06:00+00:00,2026-04-11 14:06
internacional,420397,2026-04-11 14:36:00+00:00,2026-04-11 14:36
irán,378449,2026-04-11 14:36:00+00:00,2026-04-11 14:36
guerra,315855,2026-04-11 14:36:00+00:00,2026-04-11 14:36
trump,275121,2026-04-11 14:36:00+00:00,2026-04-11 14:36
israel,158945,2026-04-11 14:36:00+00:00,2026-04-11 14:36
sánchez,155836,2026-04-11 14:36:00+00:00,2026-04-11 14:36
guerra irán,137582,2026-04-11 14:36:00+00:00,2026-04-11 14:36
málaga,109704,2026-04-11 14:36:00+00:00,2026-04-11 14:36
ormuz,95423,2026-04-11 14:36:00+00:00,2026-04-11 14:36
diario,94167,2026-04-11 14:36:00+00:00,2026-04-11 14:36
santa,90273,2026-04-11 14:36:00+00:00,2026-04-11 14:36
aragón,83174,2026-04-11 14:36:00+00:00,2026-04-11 14:36
artemis,79977,2026-04-11 14:36:00+00:00,2026-04-11 14:36
carlos,79671,2026-04-11 14:36:00+00:00,2026-04-11 14:36
semana santa,78683,2026-04-11 14:36:00+00:00,2026-04-11 14:36
español,78402,2026-04-11 14:36:00+00:00,2026-04-11 14:36
muere,77972,2026-04-11 14:36:00+00:00,2026-04-11 14:36
internacional,420022,2026-04-11 15:06:00+00:00,2026-04-11 15:06
irán,378307,2026-04-11 15:06:00+00:00,2026-04-11 15:06
guerra,315613,2026-04-11 15:06:00+00:00,2026-04-11 15:06
trump,274797,2026-04-11 15:06:00+00:00,2026-04-11 15:06
israel,158946,2026-04-11 15:06:00+00:00,2026-04-11 15:06
sánchez,156478,2026-04-11 15:06:00+00:00,2026-04-11 15:06
guerra irán,137511,2026-04-11 15:06:00+00:00,2026-04-11 15:06
málaga,109706,2026-04-11 15:06:00+00:00,2026-04-11 15:06
ormuz,95368,2026-04-11 15:06:00+00:00,2026-04-11 15:06
diario,94454,2026-04-11 15:06:00+00:00,2026-04-11 15:06
santa,90178,2026-04-11 15:06:00+00:00,2026-04-11 15:06
aragón,82836,2026-04-11 15:06:00+00:00,2026-04-11 15:06
artemis,79908,2026-04-11 15:06:00+00:00,2026-04-11 15:06
carlos,79839,2026-04-11 15:06:00+00:00,2026-04-11 15:06
semana santa,78586,2026-04-11 15:06:00+00:00,2026-04-11 15:06
español,78480,2026-04-11 15:06:00+00:00,2026-04-11 15:06
muere,77974,2026-04-11 15:06:00+00:00,2026-04-11 15:06
final,77091,2026-04-11 15:06:00+00:00,2026-04-11 15:06
líbano,77020,2026-04-11 15:06:00+00:00,2026-04-11 15:06
internacional,419246,2026-04-11 15:36:00+00:00,2026-04-11 15:36
irán,377372,2026-04-11 15:36:00+00:00,2026-04-11 15:36
guerra,315247,2026-04-11 15:36:00+00:00,2026-04-11 15:36
trump,274193,2026-04-11 15:36:00+00:00,2026-04-11 15:36
israel,158720,2026-04-11 15:36:00+00:00,2026-04-11 15:36
sánchez,156642,2026-04-11 15:36:00+00:00,2026-04-11 15:36
guerra irán,137055,2026-04-11 15:36:00+00:00,2026-04-11 15:36
málaga,109391,2026-04-11 15:36:00+00:00,2026-04-11 15:36
ormuz,94872,2026-04-11 15:36:00+00:00,2026-04-11 15:36
diario,94257,2026-04-11 15:36:00+00:00,2026-04-11 15:36
santa,89799,2026-04-11 15:36:00+00:00,2026-04-11 15:36
aragón,82471,2026-04-11 15:36:00+00:00,2026-04-11 15:36
carlos,80914,2026-04-11 15:36:00+00:00,2026-04-11 15:36
artemis,79726,2026-04-11 15:36:00+00:00,2026-04-11 15:36
final,79291,2026-04-11 15:36:00+00:00,2026-04-11 15:36
semana santa,78537,2026-04-11 15:36:00+00:00,2026-04-11 15:36
español,78254,2026-04-11 15:36:00+00:00,2026-04-11 15:36
muere,77976,2026-04-11 15:36:00+00:00,2026-04-11 15:36
internacional,419790,2026-04-11 16:06:00+00:00,2026-04-11 16:06
irán,377538,2026-04-11 16:06:00+00:00,2026-04-11 16:06
guerra,315548,2026-04-11 16:06:00+00:00,2026-04-11 16:06
trump,274186,2026-04-11 16:06:00+00:00,2026-04-11 16:06
israel,158511,2026-04-11 16:06:00+00:00,2026-04-11 16:06
sánchez,156551,2026-04-11 16:06:00+00:00,2026-04-11 16:06
guerra irán,137045,2026-04-11 16:06:00+00:00,2026-04-11 16:06
málaga,109789,2026-04-11 16:06:00+00:00,2026-04-11 16:06
ormuz,95053,2026-04-11 16:06:00+00:00,2026-04-11 16:06
diario,94262,2026-04-11 16:06:00+00:00,2026-04-11 16:06
santa,89742,2026-04-11 16:06:00+00:00,2026-04-11 16:06
aragón,82355,2026-04-11 16:06:00+00:00,2026-04-11 16:06
carlos,81141,2026-04-11 16:06:00+00:00,2026-04-11 16:06
artemis,79918,2026-04-11 16:06:00+00:00,2026-04-11 16:06
final,79721,2026-04-11 16:06:00+00:00,2026-04-11 16:06
semana santa,78479,2026-04-11 16:06:00+00:00,2026-04-11 16:06
español,78121,2026-04-11 16:06:00+00:00,2026-04-11 16:06
muere,77979,2026-04-11 16:06:00+00:00,2026-04-11 16:06
internacional,420674,2026-04-11 16:36:00+00:00,2026-04-11 16:36
irán,377797,2026-04-11 16:36:00+00:00,2026-04-11 16:36
guerra,315610,2026-04-11 16:36:00+00:00,2026-04-11 16:36
trump,273707,2026-04-11 16:36:00+00:00,2026-04-11 16:36
israel,159450,2026-04-11 16:36:00+00:00,2026-04-11 16:36
sánchez,157474,2026-04-11 16:36:00+00:00,2026-04-11 16:36
guerra irán,137166,2026-04-11 16:36:00+00:00,2026-04-11 16:36
málaga,110237,2026-04-11 16:36:00+00:00,2026-04-11 16:36
ormuz,95250,2026-04-11 16:36:00+00:00,2026-04-11 16:36
diario,94433,2026-04-11 16:36:00+00:00,2026-04-11 16:36
santa,89663,2026-04-11 16:36:00+00:00,2026-04-11 16:36
aragón,82358,2026-04-11 16:36:00+00:00,2026-04-11 16:36
carlos,81452,2026-04-11 16:36:00+00:00,2026-04-11 16:36
artemis,80110,2026-04-11 16:36:00+00:00,2026-04-11 16:36
final,80082,2026-04-11 16:36:00+00:00,2026-04-11 16:36
semana santa,78427,2026-04-11 16:36:00+00:00,2026-04-11 16:36
español,77730,2026-04-11 16:36:00+00:00,2026-04-11 16:36
internacional,421170,2026-04-11 17:06:00+00:00,2026-04-11 17:06
irán,377731,2026-04-11 17:06:00+00:00,2026-04-11 17:06
guerra,315370,2026-04-11 17:06:00+00:00,2026-04-11 17:06
trump,273760,2026-04-11 17:06:00+00:00,2026-04-11 17:06
israel,160056,2026-04-11 17:06:00+00:00,2026-04-11 17:06
sánchez,157568,2026-04-11 17:06:00+00:00,2026-04-11 17:06
guerra irán,136933,2026-04-11 17:06:00+00:00,2026-04-11 17:06
málaga,110448,2026-04-11 17:06:00+00:00,2026-04-11 17:06
ormuz,95445,2026-04-11 17:06:00+00:00,2026-04-11 17:06
diario,94287,2026-04-11 17:06:00+00:00,2026-04-11 17:06
santa,89621,2026-04-11 17:06:00+00:00,2026-04-11 17:06
aragón,82360,2026-04-11 17:06:00+00:00,2026-04-11 17:06
carlos,81413,2026-04-11 17:06:00+00:00,2026-04-11 17:06
final,80555,2026-04-11 17:06:00+00:00,2026-04-11 17:06
artemis,79947,2026-04-11 17:06:00+00:00,2026-04-11 17:06
semana santa,78384,2026-04-11 17:06:00+00:00,2026-04-11 17:06
español,77349,2026-04-11 17:06:00+00:00,2026-04-11 17:06
internacional,421316,2026-04-11 17:36:00+00:00,2026-04-11 17:36
irán,378602,2026-04-11 17:36:00+00:00,2026-04-11 17:36
guerra,315489,2026-04-11 17:36:00+00:00,2026-04-11 17:36
trump,273659,2026-04-11 17:36:00+00:00,2026-04-11 17:36
israel,161385,2026-04-11 17:36:00+00:00,2026-04-11 17:36
sánchez,157472,2026-04-11 17:36:00+00:00,2026-04-11 17:36
guerra irán,137215,2026-04-11 17:36:00+00:00,2026-04-11 17:36
málaga,110818,2026-04-11 17:36:00+00:00,2026-04-11 17:36
ormuz,95829,2026-04-11 17:36:00+00:00,2026-04-11 17:36
diario,94154,2026-04-11 17:36:00+00:00,2026-04-11 17:36
santa,89457,2026-04-11 17:36:00+00:00,2026-04-11 17:36
aragón,82363,2026-04-11 17:36:00+00:00,2026-04-11 17:36
carlos,81218,2026-04-11 17:36:00+00:00,2026-04-11 17:36
final,80990,2026-04-11 17:36:00+00:00,2026-04-11 17:36
artemis,80261,2026-04-11 17:36:00+00:00,2026-04-11 17:36
semana santa,78388,2026-04-11 17:36:00+00:00,2026-04-11 17:36
español,77352,2026-04-11 17:36:00+00:00,2026-04-11 17:36
internacional,421082,2026-04-11 18:06:00+00:00,2026-04-11 18:06
irán,379204,2026-04-11 18:06:00+00:00,2026-04-11 18:06
guerra,314431,2026-04-11 18:06:00+00:00,2026-04-11 18:06
trump,272828,2026-04-11 18:06:00+00:00,2026-04-11 18:06
israel,162096,2026-04-11 18:06:00+00:00,2026-04-11 18:06
sánchez,157436,2026-04-11 18:06:00+00:00,2026-04-11 18:06
guerra irán,137283,2026-04-11 18:06:00+00:00,2026-04-11 18:06
málaga,112017,2026-04-11 18:06:00+00:00,2026-04-11 18:06
ormuz,96267,2026-04-11 18:06:00+00:00,2026-04-11 18:06
diario,94272,2026-04-11 18:06:00+00:00,2026-04-11 18:06
santa,89409,2026-04-11 18:06:00+00:00,2026-04-11 18:06
aragón,82226,2026-04-11 18:06:00+00:00,2026-04-11 18:06
carlos,81221,2026-04-11 18:06:00+00:00,2026-04-11 18:06
final,81119,2026-04-11 18:06:00+00:00,2026-04-11 18:06
artemis,80263,2026-04-11 18:06:00+00:00,2026-04-11 18:06
semana santa,78339,2026-04-11 18:06:00+00:00,2026-04-11 18:06
internacional,421486,2026-04-11 18:36:00+00:00,2026-04-11 18:36
irán,379339,2026-04-11 18:36:00+00:00,2026-04-11 18:36
guerra,315279,2026-04-11 18:36:00+00:00,2026-04-11 18:36
trump,272653,2026-04-11 18:36:00+00:00,2026-04-11 18:36
israel,162355,2026-04-11 18:36:00+00:00,2026-04-11 18:36
sánchez,157488,2026-04-11 18:36:00+00:00,2026-04-11 18:36
guerra irán,137382,2026-04-11 18:36:00+00:00,2026-04-11 18:36
málaga,112020,2026-04-11 18:36:00+00:00,2026-04-11 18:36
ormuz,96071,2026-04-11 18:36:00+00:00,2026-04-11 18:36
diario,95115,2026-04-11 18:36:00+00:00,2026-04-11 18:36
santa,89411,2026-04-11 18:36:00+00:00,2026-04-11 18:36
aragón,82414,2026-04-11 18:36:00+00:00,2026-04-11 18:36
final,81409,2026-04-11 18:36:00+00:00,2026-04-11 18:36
carlos,81223,2026-04-11 18:36:00+00:00,2026-04-11 18:36
artemis,80264,2026-04-11 18:36:00+00:00,2026-04-11 18:36
semana santa,78341,2026-04-11 18:36:00+00:00,2026-04-11 18:36
español,76970,2026-04-11 18:36:00+00:00,2026-04-11 18:36
internacional,421866,2026-04-11 19:07:00+00:00,2026-04-11 19:07
irán,379472,2026-04-11 19:07:00+00:00,2026-04-11 19:07
guerra,314992,2026-04-11 19:07:00+00:00,2026-04-11 19:07
trump,271533,2026-04-11 19:07:00+00:00,2026-04-11 19:07
israel,162841,2026-04-11 19:07:00+00:00,2026-04-11 19:07
sánchez,157496,2026-04-11 19:07:00+00:00,2026-04-11 19:07
guerra irán,137430,2026-04-11 19:07:00+00:00,2026-04-11 19:07
málaga,112179,2026-04-11 19:07:00+00:00,2026-04-11 19:07
ormuz,96485,2026-04-11 19:07:00+00:00,2026-04-11 19:07
diario,94920,2026-04-11 19:07:00+00:00,2026-04-11 19:07
santa,89364,2026-04-11 19:07:00+00:00,2026-04-11 19:07
aragón,82417,2026-04-11 19:07:00+00:00,2026-04-11 19:07
carlos,81494,2026-04-11 19:07:00+00:00,2026-04-11 19:07
final,81260,2026-04-11 19:07:00+00:00,2026-04-11 19:07
artemis,80434,2026-04-11 19:07:00+00:00,2026-04-11 19:07
semana santa,78293,2026-04-11 19:07:00+00:00,2026-04-11 19:07
español,76974,2026-04-11 19:07:00+00:00,2026-04-11 19:07
internacional,421767,2026-04-11 19:36:00+00:00,2026-04-11 19:36
irán,380375,2026-04-11 19:36:00+00:00,2026-04-11 19:36
guerra,315730,2026-04-11 19:36:00+00:00,2026-04-11 19:36
trump,271274,2026-04-11 19:36:00+00:00,2026-04-11 19:36
israel,163887,2026-04-11 19:36:00+00:00,2026-04-11 19:36
sánchez,157862,2026-04-11 19:36:00+00:00,2026-04-11 19:36
guerra irán,137761,2026-04-11 19:36:00+00:00,2026-04-11 19:36
málaga,111905,2026-04-11 19:36:00+00:00,2026-04-11 19:36
ormuz,96750,2026-04-11 19:36:00+00:00,2026-04-11 19:36
diario,94818,2026-04-11 19:36:00+00:00,2026-04-11 19:36
santa,89367,2026-04-11 19:36:00+00:00,2026-04-11 19:36
aragón,82419,2026-04-11 19:36:00+00:00,2026-04-11 19:36
final,81710,2026-04-11 19:36:00+00:00,2026-04-11 19:36
carlos,81498,2026-04-11 19:36:00+00:00,2026-04-11 19:36
artemis,80607,2026-04-11 19:36:00+00:00,2026-04-11 19:36
semana santa,78295,2026-04-11 19:36:00+00:00,2026-04-11 19:36
muere,77201,2026-04-11 19:36:00+00:00,2026-04-11 19:36
internacional,421952,2026-04-11 20:06:00+00:00,2026-04-11 20:06
irán,381189,2026-04-11 20:06:00+00:00,2026-04-11 20:06
guerra,315803,2026-04-11 20:06:00+00:00,2026-04-11 20:06
trump,270686,2026-04-11 20:06:00+00:00,2026-04-11 20:06
israel,163714,2026-04-11 20:06:00+00:00,2026-04-11 20:06
sánchez,158426,2026-04-11 20:06:00+00:00,2026-04-11 20:06
guerra irán,137526,2026-04-11 20:06:00+00:00,2026-04-11 20:06
málaga,111809,2026-04-11 20:06:00+00:00,2026-04-11 20:06
ormuz,97134,2026-04-11 20:06:00+00:00,2026-04-11 20:06
diario,95234,2026-04-11 20:06:00+00:00,2026-04-11 20:06
santa,89321,2026-04-11 20:06:00+00:00,2026-04-11 20:06
aragón,82421,2026-04-11 20:06:00+00:00,2026-04-11 20:06
final,82056,2026-04-11 20:06:00+00:00,2026-04-11 20:06
carlos,81730,2026-04-11 20:06:00+00:00,2026-04-11 20:06
artemis,80608,2026-04-11 20:06:00+00:00,2026-04-11 20:06
semana santa,78248,2026-04-11 20:06:00+00:00,2026-04-11 20:06
muere,77062,2026-04-11 20:06:00+00:00,2026-04-11 20:06
internacional,422471,2026-04-11 20:36:00+00:00,2026-04-11 20:36
irán,381047,2026-04-11 20:36:00+00:00,2026-04-11 20:36
guerra,315563,2026-04-11 20:36:00+00:00,2026-04-11 20:36
trump,269997,2026-04-11 20:36:00+00:00,2026-04-11 20:36
israel,163448,2026-04-11 20:36:00+00:00,2026-04-11 20:36
sánchez,158475,2026-04-11 20:36:00+00:00,2026-04-11 20:36
guerra irán,137390,2026-04-11 20:36:00+00:00,2026-04-11 20:36
málaga,114954,2026-04-11 20:36:00+00:00,2026-04-11 20:36
ormuz,97025,2026-04-11 20:36:00+00:00,2026-04-11 20:36
diario,95915,2026-04-11 20:36:00+00:00,2026-04-11 20:36
santa,89326,2026-04-11 20:36:00+00:00,2026-04-11 20:36
final,82796,2026-04-11 20:36:00+00:00,2026-04-11 20:36
aragón,82423,2026-04-11 20:36:00+00:00,2026-04-11 20:36
carlos,82011,2026-04-11 20:36:00+00:00,2026-04-11 20:36
artemis,80439,2026-04-11 20:36:00+00:00,2026-04-11 20:36
semana santa,78253,2026-04-11 20:36:00+00:00,2026-04-11 20:36
muere,77066,2026-04-11 20:36:00+00:00,2026-04-11 20:36
internacional,422259,2026-04-11 21:06:00+00:00,2026-04-11 21:06
irán,380690,2026-04-11 21:06:00+00:00,2026-04-11 21:06
guerra,315432,2026-04-11 21:06:00+00:00,2026-04-11 21:06
trump,269674,2026-04-11 21:06:00+00:00,2026-04-11 21:06
israel,163373,2026-04-11 21:06:00+00:00,2026-04-11 21:06
sánchez,158277,2026-04-11 21:06:00+00:00,2026-04-11 21:06
guerra irán,137328,2026-04-11 21:06:00+00:00,2026-04-11 21:06
málaga,114936,2026-04-11 21:06:00+00:00,2026-04-11 21:06
ormuz,97306,2026-04-11 21:06:00+00:00,2026-04-11 21:06
diario,95957,2026-04-11 21:06:00+00:00,2026-04-11 21:06
santa,89269,2026-04-11 21:06:00+00:00,2026-04-11 21:06
final,82838,2026-04-11 21:06:00+00:00,2026-04-11 21:06
carlos,82433,2026-04-11 21:06:00+00:00,2026-04-11 21:06
aragón,82425,2026-04-11 21:06:00+00:00,2026-04-11 21:06
artemis,80440,2026-04-11 21:06:00+00:00,2026-04-11 21:06
semana santa,78194,2026-04-11 21:06:00+00:00,2026-04-11 21:06
español,77007,2026-04-11 21:06:00+00:00,2026-04-11 21:06
internacional,422046,2026-04-11 21:36:00+00:00,2026-04-11 21:36
irán,380715,2026-04-11 21:36:00+00:00,2026-04-11 21:36
guerra,315496,2026-04-11 21:36:00+00:00,2026-04-11 21:36
trump,269745,2026-04-11 21:36:00+00:00,2026-04-11 21:36
israel,163692,2026-04-11 21:36:00+00:00,2026-04-11 21:36
sánchez,158661,2026-04-11 21:36:00+00:00,2026-04-11 21:36
guerra irán,137254,2026-04-11 21:36:00+00:00,2026-04-11 21:36
málaga,114596,2026-04-11 21:36:00+00:00,2026-04-11 21:36
ormuz,97349,2026-04-11 21:36:00+00:00,2026-04-11 21:36
diario,95857,2026-04-11 21:36:00+00:00,2026-04-11 21:36
santa,89271,2026-04-11 21:36:00+00:00,2026-04-11 21:36
final,82618,2026-04-11 21:36:00+00:00,2026-04-11 21:36
carlos,82436,2026-04-11 21:36:00+00:00,2026-04-11 21:36
aragón,82287,2026-04-11 21:36:00+00:00,2026-04-11 21:36
artemis,80176,2026-04-11 21:36:00+00:00,2026-04-11 21:36
semana santa,78196,2026-04-11 21:36:00+00:00,2026-04-11 21:36
español,77008,2026-04-11 21:36:00+00:00,2026-04-11 21:36
internacional,420977,2026-04-11 22:07:00+00:00,2026-04-11 22:07
irán,380811,2026-04-11 22:07:00+00:00,2026-04-11 22:07
guerra,315225,2026-04-11 22:07:00+00:00,2026-04-11 22:07
trump,269505,2026-04-11 22:07:00+00:00,2026-04-11 22:07
israel,163768,2026-04-11 22:07:00+00:00,2026-04-11 22:07
sánchez,158978,2026-04-11 22:07:00+00:00,2026-04-11 22:07
guerra irán,137173,2026-04-11 22:07:00+00:00,2026-04-11 22:07
málaga,114091,2026-04-11 22:07:00+00:00,2026-04-11 22:07
ormuz,97740,2026-04-11 22:07:00+00:00,2026-04-11 22:07
diario,95860,2026-04-11 22:07:00+00:00,2026-04-11 22:07
santa,89170,2026-04-11 22:07:00+00:00,2026-04-11 22:07
final,82665,2026-04-11 22:07:00+00:00,2026-04-11 22:07
carlos,82439,2026-04-11 22:07:00+00:00,2026-04-11 22:07
aragón,82288,2026-04-11 22:07:00+00:00,2026-04-11 22:07
artemis,80176,2026-04-11 22:07:00+00:00,2026-04-11 22:07
semana santa,78093,2026-04-11 22:07:00+00:00,2026-04-11 22:07
español,76810,2026-04-11 22:07:00+00:00,2026-04-11 22:07
internacional,421083,2026-04-11 22:36:00+00:00,2026-04-11 22:36
irán,380884,2026-04-11 22:36:00+00:00,2026-04-11 22:36
guerra,315332,2026-04-11 22:36:00+00:00,2026-04-11 22:36
trump,269687,2026-04-11 22:36:00+00:00,2026-04-11 22:36
israel,163778,2026-04-11 22:36:00+00:00,2026-04-11 22:36
sánchez,159486,2026-04-11 22:36:00+00:00,2026-04-11 22:36
guerra irán,137181,2026-04-11 22:36:00+00:00,2026-04-11 22:36
málaga,113985,2026-04-11 22:36:00+00:00,2026-04-11 22:36
ormuz,97745,2026-04-11 22:36:00+00:00,2026-04-11 22:36
diario,95590,2026-04-11 22:36:00+00:00,2026-04-11 22:36
santa,88927,2026-04-11 22:36:00+00:00,2026-04-11 22:36
final,82611,2026-04-11 22:36:00+00:00,2026-04-11 22:36
aragón,82291,2026-04-11 22:36:00+00:00,2026-04-11 22:36
carlos,82243,2026-04-11 22:36:00+00:00,2026-04-11 22:36
artemis,80350,2026-04-11 22:36:00+00:00,2026-04-11 22:36
semana santa,78050,2026-04-11 22:36:00+00:00,2026-04-11 22:36
muere,76910,2026-04-11 22:36:00+00:00,2026-04-11 22:36
internacional,420801,2026-04-11 23:06:00+00:00,2026-04-11 23:06
irán,380989,2026-04-11 23:06:00+00:00,2026-04-11 23:06
guerra,315351,2026-04-11 23:06:00+00:00,2026-04-11 23:06
trump,269536,2026-04-11 23:06:00+00:00,2026-04-11 23:06
israel,163944,2026-04-11 23:06:00+00:00,2026-04-11 23:06
sánchez,159495,2026-04-11 23:06:00+00:00,2026-04-11 23:06
guerra irán,137186,2026-04-11 23:06:00+00:00,2026-04-11 23:06
málaga,115529,2026-04-11 23:06:00+00:00,2026-04-11 23:06
ormuz,97583,2026-04-11 23:06:00+00:00,2026-04-11 23:06
diario,95605,2026-04-11 23:06:00+00:00,2026-04-11 23:06
santa,88930,2026-04-11 23:06:00+00:00,2026-04-11 23:06
final,82613,2026-04-11 23:06:00+00:00,2026-04-11 23:06
aragón,82293,2026-04-11 23:06:00+00:00,2026-04-11 23:06
carlos,82245,2026-04-11 23:06:00+00:00,2026-04-11 23:06
artemis,80151,2026-04-11 23:06:00+00:00,2026-04-11 23:06
semana santa,78052,2026-04-11 23:06:00+00:00,2026-04-11 23:06
internacional,421199,2026-04-11 23:36:00+00:00,2026-04-11 23:36
irán,380864,2026-04-11 23:36:00+00:00,2026-04-11 23:36
guerra,315517,2026-04-11 23:36:00+00:00,2026-04-11 23:36
trump,269525,2026-04-11 23:36:00+00:00,2026-04-11 23:36
israel,163825,2026-04-11 23:36:00+00:00,2026-04-11 23:36
sánchez,159496,2026-04-11 23:36:00+00:00,2026-04-11 23:36
guerra irán,137120,2026-04-11 23:36:00+00:00,2026-04-11 23:36
málaga,115530,2026-04-11 23:36:00+00:00,2026-04-11 23:36
ormuz,97583,2026-04-11 23:36:00+00:00,2026-04-11 23:36
diario,95689,2026-04-11 23:36:00+00:00,2026-04-11 23:36
santa,88930,2026-04-11 23:36:00+00:00,2026-04-11 23:36
final,82807,2026-04-11 23:36:00+00:00,2026-04-11 23:36
aragón,82293,2026-04-11 23:36:00+00:00,2026-04-11 23:36
carlos,82246,2026-04-11 23:36:00+00:00,2026-04-11 23:36
artemis,80151,2026-04-11 23:36:00+00:00,2026-04-11 23:36
semana santa,78052,2026-04-11 23:36:00+00:00,2026-04-11 23:36
internacional,421426,2026-04-12 00:06:00+00:00,2026-04-12 00:06
irán,380836,2026-04-12 00:06:00+00:00,2026-04-12 00:06
guerra,315425,2026-04-12 00:06:00+00:00,2026-04-12 00:06
trump,269172,2026-04-12 00:06:00+00:00,2026-04-12 00:06
israel,164332,2026-04-12 00:06:00+00:00,2026-04-12 00:06
sánchez,159441,2026-04-12 00:06:00+00:00,2026-04-12 00:06
guerra irán,137123,2026-04-12 00:06:00+00:00,2026-04-12 00:06
málaga,116107,2026-04-12 00:06:00+00:00,2026-04-12 00:06
ormuz,97595,2026-04-12 00:06:00+00:00,2026-04-12 00:06
diario,95875,2026-04-12 00:06:00+00:00,2026-04-12 00:06
santa,88880,2026-04-12 00:06:00+00:00,2026-04-12 00:06
final,82608,2026-04-12 00:06:00+00:00,2026-04-12 00:06
aragón,82294,2026-04-12 00:06:00+00:00,2026-04-12 00:06
carlos,82247,2026-04-12 00:06:00+00:00,2026-04-12 00:06
artemis,80151,2026-04-12 00:06:00+00:00,2026-04-12 00:06
semana santa,78001,2026-04-12 00:06:00+00:00,2026-04-12 00:06
internacional,422063,2026-04-12 00:36:00+00:00,2026-04-12 00:36
irán,380812,2026-04-12 00:36:00+00:00,2026-04-12 00:36
guerra,315284,2026-04-12 00:36:00+00:00,2026-04-12 00:36
trump,269491,2026-04-12 00:36:00+00:00,2026-04-12 00:36
israel,164285,2026-04-12 00:36:00+00:00,2026-04-12 00:36
sánchez,159943,2026-04-12 00:36:00+00:00,2026-04-12 00:36
guerra irán,137126,2026-04-12 00:36:00+00:00,2026-04-12 00:36
málaga,116109,2026-04-12 00:36:00+00:00,2026-04-12 00:36
ormuz,97593,2026-04-12 00:36:00+00:00,2026-04-12 00:36
diario,96136,2026-04-12 00:36:00+00:00,2026-04-12 00:36
santa,88881,2026-04-12 00:36:00+00:00,2026-04-12 00:36
final,83569,2026-04-12 00:36:00+00:00,2026-04-12 00:36
aragón,82515,2026-04-12 00:36:00+00:00,2026-04-12 00:36
carlos,82114,2026-04-12 00:36:00+00:00,2026-04-12 00:36
artemis,80467,2026-04-12 00:36:00+00:00,2026-04-12 00:36
semana santa,78002,2026-04-12 00:36:00+00:00,2026-04-12 00:36
internacional,422515,2026-04-12 01:06:00+00:00,2026-04-12 01:06
irán,380689,2026-04-12 01:06:00+00:00,2026-04-12 01:06
guerra,315225,2026-04-12 01:06:00+00:00,2026-04-12 01:06
trump,269192,2026-04-12 01:06:00+00:00,2026-04-12 01:06
israel,164286,2026-04-12 01:06:00+00:00,2026-04-12 01:06
sánchez,159766,2026-04-12 01:06:00+00:00,2026-04-12 01:06
guerra irán,137127,2026-04-12 01:06:00+00:00,2026-04-12 01:06
málaga,116111,2026-04-12 01:06:00+00:00,2026-04-12 01:06
ormuz,97407,2026-04-12 01:06:00+00:00,2026-04-12 01:06
diario,96286,2026-04-12 01:06:00+00:00,2026-04-12 01:06
santa,88882,2026-04-12 01:06:00+00:00,2026-04-12 01:06
final,83570,2026-04-12 01:06:00+00:00,2026-04-12 01:06
aragón,82515,2026-04-12 01:06:00+00:00,2026-04-12 01:06
carlos,82114,2026-04-12 01:06:00+00:00,2026-04-12 01:06
artemis,80382,2026-04-12 01:06:00+00:00,2026-04-12 01:06
semana santa,78002,2026-04-12 01:06:00+00:00,2026-04-12 01:06
internacional,423736,2026-04-12 01:37:00+00:00,2026-04-12 01:37
irán,380451,2026-04-12 01:37:00+00:00,2026-04-12 01:37
guerra,315238,2026-04-12 01:37:00+00:00,2026-04-12 01:37
trump,268937,2026-04-12 01:37:00+00:00,2026-04-12 01:37
israel,164530,2026-04-12 01:37:00+00:00,2026-04-12 01:37
sánchez,159924,2026-04-12 01:37:00+00:00,2026-04-12 01:37
guerra irán,137129,2026-04-12 01:37:00+00:00,2026-04-12 01:37
málaga,116112,2026-04-12 01:37:00+00:00,2026-04-12 01:37
ormuz,97747,2026-04-12 01:37:00+00:00,2026-04-12 01:37
diario,96288,2026-04-12 01:37:00+00:00,2026-04-12 01:37
santa,88883,2026-04-12 01:37:00+00:00,2026-04-12 01:37
final,83895,2026-04-12 01:37:00+00:00,2026-04-12 01:37
aragón,82516,2026-04-12 01:37:00+00:00,2026-04-12 01:37
carlos,82116,2026-04-12 01:37:00+00:00,2026-04-12 01:37
artemis,80302,2026-04-12 01:37:00+00:00,2026-04-12 01:37
semana santa,78003,2026-04-12 01:37:00+00:00,2026-04-12 01:37
internacional,404313,2026-04-12 02:05:00+00:00,2026-04-12 02:05
irán,314818,2026-04-12 02:05:00+00:00,2026-04-12 02:05
guerra,257071,2026-04-12 02:05:00+00:00,2026-04-12 02:05
trump,223671,2026-04-12 02:05:00+00:00,2026-04-12 02:05
israel,140413,2026-04-12 02:05:00+00:00,2026-04-12 02:05
sánchez,129228,2026-04-12 02:05:00+00:00,2026-04-12 02:05
guerra irán,112070,2026-04-12 02:05:00+00:00,2026-04-12 02:05
málaga,110148,2026-04-12 02:05:00+00:00,2026-04-12 02:05
diario,86428,2026-04-12 02:05:00+00:00,2026-04-12 02:05
ormuz,85061,2026-04-12 02:05:00+00:00,2026-04-12 02:05
santa,84324,2026-04-12 02:05:00+00:00,2026-04-12 02:05
artemis,79153,2026-04-12 02:05:00+00:00,2026-04-12 02:05
semana santa,74835,2026-04-12 02:05:00+00:00,2026-04-12 02:05
final,74159,2026-04-12 02:05:00+00:00,2026-04-12 02:05
carlos,72245,2026-04-12 02:05:00+00:00,2026-04-12 02:05
aragón,71867,2026-04-12 02:05:00+00:00,2026-04-12 02:05
luna,71143,2026-04-12 02:05:00+00:00,2026-04-12 02:05
ii,70375,2026-04-12 02:05:00+00:00,2026-04-12 02:05
líbano,66243,2026-04-12 02:05:00+00:00,2026-04-12 02:05
internacional,407009,2026-04-12 02:36:00+00:00,2026-04-12 02:36
irán,314726,2026-04-12 02:36:00+00:00,2026-04-12 02:36
guerra,256974,2026-04-12 02:36:00+00:00,2026-04-12 02:36
trump,222899,2026-04-12 02:36:00+00:00,2026-04-12 02:36
israel,140340,2026-04-12 02:36:00+00:00,2026-04-12 02:36
sánchez,129037,2026-04-12 02:36:00+00:00,2026-04-12 02:36
guerra irán,112163,2026-04-12 02:36:00+00:00,2026-04-12 02:36
málaga,109989,2026-04-12 02:36:00+00:00,2026-04-12 02:36
diario,86566,2026-04-12 02:36:00+00:00,2026-04-12 02:36
ormuz,85016,2026-04-12 02:36:00+00:00,2026-04-12 02:36
santa,84261,2026-04-12 02:36:00+00:00,2026-04-12 02:36
artemis,78455,2026-04-12 02:36:00+00:00,2026-04-12 02:36
semana santa,74758,2026-04-12 02:36:00+00:00,2026-04-12 02:36
final,73744,2026-04-12 02:36:00+00:00,2026-04-12 02:36
carlos,72149,2026-04-12 02:36:00+00:00,2026-04-12 02:36
aragón,72100,2026-04-12 02:36:00+00:00,2026-04-12 02:36
ii,70164,2026-04-12 02:36:00+00:00,2026-04-12 02:36
luna,69014,2026-04-12 02:36:00+00:00,2026-04-12 02:36
líbano,66178,2026-04-12 02:36:00+00:00,2026-04-12 02:36
internacional,407014,2026-04-12 03:05:00+00:00,2026-04-12 03:05
irán,314807,2026-04-12 03:05:00+00:00,2026-04-12 03:05
guerra,256989,2026-04-12 03:05:00+00:00,2026-04-12 03:05
trump,223054,2026-04-12 03:05:00+00:00,2026-04-12 03:05
israel,140537,2026-04-12 03:05:00+00:00,2026-04-12 03:05
sánchez,128717,2026-04-12 03:05:00+00:00,2026-04-12 03:05
guerra irán,112360,2026-04-12 03:05:00+00:00,2026-04-12 03:05
málaga,109993,2026-04-12 03:05:00+00:00,2026-04-12 03:05
diario,86835,2026-04-12 03:05:00+00:00,2026-04-12 03:05
ormuz,84639,2026-04-12 03:05:00+00:00,2026-04-12 03:05
santa,84224,2026-04-12 03:05:00+00:00,2026-04-12 03:05
artemis,78115,2026-04-12 03:05:00+00:00,2026-04-12 03:05
semana santa,74721,2026-04-12 03:05:00+00:00,2026-04-12 03:05
final,74017,2026-04-12 03:05:00+00:00,2026-04-12 03:05
carlos,72153,2026-04-12 03:05:00+00:00,2026-04-12 03:05
aragón,70324,2026-04-12 03:05:00+00:00,2026-04-12 03:05
ii,70128,2026-04-12 03:05:00+00:00,2026-04-12 03:05
luna,68966,2026-04-12 03:05:00+00:00,2026-04-12 03:05
líbano,66183,2026-04-12 03:05:00+00:00,2026-04-12 03:05
internacional,408133,2026-04-12 03:35:00+00:00,2026-04-12 03:35
irán,314614,2026-04-12 03:35:00+00:00,2026-04-12 03:35
guerra,256241,2026-04-12 03:35:00+00:00,2026-04-12 03:35
trump,223318,2026-04-12 03:35:00+00:00,2026-04-12 03:35
israel,141013,2026-04-12 03:35:00+00:00,2026-04-12 03:35
sánchez,129118,2026-04-12 03:35:00+00:00,2026-04-12 03:35
guerra irán,112100,2026-04-12 03:35:00+00:00,2026-04-12 03:35
málaga,109997,2026-04-12 03:35:00+00:00,2026-04-12 03:35
diario,87015,2026-04-12 03:35:00+00:00,2026-04-12 03:35
ormuz,85036,2026-04-12 03:35:00+00:00,2026-04-12 03:35
santa,84464,2026-04-12 03:35:00+00:00,2026-04-12 03:35
artemis,77826,2026-04-12 03:35:00+00:00,2026-04-12 03:35
semana santa,74963,2026-04-12 03:35:00+00:00,2026-04-12 03:35
final,74408,2026-04-12 03:35:00+00:00,2026-04-12 03:35
aragón,73183,2026-04-12 03:35:00+00:00,2026-04-12 03:35
carlos,72400,2026-04-12 03:35:00+00:00,2026-04-12 03:35
ii,70023,2026-04-12 03:35:00+00:00,2026-04-12 03:35
luna,69096,2026-04-12 03:35:00+00:00,2026-04-12 03:35
líbano,66188,2026-04-12 03:35:00+00:00,2026-04-12 03:35
internacional,404895,2026-04-12 04:05:00+00:00,2026-04-12 04:05
irán,315527,2026-04-12 04:05:00+00:00,2026-04-12 04:05
guerra,256300,2026-04-12 04:05:00+00:00,2026-04-12 04:05
trump,224102,2026-04-12 04:05:00+00:00,2026-04-12 04:05
israel,140583,2026-04-12 04:05:00+00:00,2026-04-12 04:05
sánchez,129084,2026-04-12 04:05:00+00:00,2026-04-12 04:05
guerra irán,112041,2026-04-12 04:05:00+00:00,2026-04-12 04:05
málaga,109942,2026-04-12 04:05:00+00:00,2026-04-12 04:05
diario,86679,2026-04-12 04:05:00+00:00,2026-04-12 04:05
ormuz,85047,2026-04-12 04:05:00+00:00,2026-04-12 04:05
santa,84265,2026-04-12 04:05:00+00:00,2026-04-12 04:05
artemis,77819,2026-04-12 04:05:00+00:00,2026-04-12 04:05
semana santa,74899,2026-04-12 04:05:00+00:00,2026-04-12 04:05
final,74649,2026-04-12 04:05:00+00:00,2026-04-12 04:05
aragón,72949,2026-04-12 04:05:00+00:00,2026-04-12 04:05
carlos,72692,2026-04-12 04:05:00+00:00,2026-04-12 04:05
ii,69888,2026-04-12 04:05:00+00:00,2026-04-12 04:05
luna,68899,2026-04-12 04:05:00+00:00,2026-04-12 04:05
líbano,66144,2026-04-12 04:05:00+00:00,2026-04-12 04:05
internacional,406041,2026-04-12 04:35:00+00:00,2026-04-12 04:35
irán,314373,2026-04-12 04:35:00+00:00,2026-04-12 04:35
guerra,256655,2026-04-12 04:35:00+00:00,2026-04-12 04:35
trump,224222,2026-04-12 04:35:00+00:00,2026-04-12 04:35
israel,140918,2026-04-12 04:35:00+00:00,2026-04-12 04:35
sánchez,129668,2026-04-12 04:35:00+00:00,2026-04-12 04:35
guerra irán,111637,2026-04-12 04:35:00+00:00,2026-04-12 04:35
málaga,109949,2026-04-12 04:35:00+00:00,2026-04-12 04:35
diario,86904,2026-04-12 04:35:00+00:00,2026-04-12 04:35
ormuz,85328,2026-04-12 04:35:00+00:00,2026-04-12 04:35
santa,84403,2026-04-12 04:35:00+00:00,2026-04-12 04:35
artemis,77831,2026-04-12 04:35:00+00:00,2026-04-12 04:35
final,74932,2026-04-12 04:35:00+00:00,2026-04-12 04:35
semana santa,74904,2026-04-12 04:35:00+00:00,2026-04-12 04:35
aragón,72992,2026-04-12 04:35:00+00:00,2026-04-12 04:35
carlos,72747,2026-04-12 04:35:00+00:00,2026-04-12 04:35
ii,69965,2026-04-12 04:35:00+00:00,2026-04-12 04:35
luna,69527,2026-04-12 04:35:00+00:00,2026-04-12 04:35
líbano,66185,2026-04-12 04:35:00+00:00,2026-04-12 04:35
internacional,405160,2026-04-12 05:06:00+00:00,2026-04-12 05:06
irán,315507,2026-04-12 05:06:00+00:00,2026-04-12 05:06
guerra,256397,2026-04-12 05:06:00+00:00,2026-04-12 05:06
trump,223968,2026-04-12 05:06:00+00:00,2026-04-12 05:06
israel,140711,2026-04-12 05:06:00+00:00,2026-04-12 05:06
sánchez,129489,2026-04-12 05:06:00+00:00,2026-04-12 05:06
guerra irán,111847,2026-04-12 05:06:00+00:00,2026-04-12 05:06
málaga,109851,2026-04-12 05:06:00+00:00,2026-04-12 05:06
diario,86677,2026-04-12 05:06:00+00:00,2026-04-12 05:06
ormuz,85355,2026-04-12 05:06:00+00:00,2026-04-12 05:06
santa,84114,2026-04-12 05:06:00+00:00,2026-04-12 05:06
artemis,77659,2026-04-12 05:06:00+00:00,2026-04-12 05:06
final,75022,2026-04-12 05:06:00+00:00,2026-04-12 05:06
semana santa,74745,2026-04-12 05:06:00+00:00,2026-04-12 05:06
aragón,72954,2026-04-12 05:06:00+00:00,2026-04-12 05:06
carlos,72702,2026-04-12 05:06:00+00:00,2026-04-12 05:06
ii,69724,2026-04-12 05:06:00+00:00,2026-04-12 05:06
luna,69438,2026-04-12 05:06:00+00:00,2026-04-12 05:06
líbano,66090,2026-04-12 05:06:00+00:00,2026-04-12 05:06
internacional,405538,2026-04-12 05:35:00+00:00,2026-04-12 05:35
irán,315906,2026-04-12 05:35:00+00:00,2026-04-12 05:35
guerra,256589,2026-04-12 05:35:00+00:00,2026-04-12 05:35
trump,223753,2026-04-12 05:35:00+00:00,2026-04-12 05:35
israel,140673,2026-04-12 05:35:00+00:00,2026-04-12 05:35
sánchez,129396,2026-04-12 05:35:00+00:00,2026-04-12 05:35
guerra irán,111786,2026-04-12 05:35:00+00:00,2026-04-12 05:35
málaga,109853,2026-04-12 05:35:00+00:00,2026-04-12 05:35
diario,87008,2026-04-12 05:35:00+00:00,2026-04-12 05:35
ormuz,85279,2026-04-12 05:35:00+00:00,2026-04-12 05:35
santa,84057,2026-04-12 05:35:00+00:00,2026-04-12 05:35
artemis,77660,2026-04-12 05:35:00+00:00,2026-04-12 05:35
final,75024,2026-04-12 05:35:00+00:00,2026-04-12 05:35
semana santa,74687,2026-04-12 05:35:00+00:00,2026-04-12 05:35
aragón,72955,2026-04-12 05:35:00+00:00,2026-04-12 05:35
carlos,72634,2026-04-12 05:35:00+00:00,2026-04-12 05:35
ii,69724,2026-04-12 05:35:00+00:00,2026-04-12 05:35
luna,69439,2026-04-12 05:35:00+00:00,2026-04-12 05:35
líbano,65975,2026-04-12 05:35:00+00:00,2026-04-12 05:35
internacional,405572,2026-04-12 06:05:00+00:00,2026-04-12 06:05
irán,315454,2026-04-12 06:05:00+00:00,2026-04-12 06:05
guerra,256708,2026-04-12 06:05:00+00:00,2026-04-12 06:05
trump,223581,2026-04-12 06:05:00+00:00,2026-04-12 06:05
israel,140499,2026-04-12 06:05:00+00:00,2026-04-12 06:05
sánchez,129419,2026-04-12 06:05:00+00:00,2026-04-12 06:05
guerra irán,111787,2026-04-12 06:05:00+00:00,2026-04-12 06:05
málaga,109857,2026-04-12 06:05:00+00:00,2026-04-12 06:05
diario,87233,2026-04-12 06:05:00+00:00,2026-04-12 06:05
ormuz,85236,2026-04-12 06:05:00+00:00,2026-04-12 06:05
santa,84016,2026-04-12 06:05:00+00:00,2026-04-12 06:05
artemis,77239,2026-04-12 06:05:00+00:00,2026-04-12 06:05
final,74825,2026-04-12 06:05:00+00:00,2026-04-12 06:05
semana santa,74645,2026-04-12 06:05:00+00:00,2026-04-12 06:05
aragón,73310,2026-04-12 06:05:00+00:00,2026-04-12 06:05
carlos,72537,2026-04-12 06:05:00+00:00,2026-04-12 06:05
ii,69411,2026-04-12 06:05:00+00:00,2026-04-12 06:05
luna,69309,2026-04-12 06:05:00+00:00,2026-04-12 06:05
internacional,404923,2026-04-12 06:35:00+00:00,2026-04-12 06:35
irán,315168,2026-04-12 06:35:00+00:00,2026-04-12 06:35
guerra,257367,2026-04-12 06:35:00+00:00,2026-04-12 06:35
trump,222853,2026-04-12 06:35:00+00:00,2026-04-12 06:35
israel,140603,2026-04-12 06:35:00+00:00,2026-04-12 06:35
sánchez,130302,2026-04-12 06:35:00+00:00,2026-04-12 06:35
guerra irán,111766,2026-04-12 06:35:00+00:00,2026-04-12 06:35
málaga,109863,2026-04-12 06:35:00+00:00,2026-04-12 06:35
diario,87196,2026-04-12 06:35:00+00:00,2026-04-12 06:35
ormuz,84963,2026-04-12 06:35:00+00:00,2026-04-12 06:35
santa,84574,2026-04-12 06:35:00+00:00,2026-04-12 06:35
artemis,77647,2026-04-12 06:35:00+00:00,2026-04-12 06:35
final,75746,2026-04-12 06:35:00+00:00,2026-04-12 06:35
semana santa,74889,2026-04-12 06:35:00+00:00,2026-04-12 06:35
aragón,73085,2026-04-12 06:35:00+00:00,2026-04-12 06:35
carlos,72512,2026-04-12 06:35:00+00:00,2026-04-12 06:35
ii,69433,2026-04-12 06:35:00+00:00,2026-04-12 06:35
luna,69317,2026-04-12 06:35:00+00:00,2026-04-12 06:35
internacional,404513,2026-04-12 07:05:00+00:00,2026-04-12 07:05
irán,316184,2026-04-12 07:05:00+00:00,2026-04-12 07:05
guerra,257947,2026-04-12 07:05:00+00:00,2026-04-12 07:05
trump,223327,2026-04-12 07:05:00+00:00,2026-04-12 07:05
israel,140563,2026-04-12 07:05:00+00:00,2026-04-12 07:05
sánchez,130245,2026-04-12 07:05:00+00:00,2026-04-12 07:05
guerra irán,112089,2026-04-12 07:05:00+00:00,2026-04-12 07:05
málaga,109845,2026-04-12 07:05:00+00:00,2026-04-12 07:05
diario,87243,2026-04-12 07:05:00+00:00,2026-04-12 07:05
ormuz,85167,2026-04-12 07:05:00+00:00,2026-04-12 07:05
santa,84537,2026-04-12 07:05:00+00:00,2026-04-12 07:05
artemis,77466,2026-04-12 07:05:00+00:00,2026-04-12 07:05
final,76452,2026-04-12 07:05:00+00:00,2026-04-12 07:05
semana santa,74851,2026-04-12 07:05:00+00:00,2026-04-12 07:05
carlos,72717,2026-04-12 07:05:00+00:00,2026-04-12 07:05
aragón,72690,2026-04-12 07:05:00+00:00,2026-04-12 07:05
ii,69345,2026-04-12 07:05:00+00:00,2026-04-12 07:05
luna,69278,2026-04-12 07:05:00+00:00,2026-04-12 07:05
internacional,403779,2026-04-12 07:35:00+00:00,2026-04-12 07:35
irán,315921,2026-04-12 07:35:00+00:00,2026-04-12 07:35
guerra,258671,2026-04-12 07:35:00+00:00,2026-04-12 07:35
trump,223330,2026-04-12 07:35:00+00:00,2026-04-12 07:35
israel,140668,2026-04-12 07:35:00+00:00,2026-04-12 07:35
sánchez,130651,2026-04-12 07:35:00+00:00,2026-04-12 07:35
guerra irán,112006,2026-04-12 07:35:00+00:00,2026-04-12 07:35
málaga,109535,2026-04-12 07:35:00+00:00,2026-04-12 07:35
diario,87148,2026-04-12 07:35:00+00:00,2026-04-12 07:35
ormuz,84969,2026-04-12 07:35:00+00:00,2026-04-12 07:35
santa,84540,2026-04-12 07:35:00+00:00,2026-04-12 07:35
artemis,77817,2026-04-12 07:35:00+00:00,2026-04-12 07:35
final,76454,2026-04-12 07:35:00+00:00,2026-04-12 07:35
semana santa,74853,2026-04-12 07:35:00+00:00,2026-04-12 07:35
aragón,72537,2026-04-12 07:35:00+00:00,2026-04-12 07:35
carlos,72519,2026-04-12 07:35:00+00:00,2026-04-12 07:35
ii,69519,2026-04-12 07:35:00+00:00,2026-04-12 07:35
luna,69242,2026-04-12 07:35:00+00:00,2026-04-12 07:35
internacional,402886,2026-04-12 08:05:00+00:00,2026-04-12 08:05
irán,316105,2026-04-12 08:05:00+00:00,2026-04-12 08:05
guerra,258755,2026-04-12 08:05:00+00:00,2026-04-12 08:05
trump,223517,2026-04-12 08:05:00+00:00,2026-04-12 08:05
israel,140662,2026-04-12 08:05:00+00:00,2026-04-12 08:05
sánchez,130812,2026-04-12 08:05:00+00:00,2026-04-12 08:05
guerra irán,111824,2026-04-12 08:05:00+00:00,2026-04-12 08:05
málaga,109444,2026-04-12 08:05:00+00:00,2026-04-12 08:05
diario,87154,2026-04-12 08:05:00+00:00,2026-04-12 08:05
ormuz,85138,2026-04-12 08:05:00+00:00,2026-04-12 08:05
santa,84444,2026-04-12 08:05:00+00:00,2026-04-12 08:05
artemis,77819,2026-04-12 08:05:00+00:00,2026-04-12 08:05
final,76457,2026-04-12 08:05:00+00:00,2026-04-12 08:05
semana santa,74756,2026-04-12 08:05:00+00:00,2026-04-12 08:05
aragón,72753,2026-04-12 08:05:00+00:00,2026-04-12 08:05
carlos,72522,2026-04-12 08:05:00+00:00,2026-04-12 08:05
ii,69520,2026-04-12 08:05:00+00:00,2026-04-12 08:05
luna,69243,2026-04-12 08:05:00+00:00,2026-04-12 08:05
internacional,403454,2026-04-12 08:36:00+00:00,2026-04-12 08:36
irán,316241,2026-04-12 08:36:00+00:00,2026-04-12 08:36
guerra,260214,2026-04-12 08:36:00+00:00,2026-04-12 08:36
trump,225013,2026-04-12 08:36:00+00:00,2026-04-12 08:36
israel,140706,2026-04-12 08:36:00+00:00,2026-04-12 08:36
sánchez,131851,2026-04-12 08:36:00+00:00,2026-04-12 08:36
guerra irán,111750,2026-04-12 08:36:00+00:00,2026-04-12 08:36
málaga,109582,2026-04-12 08:36:00+00:00,2026-04-12 08:36
diario,87555,2026-04-12 08:36:00+00:00,2026-04-12 08:36
ormuz,85742,2026-04-12 08:36:00+00:00,2026-04-12 08:36
santa,84564,2026-04-12 08:36:00+00:00,2026-04-12 08:36
artemis,77888,2026-04-12 08:36:00+00:00,2026-04-12 08:36
final,77759,2026-04-12 08:36:00+00:00,2026-04-12 08:36
semana santa,74743,2026-04-12 08:36:00+00:00,2026-04-12 08:36
carlos,73143,2026-04-12 08:36:00+00:00,2026-04-12 08:36
aragón,72522,2026-04-12 08:36:00+00:00,2026-04-12 08:36
ii,69843,2026-04-12 08:36:00+00:00,2026-04-12 08:36
luna,69699,2026-04-12 08:36:00+00:00,2026-04-12 08:36
internacional,402784,2026-04-12 09:05:00+00:00,2026-04-12 09:05
irán,316677,2026-04-12 09:05:00+00:00,2026-04-12 09:05
guerra,259291,2026-04-12 09:05:00+00:00,2026-04-12 09:05
trump,224357,2026-04-12 09:05:00+00:00,2026-04-12 09:05
israel,140477,2026-04-12 09:05:00+00:00,2026-04-12 09:05
sánchez,131822,2026-04-12 09:05:00+00:00,2026-04-12 09:05
guerra irán,111734,2026-04-12 09:05:00+00:00,2026-04-12 09:05
málaga,109351,2026-04-12 09:05:00+00:00,2026-04-12 09:05
diario,87607,2026-04-12 09:05:00+00:00,2026-04-12 09:05
ormuz,85656,2026-04-12 09:05:00+00:00,2026-04-12 09:05
santa,84396,2026-04-12 09:05:00+00:00,2026-04-12 09:05
final,77809,2026-04-12 09:05:00+00:00,2026-04-12 09:05
artemis,77719,2026-04-12 09:05:00+00:00,2026-04-12 09:05
semana santa,74706,2026-04-12 09:05:00+00:00,2026-04-12 09:05
carlos,73236,2026-04-12 09:05:00+00:00,2026-04-12 09:05
aragón,72303,2026-04-12 09:05:00+00:00,2026-04-12 09:05
luna,69623,2026-04-12 09:05:00+00:00,2026-04-12 09:05
ii,69621,2026-04-12 09:05:00+00:00,2026-04-12 09:05
internacional,405317,2026-04-12 09:35:00+00:00,2026-04-12 09:35
irán,316946,2026-04-12 09:35:00+00:00,2026-04-12 09:35
guerra,259588,2026-04-12 09:35:00+00:00,2026-04-12 09:35
trump,224525,2026-04-12 09:35:00+00:00,2026-04-12 09:35
israel,140222,2026-04-12 09:35:00+00:00,2026-04-12 09:35
sánchez,132226,2026-04-12 09:35:00+00:00,2026-04-12 09:35
guerra irán,112177,2026-04-12 09:35:00+00:00,2026-04-12 09:35
málaga,109443,2026-04-12 09:35:00+00:00,2026-04-12 09:35
diario,87598,2026-04-12 09:35:00+00:00,2026-04-12 09:35
ormuz,85624,2026-04-12 09:35:00+00:00,2026-04-12 09:35
santa,84407,2026-04-12 09:35:00+00:00,2026-04-12 09:35
artemis,78152,2026-04-12 09:35:00+00:00,2026-04-12 09:35
final,77824,2026-04-12 09:35:00+00:00,2026-04-12 09:35
semana santa,74705,2026-04-12 09:35:00+00:00,2026-04-12 09:35
carlos,73803,2026-04-12 09:35:00+00:00,2026-04-12 09:35
aragón,72542,2026-04-12 09:35:00+00:00,2026-04-12 09:35
luna,69782,2026-04-12 09:35:00+00:00,2026-04-12 09:35
ii,69617,2026-04-12 09:35:00+00:00,2026-04-12 09:35
internacional,405230,2026-04-12 10:05:00+00:00,2026-04-12 10:05
irán,316824,2026-04-12 10:05:00+00:00,2026-04-12 10:05
guerra,259515,2026-04-12 10:05:00+00:00,2026-04-12 10:05
trump,224437,2026-04-12 10:05:00+00:00,2026-04-12 10:05
israel,140219,2026-04-12 10:05:00+00:00,2026-04-12 10:05
sánchez,131886,2026-04-12 10:05:00+00:00,2026-04-12 10:05
guerra irán,112053,2026-04-12 10:05:00+00:00,2026-04-12 10:05
málaga,108998,2026-04-12 10:05:00+00:00,2026-04-12 10:05
diario,87469,2026-04-12 10:05:00+00:00,2026-04-12 10:05
ormuz,85628,2026-04-12 10:05:00+00:00,2026-04-12 10:05
santa,84038,2026-04-12 10:05:00+00:00,2026-04-12 10:05
artemis,77780,2026-04-12 10:05:00+00:00,2026-04-12 10:05
final,77534,2026-04-12 10:05:00+00:00,2026-04-12 10:05
semana santa,74431,2026-04-12 10:05:00+00:00,2026-04-12 10:05
carlos,73808,2026-04-12 10:05:00+00:00,2026-04-12 10:05
aragón,72116,2026-04-12 10:05:00+00:00,2026-04-12 10:05
luna,69565,2026-04-12 10:05:00+00:00,2026-04-12 10:05
ii,69172,2026-04-12 10:05:00+00:00,2026-04-12 10:05
internacional,401710,2026-04-12 10:36:00+00:00,2026-04-12 10:36
irán,317515,2026-04-12 10:36:00+00:00,2026-04-12 10:36
guerra,259365,2026-04-12 10:36:00+00:00,2026-04-12 10:36
trump,224981,2026-04-12 10:36:00+00:00,2026-04-12 10:36
israel,140147,2026-04-12 10:36:00+00:00,2026-04-12 10:36
sánchez,132591,2026-04-12 10:36:00+00:00,2026-04-12 10:36
guerra irán,111996,2026-04-12 10:36:00+00:00,2026-04-12 10:36
málaga,108941,2026-04-12 10:36:00+00:00,2026-04-12 10:36
diario,87202,2026-04-12 10:36:00+00:00,2026-04-12 10:36
ormuz,85394,2026-04-12 10:36:00+00:00,2026-04-12 10:36
santa,83700,2026-04-12 10:36:00+00:00,2026-04-12 10:36
artemis,78032,2026-04-12 10:36:00+00:00,2026-04-12 10:36
final,77803,2026-04-12 10:36:00+00:00,2026-04-12 10:36
semana santa,74100,2026-04-12 10:36:00+00:00,2026-04-12 10:36
carlos,73525,2026-04-12 10:36:00+00:00,2026-04-12 10:36
aragón,71520,2026-04-12 10:36:00+00:00,2026-04-12 10:36
luna,69570,2026-04-12 10:36:00+00:00,2026-04-12 10:36
ii,69141,2026-04-12 10:36:00+00:00,2026-04-12 10:36
internacional,401738,2026-04-12 11:05:00+00:00,2026-04-12 11:05
irán,317790,2026-04-12 11:05:00+00:00,2026-04-12 11:05
guerra,259121,2026-04-12 11:05:00+00:00,2026-04-12 11:05
trump,225118,2026-04-12 11:05:00+00:00,2026-04-12 11:05
israel,140374,2026-04-12 11:05:00+00:00,2026-04-12 11:05
sánchez,133177,2026-04-12 11:05:00+00:00,2026-04-12 11:05
guerra irán,111922,2026-04-12 11:05:00+00:00,2026-04-12 11:05
málaga,109338,2026-04-12 11:05:00+00:00,2026-04-12 11:05
diario,86836,2026-04-12 11:05:00+00:00,2026-04-12 11:05
ormuz,85540,2026-04-12 11:05:00+00:00,2026-04-12 11:05
santa,83396,2026-04-12 11:05:00+00:00,2026-04-12 11:05
final,78422,2026-04-12 11:05:00+00:00,2026-04-12 11:05
artemis,78044,2026-04-12 11:05:00+00:00,2026-04-12 11:05
semana santa,73891,2026-04-12 11:05:00+00:00,2026-04-12 11:05
carlos,73356,2026-04-12 11:05:00+00:00,2026-04-12 11:05
aragón,71917,2026-04-12 11:05:00+00:00,2026-04-12 11:05
luna,69581,2026-04-12 11:05:00+00:00,2026-04-12 11:05
ii,69356,2026-04-12 11:05:00+00:00,2026-04-12 11:05
internacional,404628,2026-04-12 11:35:00+00:00,2026-04-12 11:35
irán,316866,2026-04-12 11:35:00+00:00,2026-04-12 11:35
guerra,259048,2026-04-12 11:35:00+00:00,2026-04-12 11:35
trump,224595,2026-04-12 11:35:00+00:00,2026-04-12 11:35
israel,140342,2026-04-12 11:35:00+00:00,2026-04-12 11:35
sánchez,133695,2026-04-12 11:35:00+00:00,2026-04-12 11:35
guerra irán,111789,2026-04-12 11:35:00+00:00,2026-04-12 11:35
málaga,109421,2026-04-12 11:35:00+00:00,2026-04-12 11:35
diario,87459,2026-04-12 11:35:00+00:00,2026-04-12 11:35
ormuz,85448,2026-04-12 11:35:00+00:00,2026-04-12 11:35
santa,83238,2026-04-12 11:35:00+00:00,2026-04-12 11:35
final,79021,2026-04-12 11:35:00+00:00,2026-04-12 11:35
artemis,78084,2026-04-12 11:35:00+00:00,2026-04-12 11:35
semana santa,73719,2026-04-12 11:35:00+00:00,2026-04-12 11:35
carlos,73576,2026-04-12 11:35:00+00:00,2026-04-12 11:35
aragón,72046,2026-04-12 11:35:00+00:00,2026-04-12 11:35
luna,69355,2026-04-12 11:35:00+00:00,2026-04-12 11:35
ii,69213,2026-04-12 11:35:00+00:00,2026-04-12 11:35
internacional,403963,2026-04-12 12:06:00+00:00,2026-04-12 12:06
irán,316661,2026-04-12 12:06:00+00:00,2026-04-12 12:06
guerra,258970,2026-04-12 12:06:00+00:00,2026-04-12 12:06
trump,225165,2026-04-12 12:06:00+00:00,2026-04-12 12:06
israel,139830,2026-04-12 12:06:00+00:00,2026-04-12 12:06
sánchez,133874,2026-04-12 12:06:00+00:00,2026-04-12 12:06
guerra irán,111571,2026-04-12 12:06:00+00:00,2026-04-12 12:06
málaga,109297,2026-04-12 12:06:00+00:00,2026-04-12 12:06
diario,87929,2026-04-12 12:06:00+00:00,2026-04-12 12:06
ormuz,85453,2026-04-12 12:06:00+00:00,2026-04-12 12:06
santa,82910,2026-04-12 12:06:00+00:00,2026-04-12 12:06
final,79277,2026-04-12 12:06:00+00:00,2026-04-12 12:06
artemis,77424,2026-04-12 12:06:00+00:00,2026-04-12 12:06
semana santa,73588,2026-04-12 12:06:00+00:00,2026-04-12 12:06
carlos,73437,2026-04-12 12:06:00+00:00,2026-04-12 12:06
aragón,72576,2026-04-12 12:06:00+00:00,2026-04-12 12:06
luna,69168,2026-04-12 12:06:00+00:00,2026-04-12 12:06
ii,68914,2026-04-12 12:06:00+00:00,2026-04-12 12:06
internacional,401232,2026-04-12 12:35:00+00:00,2026-04-12 12:35
irán,316250,2026-04-12 12:35:00+00:00,2026-04-12 12:35
guerra,259314,2026-04-12 12:35:00+00:00,2026-04-12 12:35
trump,225327,2026-04-12 12:35:00+00:00,2026-04-12 12:35
israel,139933,2026-04-12 12:35:00+00:00,2026-04-12 12:35
sánchez,134480,2026-04-12 12:35:00+00:00,2026-04-12 12:35
guerra irán,111614,2026-04-12 12:35:00+00:00,2026-04-12 12:35
málaga,109093,2026-04-12 12:35:00+00:00,2026-04-12 12:35
diario,87662,2026-04-12 12:35:00+00:00,2026-04-12 12:35
ormuz,85258,2026-04-12 12:35:00+00:00,2026-04-12 12:35
santa,82529,2026-04-12 12:35:00+00:00,2026-04-12 12:35
final,79879,2026-04-12 12:35:00+00:00,2026-04-12 12:35
artemis,77419,2026-04-12 12:35:00+00:00,2026-04-12 12:35
semana santa,73416,2026-04-12 12:35:00+00:00,2026-04-12 12:35
carlos,73147,2026-04-12 12:35:00+00:00,2026-04-12 12:35
aragón,72237,2026-04-12 12:35:00+00:00,2026-04-12 12:35
luna,69172,2026-04-12 12:35:00+00:00,2026-04-12 12:35
ii,68880,2026-04-12 12:35:00+00:00,2026-04-12 12:35
internacional,402472,2026-04-12 13:05:00+00:00,2026-04-12 13:05
irán,316260,2026-04-12 13:05:00+00:00,2026-04-12 13:05
guerra,258783,2026-04-12 13:05:00+00:00,2026-04-12 13:05
trump,224939,2026-04-12 13:05:00+00:00,2026-04-12 13:05
israel,139135,2026-04-12 13:05:00+00:00,2026-04-12 13:05
sánchez,134261,2026-04-12 13:05:00+00:00,2026-04-12 13:05
guerra irán,111546,2026-04-12 13:05:00+00:00,2026-04-12 13:05
málaga,108715,2026-04-12 13:05:00+00:00,2026-04-12 13:05
diario,87159,2026-04-12 13:05:00+00:00,2026-04-12 13:05
ormuz,85082,2026-04-12 13:05:00+00:00,2026-04-12 13:05
santa,82309,2026-04-12 13:05:00+00:00,2026-04-12 13:05
final,80037,2026-04-12 13:05:00+00:00,2026-04-12 13:05
artemis,77207,2026-04-12 13:05:00+00:00,2026-04-12 13:05
carlos,73335,2026-04-12 13:05:00+00:00,2026-04-12 13:05
semana santa,73180,2026-04-12 13:05:00+00:00,2026-04-12 13:05
aragón,72499,2026-04-12 13:05:00+00:00,2026-04-12 13:05
luna,69123,2026-04-12 13:05:00+00:00,2026-04-12 13:05
ii,68671,2026-04-12 13:05:00+00:00,2026-04-12 13:05
internacional,402513,2026-04-12 13:36:00+00:00,2026-04-12 13:36
irán,316596,2026-04-12 13:36:00+00:00,2026-04-12 13:36
guerra,258238,2026-04-12 13:36:00+00:00,2026-04-12 13:36
trump,226251,2026-04-12 13:36:00+00:00,2026-04-12 13:36
israel,139043,2026-04-12 13:36:00+00:00,2026-04-12 13:36
sánchez,134253,2026-04-12 13:36:00+00:00,2026-04-12 13:36
guerra irán,110892,2026-04-12 13:36:00+00:00,2026-04-12 13:36
málaga,108666,2026-04-12 13:36:00+00:00,2026-04-12 13:36
diario,87096,2026-04-12 13:36:00+00:00,2026-04-12 13:36
ormuz,86867,2026-04-12 13:36:00+00:00,2026-04-12 13:36
santa,82056,2026-04-12 13:36:00+00:00,2026-04-12 13:36
final,80771,2026-04-12 13:36:00+00:00,2026-04-12 13:36
artemis,77383,2026-04-12 13:36:00+00:00,2026-04-12 13:36
carlos,74001,2026-04-12 13:36:00+00:00,2026-04-12 13:36
semana santa,73086,2026-04-12 13:36:00+00:00,2026-04-12 13:36
aragón,71700,2026-04-12 13:36:00+00:00,2026-04-12 13:36
luna,69304,2026-04-12 13:36:00+00:00,2026-04-12 13:36
ii,68848,2026-04-12 13:36:00+00:00,2026-04-12 13:36
internacional,401205,2026-04-12 14:05:00+00:00,2026-04-12 14:05
irán,316620,2026-04-12 14:05:00+00:00,2026-04-12 14:05
guerra,258272,2026-04-12 14:05:00+00:00,2026-04-12 14:05
trump,227573,2026-04-12 14:05:00+00:00,2026-04-12 14:05
israel,138619,2026-04-12 14:05:00+00:00,2026-04-12 14:05
sánchez,134280,2026-04-12 14:05:00+00:00,2026-04-12 14:05
guerra irán,110794,2026-04-12 14:05:00+00:00,2026-04-12 14:05
málaga,108441,2026-04-12 14:05:00+00:00,2026-04-12 14:05
ormuz,87686,2026-04-12 14:05:00+00:00,2026-04-12 14:05
diario,87266,2026-04-12 14:05:00+00:00,2026-04-12 14:05
santa,82157,2026-04-12 14:05:00+00:00,2026-04-12 14:05
final,80889,2026-04-12 14:05:00+00:00,2026-04-12 14:05
artemis,77264,2026-04-12 14:05:00+00:00,2026-04-12 14:05
carlos,73628,2026-04-12 14:05:00+00:00,2026-04-12 14:05
semana santa,73187,2026-04-12 14:05:00+00:00,2026-04-12 14:05
aragón,71302,2026-04-12 14:05:00+00:00,2026-04-12 14:05
luna,69207,2026-04-12 14:05:00+00:00,2026-04-12 14:05
ii,68572,2026-04-12 14:05:00+00:00,2026-04-12 14:05
internacional,397518,2026-04-12 14:35:00+00:00,2026-04-12 14:35
irán,316336,2026-04-12 14:35:00+00:00,2026-04-12 14:35
guerra,256631,2026-04-12 14:35:00+00:00,2026-04-12 14:35
trump,227716,2026-04-12 14:35:00+00:00,2026-04-12 14:35
israel,136996,2026-04-12 14:35:00+00:00,2026-04-12 14:35
sánchez,133761,2026-04-12 14:35:00+00:00,2026-04-12 14:35
guerra irán,110491,2026-04-12 14:35:00+00:00,2026-04-12 14:35
málaga,108254,2026-04-12 14:35:00+00:00,2026-04-12 14:35
ormuz,88314,2026-04-12 14:35:00+00:00,2026-04-12 14:35
diario,87485,2026-04-12 14:35:00+00:00,2026-04-12 14:35
santa,82088,2026-04-12 14:35:00+00:00,2026-04-12 14:35
final,81080,2026-04-12 14:35:00+00:00,2026-04-12 14:35
artemis,77207,2026-04-12 14:35:00+00:00,2026-04-12 14:35
carlos,73520,2026-04-12 14:35:00+00:00,2026-04-12 14:35
semana santa,73129,2026-04-12 14:35:00+00:00,2026-04-12 14:35
aragón,70681,2026-04-12 14:35:00+00:00,2026-04-12 14:35
luna,69080,2026-04-12 14:35:00+00:00,2026-04-12 14:35
ii,68335,2026-04-12 14:35:00+00:00,2026-04-12 14:35
internacional,397132,2026-04-12 15:05:00+00:00,2026-04-12 15:05
irán,316503,2026-04-12 15:05:00+00:00,2026-04-12 15:05
guerra,256335,2026-04-12 15:05:00+00:00,2026-04-12 15:05
trump,227971,2026-04-12 15:05:00+00:00,2026-04-12 15:05
israel,136853,2026-04-12 15:05:00+00:00,2026-04-12 15:05
sánchez,133511,2026-04-12 15:05:00+00:00,2026-04-12 15:05
guerra irán,110522,2026-04-12 15:05:00+00:00,2026-04-12 15:05
málaga,108149,2026-04-12 15:05:00+00:00,2026-04-12 15:05
ormuz,89155,2026-04-12 15:05:00+00:00,2026-04-12 15:05
diario,87388,2026-04-12 15:05:00+00:00,2026-04-12 15:05
santa,82040,2026-04-12 15:05:00+00:00,2026-04-12 15:05
final,81764,2026-04-12 15:05:00+00:00,2026-04-12 15:05
artemis,76989,2026-04-12 15:05:00+00:00,2026-04-12 15:05
carlos,73548,2026-04-12 15:05:00+00:00,2026-04-12 15:05
semana santa,73081,2026-04-12 15:05:00+00:00,2026-04-12 15:05
aragón,70682,2026-04-12 15:05:00+00:00,2026-04-12 15:05
luna,68562,2026-04-12 15:05:00+00:00,2026-04-12 15:05
ii,68227,2026-04-12 15:05:00+00:00,2026-04-12 15:05
internacional,397113,2026-04-12 15:35:00+00:00,2026-04-12 15:35
irán,316079,2026-04-12 15:35:00+00:00,2026-04-12 15:35
guerra,255756,2026-04-12 15:35:00+00:00,2026-04-12 15:35
trump,228212,2026-04-12 15:35:00+00:00,2026-04-12 15:35
israel,136200,2026-04-12 15:35:00+00:00,2026-04-12 15:35
sánchez,133109,2026-04-12 15:35:00+00:00,2026-04-12 15:35
guerra irán,110617,2026-04-12 15:35:00+00:00,2026-04-12 15:35
málaga,108146,2026-04-12 15:35:00+00:00,2026-04-12 15:35
ormuz,89325,2026-04-12 15:35:00+00:00,2026-04-12 15:35
diario,87549,2026-04-12 15:35:00+00:00,2026-04-12 15:35
final,82030,2026-04-12 15:35:00+00:00,2026-04-12 15:35
santa,81948,2026-04-12 15:35:00+00:00,2026-04-12 15:35
artemis,77159,2026-04-12 15:35:00+00:00,2026-04-12 15:35
carlos,73630,2026-04-12 15:35:00+00:00,2026-04-12 15:35
semana santa,72987,2026-04-12 15:35:00+00:00,2026-04-12 15:35
aragón,70593,2026-04-12 15:35:00+00:00,2026-04-12 15:35
luna,69182,2026-04-12 15:35:00+00:00,2026-04-12 15:35
ii,68139,2026-04-12 15:35:00+00:00,2026-04-12 15:35
internacional,396362,2026-04-12 16:05:00+00:00,2026-04-12 16:05
irán,316542,2026-04-12 16:05:00+00:00,2026-04-12 16:05
guerra,255721,2026-04-12 16:05:00+00:00,2026-04-12 16:05
trump,229035,2026-04-12 16:05:00+00:00,2026-04-12 16:05
israel,136232,2026-04-12 16:05:00+00:00,2026-04-12 16:05
sánchez,133093,2026-04-12 16:05:00+00:00,2026-04-12 16:05
guerra irán,110564,2026-04-12 16:05:00+00:00,2026-04-12 16:05
málaga,108354,2026-04-12 16:05:00+00:00,2026-04-12 16:05
ormuz,90018,2026-04-12 16:05:00+00:00,2026-04-12 16:05
diario,86944,2026-04-12 16:05:00+00:00,2026-04-12 16:05
final,83213,2026-04-12 16:05:00+00:00,2026-04-12 16:05
santa,81801,2026-04-12 16:05:00+00:00,2026-04-12 16:05
artemis,77049,2026-04-12 16:05:00+00:00,2026-04-12 16:05
carlos,73791,2026-04-12 16:05:00+00:00,2026-04-12 16:05
semana santa,72837,2026-04-12 16:05:00+00:00,2026-04-12 16:05
aragón,70486,2026-04-12 16:05:00+00:00,2026-04-12 16:05
luna,68967,2026-04-12 16:05:00+00:00,2026-04-12 16:05
ii,68241,2026-04-12 16:05:00+00:00,2026-04-12 16:05
internacional,396163,2026-04-12 16:35:00+00:00,2026-04-12 16:35
irán,316213,2026-04-12 16:35:00+00:00,2026-04-12 16:35
guerra,255508,2026-04-12 16:35:00+00:00,2026-04-12 16:35
trump,229264,2026-04-12 16:35:00+00:00,2026-04-12 16:35
israel,135954,2026-04-12 16:35:00+00:00,2026-04-12 16:35
sánchez,132463,2026-04-12 16:35:00+00:00,2026-04-12 16:35
guerra irán,110379,2026-04-12 16:35:00+00:00,2026-04-12 16:35
málaga,108179,2026-04-12 16:35:00+00:00,2026-04-12 16:35
ormuz,90348,2026-04-12 16:35:00+00:00,2026-04-12 16:35
diario,87068,2026-04-12 16:35:00+00:00,2026-04-12 16:35
final,83875,2026-04-12 16:35:00+00:00,2026-04-12 16:35
santa,81754,2026-04-12 16:35:00+00:00,2026-04-12 16:35
artemis,76674,2026-04-12 16:35:00+00:00,2026-04-12 16:35
carlos,73743,2026-04-12 16:35:00+00:00,2026-04-12 16:35
semana santa,72789,2026-04-12 16:35:00+00:00,2026-04-12 16:35
aragón,70488,2026-04-12 16:35:00+00:00,2026-04-12 16:35
luna,68616,2026-04-12 16:35:00+00:00,2026-04-12 16:35
ii,68077,2026-04-12 16:35:00+00:00,2026-04-12 16:35
internacional,398663,2026-04-12 17:05:00+00:00,2026-04-12 17:05
irán,315825,2026-04-12 17:05:00+00:00,2026-04-12 17:05
guerra,255422,2026-04-12 17:05:00+00:00,2026-04-12 17:05
trump,228854,2026-04-12 17:05:00+00:00,2026-04-12 17:05
israel,136324,2026-04-12 17:05:00+00:00,2026-04-12 17:05
sánchez,132659,2026-04-12 17:05:00+00:00,2026-04-12 17:05
guerra irán,110235,2026-04-12 17:05:00+00:00,2026-04-12 17:05
málaga,108430,2026-04-12 17:05:00+00:00,2026-04-12 17:05
ormuz,90593,2026-04-12 17:05:00+00:00,2026-04-12 17:05
diario,87738,2026-04-12 17:05:00+00:00,2026-04-12 17:05
final,83670,2026-04-12 17:05:00+00:00,2026-04-12 17:05
santa,81657,2026-04-12 17:05:00+00:00,2026-04-12 17:05
artemis,76551,2026-04-12 17:05:00+00:00,2026-04-12 17:05
carlos,73498,2026-04-12 17:05:00+00:00,2026-04-12 17:05
semana santa,72678,2026-04-12 17:05:00+00:00,2026-04-12 17:05
aragón,70876,2026-04-12 17:05:00+00:00,2026-04-12 17:05
luna,69045,2026-04-12 17:05:00+00:00,2026-04-12 17:05
ii,68183,2026-04-12 17:05:00+00:00,2026-04-12 17:05
elecciones,67561,2026-04-12 17:05:00+00:00,2026-04-12 17:05
internacional,398833,2026-04-12 17:35:00+00:00,2026-04-12 17:35
irán,316705,2026-04-12 17:35:00+00:00,2026-04-12 17:35
guerra,255724,2026-04-12 17:35:00+00:00,2026-04-12 17:35
trump,229584,2026-04-12 17:35:00+00:00,2026-04-12 17:35
israel,136740,2026-04-12 17:35:00+00:00,2026-04-12 17:35
sánchez,132774,2026-04-12 17:35:00+00:00,2026-04-12 17:35
guerra irán,110402,2026-04-12 17:35:00+00:00,2026-04-12 17:35
málaga,108617,2026-04-12 17:35:00+00:00,2026-04-12 17:35
ormuz,91482,2026-04-12 17:35:00+00:00,2026-04-12 17:35
diario,88001,2026-04-12 17:35:00+00:00,2026-04-12 17:35
final,84156,2026-04-12 17:35:00+00:00,2026-04-12 17:35
santa,81601,2026-04-12 17:35:00+00:00,2026-04-12 17:35
artemis,76440,2026-04-12 17:35:00+00:00,2026-04-12 17:35
carlos,73244,2026-04-12 17:35:00+00:00,2026-04-12 17:35
semana santa,72621,2026-04-12 17:35:00+00:00,2026-04-12 17:35
aragón,70479,2026-04-12 17:35:00+00:00,2026-04-12 17:35
elecciones,69273,2026-04-12 17:35:00+00:00,2026-04-12 17:35
luna,69047,2026-04-12 17:35:00+00:00,2026-04-12 17:35
ii,68071,2026-04-12 17:35:00+00:00,2026-04-12 17:35
internacional,396319,2026-04-12 18:05:00+00:00,2026-04-12 18:05
irán,317337,2026-04-12 18:05:00+00:00,2026-04-12 18:05
guerra,255351,2026-04-12 18:05:00+00:00,2026-04-12 18:05
trump,230267,2026-04-12 18:05:00+00:00,2026-04-12 18:05
israel,136325,2026-04-12 18:05:00+00:00,2026-04-12 18:05
sánchez,132442,2026-04-12 18:05:00+00:00,2026-04-12 18:05
guerra irán,110529,2026-04-12 18:05:00+00:00,2026-04-12 18:05
málaga,108843,2026-04-12 18:05:00+00:00,2026-04-12 18:05
ormuz,91740,2026-04-12 18:05:00+00:00,2026-04-12 18:05
diario,87915,2026-04-12 18:05:00+00:00,2026-04-12 18:05
final,84324,2026-04-12 18:05:00+00:00,2026-04-12 18:05
santa,81457,2026-04-12 18:05:00+00:00,2026-04-12 18:05
artemis,75770,2026-04-12 18:05:00+00:00,2026-04-12 18:05
carlos,73045,2026-04-12 18:05:00+00:00,2026-04-12 18:05
semana santa,72486,2026-04-12 18:05:00+00:00,2026-04-12 18:05
aragón,70515,2026-04-12 18:05:00+00:00,2026-04-12 18:05
elecciones,70219,2026-04-12 18:05:00+00:00,2026-04-12 18:05
luna,68906,2026-04-12 18:05:00+00:00,2026-04-12 18:05
ii,67757,2026-04-12 18:05:00+00:00,2026-04-12 18:05
internacional,399336,2026-04-12 18:35:00+00:00,2026-04-12 18:35
irán,316864,2026-04-12 18:35:00+00:00,2026-04-12 18:35
guerra,255155,2026-04-12 18:35:00+00:00,2026-04-12 18:35
trump,229756,2026-04-12 18:35:00+00:00,2026-04-12 18:35
israel,136349,2026-04-12 18:35:00+00:00,2026-04-12 18:35
sánchez,132845,2026-04-12 18:35:00+00:00,2026-04-12 18:35
guerra irán,110517,2026-04-12 18:35:00+00:00,2026-04-12 18:35
málaga,108837,2026-04-12 18:35:00+00:00,2026-04-12 18:35
ormuz,91859,2026-04-12 18:35:00+00:00,2026-04-12 18:35
diario,88023,2026-04-12 18:35:00+00:00,2026-04-12 18:35
final,84502,2026-04-12 18:35:00+00:00,2026-04-12 18:35
santa,81319,2026-04-12 18:35:00+00:00,2026-04-12 18:35
artemis,75696,2026-04-12 18:35:00+00:00,2026-04-12 18:35
carlos,72970,2026-04-12 18:35:00+00:00,2026-04-12 18:35
semana santa,72334,2026-04-12 18:35:00+00:00,2026-04-12 18:35
elecciones,71118,2026-04-12 18:35:00+00:00,2026-04-12 18:35
aragón,70940,2026-04-12 18:35:00+00:00,2026-04-12 18:35
luna,68907,2026-04-12 18:35:00+00:00,2026-04-12 18:35
ii,67710,2026-04-12 18:35:00+00:00,2026-04-12 18:35
internacional,398538,2026-04-12 19:06:00+00:00,2026-04-12 19:06
irán,317386,2026-04-12 19:06:00+00:00,2026-04-12 19:06
guerra,255614,2026-04-12 19:06:00+00:00,2026-04-12 19:06
trump,230355,2026-04-12 19:06:00+00:00,2026-04-12 19:06
israel,136501,2026-04-12 19:06:00+00:00,2026-04-12 19:06
sánchez,133028,2026-04-12 19:06:00+00:00,2026-04-12 19:06
guerra irán,110746,2026-04-12 19:06:00+00:00,2026-04-12 19:06
málaga,108175,2026-04-12 19:06:00+00:00,2026-04-12 19:06
ormuz,91938,2026-04-12 19:06:00+00:00,2026-04-12 19:06
diario,87796,2026-04-12 19:06:00+00:00,2026-04-12 19:06
santa,81295,2026-04-12 19:06:00+00:00,2026-04-12 19:06
final,80580,2026-04-12 19:06:00+00:00,2026-04-12 19:06
artemis,75698,2026-04-12 19:06:00+00:00,2026-04-12 19:06
semana santa,72309,2026-04-12 19:06:00+00:00,2026-04-12 19:06
elecciones,72202,2026-04-12 19:06:00+00:00,2026-04-12 19:06
aragón,70941,2026-04-12 19:06:00+00:00,2026-04-12 19:06
luna,68909,2026-04-12 19:06:00+00:00,2026-04-12 19:06
carlos,68234,2026-04-12 19:06:00+00:00,2026-04-12 19:06
ii,67711,2026-04-12 19:06:00+00:00,2026-04-12 19:06
internacional,398524,2026-04-12 19:36:00+00:00,2026-04-12 19:36
irán,317215,2026-04-12 19:36:00+00:00,2026-04-12 19:36
guerra,255521,2026-04-12 19:36:00+00:00,2026-04-12 19:36
trump,230072,2026-04-12 19:36:00+00:00,2026-04-12 19:36
israel,136634,2026-04-12 19:36:00+00:00,2026-04-12 19:36
sánchez,133275,2026-04-12 19:36:00+00:00,2026-04-12 19:36
guerra irán,110963,2026-04-12 19:36:00+00:00,2026-04-12 19:36
málaga,108395,2026-04-12 19:36:00+00:00,2026-04-12 19:36
ormuz,91862,2026-04-12 19:36:00+00:00,2026-04-12 19:36
diario,88017,2026-04-12 19:36:00+00:00,2026-04-12 19:36
santa,81298,2026-04-12 19:36:00+00:00,2026-04-12 19:36
final,80755,2026-04-12 19:36:00+00:00,2026-04-12 19:36
artemis,75439,2026-04-12 19:36:00+00:00,2026-04-12 19:36
elecciones,75265,2026-04-12 19:36:00+00:00,2026-04-12 19:36
semana santa,72311,2026-04-12 19:36:00+00:00,2026-04-12 19:36
aragón,70874,2026-04-12 19:36:00+00:00,2026-04-12 19:36
luna,68773,2026-04-12 19:36:00+00:00,2026-04-12 19:36
carlos,68409,2026-04-12 19:36:00+00:00,2026-04-12 19:36
ii,67548,2026-04-12 19:36:00+00:00,2026-04-12 19:36
internacional,399154,2026-04-12 20:05:00+00:00,2026-04-12 20:05
irán,317572,2026-04-12 20:05:00+00:00,2026-04-12 20:05
guerra,255536,2026-04-12 20:05:00+00:00,2026-04-12 20:05
trump,230664,2026-04-12 20:05:00+00:00,2026-04-12 20:05
israel,136565,2026-04-12 20:05:00+00:00,2026-04-12 20:05
sánchez,133056,2026-04-12 20:05:00+00:00,2026-04-12 20:05
guerra irán,110923,2026-04-12 20:05:00+00:00,2026-04-12 20:05
málaga,110026,2026-04-12 20:05:00+00:00,2026-04-12 20:05
ormuz,91960,2026-04-12 20:05:00+00:00,2026-04-12 20:05
diario,87805,2026-04-12 20:05:00+00:00,2026-04-12 20:05
santa,81301,2026-04-12 20:05:00+00:00,2026-04-12 20:05
final,80675,2026-04-12 20:05:00+00:00,2026-04-12 20:05
elecciones,76805,2026-04-12 20:05:00+00:00,2026-04-12 20:05
artemis,75012,2026-04-12 20:05:00+00:00,2026-04-12 20:05
semana santa,72314,2026-04-12 20:05:00+00:00,2026-04-12 20:05
aragón,70750,2026-04-12 20:05:00+00:00,2026-04-12 20:05
carlos,68603,2026-04-12 20:05:00+00:00,2026-04-12 20:05
luna,68497,2026-04-12 20:05:00+00:00,2026-04-12 20:05
ii,67202,2026-04-12 20:05:00+00:00,2026-04-12 20:05
internacional,398478,2026-04-12 20:36:00+00:00,2026-04-12 20:36
irán,317046,2026-04-12 20:36:00+00:00,2026-04-12 20:36
guerra,255139,2026-04-12 20:36:00+00:00,2026-04-12 20:36
trump,230374,2026-04-12 20:36:00+00:00,2026-04-12 20:36
israel,136281,2026-04-12 20:36:00+00:00,2026-04-12 20:36
sánchez,133063,2026-04-12 20:36:00+00:00,2026-04-12 20:36
guerra irán,110858,2026-04-12 20:36:00+00:00,2026-04-12 20:36
málaga,110031,2026-04-12 20:36:00+00:00,2026-04-12 20:36
ormuz,92137,2026-04-12 20:36:00+00:00,2026-04-12 20:36
diario,88374,2026-04-12 20:36:00+00:00,2026-04-12 20:36
santa,81303,2026-04-12 20:36:00+00:00,2026-04-12 20:36
final,80681,2026-04-12 20:36:00+00:00,2026-04-12 20:36
elecciones,78131,2026-04-12 20:36:00+00:00,2026-04-12 20:36
artemis,74974,2026-04-12 20:36:00+00:00,2026-04-12 20:36
semana santa,72316,2026-04-12 20:36:00+00:00,2026-04-12 20:36
aragón,70752,2026-04-12 20:36:00+00:00,2026-04-12 20:36
carlos,68607,2026-04-12 20:36:00+00:00,2026-04-12 20:36
luna,68362,2026-04-12 20:36:00+00:00,2026-04-12 20:36
ii,66775,2026-04-12 20:36:00+00:00,2026-04-12 20:36
internacional,398208,2026-04-12 21:05:00+00:00,2026-04-12 21:05
irán,317107,2026-04-12 21:05:00+00:00,2026-04-12 21:05
guerra,254977,2026-04-12 21:05:00+00:00,2026-04-12 21:05
trump,230843,2026-04-12 21:05:00+00:00,2026-04-12 21:05
israel,136053,2026-04-12 21:05:00+00:00,2026-04-12 21:05
sánchez,134169,2026-04-12 21:05:00+00:00,2026-04-12 21:05
málaga,110840,2026-04-12 21:05:00+00:00,2026-04-12 21:05
guerra irán,110662,2026-04-12 21:05:00+00:00,2026-04-12 21:05
ormuz,91971,2026-04-12 21:05:00+00:00,2026-04-12 21:05
diario,88099,2026-04-12 21:05:00+00:00,2026-04-12 21:05
santa,81389,2026-04-12 21:05:00+00:00,2026-04-12 21:05
final,81350,2026-04-12 21:05:00+00:00,2026-04-12 21:05
elecciones,78627,2026-04-12 21:05:00+00:00,2026-04-12 21:05
artemis,75488,2026-04-12 21:05:00+00:00,2026-04-12 21:05
semana santa,72403,2026-04-12 21:05:00+00:00,2026-04-12 21:05
aragón,70678,2026-04-12 21:05:00+00:00,2026-04-12 21:05
luna,70108,2026-04-12 21:05:00+00:00,2026-04-12 21:05
carlos,69007,2026-04-12 21:05:00+00:00,2026-04-12 21:05
ii,66878,2026-04-12 21:05:00+00:00,2026-04-12 21:05
internacional,398234,2026-04-12 21:35:00+00:00,2026-04-12 21:35
irán,316897,2026-04-12 21:35:00+00:00,2026-04-12 21:35
guerra,254996,2026-04-12 21:35:00+00:00,2026-04-12 21:35
trump,230553,2026-04-12 21:35:00+00:00,2026-04-12 21:35
israel,135963,2026-04-12 21:35:00+00:00,2026-04-12 21:35
sánchez,134417,2026-04-12 21:35:00+00:00,2026-04-12 21:35
málaga,111489,2026-04-12 21:35:00+00:00,2026-04-12 21:35
guerra irán,110667,2026-04-12 21:35:00+00:00,2026-04-12 21:35
ormuz,92185,2026-04-12 21:35:00+00:00,2026-04-12 21:35
diario,88104,2026-04-12 21:35:00+00:00,2026-04-12 21:35
final,81569,2026-04-12 21:35:00+00:00,2026-04-12 21:35
santa,81393,2026-04-12 21:35:00+00:00,2026-04-12 21:35
elecciones,80194,2026-04-12 21:35:00+00:00,2026-04-12 21:35
artemis,75300,2026-04-12 21:35:00+00:00,2026-04-12 21:35
semana santa,72407,2026-04-12 21:35:00+00:00,2026-04-12 21:35
aragón,70679,2026-04-12 21:35:00+00:00,2026-04-12 21:35
luna,70109,2026-04-12 21:35:00+00:00,2026-04-12 21:35
carlos,69227,2026-04-12 21:35:00+00:00,2026-04-12 21:35
ii,66782,2026-04-12 21:35:00+00:00,2026-04-12 21:35
internacional,397968,2026-04-12 22:06:00+00:00,2026-04-12 22:06
irán,316864,2026-04-12 22:06:00+00:00,2026-04-12 22:06
guerra,254719,2026-04-12 22:06:00+00:00,2026-04-12 22:06
trump,230078,2026-04-12 22:06:00+00:00,2026-04-12 22:06
israel,136162,2026-04-12 22:06:00+00:00,2026-04-12 22:06
sánchez,134665,2026-04-12 22:06:00+00:00,2026-04-12 22:06
málaga,112055,2026-04-12 22:06:00+00:00,2026-04-12 22:06
guerra irán,110700,2026-04-12 22:06:00+00:00,2026-04-12 22:06
ormuz,92593,2026-04-12 22:06:00+00:00,2026-04-12 22:06
diario,88536,2026-04-12 22:06:00+00:00,2026-04-12 22:06
final,81513,2026-04-12 22:06:00+00:00,2026-04-12 22:06
elecciones,81399,2026-04-12 22:06:00+00:00,2026-04-12 22:06
santa,81348,2026-04-12 22:06:00+00:00,2026-04-12 22:06
artemis,74826,2026-04-12 22:06:00+00:00,2026-04-12 22:06
semana santa,72361,2026-04-12 22:06:00+00:00,2026-04-12 22:06
aragón,70682,2026-04-12 22:06:00+00:00,2026-04-12 22:06
luna,69717,2026-04-12 22:06:00+00:00,2026-04-12 22:06
carlos,69231,2026-04-12 22:06:00+00:00,2026-04-12 22:06
internacional,398855,2026-04-12 22:35:00+00:00,2026-04-12 22:35
irán,316881,2026-04-12 22:35:00+00:00,2026-04-12 22:35
guerra,254444,2026-04-12 22:35:00+00:00,2026-04-12 22:35
trump,230126,2026-04-12 22:35:00+00:00,2026-04-12 22:35
israel,135963,2026-04-12 22:35:00+00:00,2026-04-12 22:35
sánchez,134717,2026-04-12 22:35:00+00:00,2026-04-12 22:35
málaga,111320,2026-04-12 22:35:00+00:00,2026-04-12 22:35
guerra irán,110705,2026-04-12 22:35:00+00:00,2026-04-12 22:35
ormuz,92789,2026-04-12 22:35:00+00:00,2026-04-12 22:35
diario,88735,2026-04-12 22:35:00+00:00,2026-04-12 22:35
final,81515,2026-04-12 22:35:00+00:00,2026-04-12 22:35
elecciones,81304,2026-04-12 22:35:00+00:00,2026-04-12 22:35
santa,81301,2026-04-12 22:35:00+00:00,2026-04-12 22:35
artemis,74827,2026-04-12 22:35:00+00:00,2026-04-12 22:35
semana santa,72313,2026-04-12 22:35:00+00:00,2026-04-12 22:35
aragón,70684,2026-04-12 22:35:00+00:00,2026-04-12 22:35
luna,69648,2026-04-12 22:35:00+00:00,2026-04-12 22:35
carlos,69188,2026-04-12 22:35:00+00:00,2026-04-12 22:35
ii,66400,2026-04-12 22:35:00+00:00,2026-04-12 22:35
internacional,398681,2026-04-12 23:05:00+00:00,2026-04-12 23:05
irán,316960,2026-04-12 23:05:00+00:00,2026-04-12 23:05
guerra,254754,2026-04-12 23:05:00+00:00,2026-04-12 23:05
trump,230470,2026-04-12 23:05:00+00:00,2026-04-12 23:05
israel,136227,2026-04-12 23:05:00+00:00,2026-04-12 23:05
sánchez,135304,2026-04-12 23:05:00+00:00,2026-04-12 23:05
málaga,111411,2026-04-12 23:05:00+00:00,2026-04-12 23:05
guerra irán,110713,2026-04-12 23:05:00+00:00,2026-04-12 23:05
ormuz,93283,2026-04-12 23:05:00+00:00,2026-04-12 23:05
diario,88722,2026-04-12 23:05:00+00:00,2026-04-12 23:05
elecciones,81897,2026-04-12 23:05:00+00:00,2026-04-12 23:05
final,81518,2026-04-12 23:05:00+00:00,2026-04-12 23:05
santa,81303,2026-04-12 23:05:00+00:00,2026-04-12 23:05
artemis,74714,2026-04-12 23:05:00+00:00,2026-04-12 23:05
semana santa,72314,2026-04-12 23:05:00+00:00,2026-04-12 23:05
aragón,70686,2026-04-12 23:05:00+00:00,2026-04-12 23:05
luna,69649,2026-04-12 23:05:00+00:00,2026-04-12 23:05
carlos,69189,2026-04-12 23:05:00+00:00,2026-04-12 23:05
internacional,399056,2026-04-12 23:35:00+00:00,2026-04-12 23:35
irán,317121,2026-04-12 23:35:00+00:00,2026-04-12 23:35
guerra,254566,2026-04-12 23:35:00+00:00,2026-04-12 23:35
trump,230636,2026-04-12 23:35:00+00:00,2026-04-12 23:35
israel,136132,2026-04-12 23:35:00+00:00,2026-04-12 23:35
sánchez,135307,2026-04-12 23:35:00+00:00,2026-04-12 23:35
málaga,111413,2026-04-12 23:35:00+00:00,2026-04-12 23:35
guerra irán,110718,2026-04-12 23:35:00+00:00,2026-04-12 23:35
ormuz,93285,2026-04-12 23:35:00+00:00,2026-04-12 23:35
diario,88832,2026-04-12 23:35:00+00:00,2026-04-12 23:35
elecciones,82351,2026-04-12 23:35:00+00:00,2026-04-12 23:35
final,81520,2026-04-12 23:35:00+00:00,2026-04-12 23:35
santa,81304,2026-04-12 23:35:00+00:00,2026-04-12 23:35
artemis,74292,2026-04-12 23:35:00+00:00,2026-04-12 23:35
semana santa,72316,2026-04-12 23:35:00+00:00,2026-04-12 23:35
aragón,70974,2026-04-12 23:35:00+00:00,2026-04-12 23:35
luna,69450,2026-04-12 23:35:00+00:00,2026-04-12 23:35
carlos,69190,2026-04-12 23:35:00+00:00,2026-04-12 23:35
internacional,398775,2026-04-13 00:05:00+00:00,2026-04-13 00:05
irán,317066,2026-04-13 00:05:00+00:00,2026-04-13 00:05
guerra,254781,2026-04-13 00:05:00+00:00,2026-04-13 00:05
trump,231433,2026-04-13 00:05:00+00:00,2026-04-13 00:05
israel,136136,2026-04-13 00:05:00+00:00,2026-04-13 00:05
sánchez,135311,2026-04-13 00:05:00+00:00,2026-04-13 00:05
málaga,111415,2026-04-13 00:05:00+00:00,2026-04-13 00:05
guerra irán,110721,2026-04-13 00:05:00+00:00,2026-04-13 00:05
ormuz,93248,2026-04-13 00:05:00+00:00,2026-04-13 00:05
diario,89036,2026-04-13 00:05:00+00:00,2026-04-13 00:05
elecciones,82819,2026-04-13 00:05:00+00:00,2026-04-13 00:05
santa,81206,2026-04-13 00:05:00+00:00,2026-04-13 00:05
final,81189,2026-04-13 00:05:00+00:00,2026-04-13 00:05
artemis,74027,2026-04-13 00:05:00+00:00,2026-04-13 00:05
semana santa,72216,2026-04-13 00:05:00+00:00,2026-04-13 00:05
aragón,70975,2026-04-13 00:05:00+00:00,2026-04-13 00:05
luna,69266,2026-04-13 00:05:00+00:00,2026-04-13 00:05
carlos,68991,2026-04-13 00:05:00+00:00,2026-04-13 00:05
internacional,398388,2026-04-13 00:35:00+00:00,2026-04-13 00:35
irán,317274,2026-04-13 00:35:00+00:00,2026-04-13 00:35
guerra,254885,2026-04-13 00:35:00+00:00,2026-04-13 00:35
trump,231662,2026-04-13 00:35:00+00:00,2026-04-13 00:35
israel,136147,2026-04-13 00:35:00+00:00,2026-04-13 00:35
sánchez,135528,2026-04-13 00:35:00+00:00,2026-04-13 00:35
málaga,111420,2026-04-13 00:35:00+00:00,2026-04-13 00:35
guerra irán,110694,2026-04-13 00:35:00+00:00,2026-04-13 00:35
ormuz,93393,2026-04-13 00:35:00+00:00,2026-04-13 00:35
diario,88958,2026-04-13 00:35:00+00:00,2026-04-13 00:35
elecciones,83469,2026-04-13 00:35:00+00:00,2026-04-13 00:35
final,81198,2026-04-13 00:35:00+00:00,2026-04-13 00:35
santa,81157,2026-04-13 00:35:00+00:00,2026-04-13 00:35
artemis,73662,2026-04-13 00:35:00+00:00,2026-04-13 00:35
semana santa,72165,2026-04-13 00:35:00+00:00,2026-04-13 00:35
aragón,70977,2026-04-13 00:35:00+00:00,2026-04-13 00:35
carlos,69001,2026-04-13 00:35:00+00:00,2026-04-13 00:35
luna,68695,2026-04-13 00:35:00+00:00,2026-04-13 00:35
internacional,397782,2026-04-13 01:05:00+00:00,2026-04-13 01:05
irán,317159,2026-04-13 01:05:00+00:00,2026-04-13 01:05
guerra,254997,2026-04-13 01:05:00+00:00,2026-04-13 01:05
trump,231443,2026-04-13 01:05:00+00:00,2026-04-13 01:05
israel,136150,2026-04-13 01:05:00+00:00,2026-04-13 01:05
sánchez,135214,2026-04-13 01:05:00+00:00,2026-04-13 01:05
málaga,111422,2026-04-13 01:05:00+00:00,2026-04-13 01:05
guerra irán,110697,2026-04-13 01:05:00+00:00,2026-04-13 01:05
ormuz,93542,2026-04-13 01:05:00+00:00,2026-04-13 01:05
diario,89375,2026-04-13 01:05:00+00:00,2026-04-13 01:05
elecciones,83470,2026-04-13 01:05:00+00:00,2026-04-13 01:05
final,81199,2026-04-13 01:05:00+00:00,2026-04-13 01:05
santa,81157,2026-04-13 01:05:00+00:00,2026-04-13 01:05
artemis,72971,2026-04-13 01:05:00+00:00,2026-04-13 01:05
semana santa,72166,2026-04-13 01:05:00+00:00,2026-04-13 01:05
aragón,70978,2026-04-13 01:05:00+00:00,2026-04-13 01:05
carlos,68602,2026-04-13 01:05:00+00:00,2026-04-13 01:05
luna,68282,2026-04-13 01:05:00+00:00,2026-04-13 01:05
internacional,397956,2026-04-13 01:36:00+00:00,2026-04-13 01:36
irán,317019,2026-04-13 01:36:00+00:00,2026-04-13 01:36
guerra,255003,2026-04-13 01:36:00+00:00,2026-04-13 01:36
trump,231468,2026-04-13 01:36:00+00:00,2026-04-13 01:36
israel,136038,2026-04-13 01:36:00+00:00,2026-04-13 01:36
sánchez,135216,2026-04-13 01:36:00+00:00,2026-04-13 01:36
málaga,111423,2026-04-13 01:36:00+00:00,2026-04-13 01:36
guerra irán,110699,2026-04-13 01:36:00+00:00,2026-04-13 01:36
ormuz,93317,2026-04-13 01:36:00+00:00,2026-04-13 01:36
diario,89634,2026-04-13 01:36:00+00:00,2026-04-13 01:36
elecciones,84303,2026-04-13 01:36:00+00:00,2026-04-13 01:36
final,81200,2026-04-13 01:36:00+00:00,2026-04-13 01:36
santa,81158,2026-04-13 01:36:00+00:00,2026-04-13 01:36
artemis,72607,2026-04-13 01:36:00+00:00,2026-04-13 01:36
semana santa,72166,2026-04-13 01:36:00+00:00,2026-04-13 01:36
aragón,70979,2026-04-13 01:36:00+00:00,2026-04-13 01:36
carlos,68603,2026-04-13 01:36:00+00:00,2026-04-13 01:36
luna,68283,2026-04-13 01:36:00+00:00,2026-04-13 01:36
internacional,398296,2026-04-13 02:06:00+00:00,2026-04-13 02:06
irán,316971,2026-04-13 02:06:00+00:00,2026-04-13 02:06
guerra,255008,2026-04-13 02:06:00+00:00,2026-04-13 02:06
trump,231414,2026-04-13 02:06:00+00:00,2026-04-13 02:06
israel,136008,2026-04-13 02:06:00+00:00,2026-04-13 02:06
sánchez,134991,2026-04-13 02:06:00+00:00,2026-04-13 02:06
málaga,111425,2026-04-13 02:06:00+00:00,2026-04-13 02:06
guerra irán,110701,2026-04-13 02:06:00+00:00,2026-04-13 02:06
ormuz,93277,2026-04-13 02:06:00+00:00,2026-04-13 02:06
diario,89635,2026-04-13 02:06:00+00:00,2026-04-13 02:06
elecciones,84878,2026-04-13 02:06:00+00:00,2026-04-13 02:06
final,81202,2026-04-13 02:06:00+00:00,2026-04-13 02:06
santa,81158,2026-04-13 02:06:00+00:00,2026-04-13 02:06
artemis,72856,2026-04-13 02:06:00+00:00,2026-04-13 02:06
semana santa,72167,2026-04-13 02:06:00+00:00,2026-04-13 02:06
aragón,70979,2026-04-13 02:06:00+00:00,2026-04-13 02:06
carlos,68604,2026-04-13 02:06:00+00:00,2026-04-13 02:06
luna,68292,2026-04-13 02:06:00+00:00,2026-04-13 02:06
internacional,398464,2026-04-13 02:35:00+00:00,2026-04-13 02:35
irán,316897,2026-04-13 02:35:00+00:00,2026-04-13 02:35
guerra,255439,2026-04-13 02:35:00+00:00,2026-04-13 02:35
trump,232138,2026-04-13 02:35:00+00:00,2026-04-13 02:35
israel,136100,2026-04-13 02:35:00+00:00,2026-04-13 02:35
sánchez,135504,2026-04-13 02:35:00+00:00,2026-04-13 02:35
málaga,111427,2026-04-13 02:35:00+00:00,2026-04-13 02:35
guerra irán,110709,2026-04-13 02:35:00+00:00,2026-04-13 02:35
ormuz,93471,2026-04-13 02:35:00+00:00,2026-04-13 02:35
diario,89639,2026-04-13 02:35:00+00:00,2026-04-13 02:35
elecciones,85395,2026-04-13 02:35:00+00:00,2026-04-13 02:35
final,81204,2026-04-13 02:35:00+00:00,2026-04-13 02:35
santa,81160,2026-04-13 02:35:00+00:00,2026-04-13 02:35
artemis,72427,2026-04-13 02:35:00+00:00,2026-04-13 02:35
semana santa,72168,2026-04-13 02:35:00+00:00,2026-04-13 02:35
aragón,71197,2026-04-13 02:35:00+00:00,2026-04-13 02:35
carlos,68606,2026-04-13 02:35:00+00:00,2026-04-13 02:35
luna,68208,2026-04-13 02:35:00+00:00,2026-04-13 02:35
internacional,398234,2026-04-13 03:05:00+00:00,2026-04-13 03:05
irán,317212,2026-04-13 03:05:00+00:00,2026-04-13 03:05
guerra,255391,2026-04-13 03:05:00+00:00,2026-04-13 03:05
trump,233000,2026-04-13 03:05:00+00:00,2026-04-13 03:05
israel,136290,2026-04-13 03:05:00+00:00,2026-04-13 03:05
sánchez,136189,2026-04-13 03:05:00+00:00,2026-04-13 03:05
málaga,111230,2026-04-13 03:05:00+00:00,2026-04-13 03:05
guerra irán,110634,2026-04-13 03:05:00+00:00,2026-04-13 03:05
ormuz,93262,2026-04-13 03:05:00+00:00,2026-04-13 03:05
diario,89895,2026-04-13 03:05:00+00:00,2026-04-13 03:05
elecciones,85833,2026-04-13 03:05:00+00:00,2026-04-13 03:05
santa,81102,2026-04-13 03:05:00+00:00,2026-04-13 03:05
final,80804,2026-04-13 03:05:00+00:00,2026-04-13 03:05
artemis,72277,2026-04-13 03:05:00+00:00,2026-04-13 03:05
semana santa,72109,2026-04-13 03:05:00+00:00,2026-04-13 03:05
aragón,70724,2026-04-13 03:05:00+00:00,2026-04-13 03:05
carlos,68560,2026-04-13 03:05:00+00:00,2026-04-13 03:05
luna,68343,2026-04-13 03:05:00+00:00,2026-04-13 03:05
internacional,399054,2026-04-13 03:35:00+00:00,2026-04-13 03:35
irán,316923,2026-04-13 03:35:00+00:00,2026-04-13 03:35
guerra,255374,2026-04-13 03:35:00+00:00,2026-04-13 03:35
trump,233313,2026-04-13 03:35:00+00:00,2026-04-13 03:35
sánchez,136364,2026-04-13 03:35:00+00:00,2026-04-13 03:35
israel,136360,2026-04-13 03:35:00+00:00,2026-04-13 03:35
málaga,111104,2026-04-13 03:35:00+00:00,2026-04-13 03:35
guerra irán,110644,2026-04-13 03:35:00+00:00,2026-04-13 03:35
ormuz,93606,2026-04-13 03:35:00+00:00,2026-04-13 03:35
diario,90611,2026-04-13 03:35:00+00:00,2026-04-13 03:35
elecciones,85700,2026-04-13 03:35:00+00:00,2026-04-13 03:35
santa,81107,2026-04-13 03:35:00+00:00,2026-04-13 03:35
final,80685,2026-04-13 03:35:00+00:00,2026-04-13 03:35
aragón,72560,2026-04-13 03:35:00+00:00,2026-04-13 03:35
semana santa,72114,2026-04-13 03:35:00+00:00,2026-04-13 03:35
artemis,71838,2026-04-13 03:35:00+00:00,2026-04-13 03:35
carlos,68892,2026-04-13 03:35:00+00:00,2026-04-13 03:35
luna,67609,2026-04-13 03:35:00+00:00,2026-04-13 03:35
internacional,399090,2026-04-13 04:06:00+00:00,2026-04-13 04:06
irán,316212,2026-04-13 04:06:00+00:00,2026-04-13 04:06
guerra,255156,2026-04-13 04:06:00+00:00,2026-04-13 04:06
trump,233945,2026-04-13 04:06:00+00:00,2026-04-13 04:06
sánchez,137424,2026-04-13 04:06:00+00:00,2026-04-13 04:06
israel,136193,2026-04-13 04:06:00+00:00,2026-04-13 04:06
málaga,111111,2026-04-13 04:06:00+00:00,2026-04-13 04:06
guerra irán,110538,2026-04-13 04:06:00+00:00,2026-04-13 04:06
ormuz,94027,2026-04-13 04:06:00+00:00,2026-04-13 04:06
diario,90462,2026-04-13 04:06:00+00:00,2026-04-13 04:06
elecciones,85474,2026-04-13 04:06:00+00:00,2026-04-13 04:06
santa,80978,2026-04-13 04:06:00+00:00,2026-04-13 04:06
final,80689,2026-04-13 04:06:00+00:00,2026-04-13 04:06
aragón,72563,2026-04-13 04:06:00+00:00,2026-04-13 04:06
semana santa,72116,2026-04-13 04:06:00+00:00,2026-04-13 04:06
artemis,71755,2026-04-13 04:06:00+00:00,2026-04-13 04:06
carlos,68840,2026-04-13 04:06:00+00:00,2026-04-13 04:06
luna,67211,2026-04-13 04:06:00+00:00,2026-04-13 04:06
internacional,399258,2026-04-13 04:35:00+00:00,2026-04-13 04:35
irán,316693,2026-04-13 04:35:00+00:00,2026-04-13 04:35
guerra,256644,2026-04-13 04:35:00+00:00,2026-04-13 04:35
trump,234615,2026-04-13 04:35:00+00:00,2026-04-13 04:35
sánchez,137945,2026-04-13 04:35:00+00:00,2026-04-13 04:35
israel,136800,2026-04-13 04:35:00+00:00,2026-04-13 04:35
guerra irán,111138,2026-04-13 04:35:00+00:00,2026-04-13 04:35
málaga,111117,2026-04-13 04:35:00+00:00,2026-04-13 04:35
ormuz,94039,2026-04-13 04:35:00+00:00,2026-04-13 04:35
diario,90722,2026-04-13 04:35:00+00:00,2026-04-13 04:35
elecciones,86134,2026-04-13 04:35:00+00:00,2026-04-13 04:35
final,81090,2026-04-13 04:35:00+00:00,2026-04-13 04:35
santa,80982,2026-04-13 04:35:00+00:00,2026-04-13 04:35
aragón,72567,2026-04-13 04:35:00+00:00,2026-04-13 04:35
semana santa,72119,2026-04-13 04:35:00+00:00,2026-04-13 04:35
artemis,71759,2026-04-13 04:35:00+00:00,2026-04-13 04:35
carlos,68849,2026-04-13 04:35:00+00:00,2026-04-13 04:35
luna,67215,2026-04-13 04:35:00+00:00,2026-04-13 04:35
internacional,399875,2026-04-13 05:06:00+00:00,2026-04-13 05:06
irán,316683,2026-04-13 05:06:00+00:00,2026-04-13 05:06
guerra,256581,2026-04-13 05:06:00+00:00,2026-04-13 05:06
trump,235413,2026-04-13 05:06:00+00:00,2026-04-13 05:06
sánchez,138270,2026-04-13 05:06:00+00:00,2026-04-13 05:06
israel,136768,2026-04-13 05:06:00+00:00,2026-04-13 05:06
málaga,111120,2026-04-13 05:06:00+00:00,2026-04-13 05:06
guerra irán,111017,2026-04-13 05:06:00+00:00,2026-04-13 05:06
ormuz,93958,2026-04-13 05:06:00+00:00,2026-04-13 05:06
diario,90728,2026-04-13 05:06:00+00:00,2026-04-13 05:06
elecciones,86708,2026-04-13 05:06:00+00:00,2026-04-13 05:06
santa,80900,2026-04-13 05:06:00+00:00,2026-04-13 05:06
final,80892,2026-04-13 05:06:00+00:00,2026-04-13 05:06
aragón,72568,2026-04-13 05:06:00+00:00,2026-04-13 05:06
semana santa,72037,2026-04-13 05:06:00+00:00,2026-04-13 05:06
artemis,71931,2026-04-13 05:06:00+00:00,2026-04-13 05:06
carlos,68851,2026-04-13 05:06:00+00:00,2026-04-13 05:06
luna,67388,2026-04-13 05:06:00+00:00,2026-04-13 05:06
internacional,400181,2026-04-13 05:35:00+00:00,2026-04-13 05:35
irán,316902,2026-04-13 05:35:00+00:00,2026-04-13 05:35
guerra,256710,2026-04-13 05:35:00+00:00,2026-04-13 05:35
trump,234904,2026-04-13 05:35:00+00:00,2026-04-13 05:35
sánchez,138741,2026-04-13 05:35:00+00:00,2026-04-13 05:35
israel,136722,2026-04-13 05:35:00+00:00,2026-04-13 05:35
málaga,111124,2026-04-13 05:35:00+00:00,2026-04-13 05:35
guerra irán,110977,2026-04-13 05:35:00+00:00,2026-04-13 05:35
ormuz,94182,2026-04-13 05:35:00+00:00,2026-04-13 05:35
diario,90776,2026-04-13 05:35:00+00:00,2026-04-13 05:35
elecciones,86975,2026-04-13 05:35:00+00:00,2026-04-13 05:35
santa,80905,2026-04-13 05:35:00+00:00,2026-04-13 05:35
final,80900,2026-04-13 05:35:00+00:00,2026-04-13 05:35
aragón,72570,2026-04-13 05:35:00+00:00,2026-04-13 05:35
semana santa,72040,2026-04-13 05:35:00+00:00,2026-04-13 05:35
artemis,71654,2026-04-13 05:35:00+00:00,2026-04-13 05:35
carlos,68591,2026-04-13 05:35:00+00:00,2026-04-13 05:35
luna,66968,2026-04-13 05:35:00+00:00,2026-04-13 05:35
internacional,400639,2026-04-13 06:06:00+00:00,2026-04-13 06:06
irán,316575,2026-04-13 06:06:00+00:00,2026-04-13 06:06
guerra,256744,2026-04-13 06:06:00+00:00,2026-04-13 06:06
trump,234357,2026-04-13 06:06:00+00:00,2026-04-13 06:06
sánchez,139587,2026-04-13 06:06:00+00:00,2026-04-13 06:06
israel,136292,2026-04-13 06:06:00+00:00,2026-04-13 06:06
málaga,111063,2026-04-13 06:06:00+00:00,2026-04-13 06:06
guerra irán,110988,2026-04-13 06:06:00+00:00,2026-04-13 06:06
ormuz,95128,2026-04-13 06:06:00+00:00,2026-04-13 06:06
diario,90718,2026-04-13 06:06:00+00:00,2026-04-13 06:06
elecciones,88090,2026-04-13 06:06:00+00:00,2026-04-13 06:06
santa,80867,2026-04-13 06:06:00+00:00,2026-04-13 06:06
final,80856,2026-04-13 06:06:00+00:00,2026-04-13 06:06
aragón,72574,2026-04-13 06:06:00+00:00,2026-04-13 06:06
semana santa,72002,2026-04-13 06:06:00+00:00,2026-04-13 06:06
artemis,71572,2026-04-13 06:06:00+00:00,2026-04-13 06:06
carlos,68280,2026-04-13 06:06:00+00:00,2026-04-13 06:06
luna,66697,2026-04-13 06:06:00+00:00,2026-04-13 06:06
internacional,400703,2026-04-13 06:35:00+00:00,2026-04-13 06:35
irán,316931,2026-04-13 06:35:00+00:00,2026-04-13 06:35
guerra,256904,2026-04-13 06:35:00+00:00,2026-04-13 06:35
trump,234749,2026-04-13 06:35:00+00:00,2026-04-13 06:35
sánchez,140519,2026-04-13 06:35:00+00:00,2026-04-13 06:35
israel,136579,2026-04-13 06:35:00+00:00,2026-04-13 06:35
málaga,111523,2026-04-13 06:35:00+00:00,2026-04-13 06:35
guerra irán,111070,2026-04-13 06:35:00+00:00,2026-04-13 06:35
ormuz,95573,2026-04-13 06:35:00+00:00,2026-04-13 06:35
diario,90963,2026-04-13 06:35:00+00:00,2026-04-13 06:35
elecciones,88110,2026-04-13 06:35:00+00:00,2026-04-13 06:35
santa,81095,2026-04-13 06:35:00+00:00,2026-04-13 06:35
final,80862,2026-04-13 06:35:00+00:00,2026-04-13 06:35
aragón,72178,2026-04-13 06:35:00+00:00,2026-04-13 06:35
semana santa,71837,2026-04-13 06:35:00+00:00,2026-04-13 06:35
artemis,71218,2026-04-13 06:35:00+00:00,2026-04-13 06:35
carlos,68435,2026-04-13 06:35:00+00:00,2026-04-13 06:35
internacional,399903,2026-04-13 07:06:00+00:00,2026-04-13 07:06
irán,317309,2026-04-13 07:06:00+00:00,2026-04-13 07:06
guerra,257417,2026-04-13 07:06:00+00:00,2026-04-13 07:06
trump,235513,2026-04-13 07:06:00+00:00,2026-04-13 07:06
sánchez,139718,2026-04-13 07:06:00+00:00,2026-04-13 07:06
israel,136717,2026-04-13 07:06:00+00:00,2026-04-13 07:06
málaga,111634,2026-04-13 07:06:00+00:00,2026-04-13 07:06
guerra irán,111466,2026-04-13 07:06:00+00:00,2026-04-13 07:06
ormuz,96054,2026-04-13 07:06:00+00:00,2026-04-13 07:06
diario,90874,2026-04-13 07:06:00+00:00,2026-04-13 07:06
elecciones,87978,2026-04-13 07:06:00+00:00,2026-04-13 07:06
final,81346,2026-04-13 07:06:00+00:00,2026-04-13 07:06
santa,80663,2026-04-13 07:06:00+00:00,2026-04-13 07:06
aragón,72239,2026-04-13 07:06:00+00:00,2026-04-13 07:06
semana santa,71410,2026-04-13 07:06:00+00:00,2026-04-13 07:06
artemis,70865,2026-04-13 07:06:00+00:00,2026-04-13 07:06
carlos,68807,2026-04-13 07:06:00+00:00,2026-04-13 07:06
china,66668,2026-04-13 07:06:00+00:00,2026-04-13 07:06
internacional,402352,2026-04-13 07:36:00+00:00,2026-04-13 07:36
irán,317891,2026-04-13 07:36:00+00:00,2026-04-13 07:36
guerra,257648,2026-04-13 07:36:00+00:00,2026-04-13 07:36
trump,235764,2026-04-13 07:36:00+00:00,2026-04-13 07:36
sánchez,141026,2026-04-13 07:36:00+00:00,2026-04-13 07:36
israel,136702,2026-04-13 07:36:00+00:00,2026-04-13 07:36
málaga,111588,2026-04-13 07:36:00+00:00,2026-04-13 07:36
guerra irán,111507,2026-04-13 07:36:00+00:00,2026-04-13 07:36
ormuz,96464,2026-04-13 07:36:00+00:00,2026-04-13 07:36
diario,90383,2026-04-13 07:36:00+00:00,2026-04-13 07:36
elecciones,88922,2026-04-13 07:36:00+00:00,2026-04-13 07:36
final,81052,2026-04-13 07:36:00+00:00,2026-04-13 07:36
santa,80737,2026-04-13 07:36:00+00:00,2026-04-13 07:36
aragón,72788,2026-04-13 07:36:00+00:00,2026-04-13 07:36
semana santa,71157,2026-04-13 07:36:00+00:00,2026-04-13 07:36
artemis,70475,2026-04-13 07:36:00+00:00,2026-04-13 07:36
carlos,68798,2026-04-13 07:36:00+00:00,2026-04-13 07:36
china,68166,2026-04-13 07:36:00+00:00,2026-04-13 07:36
internacional,402489,2026-04-13 08:06:00+00:00,2026-04-13 08:06
irán,318437,2026-04-13 08:06:00+00:00,2026-04-13 08:06
guerra,257999,2026-04-13 08:06:00+00:00,2026-04-13 08:06
trump,235800,2026-04-13 08:06:00+00:00,2026-04-13 08:06
sánchez,141651,2026-04-13 08:06:00+00:00,2026-04-13 08:06
israel,136996,2026-04-13 08:06:00+00:00,2026-04-13 08:06
guerra irán,111606,2026-04-13 08:06:00+00:00,2026-04-13 08:06
málaga,111411,2026-04-13 08:06:00+00:00,2026-04-13 08:06
ormuz,96945,2026-04-13 08:06:00+00:00,2026-04-13 08:06
diario,91297,2026-04-13 08:06:00+00:00,2026-04-13 08:06
elecciones,88605,2026-04-13 08:06:00+00:00,2026-04-13 08:06
final,81655,2026-04-13 08:06:00+00:00,2026-04-13 08:06
santa,80682,2026-04-13 08:06:00+00:00,2026-04-13 08:06
aragón,72470,2026-04-13 08:06:00+00:00,2026-04-13 08:06
semana santa,71113,2026-04-13 08:06:00+00:00,2026-04-13 08:06
artemis,70382,2026-04-13 08:06:00+00:00,2026-04-13 08:06
carlos,69169,2026-04-13 08:06:00+00:00,2026-04-13 08:06
china,68868,2026-04-13 08:06:00+00:00,2026-04-13 08:06
internacional,404412,2026-04-13 08:36:00+00:00,2026-04-13 08:36
irán,318903,2026-04-13 08:36:00+00:00,2026-04-13 08:36
guerra,258305,2026-04-13 08:36:00+00:00,2026-04-13 08:36
trump,236451,2026-04-13 08:36:00+00:00,2026-04-13 08:36
sánchez,142906,2026-04-13 08:36:00+00:00,2026-04-13 08:36
israel,137117,2026-04-13 08:36:00+00:00,2026-04-13 08:36
guerra irán,111926,2026-04-13 08:36:00+00:00,2026-04-13 08:36
málaga,111720,2026-04-13 08:36:00+00:00,2026-04-13 08:36
ormuz,97195,2026-04-13 08:36:00+00:00,2026-04-13 08:36
diario,90824,2026-04-13 08:36:00+00:00,2026-04-13 08:36
elecciones,89326,2026-04-13 08:36:00+00:00,2026-04-13 08:36
final,81309,2026-04-13 08:36:00+00:00,2026-04-13 08:36
santa,80653,2026-04-13 08:36:00+00:00,2026-04-13 08:36
aragón,72653,2026-04-13 08:36:00+00:00,2026-04-13 08:36
semana santa,71070,2026-04-13 08:36:00+00:00,2026-04-13 08:36
artemis,70257,2026-04-13 08:36:00+00:00,2026-04-13 08:36
carlos,68964,2026-04-13 08:36:00+00:00,2026-04-13 08:36
china,68090,2026-04-13 08:36:00+00:00,2026-04-13 08:36
muere,67911,2026-04-13 08:36:00+00:00,2026-04-13 08:36
internacional,406110,2026-04-13 09:05:00+00:00,2026-04-13 09:05
irán,318135,2026-04-13 09:05:00+00:00,2026-04-13 09:05
guerra,258259,2026-04-13 09:05:00+00:00,2026-04-13 09:05
trump,236481,2026-04-13 09:05:00+00:00,2026-04-13 09:05
sánchez,143479,2026-04-13 09:05:00+00:00,2026-04-13 09:05
israel,136631,2026-04-13 09:05:00+00:00,2026-04-13 09:05
guerra irán,111760,2026-04-13 09:05:00+00:00,2026-04-13 09:05
málaga,111674,2026-04-13 09:05:00+00:00,2026-04-13 09:05
ormuz,97373,2026-04-13 09:05:00+00:00,2026-04-13 09:05
diario,90923,2026-04-13 09:05:00+00:00,2026-04-13 09:05
elecciones,89007,2026-04-13 09:05:00+00:00,2026-04-13 09:05
final,81506,2026-04-13 09:05:00+00:00,2026-04-13 09:05
santa,80508,2026-04-13 09:05:00+00:00,2026-04-13 09:05
aragón,72193,2026-04-13 09:05:00+00:00,2026-04-13 09:05
semana santa,70922,2026-04-13 09:05:00+00:00,2026-04-13 09:05
artemis,70363,2026-04-13 09:05:00+00:00,2026-04-13 09:05
carlos,69811,2026-04-13 09:05:00+00:00,2026-04-13 09:05
china,68831,2026-04-13 09:05:00+00:00,2026-04-13 09:05
muere,68622,2026-04-13 09:05:00+00:00,2026-04-13 09:05
internacional,407393,2026-04-13 09:36:00+00:00,2026-04-13 09:36
irán,318338,2026-04-13 09:36:00+00:00,2026-04-13 09:36
guerra,258458,2026-04-13 09:36:00+00:00,2026-04-13 09:36
trump,237051,2026-04-13 09:36:00+00:00,2026-04-13 09:36
sánchez,143270,2026-04-13 09:36:00+00:00,2026-04-13 09:36
israel,136469,2026-04-13 09:36:00+00:00,2026-04-13 09:36
guerra irán,111848,2026-04-13 09:36:00+00:00,2026-04-13 09:36
málaga,111785,2026-04-13 09:36:00+00:00,2026-04-13 09:36
ormuz,97408,2026-04-13 09:36:00+00:00,2026-04-13 09:36
diario,91690,2026-04-13 09:36:00+00:00,2026-04-13 09:36
elecciones,88846,2026-04-13 09:36:00+00:00,2026-04-13 09:36
final,81512,2026-04-13 09:36:00+00:00,2026-04-13 09:36
santa,79913,2026-04-13 09:36:00+00:00,2026-04-13 09:36
aragón,72197,2026-04-13 09:36:00+00:00,2026-04-13 09:36
semana santa,70623,2026-04-13 09:36:00+00:00,2026-04-13 09:36
artemis,70507,2026-04-13 09:36:00+00:00,2026-04-13 09:36
carlos,69985,2026-04-13 09:36:00+00:00,2026-04-13 09:36
china,68938,2026-04-13 09:36:00+00:00,2026-04-13 09:36
muere,68718,2026-04-13 09:36:00+00:00,2026-04-13 09:36
internacional,407689,2026-04-13 10:06:00+00:00,2026-04-13 10:06
irán,318973,2026-04-13 10:06:00+00:00,2026-04-13 10:06
guerra,258688,2026-04-13 10:06:00+00:00,2026-04-13 10:06
trump,238433,2026-04-13 10:06:00+00:00,2026-04-13 10:06
sánchez,142743,2026-04-13 10:06:00+00:00,2026-04-13 10:06
israel,136481,2026-04-13 10:06:00+00:00,2026-04-13 10:06
guerra irán,112011,2026-04-13 10:06:00+00:00,2026-04-13 10:06
málaga,112010,2026-04-13 10:06:00+00:00,2026-04-13 10:06
ormuz,98137,2026-04-13 10:06:00+00:00,2026-04-13 10:06
diario,91881,2026-04-13 10:06:00+00:00,2026-04-13 10:06
elecciones,88857,2026-04-13 10:06:00+00:00,2026-04-13 10:06
final,81375,2026-04-13 10:06:00+00:00,2026-04-13 10:06
santa,79870,2026-04-13 10:06:00+00:00,2026-04-13 10:06
aragón,71933,2026-04-13 10:06:00+00:00,2026-04-13 10:06
semana santa,70590,2026-04-13 10:06:00+00:00,2026-04-13 10:06
artemis,70232,2026-04-13 10:06:00+00:00,2026-04-13 10:06
carlos,69623,2026-04-13 10:06:00+00:00,2026-04-13 10:06
china,69316,2026-04-13 10:06:00+00:00,2026-04-13 10:06
muere,69285,2026-04-13 10:06:00+00:00,2026-04-13 10:06
internacional,408734,2026-04-13 10:36:00+00:00,2026-04-13 10:36
irán,319509,2026-04-13 10:36:00+00:00,2026-04-13 10:36
guerra,259198,2026-04-13 10:36:00+00:00,2026-04-13 10:36
trump,239580,2026-04-13 10:36:00+00:00,2026-04-13 10:36
sánchez,142617,2026-04-13 10:36:00+00:00,2026-04-13 10:36
israel,136658,2026-04-13 10:36:00+00:00,2026-04-13 10:36
málaga,112413,2026-04-13 10:36:00+00:00,2026-04-13 10:36
guerra irán,112303,2026-04-13 10:36:00+00:00,2026-04-13 10:36
ormuz,98847,2026-04-13 10:36:00+00:00,2026-04-13 10:36
diario,92856,2026-04-13 10:36:00+00:00,2026-04-13 10:36
elecciones,89018,2026-04-13 10:36:00+00:00,2026-04-13 10:36
final,81739,2026-04-13 10:36:00+00:00,2026-04-13 10:36
santa,79881,2026-04-13 10:36:00+00:00,2026-04-13 10:36
aragón,72562,2026-04-13 10:36:00+00:00,2026-04-13 10:36
semana santa,70600,2026-04-13 10:36:00+00:00,2026-04-13 10:36
artemis,70560,2026-04-13 10:36:00+00:00,2026-04-13 10:36
carlos,69886,2026-04-13 10:36:00+00:00,2026-04-13 10:36
china,69879,2026-04-13 10:36:00+00:00,2026-04-13 10:36
muere,69598,2026-04-13 10:36:00+00:00,2026-04-13 10:36
internacional,411098,2026-04-13 11:06:00+00:00,2026-04-13 11:06
irán,319575,2026-04-13 11:06:00+00:00,2026-04-13 11:06
guerra,259654,2026-04-13 11:06:00+00:00,2026-04-13 11:06
trump,240256,2026-04-13 11:06:00+00:00,2026-04-13 11:06
sánchez,143403,2026-04-13 11:06:00+00:00,2026-04-13 11:06
israel,136340,2026-04-13 11:06:00+00:00,2026-04-13 11:06
málaga,112863,2026-04-13 11:06:00+00:00,2026-04-13 11:06
guerra irán,112801,2026-04-13 11:06:00+00:00,2026-04-13 11:06
ormuz,99045,2026-04-13 11:06:00+00:00,2026-04-13 11:06
diario,92406,2026-04-13 11:06:00+00:00,2026-04-13 11:06
elecciones,89381,2026-04-13 11:06:00+00:00,2026-04-13 11:06
final,81411,2026-04-13 11:06:00+00:00,2026-04-13 11:06
santa,79597,2026-04-13 11:06:00+00:00,2026-04-13 11:06
aragón,73055,2026-04-13 11:06:00+00:00,2026-04-13 11:06
china,70439,2026-04-13 11:06:00+00:00,2026-04-13 11:06
artemis,70382,2026-04-13 11:06:00+00:00,2026-04-13 11:06
semana santa,70299,2026-04-13 11:06:00+00:00,2026-04-13 11:06
muere,69973,2026-04-13 11:06:00+00:00,2026-04-13 11:06
carlos,68881,2026-04-13 11:06:00+00:00,2026-04-13 11:06
internacional,413436,2026-04-13 11:36:00+00:00,2026-04-13 11:36
irán,320316,2026-04-13 11:36:00+00:00,2026-04-13 11:36
guerra,260805,2026-04-13 11:36:00+00:00,2026-04-13 11:36
trump,240983,2026-04-13 11:36:00+00:00,2026-04-13 11:36
sánchez,143849,2026-04-13 11:36:00+00:00,2026-04-13 11:36
israel,136272,2026-04-13 11:36:00+00:00,2026-04-13 11:36
guerra irán,113155,2026-04-13 11:36:00+00:00,2026-04-13 11:36
málaga,112375,2026-04-13 11:36:00+00:00,2026-04-13 11:36
ormuz,99311,2026-04-13 11:36:00+00:00,2026-04-13 11:36
diario,93350,2026-04-13 11:36:00+00:00,2026-04-13 11:36
elecciones,89635,2026-04-13 11:36:00+00:00,2026-04-13 11:36
final,82674,2026-04-13 11:36:00+00:00,2026-04-13 11:36
santa,79553,2026-04-13 11:36:00+00:00,2026-04-13 11:36
aragón,73162,2026-04-13 11:36:00+00:00,2026-04-13 11:36
china,70829,2026-04-13 11:36:00+00:00,2026-04-13 11:36
muere,70513,2026-04-13 11:36:00+00:00,2026-04-13 11:36
semana santa,70253,2026-04-13 11:36:00+00:00,2026-04-13 11:36
artemis,70158,2026-04-13 11:36:00+00:00,2026-04-13 11:36
internacional,414978,2026-04-13 12:06:00+00:00,2026-04-13 12:06
irán,320779,2026-04-13 12:06:00+00:00,2026-04-13 12:06
guerra,260471,2026-04-13 12:06:00+00:00,2026-04-13 12:06
trump,240820,2026-04-13 12:06:00+00:00,2026-04-13 12:06
sánchez,144509,2026-04-13 12:06:00+00:00,2026-04-13 12:06
israel,135704,2026-04-13 12:06:00+00:00,2026-04-13 12:06
guerra irán,113251,2026-04-13 12:06:00+00:00,2026-04-13 12:06
málaga,112898,2026-04-13 12:06:00+00:00,2026-04-13 12:06
ormuz,100134,2026-04-13 12:06:00+00:00,2026-04-13 12:06
diario,93244,2026-04-13 12:06:00+00:00,2026-04-13 12:06
elecciones,90365,2026-04-13 12:06:00+00:00,2026-04-13 12:06
final,83917,2026-04-13 12:06:00+00:00,2026-04-13 12:06
santa,79454,2026-04-13 12:06:00+00:00,2026-04-13 12:06
aragón,74286,2026-04-13 12:06:00+00:00,2026-04-13 12:06
china,71437,2026-04-13 12:06:00+00:00,2026-04-13 12:06
muere,70793,2026-04-13 12:06:00+00:00,2026-04-13 12:06
semana santa,70152,2026-04-13 12:06:00+00:00,2026-04-13 12:06
artemis,70065,2026-04-13 12:06:00+00:00,2026-04-13 12:06
internacional,415674,2026-04-13 12:36:00+00:00,2026-04-13 12:36
irán,321498,2026-04-13 12:36:00+00:00,2026-04-13 12:36
guerra,261853,2026-04-13 12:36:00+00:00,2026-04-13 12:36
trump,242852,2026-04-13 12:36:00+00:00,2026-04-13 12:36
sánchez,144707,2026-04-13 12:36:00+00:00,2026-04-13 12:36
israel,136040,2026-04-13 12:36:00+00:00,2026-04-13 12:36
guerra irán,113977,2026-04-13 12:36:00+00:00,2026-04-13 12:36
málaga,113206,2026-04-13 12:36:00+00:00,2026-04-13 12:36
ormuz,100594,2026-04-13 12:36:00+00:00,2026-04-13 12:36
diario,94096,2026-04-13 12:36:00+00:00,2026-04-13 12:36
elecciones,91791,2026-04-13 12:36:00+00:00,2026-04-13 12:36
final,84454,2026-04-13 12:36:00+00:00,2026-04-13 12:36
santa,79194,2026-04-13 12:36:00+00:00,2026-04-13 12:36
aragón,74019,2026-04-13 12:36:00+00:00,2026-04-13 12:36
muere,72384,2026-04-13 12:36:00+00:00,2026-04-13 12:36
china,71728,2026-04-13 12:36:00+00:00,2026-04-13 12:36
artemis,70389,2026-04-13 12:36:00+00:00,2026-04-13 12:36
semana santa,69887,2026-04-13 12:36:00+00:00,2026-04-13 12:36
internacional,425271,2026-04-13 13:06:00+00:00,2026-04-13 13:06
irán,321174,2026-04-13 13:06:00+00:00,2026-04-13 13:06
guerra,262329,2026-04-13 13:06:00+00:00,2026-04-13 13:06
trump,242557,2026-04-13 13:06:00+00:00,2026-04-13 13:06
sánchez,144623,2026-04-13 13:06:00+00:00,2026-04-13 13:06
israel,135952,2026-04-13 13:06:00+00:00,2026-04-13 13:06
guerra irán,114641,2026-04-13 13:06:00+00:00,2026-04-13 13:06
málaga,114639,2026-04-13 13:06:00+00:00,2026-04-13 13:06
ormuz,101063,2026-04-13 13:06:00+00:00,2026-04-13 13:06
diario,94403,2026-04-13 13:06:00+00:00,2026-04-13 13:06
elecciones,91757,2026-04-13 13:06:00+00:00,2026-04-13 13:06
final,84301,2026-04-13 13:06:00+00:00,2026-04-13 13:06
santa,79027,2026-04-13 13:06:00+00:00,2026-04-13 13:06
aragón,73822,2026-04-13 13:06:00+00:00,2026-04-13 13:06
muere,72388,2026-04-13 13:06:00+00:00,2026-04-13 13:06
china,71501,2026-04-13 13:06:00+00:00,2026-04-13 13:06
artemis,70387,2026-04-13 13:06:00+00:00,2026-04-13 13:06
semana santa,69816,2026-04-13 13:06:00+00:00,2026-04-13 13:06
internacional,427632,2026-04-13 13:36:00+00:00,2026-04-13 13:36
irán,321922,2026-04-13 13:36:00+00:00,2026-04-13 13:36
guerra,262635,2026-04-13 13:36:00+00:00,2026-04-13 13:36
trump,243353,2026-04-13 13:36:00+00:00,2026-04-13 13:36
sánchez,144539,2026-04-13 13:36:00+00:00,2026-04-13 13:36
israel,136035,2026-04-13 13:36:00+00:00,2026-04-13 13:36
málaga,115180,2026-04-13 13:36:00+00:00,2026-04-13 13:36
guerra irán,114737,2026-04-13 13:36:00+00:00,2026-04-13 13:36
ormuz,101830,2026-04-13 13:36:00+00:00,2026-04-13 13:36
diario,94598,2026-04-13 13:36:00+00:00,2026-04-13 13:36
elecciones,91472,2026-04-13 13:36:00+00:00,2026-04-13 13:36
final,84044,2026-04-13 13:36:00+00:00,2026-04-13 13:36
santa,78930,2026-04-13 13:36:00+00:00,2026-04-13 13:36
aragón,73924,2026-04-13 13:36:00+00:00,2026-04-13 13:36
muere,72514,2026-04-13 13:36:00+00:00,2026-04-13 13:36
china,72195,2026-04-13 13:36:00+00:00,2026-04-13 13:36
artemis,70271,2026-04-13 13:36:00+00:00,2026-04-13 13:36
semana santa,69669,2026-04-13 13:36:00+00:00,2026-04-13 13:36
internacional,431362,2026-04-13 15:36:00+00:00,2026-04-13 15:36
irán,321486,2026-04-13 15:36:00+00:00,2026-04-13 15:36
guerra,264215,2026-04-13 15:36:00+00:00,2026-04-13 15:36
trump,246059,2026-04-13 15:36:00+00:00,2026-04-13 15:36
sánchez,145202,2026-04-13 15:36:00+00:00,2026-04-13 15:36
israel,135297,2026-04-13 15:36:00+00:00,2026-04-13 15:36
málaga,116612,2026-04-13 15:36:00+00:00,2026-04-13 15:36
guerra irán,115519,2026-04-13 15:36:00+00:00,2026-04-13 15:36
ormuz,104088,2026-04-13 15:36:00+00:00,2026-04-13 15:36
diario,94443,2026-04-13 15:36:00+00:00,2026-04-13 15:36
elecciones,92142,2026-04-13 15:36:00+00:00,2026-04-13 15:36
final,83630,2026-04-13 15:36:00+00:00,2026-04-13 15:36
santa,78393,2026-04-13 15:36:00+00:00,2026-04-13 15:36
aragón,74535,2026-04-13 15:36:00+00:00,2026-04-13 15:36
china,73190,2026-04-13 15:36:00+00:00,2026-04-13 15:36
muere,73158,2026-04-13 15:36:00+00:00,2026-04-13 15:36
artemis,70139,2026-04-13 15:36:00+00:00,2026-04-13 15:36
semana santa,69121,2026-04-13 15:36:00+00:00,2026-04-13 15:36
internacional,432160,2026-04-13 16:06:00+00:00,2026-04-13 16:06
irán,320879,2026-04-13 16:06:00+00:00,2026-04-13 16:06
guerra,264048,2026-04-13 16:06:00+00:00,2026-04-13 16:06
trump,245891,2026-04-13 16:06:00+00:00,2026-04-13 16:06
sánchez,146183,2026-04-13 16:06:00+00:00,2026-04-13 16:06
israel,135012,2026-04-13 16:06:00+00:00,2026-04-13 16:06
málaga,116303,2026-04-13 16:06:00+00:00,2026-04-13 16:06
guerra irán,115625,2026-04-13 16:06:00+00:00,2026-04-13 16:06
ormuz,104667,2026-04-13 16:06:00+00:00,2026-04-13 16:06
diario,94719,2026-04-13 16:06:00+00:00,2026-04-13 16:06
elecciones,92802,2026-04-13 16:06:00+00:00,2026-04-13 16:06
final,83380,2026-04-13 16:06:00+00:00,2026-04-13 16:06
santa,78312,2026-04-13 16:06:00+00:00,2026-04-13 16:06
aragón,74443,2026-04-13 16:06:00+00:00,2026-04-13 16:06
china,73424,2026-04-13 16:06:00+00:00,2026-04-13 16:06
muere,73271,2026-04-13 16:06:00+00:00,2026-04-13 16:06
artemis,70044,2026-04-13 16:06:00+00:00,2026-04-13 16:06
semana santa,69086,2026-04-13 16:06:00+00:00,2026-04-13 16:06
internacional,433219,2026-04-13 16:36:00+00:00,2026-04-13 16:36
irán,321109,2026-04-13 16:36:00+00:00,2026-04-13 16:36
guerra,264192,2026-04-13 16:36:00+00:00,2026-04-13 16:36
trump,247075,2026-04-13 16:36:00+00:00,2026-04-13 16:36
sánchez,146630,2026-04-13 16:36:00+00:00,2026-04-13 16:36
israel,134303,2026-04-13 16:36:00+00:00,2026-04-13 16:36
málaga,116316,2026-04-13 16:36:00+00:00,2026-04-13 16:36
guerra irán,115683,2026-04-13 16:36:00+00:00,2026-04-13 16:36
ormuz,105485,2026-04-13 16:36:00+00:00,2026-04-13 16:36
diario,94778,2026-04-13 16:36:00+00:00,2026-04-13 16:36
elecciones,93336,2026-04-13 16:36:00+00:00,2026-04-13 16:36
final,84232,2026-04-13 16:36:00+00:00,2026-04-13 16:36
santa,78138,2026-04-13 16:36:00+00:00,2026-04-13 16:36
aragón,74918,2026-04-13 16:36:00+00:00,2026-04-13 16:36
china,73541,2026-04-13 16:36:00+00:00,2026-04-13 16:36
muere,73277,2026-04-13 16:36:00+00:00,2026-04-13 16:36
artemis,69928,2026-04-13 16:36:00+00:00,2026-04-13 16:36
semana santa,68909,2026-04-13 16:36:00+00:00,2026-04-13 16:36
internacional,434192,2026-04-13 17:06:00+00:00,2026-04-13 17:06
irán,320546,2026-04-13 17:06:00+00:00,2026-04-13 17:06
guerra,263816,2026-04-13 17:06:00+00:00,2026-04-13 17:06
trump,247670,2026-04-13 17:06:00+00:00,2026-04-13 17:06
sánchez,146533,2026-04-13 17:06:00+00:00,2026-04-13 17:06
israel,133401,2026-04-13 17:06:00+00:00,2026-04-13 17:06
málaga,116375,2026-04-13 17:06:00+00:00,2026-04-13 17:06
guerra irán,115430,2026-04-13 17:06:00+00:00,2026-04-13 17:06
ormuz,106218,2026-04-13 17:06:00+00:00,2026-04-13 17:06
diario,94946,2026-04-13 17:06:00+00:00,2026-04-13 17:06
elecciones,93340,2026-04-13 17:06:00+00:00,2026-04-13 17:06
final,85314,2026-04-13 17:06:00+00:00,2026-04-13 17:06
santa,78045,2026-04-13 17:06:00+00:00,2026-04-13 17:06
aragón,74774,2026-04-13 17:06:00+00:00,2026-04-13 17:06
muere,73558,2026-04-13 17:06:00+00:00,2026-04-13 17:06
china,73446,2026-04-13 17:06:00+00:00,2026-04-13 17:06
artemis,69721,2026-04-13 17:06:00+00:00,2026-04-13 17:06
semana santa,68915,2026-04-13 17:06:00+00:00,2026-04-13 17:06
español,68674,2026-04-13 17:06:00+00:00,2026-04-13 17:06
internacional,434932,2026-04-13 17:36:00+00:00,2026-04-13 17:36
irán,321093,2026-04-13 17:36:00+00:00,2026-04-13 17:36
guerra,264337,2026-04-13 17:36:00+00:00,2026-04-13 17:36
trump,250048,2026-04-13 17:36:00+00:00,2026-04-13 17:36
sánchez,147155,2026-04-13 17:36:00+00:00,2026-04-13 17:36
israel,132588,2026-04-13 17:36:00+00:00,2026-04-13 17:36
málaga,116032,2026-04-13 17:36:00+00:00,2026-04-13 17:36
guerra irán,115133,2026-04-13 17:36:00+00:00,2026-04-13 17:36
ormuz,107882,2026-04-13 17:36:00+00:00,2026-04-13 17:36
diario,95157,2026-04-13 17:36:00+00:00,2026-04-13 17:36
elecciones,93349,2026-04-13 17:36:00+00:00,2026-04-13 17:36
final,85551,2026-04-13 17:36:00+00:00,2026-04-13 17:36
santa,77993,2026-04-13 17:36:00+00:00,2026-04-13 17:36
aragón,75210,2026-04-13 17:36:00+00:00,2026-04-13 17:36
muere,73956,2026-04-13 17:36:00+00:00,2026-04-13 17:36
china,73454,2026-04-13 17:36:00+00:00,2026-04-13 17:36
artemis,69348,2026-04-13 17:36:00+00:00,2026-04-13 17:36
semana santa,68862,2026-04-13 17:36:00+00:00,2026-04-13 17:36
español,68679,2026-04-13 17:36:00+00:00,2026-04-13 17:36
internacional,435274,2026-04-13 18:06:00+00:00,2026-04-13 18:06
irán,321050,2026-04-13 18:06:00+00:00,2026-04-13 18:06
guerra,264143,2026-04-13 18:06:00+00:00,2026-04-13 18:06
trump,252086,2026-04-13 18:06:00+00:00,2026-04-13 18:06
sánchez,147557,2026-04-13 18:06:00+00:00,2026-04-13 18:06
israel,132463,2026-04-13 18:06:00+00:00,2026-04-13 18:06
málaga,116145,2026-04-13 18:06:00+00:00,2026-04-13 18:06
guerra irán,115164,2026-04-13 18:06:00+00:00,2026-04-13 18:06
ormuz,108042,2026-04-13 18:06:00+00:00,2026-04-13 18:06
diario,94914,2026-04-13 18:06:00+00:00,2026-04-13 18:06
elecciones,93111,2026-04-13 18:06:00+00:00,2026-04-13 18:06
final,85475,2026-04-13 18:06:00+00:00,2026-04-13 18:06
santa,78043,2026-04-13 18:06:00+00:00,2026-04-13 18:06
aragón,75215,2026-04-13 18:06:00+00:00,2026-04-13 18:06
muere,74348,2026-04-13 18:06:00+00:00,2026-04-13 18:06
china,73631,2026-04-13 18:06:00+00:00,2026-04-13 18:06
artemis,69514,2026-04-13 18:06:00+00:00,2026-04-13 18:06
español,68977,2026-04-13 18:06:00+00:00,2026-04-13 18:06
semana santa,68863,2026-04-13 18:06:00+00:00,2026-04-13 18:06
internacional,435362,2026-04-13 18:36:00+00:00,2026-04-13 18:36
irán,321283,2026-04-13 18:36:00+00:00,2026-04-13 18:36
guerra,264216,2026-04-13 18:36:00+00:00,2026-04-13 18:36
trump,253313,2026-04-13 18:36:00+00:00,2026-04-13 18:36
sánchez,147666,2026-04-13 18:36:00+00:00,2026-04-13 18:36
israel,132554,2026-04-13 18:36:00+00:00,2026-04-13 18:36
guerra irán,115654,2026-04-13 18:36:00+00:00,2026-04-13 18:36
málaga,115427,2026-04-13 18:36:00+00:00,2026-04-13 18:36
ormuz,108158,2026-04-13 18:36:00+00:00,2026-04-13 18:36
diario,94901,2026-04-13 18:36:00+00:00,2026-04-13 18:36
elecciones,92889,2026-04-13 18:36:00+00:00,2026-04-13 18:36
final,85362,2026-04-13 18:36:00+00:00,2026-04-13 18:36
santa,77941,2026-04-13 18:36:00+00:00,2026-04-13 18:36
aragón,75080,2026-04-13 18:36:00+00:00,2026-04-13 18:36
muere,74350,2026-04-13 18:36:00+00:00,2026-04-13 18:36
china,73865,2026-04-13 18:36:00+00:00,2026-04-13 18:36
español,68961,2026-04-13 18:36:00+00:00,2026-04-13 18:36
semana santa,68859,2026-04-13 18:36:00+00:00,2026-04-13 18:36
artemis,68726,2026-04-13 18:36:00+00:00,2026-04-13 18:36
carlos,68458,2026-04-13 18:36:00+00:00,2026-04-13 18:36
internacional,435458,2026-04-13 19:06:00+00:00,2026-04-13 19:06
irán,320905,2026-04-13 19:06:00+00:00,2026-04-13 19:06
guerra,264331,2026-04-13 19:06:00+00:00,2026-04-13 19:06
trump,253221,2026-04-13 19:06:00+00:00,2026-04-13 19:06
sánchez,147827,2026-04-13 19:06:00+00:00,2026-04-13 19:06
israel,132129,2026-04-13 19:06:00+00:00,2026-04-13 19:06
guerra irán,115469,2026-04-13 19:06:00+00:00,2026-04-13 19:06
málaga,114743,2026-04-13 19:06:00+00:00,2026-04-13 19:06
ormuz,108333,2026-04-13 19:06:00+00:00,2026-04-13 19:06
diario,94030,2026-04-13 19:06:00+00:00,2026-04-13 19:06
elecciones,93970,2026-04-13 19:06:00+00:00,2026-04-13 19:06
final,85101,2026-04-13 19:06:00+00:00,2026-04-13 19:06
santa,77834,2026-04-13 19:06:00+00:00,2026-04-13 19:06
aragón,75334,2026-04-13 19:06:00+00:00,2026-04-13 19:06
muere,74010,2026-04-13 19:06:00+00:00,2026-04-13 19:06
china,73869,2026-04-13 19:06:00+00:00,2026-04-13 19:06
español,68795,2026-04-13 19:06:00+00:00,2026-04-13 19:06
semana santa,68750,2026-04-13 19:06:00+00:00,2026-04-13 19:06
carlos,68727,2026-04-13 19:06:00+00:00,2026-04-13 19:06
internacional,435496,2026-04-13 19:36:00+00:00,2026-04-13 19:36
irán,320838,2026-04-13 19:36:00+00:00,2026-04-13 19:36
guerra,264445,2026-04-13 19:36:00+00:00,2026-04-13 19:36
trump,254473,2026-04-13 19:36:00+00:00,2026-04-13 19:36
sánchez,147696,2026-04-13 19:36:00+00:00,2026-04-13 19:36
israel,132339,2026-04-13 19:36:00+00:00,2026-04-13 19:36
guerra irán,115525,2026-04-13 19:36:00+00:00,2026-04-13 19:36
málaga,115353,2026-04-13 19:36:00+00:00,2026-04-13 19:36
ormuz,108910,2026-04-13 19:36:00+00:00,2026-04-13 19:36
diario,94134,2026-04-13 19:36:00+00:00,2026-04-13 19:36
elecciones,94004,2026-04-13 19:36:00+00:00,2026-04-13 19:36
final,84840,2026-04-13 19:36:00+00:00,2026-04-13 19:36
santa,77764,2026-04-13 19:36:00+00:00,2026-04-13 19:36
aragón,75474,2026-04-13 19:36:00+00:00,2026-04-13 19:36
muere,74422,2026-04-13 19:36:00+00:00,2026-04-13 19:36
china,74276,2026-04-13 19:36:00+00:00,2026-04-13 19:36
español,68817,2026-04-13 19:36:00+00:00,2026-04-13 19:36
carlos,68722,2026-04-13 19:36:00+00:00,2026-04-13 19:36
internacional,436966,2026-04-13 20:06:00+00:00,2026-04-13 20:06
irán,320447,2026-04-13 20:06:00+00:00,2026-04-13 20:06
guerra,263909,2026-04-13 20:06:00+00:00,2026-04-13 20:06
trump,255269,2026-04-13 20:06:00+00:00,2026-04-13 20:06
sánchez,146994,2026-04-13 20:06:00+00:00,2026-04-13 20:06
israel,132193,2026-04-13 20:06:00+00:00,2026-04-13 20:06
guerra irán,115590,2026-04-13 20:06:00+00:00,2026-04-13 20:06
málaga,114618,2026-04-13 20:06:00+00:00,2026-04-13 20:06
ormuz,109635,2026-04-13 20:06:00+00:00,2026-04-13 20:06
diario,94707,2026-04-13 20:06:00+00:00,2026-04-13 20:06
elecciones,93773,2026-04-13 20:06:00+00:00,2026-04-13 20:06
final,84493,2026-04-13 20:06:00+00:00,2026-04-13 20:06
santa,77716,2026-04-13 20:06:00+00:00,2026-04-13 20:06
aragón,74632,2026-04-13 20:06:00+00:00,2026-04-13 20:06
muere,74424,2026-04-13 20:06:00+00:00,2026-04-13 20:06
china,74135,2026-04-13 20:06:00+00:00,2026-04-13 20:06
español,68819,2026-04-13 20:06:00+00:00,2026-04-13 20:06
muerte,68669,2026-04-13 20:06:00+00:00,2026-04-13 20:06
carlos,68611,2026-04-13 20:06:00+00:00,2026-04-13 20:06
internacional,437545,2026-04-13 20:36:00+00:00,2026-04-13 20:36
irán,319216,2026-04-13 20:36:00+00:00,2026-04-13 20:36
guerra,263406,2026-04-13 20:36:00+00:00,2026-04-13 20:36
trump,255432,2026-04-13 20:36:00+00:00,2026-04-13 20:36
sánchez,146802,2026-04-13 20:36:00+00:00,2026-04-13 20:36
israel,131925,2026-04-13 20:36:00+00:00,2026-04-13 20:36
guerra irán,115395,2026-04-13 20:36:00+00:00,2026-04-13 20:36
málaga,114259,2026-04-13 20:36:00+00:00,2026-04-13 20:36
ormuz,109291,2026-04-13 20:36:00+00:00,2026-04-13 20:36
diario,94630,2026-04-13 20:36:00+00:00,2026-04-13 20:36
elecciones,93080,2026-04-13 20:36:00+00:00,2026-04-13 20:36
final,84024,2026-04-13 20:36:00+00:00,2026-04-13 20:36
santa,77899,2026-04-13 20:36:00+00:00,2026-04-13 20:36
aragón,74633,2026-04-13 20:36:00+00:00,2026-04-13 20:36
china,74451,2026-04-13 20:36:00+00:00,2026-04-13 20:36
muere,74425,2026-04-13 20:36:00+00:00,2026-04-13 20:36
español,68678,2026-04-13 20:36:00+00:00,2026-04-13 20:36
semana santa,68488,2026-04-13 20:36:00+00:00,2026-04-13 20:36
carlos,68427,2026-04-13 20:36:00+00:00,2026-04-13 20:36
internacional,437375,2026-04-13 21:06:00+00:00,2026-04-13 21:06
irán,319185,2026-04-13 21:06:00+00:00,2026-04-13 21:06
guerra,263102,2026-04-13 21:06:00+00:00,2026-04-13 21:06
trump,254925,2026-04-13 21:06:00+00:00,2026-04-13 21:06
sánchez,146610,2026-04-13 21:06:00+00:00,2026-04-13 21:06
israel,131312,2026-04-13 21:06:00+00:00,2026-04-13 21:06
guerra irán,115479,2026-04-13 21:06:00+00:00,2026-04-13 21:06
málaga,114003,2026-04-13 21:06:00+00:00,2026-04-13 21:06
ormuz,109297,2026-04-13 21:06:00+00:00,2026-04-13 21:06
diario,94715,2026-04-13 21:06:00+00:00,2026-04-13 21:06
elecciones,93164,2026-04-13 21:06:00+00:00,2026-04-13 21:06
final,83972,2026-04-13 21:06:00+00:00,2026-04-13 21:06
santa,77797,2026-04-13 21:06:00+00:00,2026-04-13 21:06
muere,74426,2026-04-13 21:06:00+00:00,2026-04-13 21:06
china,74406,2026-04-13 21:06:00+00:00,2026-04-13 21:06
aragón,74287,2026-04-13 21:06:00+00:00,2026-04-13 21:06
muerte,68695,2026-04-13 21:06:00+00:00,2026-04-13 21:06
español,68557,2026-04-13 21:06:00+00:00,2026-04-13 21:06
carlos,68512,2026-04-13 21:06:00+00:00,2026-04-13 21:06
internacional,438287,2026-04-13 21:36:00+00:00,2026-04-13 21:36
irán,319484,2026-04-13 21:36:00+00:00,2026-04-13 21:36
guerra,263228,2026-04-13 21:36:00+00:00,2026-04-13 21:36
trump,254736,2026-04-13 21:36:00+00:00,2026-04-13 21:36
sánchez,146713,2026-04-13 21:36:00+00:00,2026-04-13 21:36
israel,131378,2026-04-13 21:36:00+00:00,2026-04-13 21:36
guerra irán,115488,2026-04-13 21:36:00+00:00,2026-04-13 21:36
málaga,114067,2026-04-13 21:36:00+00:00,2026-04-13 21:36
ormuz,109307,2026-04-13 21:36:00+00:00,2026-04-13 21:36
diario,94515,2026-04-13 21:36:00+00:00,2026-04-13 21:36
elecciones,93547,2026-04-13 21:36:00+00:00,2026-04-13 21:36
final,83962,2026-04-13 21:36:00+00:00,2026-04-13 21:36
santa,77855,2026-04-13 21:36:00+00:00,2026-04-13 21:36
china,74695,2026-04-13 21:36:00+00:00,2026-04-13 21:36
muere,74587,2026-04-13 21:36:00+00:00,2026-04-13 21:36
aragón,74330,2026-04-13 21:36:00+00:00,2026-04-13 21:36
carlos,68938,2026-04-13 21:36:00+00:00,2026-04-13 21:36
muerte,68728,2026-04-13 21:36:00+00:00,2026-04-13 21:36
internacional,438122,2026-04-13 22:06:00+00:00,2026-04-13 22:06
irán,319494,2026-04-13 22:06:00+00:00,2026-04-13 22:06
guerra,262964,2026-04-13 22:06:00+00:00,2026-04-13 22:06
trump,254717,2026-04-13 22:06:00+00:00,2026-04-13 22:06
sánchez,146075,2026-04-13 22:06:00+00:00,2026-04-13 22:06
israel,131383,2026-04-13 22:06:00+00:00,2026-04-13 22:06
guerra irán,115446,2026-04-13 22:06:00+00:00,2026-04-13 22:06
málaga,113962,2026-04-13 22:06:00+00:00,2026-04-13 22:06
ormuz,109569,2026-04-13 22:06:00+00:00,2026-04-13 22:06
diario,94519,2026-04-13 22:06:00+00:00,2026-04-13 22:06
elecciones,93550,2026-04-13 22:06:00+00:00,2026-04-13 22:06
final,83728,2026-04-13 22:06:00+00:00,2026-04-13 22:06
santa,77856,2026-04-13 22:06:00+00:00,2026-04-13 22:06
muere,74388,2026-04-13 22:06:00+00:00,2026-04-13 22:06
aragón,74332,2026-04-13 22:06:00+00:00,2026-04-13 22:06
china,74155,2026-04-13 22:06:00+00:00,2026-04-13 22:06
carlos,68940,2026-04-13 22:06:00+00:00,2026-04-13 22:06
español,68762,2026-04-13 22:06:00+00:00,2026-04-13 22:06
muerte,68729,2026-04-13 22:06:00+00:00,2026-04-13 22:06
internacional,438238,2026-04-13 22:36:00+00:00,2026-04-13 22:36
irán,319617,2026-04-13 22:36:00+00:00,2026-04-13 22:36
guerra,263371,2026-04-13 22:36:00+00:00,2026-04-13 22:36
trump,255331,2026-04-13 22:36:00+00:00,2026-04-13 22:36
sánchez,146797,2026-04-13 22:36:00+00:00,2026-04-13 22:36
israel,131494,2026-04-13 22:36:00+00:00,2026-04-13 22:36
guerra irán,115442,2026-04-13 22:36:00+00:00,2026-04-13 22:36
málaga,113689,2026-04-13 22:36:00+00:00,2026-04-13 22:36
ormuz,109410,2026-04-13 22:36:00+00:00,2026-04-13 22:36
diario,94813,2026-04-13 22:36:00+00:00,2026-04-13 22:36
elecciones,93167,2026-04-13 22:36:00+00:00,2026-04-13 22:36
final,83444,2026-04-13 22:36:00+00:00,2026-04-13 22:36
santa,77891,2026-04-13 22:36:00+00:00,2026-04-13 22:36
aragón,74322,2026-04-13 22:36:00+00:00,2026-04-13 22:36
muere,74229,2026-04-13 22:36:00+00:00,2026-04-13 22:36
china,73573,2026-04-13 22:36:00+00:00,2026-04-13 22:36
carlos,69149,2026-04-13 22:36:00+00:00,2026-04-13 22:36
muerte,68827,2026-04-13 22:36:00+00:00,2026-04-13 22:36
internacional,438272,2026-04-13 23:06:00+00:00,2026-04-13 23:06
irán,319992,2026-04-13 23:06:00+00:00,2026-04-13 23:06
guerra,264467,2026-04-13 23:06:00+00:00,2026-04-13 23:06
trump,256237,2026-04-13 23:06:00+00:00,2026-04-13 23:06
sánchez,147458,2026-04-13 23:06:00+00:00,2026-04-13 23:06
israel,131507,2026-04-13 23:06:00+00:00,2026-04-13 23:06
guerra irán,115769,2026-04-13 23:06:00+00:00,2026-04-13 23:06
málaga,114514,2026-04-13 23:06:00+00:00,2026-04-13 23:06
ormuz,109950,2026-04-13 23:06:00+00:00,2026-04-13 23:06
diario,94460,2026-04-13 23:06:00+00:00,2026-04-13 23:06
elecciones,93231,2026-04-13 23:06:00+00:00,2026-04-13 23:06
final,83839,2026-04-13 23:06:00+00:00,2026-04-13 23:06
santa,77894,2026-04-13 23:06:00+00:00,2026-04-13 23:06
aragón,74325,2026-04-13 23:06:00+00:00,2026-04-13 23:06
muere,74231,2026-04-13 23:06:00+00:00,2026-04-13 23:06
china,73921,2026-04-13 23:06:00+00:00,2026-04-13 23:06
carlos,69083,2026-04-13 23:06:00+00:00,2026-04-13 23:06
internacional,437719,2026-04-13 23:36:00+00:00,2026-04-13 23:36
irán,320026,2026-04-13 23:36:00+00:00,2026-04-13 23:36
guerra,264475,2026-04-13 23:36:00+00:00,2026-04-13 23:36
trump,256881,2026-04-13 23:36:00+00:00,2026-04-13 23:36
sánchez,147486,2026-04-13 23:36:00+00:00,2026-04-13 23:36
israel,131419,2026-04-13 23:36:00+00:00,2026-04-13 23:36
guerra irán,115772,2026-04-13 23:36:00+00:00,2026-04-13 23:36
málaga,114514,2026-04-13 23:36:00+00:00,2026-04-13 23:36
ormuz,110092,2026-04-13 23:36:00+00:00,2026-04-13 23:36
diario,94264,2026-04-13 23:36:00+00:00,2026-04-13 23:36
elecciones,93231,2026-04-13 23:36:00+00:00,2026-04-13 23:36
final,83549,2026-04-13 23:36:00+00:00,2026-04-13 23:36
santa,77836,2026-04-13 23:36:00+00:00,2026-04-13 23:36
aragón,74325,2026-04-13 23:36:00+00:00,2026-04-13 23:36
muere,74232,2026-04-13 23:36:00+00:00,2026-04-13 23:36
china,73852,2026-04-13 23:36:00+00:00,2026-04-13 23:36
carlos,69084,2026-04-13 23:36:00+00:00,2026-04-13 23:36
internacional,437837,2026-04-14 00:06:00+00:00,2026-04-14 00:06
irán,319848,2026-04-14 00:06:00+00:00,2026-04-14 00:06
guerra,264476,2026-04-14 00:06:00+00:00,2026-04-14 00:06
trump,257050,2026-04-14 00:06:00+00:00,2026-04-14 00:06
sánchez,147169,2026-04-14 00:06:00+00:00,2026-04-14 00:06
israel,131420,2026-04-14 00:06:00+00:00,2026-04-14 00:06
guerra irán,115773,2026-04-14 00:06:00+00:00,2026-04-14 00:06
málaga,114215,2026-04-14 00:06:00+00:00,2026-04-14 00:06
ormuz,110156,2026-04-14 00:06:00+00:00,2026-04-14 00:06
diario,94470,2026-04-14 00:06:00+00:00,2026-04-14 00:06
elecciones,93232,2026-04-14 00:06:00+00:00,2026-04-14 00:06
final,83383,2026-04-14 00:06:00+00:00,2026-04-14 00:06
santa,77836,2026-04-14 00:06:00+00:00,2026-04-14 00:06
aragón,74325,2026-04-14 00:06:00+00:00,2026-04-14 00:06
muere,74232,2026-04-14 00:06:00+00:00,2026-04-14 00:06
china,73852,2026-04-14 00:06:00+00:00,2026-04-14 00:06
carlos,69084,2026-04-14 00:06:00+00:00,2026-04-14 00:06
muerte,68832,2026-04-14 00:06:00+00:00,2026-04-14 00:06
internacional,438394,2026-04-14 00:36:00+00:00,2026-04-14 00:36
irán,320515,2026-04-14 00:36:00+00:00,2026-04-14 00:36
guerra,264495,2026-04-14 00:36:00+00:00,2026-04-14 00:36
trump,257002,2026-04-14 00:36:00+00:00,2026-04-14 00:36
sánchez,146772,2026-04-14 00:36:00+00:00,2026-04-14 00:36
israel,131734,2026-04-14 00:36:00+00:00,2026-04-14 00:36
guerra irán,115780,2026-04-14 00:36:00+00:00,2026-04-14 00:36
málaga,114610,2026-04-14 00:36:00+00:00,2026-04-14 00:36
ormuz,110296,2026-04-14 00:36:00+00:00,2026-04-14 00:36
diario,94473,2026-04-14 00:36:00+00:00,2026-04-14 00:36
elecciones,93221,2026-04-14 00:36:00+00:00,2026-04-14 00:36
final,83384,2026-04-14 00:36:00+00:00,2026-04-14 00:36
santa,77837,2026-04-14 00:36:00+00:00,2026-04-14 00:36
aragón,74327,2026-04-14 00:36:00+00:00,2026-04-14 00:36
muere,74233,2026-04-14 00:36:00+00:00,2026-04-14 00:36
china,74001,2026-04-14 00:36:00+00:00,2026-04-14 00:36
carlos,69478,2026-04-14 00:36:00+00:00,2026-04-14 00:36
internacional,438305,2026-04-14 01:06:00+00:00,2026-04-14 01:06
irán,320249,2026-04-14 01:06:00+00:00,2026-04-14 01:06
guerra,264958,2026-04-14 01:06:00+00:00,2026-04-14 01:06
trump,257038,2026-04-14 01:06:00+00:00,2026-04-14 01:06
sánchez,146908,2026-04-14 01:06:00+00:00,2026-04-14 01:06
israel,132094,2026-04-14 01:06:00+00:00,2026-04-14 01:06
guerra irán,115855,2026-04-14 01:06:00+00:00,2026-04-14 01:06
málaga,114613,2026-04-14 01:06:00+00:00,2026-04-14 01:06
ormuz,110279,2026-04-14 01:06:00+00:00,2026-04-14 01:06
diario,94868,2026-04-14 01:06:00+00:00,2026-04-14 01:06
elecciones,93744,2026-04-14 01:06:00+00:00,2026-04-14 01:06
final,83387,2026-04-14 01:06:00+00:00,2026-04-14 01:06
santa,77838,2026-04-14 01:06:00+00:00,2026-04-14 01:06
aragón,74328,2026-04-14 01:06:00+00:00,2026-04-14 01:06
china,74259,2026-04-14 01:06:00+00:00,2026-04-14 01:06
muere,74234,2026-04-14 01:06:00+00:00,2026-04-14 01:06
carlos,69479,2026-04-14 01:06:00+00:00,2026-04-14 01:06
internacional,438373,2026-04-14 01:36:00+00:00,2026-04-14 01:36
irán,320235,2026-04-14 01:36:00+00:00,2026-04-14 01:36
guerra,264881,2026-04-14 01:36:00+00:00,2026-04-14 01:36
trump,256993,2026-04-14 01:36:00+00:00,2026-04-14 01:36
sánchez,146810,2026-04-14 01:36:00+00:00,2026-04-14 01:36
israel,132096,2026-04-14 01:36:00+00:00,2026-04-14 01:36
guerra irán,115856,2026-04-14 01:36:00+00:00,2026-04-14 01:36
málaga,114613,2026-04-14 01:36:00+00:00,2026-04-14 01:36
ormuz,110280,2026-04-14 01:36:00+00:00,2026-04-14 01:36
diario,94869,2026-04-14 01:36:00+00:00,2026-04-14 01:36
elecciones,93745,2026-04-14 01:36:00+00:00,2026-04-14 01:36
final,83387,2026-04-14 01:36:00+00:00,2026-04-14 01:36
santa,77838,2026-04-14 01:36:00+00:00,2026-04-14 01:36
aragón,74328,2026-04-14 01:36:00+00:00,2026-04-14 01:36
muere,74169,2026-04-14 01:36:00+00:00,2026-04-14 01:36
china,74140,2026-04-14 01:36:00+00:00,2026-04-14 01:36
carlos,69479,2026-04-14 01:36:00+00:00,2026-04-14 01:36
internacional,438549,2026-04-14 02:06:00+00:00,2026-04-14 02:06
irán,320188,2026-04-14 02:06:00+00:00,2026-04-14 02:06
guerra,264847,2026-04-14 02:06:00+00:00,2026-04-14 02:06
trump,257064,2026-04-14 02:06:00+00:00,2026-04-14 02:06
sánchez,146752,2026-04-14 02:06:00+00:00,2026-04-14 02:06
israel,132047,2026-04-14 02:06:00+00:00,2026-04-14 02:06
guerra irán,115860,2026-04-14 02:06:00+00:00,2026-04-14 02:06
málaga,114615,2026-04-14 02:06:00+00:00,2026-04-14 02:06
ormuz,110281,2026-04-14 02:06:00+00:00,2026-04-14 02:06
diario,95112,2026-04-14 02:06:00+00:00,2026-04-14 02:06
elecciones,93746,2026-04-14 02:06:00+00:00,2026-04-14 02:06
final,83021,2026-04-14 02:06:00+00:00,2026-04-14 02:06
santa,77788,2026-04-14 02:06:00+00:00,2026-04-14 02:06
aragón,74329,2026-04-14 02:06:00+00:00,2026-04-14 02:06
muere,74169,2026-04-14 02:06:00+00:00,2026-04-14 02:06
china,74141,2026-04-14 02:06:00+00:00,2026-04-14 02:06
carlos,69481,2026-04-14 02:06:00+00:00,2026-04-14 02:06
internacional,439232,2026-04-14 02:36:00+00:00,2026-04-14 02:36
irán,319906,2026-04-14 02:36:00+00:00,2026-04-14 02:36
guerra,264696,2026-04-14 02:36:00+00:00,2026-04-14 02:36
trump,257040,2026-04-14 02:36:00+00:00,2026-04-14 02:36
sánchez,146558,2026-04-14 02:36:00+00:00,2026-04-14 02:36
israel,132045,2026-04-14 02:36:00+00:00,2026-04-14 02:36
guerra irán,115772,2026-04-14 02:36:00+00:00,2026-04-14 02:36
málaga,114616,2026-04-14 02:36:00+00:00,2026-04-14 02:36
ormuz,110385,2026-04-14 02:36:00+00:00,2026-04-14 02:36
diario,95614,2026-04-14 02:36:00+00:00,2026-04-14 02:36
elecciones,93615,2026-04-14 02:36:00+00:00,2026-04-14 02:36
final,82796,2026-04-14 02:36:00+00:00,2026-04-14 02:36
santa,77790,2026-04-14 02:36:00+00:00,2026-04-14 02:36
china,74391,2026-04-14 02:36:00+00:00,2026-04-14 02:36
aragón,74279,2026-04-14 02:36:00+00:00,2026-04-14 02:36
muere,74170,2026-04-14 02:36:00+00:00,2026-04-14 02:36
carlos,69482,2026-04-14 02:36:00+00:00,2026-04-14 02:36
internacional,438911,2026-04-14 03:06:00+00:00,2026-04-14 03:06
irán,319613,2026-04-14 03:06:00+00:00,2026-04-14 03:06
guerra,264212,2026-04-14 03:06:00+00:00,2026-04-14 03:06
trump,256322,2026-04-14 03:06:00+00:00,2026-04-14 03:06
sánchez,147159,2026-04-14 03:06:00+00:00,2026-04-14 03:06
israel,131696,2026-04-14 03:06:00+00:00,2026-04-14 03:06
guerra irán,115708,2026-04-14 03:06:00+00:00,2026-04-14 03:06
málaga,114617,2026-04-14 03:06:00+00:00,2026-04-14 03:06
ormuz,109987,2026-04-14 03:06:00+00:00,2026-04-14 03:06
diario,95616,2026-04-14 03:06:00+00:00,2026-04-14 03:06
elecciones,93616,2026-04-14 03:06:00+00:00,2026-04-14 03:06
final,82558,2026-04-14 03:06:00+00:00,2026-04-14 03:06
santa,77507,2026-04-14 03:06:00+00:00,2026-04-14 03:06
china,74306,2026-04-14 03:06:00+00:00,2026-04-14 03:06
muere,74170,2026-04-14 03:06:00+00:00,2026-04-14 03:06
aragón,72970,2026-04-14 03:06:00+00:00,2026-04-14 03:06
español,69715,2026-04-14 03:06:00+00:00,2026-04-14 03:06
carlos,69483,2026-04-14 03:06:00+00:00,2026-04-14 03:06
internacional,439181,2026-04-14 03:36:00+00:00,2026-04-14 03:36
irán,319422,2026-04-14 03:36:00+00:00,2026-04-14 03:36
guerra,264225,2026-04-14 03:36:00+00:00,2026-04-14 03:36
trump,255717,2026-04-14 03:36:00+00:00,2026-04-14 03:36
sánchez,147437,2026-04-14 03:36:00+00:00,2026-04-14 03:36
israel,131467,2026-04-14 03:36:00+00:00,2026-04-14 03:36
guerra irán,115715,2026-04-14 03:36:00+00:00,2026-04-14 03:36
málaga,114719,2026-04-14 03:36:00+00:00,2026-04-14 03:36
ormuz,110237,2026-04-14 03:36:00+00:00,2026-04-14 03:36
diario,95464,2026-04-14 03:36:00+00:00,2026-04-14 03:36
elecciones,93620,2026-04-14 03:36:00+00:00,2026-04-14 03:36
final,82661,2026-04-14 03:36:00+00:00,2026-04-14 03:36
santa,77513,2026-04-14 03:36:00+00:00,2026-04-14 03:36
aragón,74611,2026-04-14 03:36:00+00:00,2026-04-14 03:36
muere,74393,2026-04-14 03:36:00+00:00,2026-04-14 03:36
china,74211,2026-04-14 03:36:00+00:00,2026-04-14 03:36
español,69705,2026-04-14 03:36:00+00:00,2026-04-14 03:36
carlos,69566,2026-04-14 03:36:00+00:00,2026-04-14 03:36
internacional,438857,2026-04-14 04:06:00+00:00,2026-04-14 04:06
irán,319446,2026-04-14 04:06:00+00:00,2026-04-14 04:06
guerra,263517,2026-04-14 04:06:00+00:00,2026-04-14 04:06
trump,254912,2026-04-14 04:06:00+00:00,2026-04-14 04:06
sánchez,148436,2026-04-14 04:06:00+00:00,2026-04-14 04:06
israel,131164,2026-04-14 04:06:00+00:00,2026-04-14 04:06
guerra irán,115336,2026-04-14 04:06:00+00:00,2026-04-14 04:06
málaga,114724,2026-04-14 04:06:00+00:00,2026-04-14 04:06
ormuz,110541,2026-04-14 04:06:00+00:00,2026-04-14 04:06
diario,95298,2026-04-14 04:06:00+00:00,2026-04-14 04:06
elecciones,93208,2026-04-14 04:06:00+00:00,2026-04-14 04:06
final,82104,2026-04-14 04:06:00+00:00,2026-04-14 04:06
santa,77515,2026-04-14 04:06:00+00:00,2026-04-14 04:06
china,74591,2026-04-14 04:06:00+00:00,2026-04-14 04:06
aragón,74568,2026-04-14 04:06:00+00:00,2026-04-14 04:06
muere,74253,2026-04-14 04:06:00+00:00,2026-04-14 04:06
carlos,69569,2026-04-14 04:06:00+00:00,2026-04-14 04:06
español,69436,2026-04-14 04:06:00+00:00,2026-04-14 04:06
internacional,440083,2026-04-14 04:36:00+00:00,2026-04-14 04:36
irán,319901,2026-04-14 04:36:00+00:00,2026-04-14 04:36
guerra,265271,2026-04-14 04:36:00+00:00,2026-04-14 04:36
trump,255273,2026-04-14 04:36:00+00:00,2026-04-14 04:36
sánchez,149416,2026-04-14 04:36:00+00:00,2026-04-14 04:36
israel,131051,2026-04-14 04:36:00+00:00,2026-04-14 04:36
guerra irán,115648,2026-04-14 04:36:00+00:00,2026-04-14 04:36
málaga,115128,2026-04-14 04:36:00+00:00,2026-04-14 04:36
ormuz,110735,2026-04-14 04:36:00+00:00,2026-04-14 04:36
diario,95826,2026-04-14 04:36:00+00:00,2026-04-14 04:36
elecciones,93480,2026-04-14 04:36:00+00:00,2026-04-14 04:36
final,82097,2026-04-14 04:36:00+00:00,2026-04-14 04:36
santa,77522,2026-04-14 04:36:00+00:00,2026-04-14 04:36
aragón,74969,2026-04-14 04:36:00+00:00,2026-04-14 04:36
china,74898,2026-04-14 04:36:00+00:00,2026-04-14 04:36
muere,74258,2026-04-14 04:36:00+00:00,2026-04-14 04:36
español,69807,2026-04-14 04:36:00+00:00,2026-04-14 04:36
carlos,69577,2026-04-14 04:36:00+00:00,2026-04-14 04:36
internacional,440493,2026-04-14 05:06:00+00:00,2026-04-14 05:06
irán,319511,2026-04-14 05:06:00+00:00,2026-04-14 05:06
guerra,264778,2026-04-14 05:06:00+00:00,2026-04-14 05:06
trump,255388,2026-04-14 05:06:00+00:00,2026-04-14 05:06
sánchez,150454,2026-04-14 05:06:00+00:00,2026-04-14 05:06
israel,131119,2026-04-14 05:06:00+00:00,2026-04-14 05:06
guerra irán,115415,2026-04-14 05:06:00+00:00,2026-04-14 05:06
málaga,115096,2026-04-14 05:06:00+00:00,2026-04-14 05:06
ormuz,111002,2026-04-14 05:06:00+00:00,2026-04-14 05:06
diario,95672,2026-04-14 05:06:00+00:00,2026-04-14 05:06
elecciones,93084,2026-04-14 05:06:00+00:00,2026-04-14 05:06
final,82539,2026-04-14 05:06:00+00:00,2026-04-14 05:06
santa,77537,2026-04-14 05:06:00+00:00,2026-04-14 05:06
china,75190,2026-04-14 05:06:00+00:00,2026-04-14 05:06
aragón,74873,2026-04-14 05:06:00+00:00,2026-04-14 05:06
muere,74419,2026-04-14 05:06:00+00:00,2026-04-14 05:06
español,69568,2026-04-14 05:06:00+00:00,2026-04-14 05:06
carlos,69447,2026-04-14 05:06:00+00:00,2026-04-14 05:06
internacional,440509,2026-04-14 05:36:00+00:00,2026-04-14 05:36
irán,318618,2026-04-14 05:36:00+00:00,2026-04-14 05:36
guerra,264299,2026-04-14 05:36:00+00:00,2026-04-14 05:36
trump,255295,2026-04-14 05:36:00+00:00,2026-04-14 05:36
sánchez,151010,2026-04-14 05:36:00+00:00,2026-04-14 05:36
israel,130917,2026-04-14 05:36:00+00:00,2026-04-14 05:36
guerra irán,115115,2026-04-14 05:36:00+00:00,2026-04-14 05:36
málaga,115101,2026-04-14 05:36:00+00:00,2026-04-14 05:36
ormuz,111110,2026-04-14 05:36:00+00:00,2026-04-14 05:36
diario,95866,2026-04-14 05:36:00+00:00,2026-04-14 05:36
elecciones,93479,2026-04-14 05:36:00+00:00,2026-04-14 05:36
final,82452,2026-04-14 05:36:00+00:00,2026-04-14 05:36
santa,77540,2026-04-14 05:36:00+00:00,2026-04-14 05:36
china,75540,2026-04-14 05:36:00+00:00,2026-04-14 05:36
aragón,74876,2026-04-14 05:36:00+00:00,2026-04-14 05:36
muere,74421,2026-04-14 05:36:00+00:00,2026-04-14 05:36
español,69702,2026-04-14 05:36:00+00:00,2026-04-14 05:36
carlos,69309,2026-04-14 05:36:00+00:00,2026-04-14 05:36
muerte,68822,2026-04-14 05:36:00+00:00,2026-04-14 05:36
internacional,441105,2026-04-14 06:06:00+00:00,2026-04-14 06:06
irán,319167,2026-04-14 06:06:00+00:00,2026-04-14 06:06
guerra,264977,2026-04-14 06:06:00+00:00,2026-04-14 06:06
trump,254995,2026-04-14 06:06:00+00:00,2026-04-14 06:06
sánchez,151909,2026-04-14 06:06:00+00:00,2026-04-14 06:06
israel,131113,2026-04-14 06:06:00+00:00,2026-04-14 06:06
málaga,115366,2026-04-14 06:06:00+00:00,2026-04-14 06:06
guerra irán,115295,2026-04-14 06:06:00+00:00,2026-04-14 06:06
ormuz,110873,2026-04-14 06:06:00+00:00,2026-04-14 06:06
diario,96557,2026-04-14 06:06:00+00:00,2026-04-14 06:06
elecciones,94270,2026-04-14 06:06:00+00:00,2026-04-14 06:06
final,83270,2026-04-14 06:06:00+00:00,2026-04-14 06:06
santa,77544,2026-04-14 06:06:00+00:00,2026-04-14 06:06
china,75722,2026-04-14 06:06:00+00:00,2026-04-14 06:06
aragón,74820,2026-04-14 06:06:00+00:00,2026-04-14 06:06
muere,74819,2026-04-14 06:06:00+00:00,2026-04-14 06:06
español,70119,2026-04-14 06:06:00+00:00,2026-04-14 06:06
carlos,69316,2026-04-14 06:06:00+00:00,2026-04-14 06:06
muerte,68826,2026-04-14 06:06:00+00:00,2026-04-14 06:06
internacional,441396,2026-04-14 06:36:00+00:00,2026-04-14 06:36
irán,318494,2026-04-14 06:36:00+00:00,2026-04-14 06:36
guerra,264926,2026-04-14 06:36:00+00:00,2026-04-14 06:36
trump,254291,2026-04-14 06:36:00+00:00,2026-04-14 06:36
sánchez,152792,2026-04-14 06:36:00+00:00,2026-04-14 06:36
israel,131018,2026-04-14 06:36:00+00:00,2026-04-14 06:36
guerra irán,115465,2026-04-14 06:36:00+00:00,2026-04-14 06:36
málaga,115322,2026-04-14 06:36:00+00:00,2026-04-14 06:36
ormuz,111049,2026-04-14 06:36:00+00:00,2026-04-14 06:36
diario,97541,2026-04-14 06:36:00+00:00,2026-04-14 06:36
elecciones,93503,2026-04-14 06:36:00+00:00,2026-04-14 06:36
final,83100,2026-04-14 06:36:00+00:00,2026-04-14 06:36
santa,77398,2026-04-14 06:36:00+00:00,2026-04-14 06:36
china,75986,2026-04-14 06:36:00+00:00,2026-04-14 06:36
aragón,74824,2026-04-14 06:36:00+00:00,2026-04-14 06:36
muere,74822,2026-04-14 06:36:00+00:00,2026-04-14 06:36
español,70087,2026-04-14 06:36:00+00:00,2026-04-14 06:36
carlos,69618,2026-04-14 06:36:00+00:00,2026-04-14 06:36
internacional,442170,2026-04-14 07:06:00+00:00,2026-04-14 07:06
irán,318606,2026-04-14 07:06:00+00:00,2026-04-14 07:06
guerra,264944,2026-04-14 07:06:00+00:00,2026-04-14 07:06
trump,254526,2026-04-14 07:06:00+00:00,2026-04-14 07:06
sánchez,155082,2026-04-14 07:06:00+00:00,2026-04-14 07:06
israel,130950,2026-04-14 07:06:00+00:00,2026-04-14 07:06
guerra irán,115563,2026-04-14 07:06:00+00:00,2026-04-14 07:06
málaga,115362,2026-04-14 07:06:00+00:00,2026-04-14 07:06
ormuz,111319,2026-04-14 07:06:00+00:00,2026-04-14 07:06
diario,97548,2026-04-14 07:06:00+00:00,2026-04-14 07:06
elecciones,93770,2026-04-14 07:06:00+00:00,2026-04-14 07:06
final,83105,2026-04-14 07:06:00+00:00,2026-04-14 07:06
santa,77129,2026-04-14 07:06:00+00:00,2026-04-14 07:06
china,76557,2026-04-14 07:06:00+00:00,2026-04-14 07:06
muere,75616,2026-04-14 07:06:00+00:00,2026-04-14 07:06
aragón,74995,2026-04-14 07:06:00+00:00,2026-04-14 07:06
español,70373,2026-04-14 07:06:00+00:00,2026-04-14 07:06
carlos,70256,2026-04-14 07:06:00+00:00,2026-04-14 07:06
internacional,444132,2026-04-14 07:36:00+00:00,2026-04-14 07:36
irán,319316,2026-04-14 07:36:00+00:00,2026-04-14 07:36
guerra,266072,2026-04-14 07:36:00+00:00,2026-04-14 07:36
trump,255198,2026-04-14 07:36:00+00:00,2026-04-14 07:36
sánchez,157136,2026-04-14 07:36:00+00:00,2026-04-14 07:36
israel,130888,2026-04-14 07:36:00+00:00,2026-04-14 07:36
guerra irán,116379,2026-04-14 07:36:00+00:00,2026-04-14 07:36
málaga,115224,2026-04-14 07:36:00+00:00,2026-04-14 07:36
ormuz,111297,2026-04-14 07:36:00+00:00,2026-04-14 07:36
diario,97560,2026-04-14 07:36:00+00:00,2026-04-14 07:36
elecciones,93741,2026-04-14 07:36:00+00:00,2026-04-14 07:36
final,83282,2026-04-14 07:36:00+00:00,2026-04-14 07:36
santa,77085,2026-04-14 07:36:00+00:00,2026-04-14 07:36
china,77053,2026-04-14 07:36:00+00:00,2026-04-14 07:36
aragón,75294,2026-04-14 07:36:00+00:00,2026-04-14 07:36
muere,75084,2026-04-14 07:36:00+00:00,2026-04-14 07:36
español,70760,2026-04-14 07:36:00+00:00,2026-04-14 07:36
carlos,70404,2026-04-14 07:36:00+00:00,2026-04-14 07:36
internacional,444262,2026-04-14 08:06:00+00:00,2026-04-14 08:06
irán,319511,2026-04-14 08:06:00+00:00,2026-04-14 08:06
guerra,266128,2026-04-14 08:06:00+00:00,2026-04-14 08:06
trump,255468,2026-04-14 08:06:00+00:00,2026-04-14 08:06
sánchez,160470,2026-04-14 08:06:00+00:00,2026-04-14 08:06
israel,131172,2026-04-14 08:06:00+00:00,2026-04-14 08:06
guerra irán,116647,2026-04-14 08:06:00+00:00,2026-04-14 08:06
málaga,115164,2026-04-14 08:06:00+00:00,2026-04-14 08:06
ormuz,111308,2026-04-14 08:06:00+00:00,2026-04-14 08:06
diario,97274,2026-04-14 08:06:00+00:00,2026-04-14 08:06
elecciones,93677,2026-04-14 08:06:00+00:00,2026-04-14 08:06
final,83287,2026-04-14 08:06:00+00:00,2026-04-14 08:06
china,77432,2026-04-14 08:06:00+00:00,2026-04-14 08:06
santa,77089,2026-04-14 08:06:00+00:00,2026-04-14 08:06
aragón,75543,2026-04-14 08:06:00+00:00,2026-04-14 08:06
muere,74546,2026-04-14 08:06:00+00:00,2026-04-14 08:06
español,71846,2026-04-14 08:06:00+00:00,2026-04-14 08:06
internacional,444225,2026-04-14 08:36:00+00:00,2026-04-14 08:36
irán,319476,2026-04-14 08:36:00+00:00,2026-04-14 08:36
guerra,266546,2026-04-14 08:36:00+00:00,2026-04-14 08:36
trump,255893,2026-04-14 08:36:00+00:00,2026-04-14 08:36
sánchez,162907,2026-04-14 08:36:00+00:00,2026-04-14 08:36
israel,131372,2026-04-14 08:36:00+00:00,2026-04-14 08:36
guerra irán,116732,2026-04-14 08:36:00+00:00,2026-04-14 08:36
málaga,115601,2026-04-14 08:36:00+00:00,2026-04-14 08:36
ormuz,111762,2026-04-14 08:36:00+00:00,2026-04-14 08:36
diario,97545,2026-04-14 08:36:00+00:00,2026-04-14 08:36
elecciones,93544,2026-04-14 08:36:00+00:00,2026-04-14 08:36
final,83588,2026-04-14 08:36:00+00:00,2026-04-14 08:36
china,78029,2026-04-14 08:36:00+00:00,2026-04-14 08:36
santa,77094,2026-04-14 08:36:00+00:00,2026-04-14 08:36
aragón,75547,2026-04-14 08:36:00+00:00,2026-04-14 08:36
muere,74550,2026-04-14 08:36:00+00:00,2026-04-14 08:36
español,72842,2026-04-14 08:36:00+00:00,2026-04-14 08:36
internacional,445241,2026-04-14 09:06:00+00:00,2026-04-14 09:06
irán,320124,2026-04-14 09:06:00+00:00,2026-04-14 09:06
guerra,266473,2026-04-14 09:06:00+00:00,2026-04-14 09:06
trump,255719,2026-04-14 09:06:00+00:00,2026-04-14 09:06
sánchez,164816,2026-04-14 09:06:00+00:00,2026-04-14 09:06
israel,131508,2026-04-14 09:06:00+00:00,2026-04-14 09:06
guerra irán,116802,2026-04-14 09:06:00+00:00,2026-04-14 09:06
málaga,116143,2026-04-14 09:06:00+00:00,2026-04-14 09:06
ormuz,112217,2026-04-14 09:06:00+00:00,2026-04-14 09:06
diario,97279,2026-04-14 09:06:00+00:00,2026-04-14 09:06
elecciones,94030,2026-04-14 09:06:00+00:00,2026-04-14 09:06
final,83495,2026-04-14 09:06:00+00:00,2026-04-14 09:06
china,78885,2026-04-14 09:06:00+00:00,2026-04-14 09:06
santa,77101,2026-04-14 09:06:00+00:00,2026-04-14 09:06
aragón,76378,2026-04-14 09:06:00+00:00,2026-04-14 09:06
muere,74403,2026-04-14 09:06:00+00:00,2026-04-14 09:06
español,72683,2026-04-14 09:06:00+00:00,2026-04-14 09:06
internacional,446497,2026-04-14 09:36:00+00:00,2026-04-14 09:36
irán,320480,2026-04-14 09:36:00+00:00,2026-04-14 09:36
guerra,266774,2026-04-14 09:36:00+00:00,2026-04-14 09:36
trump,255644,2026-04-14 09:36:00+00:00,2026-04-14 09:36
sánchez,165630,2026-04-14 09:36:00+00:00,2026-04-14 09:36
israel,131556,2026-04-14 09:36:00+00:00,2026-04-14 09:36
guerra irán,117100,2026-04-14 09:36:00+00:00,2026-04-14 09:36
málaga,115769,2026-04-14 09:36:00+00:00,2026-04-14 09:36
ormuz,112446,2026-04-14 09:36:00+00:00,2026-04-14 09:36
diario,97289,2026-04-14 09:36:00+00:00,2026-04-14 09:36
elecciones,93621,2026-04-14 09:36:00+00:00,2026-04-14 09:36
final,83895,2026-04-14 09:36:00+00:00,2026-04-14 09:36
china,78937,2026-04-14 09:36:00+00:00,2026-04-14 09:36
santa,77105,2026-04-14 09:36:00+00:00,2026-04-14 09:36
aragón,76283,2026-04-14 09:36:00+00:00,2026-04-14 09:36
muere,73802,2026-04-14 09:36:00+00:00,2026-04-14 09:36
español,72485,2026-04-14 09:36:00+00:00,2026-04-14 09:36
internacional,445077,2026-04-14 10:06:00+00:00,2026-04-14 10:06
irán,320474,2026-04-14 10:06:00+00:00,2026-04-14 10:06
guerra,268070,2026-04-14 10:06:00+00:00,2026-04-14 10:06
trump,256290,2026-04-14 10:06:00+00:00,2026-04-14 10:06
sánchez,167329,2026-04-14 10:06:00+00:00,2026-04-14 10:06
israel,131227,2026-04-14 10:06:00+00:00,2026-04-14 10:06
guerra irán,117259,2026-04-14 10:06:00+00:00,2026-04-14 10:06
málaga,115485,2026-04-14 10:06:00+00:00,2026-04-14 10:06
ormuz,112562,2026-04-14 10:06:00+00:00,2026-04-14 10:06
diario,96946,2026-04-14 10:06:00+00:00,2026-04-14 10:06
elecciones,93110,2026-04-14 10:06:00+00:00,2026-04-14 10:06
final,83734,2026-04-14 10:06:00+00:00,2026-04-14 10:06
china,79526,2026-04-14 10:06:00+00:00,2026-04-14 10:06
santa,77036,2026-04-14 10:06:00+00:00,2026-04-14 10:06
aragón,76460,2026-04-14 10:06:00+00:00,2026-04-14 10:06
muere,73641,2026-04-14 10:06:00+00:00,2026-04-14 10:06
español,72953,2026-04-14 10:06:00+00:00,2026-04-14 10:06
internacional,446574,2026-04-14 10:36:00+00:00,2026-04-14 10:36
irán,320232,2026-04-14 10:36:00+00:00,2026-04-14 10:36
guerra,268863,2026-04-14 10:36:00+00:00,2026-04-14 10:36
trump,256224,2026-04-14 10:36:00+00:00,2026-04-14 10:36
sánchez,167571,2026-04-14 10:36:00+00:00,2026-04-14 10:36
israel,131073,2026-04-14 10:36:00+00:00,2026-04-14 10:36
guerra irán,117650,2026-04-14 10:36:00+00:00,2026-04-14 10:36
málaga,115687,2026-04-14 10:36:00+00:00,2026-04-14 10:36
ormuz,112570,2026-04-14 10:36:00+00:00,2026-04-14 10:36
diario,96866,2026-04-14 10:36:00+00:00,2026-04-14 10:36
elecciones,92769,2026-04-14 10:36:00+00:00,2026-04-14 10:36
final,83935,2026-04-14 10:36:00+00:00,2026-04-14 10:36
china,79620,2026-04-14 10:36:00+00:00,2026-04-14 10:36
santa,76994,2026-04-14 10:36:00+00:00,2026-04-14 10:36
aragón,76188,2026-04-14 10:36:00+00:00,2026-04-14 10:36
muere,74204,2026-04-14 10:36:00+00:00,2026-04-14 10:36
español,73148,2026-04-14 10:36:00+00:00,2026-04-14 10:36
internacional,447588,2026-04-14 11:06:00+00:00,2026-04-14 11:06
irán,321205,2026-04-14 11:06:00+00:00,2026-04-14 11:06
guerra,268929,2026-04-14 11:06:00+00:00,2026-04-14 11:06
trump,257253,2026-04-14 11:06:00+00:00,2026-04-14 11:06
sánchez,167343,2026-04-14 11:06:00+00:00,2026-04-14 11:06
israel,130620,2026-04-14 11:06:00+00:00,2026-04-14 11:06
guerra irán,117600,2026-04-14 11:06:00+00:00,2026-04-14 11:06
málaga,116819,2026-04-14 11:06:00+00:00,2026-04-14 11:06
ormuz,112967,2026-04-14 11:06:00+00:00,2026-04-14 11:06
diario,97091,2026-04-14 11:06:00+00:00,2026-04-14 11:06
elecciones,92820,2026-04-14 11:06:00+00:00,2026-04-14 11:06
final,83620,2026-04-14 11:06:00+00:00,2026-04-14 11:06
china,80013,2026-04-14 11:06:00+00:00,2026-04-14 11:06
santa,76922,2026-04-14 11:06:00+00:00,2026-04-14 11:06
aragón,76465,2026-04-14 11:06:00+00:00,2026-04-14 11:06
muere,74653,2026-04-14 11:06:00+00:00,2026-04-14 11:06
español,73519,2026-04-14 11:06:00+00:00,2026-04-14 11:06
internacional,451650,2026-04-14 11:36:00+00:00,2026-04-14 11:36
irán,321428,2026-04-14 11:36:00+00:00,2026-04-14 11:36
guerra,269467,2026-04-14 11:36:00+00:00,2026-04-14 11:36
trump,257774,2026-04-14 11:36:00+00:00,2026-04-14 11:36
sánchez,167902,2026-04-14 11:36:00+00:00,2026-04-14 11:36
israel,130302,2026-04-14 11:36:00+00:00,2026-04-14 11:36
málaga,117953,2026-04-14 11:36:00+00:00,2026-04-14 11:36
guerra irán,117756,2026-04-14 11:36:00+00:00,2026-04-14 11:36
ormuz,113381,2026-04-14 11:36:00+00:00,2026-04-14 11:36
diario,97604,2026-04-14 11:36:00+00:00,2026-04-14 11:36
elecciones,92392,2026-04-14 11:36:00+00:00,2026-04-14 11:36
final,83469,2026-04-14 11:36:00+00:00,2026-04-14 11:36
china,80260,2026-04-14 11:36:00+00:00,2026-04-14 11:36
santa,76895,2026-04-14 11:36:00+00:00,2026-04-14 11:36
aragón,76481,2026-04-14 11:36:00+00:00,2026-04-14 11:36
muere,74246,2026-04-14 11:36:00+00:00,2026-04-14 11:36
español,73430,2026-04-14 11:36:00+00:00,2026-04-14 11:36
internacional,451941,2026-04-14 12:07:00+00:00,2026-04-14 12:07
irán,322352,2026-04-14 12:07:00+00:00,2026-04-14 12:07
guerra,269098,2026-04-14 12:07:00+00:00,2026-04-14 12:07
trump,257701,2026-04-14 12:07:00+00:00,2026-04-14 12:07
sánchez,168924,2026-04-14 12:07:00+00:00,2026-04-14 12:07
israel,130584,2026-04-14 12:07:00+00:00,2026-04-14 12:07
guerra irán,117698,2026-04-14 12:07:00+00:00,2026-04-14 12:07
málaga,117449,2026-04-14 12:07:00+00:00,2026-04-14 12:07
ormuz,113682,2026-04-14 12:07:00+00:00,2026-04-14 12:07
diario,97415,2026-04-14 12:07:00+00:00,2026-04-14 12:07
elecciones,92110,2026-04-14 12:07:00+00:00,2026-04-14 12:07
final,83302,2026-04-14 12:07:00+00:00,2026-04-14 12:07
china,80735,2026-04-14 12:07:00+00:00,2026-04-14 12:07
santa,76744,2026-04-14 12:07:00+00:00,2026-04-14 12:07
aragón,76118,2026-04-14 12:07:00+00:00,2026-04-14 12:07
muere,74417,2026-04-14 12:07:00+00:00,2026-04-14 12:07
español,73598,2026-04-14 12:07:00+00:00,2026-04-14 12:07
internacional,452971,2026-04-14 12:36:00+00:00,2026-04-14 12:36
irán,321739,2026-04-14 12:36:00+00:00,2026-04-14 12:36
guerra,269312,2026-04-14 12:36:00+00:00,2026-04-14 12:36
trump,256550,2026-04-14 12:36:00+00:00,2026-04-14 12:36
sánchez,168840,2026-04-14 12:36:00+00:00,2026-04-14 12:36
israel,130976,2026-04-14 12:36:00+00:00,2026-04-14 12:36
málaga,118608,2026-04-14 12:36:00+00:00,2026-04-14 12:36
guerra irán,117738,2026-04-14 12:36:00+00:00,2026-04-14 12:36
ormuz,113768,2026-04-14 12:36:00+00:00,2026-04-14 12:36
diario,97425,2026-04-14 12:36:00+00:00,2026-04-14 12:36
elecciones,92319,2026-04-14 12:36:00+00:00,2026-04-14 12:36
final,83224,2026-04-14 12:36:00+00:00,2026-04-14 12:36
china,81099,2026-04-14 12:36:00+00:00,2026-04-14 12:36
santa,76709,2026-04-14 12:36:00+00:00,2026-04-14 12:36
aragón,76570,2026-04-14 12:36:00+00:00,2026-04-14 12:36
muere,74703,2026-04-14 12:36:00+00:00,2026-04-14 12:36
español,73827,2026-04-14 12:36:00+00:00,2026-04-14 12:36
internacional,454193,2026-04-14 13:06:00+00:00,2026-04-14 13:06
irán,321401,2026-04-14 13:06:00+00:00,2026-04-14 13:06
guerra,269418,2026-04-14 13:06:00+00:00,2026-04-14 13:06
trump,256627,2026-04-14 13:06:00+00:00,2026-04-14 13:06
sánchez,170349,2026-04-14 13:06:00+00:00,2026-04-14 13:06
israel,131643,2026-04-14 13:06:00+00:00,2026-04-14 13:06
málaga,119270,2026-04-14 13:06:00+00:00,2026-04-14 13:06
guerra irán,117718,2026-04-14 13:06:00+00:00,2026-04-14 13:06
ormuz,113723,2026-04-14 13:06:00+00:00,2026-04-14 13:06
diario,97236,2026-04-14 13:06:00+00:00,2026-04-14 13:06
elecciones,90968,2026-04-14 13:06:00+00:00,2026-04-14 13:06
final,82904,2026-04-14 13:06:00+00:00,2026-04-14 13:06
china,82036,2026-04-14 13:06:00+00:00,2026-04-14 13:06
aragón,77101,2026-04-14 13:06:00+00:00,2026-04-14 13:06
santa,76618,2026-04-14 13:06:00+00:00,2026-04-14 13:06
muere,74959,2026-04-14 13:06:00+00:00,2026-04-14 13:06
español,74002,2026-04-14 13:06:00+00:00,2026-04-14 13:06
internacional,454821,2026-04-14 13:36:00+00:00,2026-04-14 13:36
irán,321847,2026-04-14 13:36:00+00:00,2026-04-14 13:36
guerra,272456,2026-04-14 13:36:00+00:00,2026-04-14 13:36
trump,255791,2026-04-14 13:36:00+00:00,2026-04-14 13:36
sánchez,170475,2026-04-14 13:36:00+00:00,2026-04-14 13:36
israel,131959,2026-04-14 13:36:00+00:00,2026-04-14 13:36
guerra irán,119545,2026-04-14 13:36:00+00:00,2026-04-14 13:36
málaga,119541,2026-04-14 13:36:00+00:00,2026-04-14 13:36
ormuz,112262,2026-04-14 13:36:00+00:00,2026-04-14 13:36
diario,97336,2026-04-14 13:36:00+00:00,2026-04-14 13:36
elecciones,90928,2026-04-14 13:36:00+00:00,2026-04-14 13:36
final,82855,2026-04-14 13:36:00+00:00,2026-04-14 13:36
china,82303,2026-04-14 13:36:00+00:00,2026-04-14 13:36
aragón,77106,2026-04-14 13:36:00+00:00,2026-04-14 13:36
santa,76822,2026-04-14 13:36:00+00:00,2026-04-14 13:36
español,75000,2026-04-14 13:36:00+00:00,2026-04-14 13:36
muere,74962,2026-04-14 13:36:00+00:00,2026-04-14 13:36
internacional,454954,2026-04-14 14:06:00+00:00,2026-04-14 14:06
irán,322219,2026-04-14 14:06:00+00:00,2026-04-14 14:06
guerra,273624,2026-04-14 14:06:00+00:00,2026-04-14 14:06
trump,255698,2026-04-14 14:06:00+00:00,2026-04-14 14:06
sánchez,171041,2026-04-14 14:06:00+00:00,2026-04-14 14:06
israel,132487,2026-04-14 14:06:00+00:00,2026-04-14 14:06
guerra irán,120007,2026-04-14 14:06:00+00:00,2026-04-14 14:06
málaga,119259,2026-04-14 14:06:00+00:00,2026-04-14 14:06
ormuz,112095,2026-04-14 14:06:00+00:00,2026-04-14 14:06
diario,98311,2026-04-14 14:06:00+00:00,2026-04-14 14:06
elecciones,89799,2026-04-14 14:06:00+00:00,2026-04-14 14:06
final,83055,2026-04-14 14:06:00+00:00,2026-04-14 14:06
china,82478,2026-04-14 14:06:00+00:00,2026-04-14 14:06
aragón,77900,2026-04-14 14:06:00+00:00,2026-04-14 14:06
santa,77035,2026-04-14 14:06:00+00:00,2026-04-14 14:06
español,75425,2026-04-14 14:06:00+00:00,2026-04-14 14:06
muere,74638,2026-04-14 14:06:00+00:00,2026-04-14 14:06
internacional,455690,2026-04-14 14:36:00+00:00,2026-04-14 14:36
irán,324415,2026-04-14 14:36:00+00:00,2026-04-14 14:36
guerra,273832,2026-04-14 14:36:00+00:00,2026-04-14 14:36
trump,256647,2026-04-14 14:36:00+00:00,2026-04-14 14:36
sánchez,171170,2026-04-14 14:36:00+00:00,2026-04-14 14:36
israel,132583,2026-04-14 14:36:00+00:00,2026-04-14 14:36
guerra irán,120507,2026-04-14 14:36:00+00:00,2026-04-14 14:36
málaga,119854,2026-04-14 14:36:00+00:00,2026-04-14 14:36
ormuz,112075,2026-04-14 14:36:00+00:00,2026-04-14 14:36
diario,97961,2026-04-14 14:36:00+00:00,2026-04-14 14:36
elecciones,89707,2026-04-14 14:36:00+00:00,2026-04-14 14:36
final,83140,2026-04-14 14:36:00+00:00,2026-04-14 14:36
china,82299,2026-04-14 14:36:00+00:00,2026-04-14 14:36
aragón,78499,2026-04-14 14:36:00+00:00,2026-04-14 14:36
santa,76923,2026-04-14 14:36:00+00:00,2026-04-14 14:36
español,75876,2026-04-14 14:36:00+00:00,2026-04-14 14:36
muere,74572,2026-04-14 14:36:00+00:00,2026-04-14 14:36
mundial,71125,2026-04-14 14:36:00+00:00,2026-04-14 14:36
internacional,456642,2026-04-14 15:06:00+00:00,2026-04-14 15:06
irán,322323,2026-04-14 15:06:00+00:00,2026-04-14 15:06
guerra,273681,2026-04-14 15:06:00+00:00,2026-04-14 15:06
trump,257206,2026-04-14 15:06:00+00:00,2026-04-14 15:06
sánchez,171321,2026-04-14 15:06:00+00:00,2026-04-14 15:06
israel,133090,2026-04-14 15:06:00+00:00,2026-04-14 15:06
guerra irán,120393,2026-04-14 15:06:00+00:00,2026-04-14 15:06
málaga,119582,2026-04-14 15:06:00+00:00,2026-04-14 15:06
ormuz,111985,2026-04-14 15:06:00+00:00,2026-04-14 15:06
diario,98048,2026-04-14 15:06:00+00:00,2026-04-14 15:06
elecciones,89731,2026-04-14 15:06:00+00:00,2026-04-14 15:06
final,83263,2026-04-14 15:06:00+00:00,2026-04-14 15:06
china,82414,2026-04-14 15:06:00+00:00,2026-04-14 15:06
aragón,78930,2026-04-14 15:06:00+00:00,2026-04-14 15:06
santa,77148,2026-04-14 15:06:00+00:00,2026-04-14 15:06
español,76079,2026-04-14 15:06:00+00:00,2026-04-14 15:06
muere,74583,2026-04-14 15:06:00+00:00,2026-04-14 15:06
mundial,71146,2026-04-14 15:06:00+00:00,2026-04-14 15:06
internacional,458560,2026-04-14 15:36:00+00:00,2026-04-14 15:36
irán,322224,2026-04-14 15:36:00+00:00,2026-04-14 15:36
guerra,273442,2026-04-14 15:36:00+00:00,2026-04-14 15:36
trump,257672,2026-04-14 15:36:00+00:00,2026-04-14 15:36
sánchez,171288,2026-04-14 15:36:00+00:00,2026-04-14 15:36
israel,133390,2026-04-14 15:36:00+00:00,2026-04-14 15:36
guerra irán,120204,2026-04-14 15:36:00+00:00,2026-04-14 15:36
málaga,119272,2026-04-14 15:36:00+00:00,2026-04-14 15:36
ormuz,111838,2026-04-14 15:36:00+00:00,2026-04-14 15:36
diario,98316,2026-04-14 15:36:00+00:00,2026-04-14 15:36
elecciones,89629,2026-04-14 15:36:00+00:00,2026-04-14 15:36
final,82886,2026-04-14 15:36:00+00:00,2026-04-14 15:36
china,82420,2026-04-14 15:36:00+00:00,2026-04-14 15:36
aragón,79811,2026-04-14 15:36:00+00:00,2026-04-14 15:36
español,77488,2026-04-14 15:36:00+00:00,2026-04-14 15:36
santa,77063,2026-04-14 15:36:00+00:00,2026-04-14 15:36
muere,74511,2026-04-14 15:36:00+00:00,2026-04-14 15:36
mundial,71151,2026-04-14 15:36:00+00:00,2026-04-14 15:36
internacional,459337,2026-04-14 16:06:00+00:00,2026-04-14 16:06
irán,322680,2026-04-14 16:06:00+00:00,2026-04-14 16:06
guerra,274206,2026-04-14 16:06:00+00:00,2026-04-14 16:06
trump,257935,2026-04-14 16:06:00+00:00,2026-04-14 16:06
sánchez,171096,2026-04-14 16:06:00+00:00,2026-04-14 16:06
israel,133699,2026-04-14 16:06:00+00:00,2026-04-14 16:06
guerra irán,120743,2026-04-14 16:06:00+00:00,2026-04-14 16:06
málaga,120340,2026-04-14 16:06:00+00:00,2026-04-14 16:06
ormuz,111922,2026-04-14 16:06:00+00:00,2026-04-14 16:06
diario,99327,2026-04-14 16:06:00+00:00,2026-04-14 16:06
elecciones,89501,2026-04-14 16:06:00+00:00,2026-04-14 16:06
china,82903,2026-04-14 16:06:00+00:00,2026-04-14 16:06
final,82743,2026-04-14 16:06:00+00:00,2026-04-14 16:06
aragón,79418,2026-04-14 16:06:00+00:00,2026-04-14 16:06
español,77774,2026-04-14 16:06:00+00:00,2026-04-14 16:06
santa,76972,2026-04-14 16:06:00+00:00,2026-04-14 16:06
muere,74763,2026-04-14 16:06:00+00:00,2026-04-14 16:06
muerte,71806,2026-04-14 16:06:00+00:00,2026-04-14 16:06
mundial,71236,2026-04-14 16:06:00+00:00,2026-04-14 16:06
internacional,460252,2026-04-14 16:36:00+00:00,2026-04-14 16:36
irán,322610,2026-04-14 16:36:00+00:00,2026-04-14 16:36
guerra,274011,2026-04-14 16:36:00+00:00,2026-04-14 16:36
trump,258291,2026-04-14 16:36:00+00:00,2026-04-14 16:36
sánchez,172029,2026-04-14 16:36:00+00:00,2026-04-14 16:36
israel,134271,2026-04-14 16:36:00+00:00,2026-04-14 16:36
guerra irán,120757,2026-04-14 16:36:00+00:00,2026-04-14 16:36
málaga,119805,2026-04-14 16:36:00+00:00,2026-04-14 16:36
ormuz,111772,2026-04-14 16:36:00+00:00,2026-04-14 16:36
diario,99429,2026-04-14 16:36:00+00:00,2026-04-14 16:36
elecciones,88648,2026-04-14 16:36:00+00:00,2026-04-14 16:36
final,83659,2026-04-14 16:36:00+00:00,2026-04-14 16:36
china,83608,2026-04-14 16:36:00+00:00,2026-04-14 16:36
aragón,79342,2026-04-14 16:36:00+00:00,2026-04-14 16:36
español,77539,2026-04-14 16:36:00+00:00,2026-04-14 16:36
santa,76940,2026-04-14 16:36:00+00:00,2026-04-14 16:36
muere,74220,2026-04-14 16:36:00+00:00,2026-04-14 16:36
muerte,72207,2026-04-14 16:36:00+00:00,2026-04-14 16:36
mundial,71705,2026-04-14 16:36:00+00:00,2026-04-14 16:36
internacional,459944,2026-04-14 17:06:00+00:00,2026-04-14 17:06
irán,322690,2026-04-14 17:06:00+00:00,2026-04-14 17:06
guerra,273985,2026-04-14 17:06:00+00:00,2026-04-14 17:06
trump,258395,2026-04-14 17:06:00+00:00,2026-04-14 17:06
sánchez,172343,2026-04-14 17:06:00+00:00,2026-04-14 17:06
israel,134180,2026-04-14 17:06:00+00:00,2026-04-14 17:06
guerra irán,121094,2026-04-14 17:06:00+00:00,2026-04-14 17:06
málaga,119886,2026-04-14 17:06:00+00:00,2026-04-14 17:06
ormuz,111458,2026-04-14 17:06:00+00:00,2026-04-14 17:06
diario,99349,2026-04-14 17:06:00+00:00,2026-04-14 17:06
elecciones,88129,2026-04-14 17:06:00+00:00,2026-04-14 17:06
china,84098,2026-04-14 17:06:00+00:00,2026-04-14 17:06
final,83787,2026-04-14 17:06:00+00:00,2026-04-14 17:06
aragón,79293,2026-04-14 17:06:00+00:00,2026-04-14 17:06
español,77545,2026-04-14 17:06:00+00:00,2026-04-14 17:06
santa,77138,2026-04-14 17:06:00+00:00,2026-04-14 17:06
muere,74888,2026-04-14 17:06:00+00:00,2026-04-14 17:06
muerte,72213,2026-04-14 17:06:00+00:00,2026-04-14 17:06
mundial,71937,2026-04-14 17:06:00+00:00,2026-04-14 17:06
internacional,461674,2026-04-14 17:36:00+00:00,2026-04-14 17:36
irán,322288,2026-04-14 17:36:00+00:00,2026-04-14 17:36
guerra,274010,2026-04-14 17:36:00+00:00,2026-04-14 17:36
trump,258212,2026-04-14 17:36:00+00:00,2026-04-14 17:36
sánchez,172638,2026-04-14 17:36:00+00:00,2026-04-14 17:36
israel,134235,2026-04-14 17:36:00+00:00,2026-04-14 17:36
guerra irán,120988,2026-04-14 17:36:00+00:00,2026-04-14 17:36
málaga,119708,2026-04-14 17:36:00+00:00,2026-04-14 17:36
ormuz,111170,2026-04-14 17:36:00+00:00,2026-04-14 17:36
diario,99529,2026-04-14 17:36:00+00:00,2026-04-14 17:36
elecciones,87461,2026-04-14 17:36:00+00:00,2026-04-14 17:36
china,84140,2026-04-14 17:36:00+00:00,2026-04-14 17:36
final,83964,2026-04-14 17:36:00+00:00,2026-04-14 17:36
aragón,79590,2026-04-14 17:36:00+00:00,2026-04-14 17:36
español,77384,2026-04-14 17:36:00+00:00,2026-04-14 17:36
santa,77082,2026-04-14 17:36:00+00:00,2026-04-14 17:36
muere,74741,2026-04-14 17:36:00+00:00,2026-04-14 17:36
mundial,72380,2026-04-14 17:36:00+00:00,2026-04-14 17:36
internacional,461107,2026-04-14 18:06:00+00:00,2026-04-14 18:06
irán,322308,2026-04-14 18:06:00+00:00,2026-04-14 18:06
guerra,274295,2026-04-14 18:06:00+00:00,2026-04-14 18:06
trump,258835,2026-04-14 18:06:00+00:00,2026-04-14 18:06
sánchez,173026,2026-04-14 18:06:00+00:00,2026-04-14 18:06
israel,134984,2026-04-14 18:06:00+00:00,2026-04-14 18:06
guerra irán,120879,2026-04-14 18:06:00+00:00,2026-04-14 18:06
málaga,120108,2026-04-14 18:06:00+00:00,2026-04-14 18:06
ormuz,110806,2026-04-14 18:06:00+00:00,2026-04-14 18:06
diario,99300,2026-04-14 18:06:00+00:00,2026-04-14 18:06
elecciones,87452,2026-04-14 18:06:00+00:00,2026-04-14 18:06
china,84340,2026-04-14 18:06:00+00:00,2026-04-14 18:06
final,83769,2026-04-14 18:06:00+00:00,2026-04-14 18:06
aragón,79812,2026-04-14 18:06:00+00:00,2026-04-14 18:06
español,77279,2026-04-14 18:06:00+00:00,2026-04-14 18:06
santa,77087,2026-04-14 18:06:00+00:00,2026-04-14 18:06
muere,74743,2026-04-14 18:06:00+00:00,2026-04-14 18:06
mundial,72627,2026-04-14 18:06:00+00:00,2026-04-14 18:06
internacional,462340,2026-04-14 18:36:00+00:00,2026-04-14 18:36
irán,321887,2026-04-14 18:36:00+00:00,2026-04-14 18:36
guerra,274658,2026-04-14 18:36:00+00:00,2026-04-14 18:36
trump,258520,2026-04-14 18:36:00+00:00,2026-04-14 18:36
sánchez,173331,2026-04-14 18:36:00+00:00,2026-04-14 18:36
israel,135185,2026-04-14 18:36:00+00:00,2026-04-14 18:36
guerra irán,120854,2026-04-14 18:36:00+00:00,2026-04-14 18:36
málaga,119916,2026-04-14 18:36:00+00:00,2026-04-14 18:36
ormuz,110799,2026-04-14 18:36:00+00:00,2026-04-14 18:36
diario,99583,2026-04-14 18:36:00+00:00,2026-04-14 18:36
elecciones,87273,2026-04-14 18:36:00+00:00,2026-04-14 18:36
final,84430,2026-04-14 18:36:00+00:00,2026-04-14 18:36
china,84347,2026-04-14 18:36:00+00:00,2026-04-14 18:36
aragón,80205,2026-04-14 18:36:00+00:00,2026-04-14 18:36
español,77219,2026-04-14 18:36:00+00:00,2026-04-14 18:36
santa,77091,2026-04-14 18:36:00+00:00,2026-04-14 18:36
muere,74474,2026-04-14 18:36:00+00:00,2026-04-14 18:36
mundial,72736,2026-04-14 18:36:00+00:00,2026-04-14 18:36
internacional,463707,2026-04-14 19:06:00+00:00,2026-04-14 19:06
irán,324167,2026-04-14 19:06:00+00:00,2026-04-14 19:06
guerra,275691,2026-04-14 19:06:00+00:00,2026-04-14 19:06
trump,258508,2026-04-14 19:06:00+00:00,2026-04-14 19:06
sánchez,173692,2026-04-14 19:06:00+00:00,2026-04-14 19:06
israel,135393,2026-04-14 19:06:00+00:00,2026-04-14 19:06
guerra irán,121219,2026-04-14 19:06:00+00:00,2026-04-14 19:06
málaga,119338,2026-04-14 19:06:00+00:00,2026-04-14 19:06
ormuz,111039,2026-04-14 19:06:00+00:00,2026-04-14 19:06
diario,99231,2026-04-14 19:06:00+00:00,2026-04-14 19:06
elecciones,86365,2026-04-14 19:06:00+00:00,2026-04-14 19:06
china,84577,2026-04-14 19:06:00+00:00,2026-04-14 19:06
final,84440,2026-04-14 19:06:00+00:00,2026-04-14 19:06
aragón,80514,2026-04-14 19:06:00+00:00,2026-04-14 19:06
santa,77367,2026-04-14 19:06:00+00:00,2026-04-14 19:06
español,77155,2026-04-14 19:06:00+00:00,2026-04-14 19:06
muere,74381,2026-04-14 19:06:00+00:00,2026-04-14 19:06
mundial,72879,2026-04-14 19:06:00+00:00,2026-04-14 19:06
internacional,464529,2026-04-14 19:36:00+00:00,2026-04-14 19:36
irán,324311,2026-04-14 19:36:00+00:00,2026-04-14 19:36
guerra,275952,2026-04-14 19:36:00+00:00,2026-04-14 19:36
trump,258602,2026-04-14 19:36:00+00:00,2026-04-14 19:36
sánchez,173643,2026-04-14 19:36:00+00:00,2026-04-14 19:36
israel,135816,2026-04-14 19:36:00+00:00,2026-04-14 19:36
guerra irán,121289,2026-04-14 19:36:00+00:00,2026-04-14 19:36
málaga,119847,2026-04-14 19:36:00+00:00,2026-04-14 19:36
ormuz,111229,2026-04-14 19:36:00+00:00,2026-04-14 19:36
diario,99414,2026-04-14 19:36:00+00:00,2026-04-14 19:36
elecciones,85157,2026-04-14 19:36:00+00:00,2026-04-14 19:36
china,85041,2026-04-14 19:36:00+00:00,2026-04-14 19:36
final,84449,2026-04-14 19:36:00+00:00,2026-04-14 19:36
aragón,80518,2026-04-14 19:36:00+00:00,2026-04-14 19:36
santa,77229,2026-04-14 19:36:00+00:00,2026-04-14 19:36
español,77160,2026-04-14 19:36:00+00:00,2026-04-14 19:36
muere,74284,2026-04-14 19:36:00+00:00,2026-04-14 19:36
internacional,464463,2026-04-14 20:06:00+00:00,2026-04-14 20:06
irán,324058,2026-04-14 20:06:00+00:00,2026-04-14 20:06
guerra,275573,2026-04-14 20:06:00+00:00,2026-04-14 20:06
trump,258692,2026-04-14 20:06:00+00:00,2026-04-14 20:06
sánchez,173701,2026-04-14 20:06:00+00:00,2026-04-14 20:06
israel,136326,2026-04-14 20:06:00+00:00,2026-04-14 20:06
guerra irán,121200,2026-04-14 20:06:00+00:00,2026-04-14 20:06
málaga,119550,2026-04-14 20:06:00+00:00,2026-04-14 20:06
ormuz,111690,2026-04-14 20:06:00+00:00,2026-04-14 20:06
diario,99578,2026-04-14 20:06:00+00:00,2026-04-14 20:06
china,85332,2026-04-14 20:06:00+00:00,2026-04-14 20:06
final,84458,2026-04-14 20:06:00+00:00,2026-04-14 20:06
elecciones,84384,2026-04-14 20:06:00+00:00,2026-04-14 20:06
aragón,80504,2026-04-14 20:06:00+00:00,2026-04-14 20:06
santa,77232,2026-04-14 20:06:00+00:00,2026-04-14 20:06
español,77211,2026-04-14 20:06:00+00:00,2026-04-14 20:06
muere,74737,2026-04-14 20:06:00+00:00,2026-04-14 20:06
internacional,464371,2026-04-14 20:36:00+00:00,2026-04-14 20:36
irán,323653,2026-04-14 20:36:00+00:00,2026-04-14 20:36
guerra,275319,2026-04-14 20:36:00+00:00,2026-04-14 20:36
trump,257901,2026-04-14 20:36:00+00:00,2026-04-14 20:36
sánchez,174238,2026-04-14 20:36:00+00:00,2026-04-14 20:36
israel,136276,2026-04-14 20:36:00+00:00,2026-04-14 20:36
guerra irán,121075,2026-04-14 20:36:00+00:00,2026-04-14 20:36
málaga,119418,2026-04-14 20:36:00+00:00,2026-04-14 20:36
ormuz,111821,2026-04-14 20:36:00+00:00,2026-04-14 20:36
diario,99427,2026-04-14 20:36:00+00:00,2026-04-14 20:36
china,85678,2026-04-14 20:36:00+00:00,2026-04-14 20:36
final,84462,2026-04-14 20:36:00+00:00,2026-04-14 20:36
elecciones,84032,2026-04-14 20:36:00+00:00,2026-04-14 20:36
aragón,80506,2026-04-14 20:36:00+00:00,2026-04-14 20:36
santa,77235,2026-04-14 20:36:00+00:00,2026-04-14 20:36
español,77067,2026-04-14 20:36:00+00:00,2026-04-14 20:36
muere,74738,2026-04-14 20:36:00+00:00,2026-04-14 20:36
mundial,73396,2026-04-14 20:36:00+00:00,2026-04-14 20:36
internacional,465687,2026-04-14 21:06:00+00:00,2026-04-14 21:06
irán,323524,2026-04-14 21:06:00+00:00,2026-04-14 21:06
guerra,275393,2026-04-14 21:06:00+00:00,2026-04-14 21:06
trump,257707,2026-04-14 21:06:00+00:00,2026-04-14 21:06
sánchez,174034,2026-04-14 21:06:00+00:00,2026-04-14 21:06
israel,136232,2026-04-14 21:06:00+00:00,2026-04-14 21:06
guerra irán,121080,2026-04-14 21:06:00+00:00,2026-04-14 21:06
málaga,119541,2026-04-14 21:06:00+00:00,2026-04-14 21:06
ormuz,111718,2026-04-14 21:06:00+00:00,2026-04-14 21:06
diario,99183,2026-04-14 21:06:00+00:00,2026-04-14 21:06
china,85909,2026-04-14 21:06:00+00:00,2026-04-14 21:06
final,84421,2026-04-14 21:06:00+00:00,2026-04-14 21:06
elecciones,83463,2026-04-14 21:06:00+00:00,2026-04-14 21:06
aragón,80508,2026-04-14 21:06:00+00:00,2026-04-14 21:06
santa,77238,2026-04-14 21:06:00+00:00,2026-04-14 21:06
español,77070,2026-04-14 21:06:00+00:00,2026-04-14 21:06
muere,75321,2026-04-14 21:06:00+00:00,2026-04-14 21:06
internacional,466161,2026-04-14 21:36:00+00:00,2026-04-14 21:36
irán,323508,2026-04-14 21:36:00+00:00,2026-04-14 21:36
guerra,275555,2026-04-14 21:36:00+00:00,2026-04-14 21:36
trump,257512,2026-04-14 21:36:00+00:00,2026-04-14 21:36
sánchez,174120,2026-04-14 21:36:00+00:00,2026-04-14 21:36
israel,136405,2026-04-14 21:36:00+00:00,2026-04-14 21:36
guerra irán,121263,2026-04-14 21:36:00+00:00,2026-04-14 21:36
málaga,119214,2026-04-14 21:36:00+00:00,2026-04-14 21:36
ormuz,111566,2026-04-14 21:36:00+00:00,2026-04-14 21:36
diario,99056,2026-04-14 21:36:00+00:00,2026-04-14 21:36
china,86161,2026-04-14 21:36:00+00:00,2026-04-14 21:36
final,84361,2026-04-14 21:36:00+00:00,2026-04-14 21:36
elecciones,82676,2026-04-14 21:36:00+00:00,2026-04-14 21:36
aragón,80509,2026-04-14 21:36:00+00:00,2026-04-14 21:36
santa,77239,2026-04-14 21:36:00+00:00,2026-04-14 21:36
español,77072,2026-04-14 21:36:00+00:00,2026-04-14 21:36
muere,75322,2026-04-14 21:36:00+00:00,2026-04-14 21:36
internacional,466233,2026-04-14 22:07:00+00:00,2026-04-14 22:07
irán,324602,2026-04-14 22:07:00+00:00,2026-04-14 22:07
guerra,276081,2026-04-14 22:07:00+00:00,2026-04-14 22:07
trump,262058,2026-04-14 22:07:00+00:00,2026-04-14 22:07
sánchez,173990,2026-04-14 22:07:00+00:00,2026-04-14 22:07
israel,136869,2026-04-14 22:07:00+00:00,2026-04-14 22:07
guerra irán,121634,2026-04-14 22:07:00+00:00,2026-04-14 22:07
málaga,119495,2026-04-14 22:07:00+00:00,2026-04-14 22:07
ormuz,112141,2026-04-14 22:07:00+00:00,2026-04-14 22:07
diario,98982,2026-04-14 22:07:00+00:00,2026-04-14 22:07
china,86171,2026-04-14 22:07:00+00:00,2026-04-14 22:07
final,83752,2026-04-14 22:07:00+00:00,2026-04-14 22:07
elecciones,82480,2026-04-14 22:07:00+00:00,2026-04-14 22:07
aragón,80563,2026-04-14 22:07:00+00:00,2026-04-14 22:07
santa,77241,2026-04-14 22:07:00+00:00,2026-04-14 22:07
español,76787,2026-04-14 22:07:00+00:00,2026-04-14 22:07
muere,75546,2026-04-14 22:07:00+00:00,2026-04-14 22:07
internacional,466885,2026-04-14 22:36:00+00:00,2026-04-14 22:36
irán,324563,2026-04-14 22:36:00+00:00,2026-04-14 22:36
guerra,275903,2026-04-14 22:36:00+00:00,2026-04-14 22:36
trump,262310,2026-04-14 22:36:00+00:00,2026-04-14 22:36
sánchez,174512,2026-04-14 22:36:00+00:00,2026-04-14 22:36
israel,137585,2026-04-14 22:36:00+00:00,2026-04-14 22:36
guerra irán,121640,2026-04-14 22:36:00+00:00,2026-04-14 22:36
málaga,119214,2026-04-14 22:36:00+00:00,2026-04-14 22:36
ormuz,112411,2026-04-14 22:36:00+00:00,2026-04-14 22:36
diario,98766,2026-04-14 22:36:00+00:00,2026-04-14 22:36
china,86282,2026-04-14 22:36:00+00:00,2026-04-14 22:36
final,83819,2026-04-14 22:36:00+00:00,2026-04-14 22:36
elecciones,82415,2026-04-14 22:36:00+00:00,2026-04-14 22:36
aragón,80565,2026-04-14 22:36:00+00:00,2026-04-14 22:36
santa,77243,2026-04-14 22:36:00+00:00,2026-04-14 22:36
español,76791,2026-04-14 22:36:00+00:00,2026-04-14 22:36
muere,75548,2026-04-14 22:36:00+00:00,2026-04-14 22:36
internacional,467677,2026-04-14 23:06:00+00:00,2026-04-14 23:06
irán,324160,2026-04-14 23:06:00+00:00,2026-04-14 23:06
guerra,275829,2026-04-14 23:06:00+00:00,2026-04-14 23:06
trump,261455,2026-04-14 23:06:00+00:00,2026-04-14 23:06
sánchez,174522,2026-04-14 23:06:00+00:00,2026-04-14 23:06
israel,137572,2026-04-14 23:06:00+00:00,2026-04-14 23:06
guerra irán,121647,2026-04-14 23:06:00+00:00,2026-04-14 23:06
málaga,119862,2026-04-14 23:06:00+00:00,2026-04-14 23:06
ormuz,112141,2026-04-14 23:06:00+00:00,2026-04-14 23:06
diario,98771,2026-04-14 23:06:00+00:00,2026-04-14 23:06
china,86673,2026-04-14 23:06:00+00:00,2026-04-14 23:06
final,84204,2026-04-14 23:06:00+00:00,2026-04-14 23:06
elecciones,82417,2026-04-14 23:06:00+00:00,2026-04-14 23:06
aragón,80567,2026-04-14 23:06:00+00:00,2026-04-14 23:06
santa,77245,2026-04-14 23:06:00+00:00,2026-04-14 23:06
español,77039,2026-04-14 23:06:00+00:00,2026-04-14 23:06
muere,75550,2026-04-14 23:06:00+00:00,2026-04-14 23:06
internacional,467503,2026-04-14 23:36:00+00:00,2026-04-14 23:36
irán,324063,2026-04-14 23:36:00+00:00,2026-04-14 23:36
guerra,276048,2026-04-14 23:36:00+00:00,2026-04-14 23:36
trump,260945,2026-04-14 23:36:00+00:00,2026-04-14 23:36
sánchez,174526,2026-04-14 23:36:00+00:00,2026-04-14 23:36
israel,137575,2026-04-14 23:36:00+00:00,2026-04-14 23:36
guerra irán,121651,2026-04-14 23:36:00+00:00,2026-04-14 23:36
málaga,119863,2026-04-14 23:36:00+00:00,2026-04-14 23:36
ormuz,111840,2026-04-14 23:36:00+00:00,2026-04-14 23:36
diario,99086,2026-04-14 23:36:00+00:00,2026-04-14 23:36
china,86674,2026-04-14 23:36:00+00:00,2026-04-14 23:36
final,84769,2026-04-14 23:36:00+00:00,2026-04-14 23:36
elecciones,82081,2026-04-14 23:36:00+00:00,2026-04-14 23:36
aragón,80568,2026-04-14 23:36:00+00:00,2026-04-14 23:36
santa,77247,2026-04-14 23:36:00+00:00,2026-04-14 23:36
español,77040,2026-04-14 23:36:00+00:00,2026-04-14 23:36
muere,75550,2026-04-14 23:36:00+00:00,2026-04-14 23:36
internacional,467522,2026-04-15 00:06:00+00:00,2026-04-15 00:06
irán,324774,2026-04-15 00:06:00+00:00,2026-04-15 00:06
guerra,275832,2026-04-15 00:06:00+00:00,2026-04-15 00:06
trump,261422,2026-04-15 00:06:00+00:00,2026-04-15 00:06
sánchez,174534,2026-04-15 00:06:00+00:00,2026-04-15 00:06
israel,137752,2026-04-15 00:06:00+00:00,2026-04-15 00:06
guerra irán,121660,2026-04-15 00:06:00+00:00,2026-04-15 00:06
málaga,119865,2026-04-15 00:06:00+00:00,2026-04-15 00:06
ormuz,111720,2026-04-15 00:06:00+00:00,2026-04-15 00:06
diario,99140,2026-04-15 00:06:00+00:00,2026-04-15 00:06
china,86928,2026-04-15 00:06:00+00:00,2026-04-15 00:06
final,84771,2026-04-15 00:06:00+00:00,2026-04-15 00:06
elecciones,81988,2026-04-15 00:06:00+00:00,2026-04-15 00:06
aragón,80569,2026-04-15 00:06:00+00:00,2026-04-15 00:06
santa,77048,2026-04-15 00:06:00+00:00,2026-04-15 00:06
español,76870,2026-04-15 00:06:00+00:00,2026-04-15 00:06
muere,75552,2026-04-15 00:06:00+00:00,2026-04-15 00:06
internacional,467644,2026-04-15 00:36:00+00:00,2026-04-15 00:36
irán,324588,2026-04-15 00:36:00+00:00,2026-04-15 00:36
guerra,275811,2026-04-15 00:36:00+00:00,2026-04-15 00:36
trump,261905,2026-04-15 00:36:00+00:00,2026-04-15 00:36
sánchez,174331,2026-04-15 00:36:00+00:00,2026-04-15 00:36
israel,137758,2026-04-15 00:36:00+00:00,2026-04-15 00:36
guerra irán,121667,2026-04-15 00:36:00+00:00,2026-04-15 00:36
málaga,119867,2026-04-15 00:36:00+00:00,2026-04-15 00:36
ormuz,111692,2026-04-15 00:36:00+00:00,2026-04-15 00:36
diario,99462,2026-04-15 00:36:00+00:00,2026-04-15 00:36
china,86759,2026-04-15 00:36:00+00:00,2026-04-15 00:36
final,84774,2026-04-15 00:36:00+00:00,2026-04-15 00:36
elecciones,82062,2026-04-15 00:36:00+00:00,2026-04-15 00:36
aragón,80571,2026-04-15 00:36:00+00:00,2026-04-15 00:36
santa,76888,2026-04-15 00:36:00+00:00,2026-04-15 00:36
español,76763,2026-04-15 00:36:00+00:00,2026-04-15 00:36
muere,75553,2026-04-15 00:36:00+00:00,2026-04-15 00:36
internacional,467770,2026-04-15 01:06:00+00:00,2026-04-15 01:06
irán,324978,2026-04-15 01:06:00+00:00,2026-04-15 01:06
guerra,276627,2026-04-15 01:06:00+00:00,2026-04-15 01:06
trump,262195,2026-04-15 01:06:00+00:00,2026-04-15 01:06
sánchez,175005,2026-04-15 01:06:00+00:00,2026-04-15 01:06
israel,137644,2026-04-15 01:06:00+00:00,2026-04-15 01:06
guerra irán,122094,2026-04-15 01:06:00+00:00,2026-04-15 01:06
málaga,120194,2026-04-15 01:06:00+00:00,2026-04-15 01:06
ormuz,111869,2026-04-15 01:06:00+00:00,2026-04-15 01:06
diario,99406,2026-04-15 01:06:00+00:00,2026-04-15 01:06
china,87193,2026-04-15 01:06:00+00:00,2026-04-15 01:06
final,85306,2026-04-15 01:06:00+00:00,2026-04-15 01:06
elecciones,81665,2026-04-15 01:06:00+00:00,2026-04-15 01:06
aragón,80572,2026-04-15 01:06:00+00:00,2026-04-15 01:06
español,76931,2026-04-15 01:06:00+00:00,2026-04-15 01:06
santa,76889,2026-04-15 01:06:00+00:00,2026-04-15 01:06
muere,75554,2026-04-15 01:06:00+00:00,2026-04-15 01:06
mundial,74108,2026-04-15 01:06:00+00:00,2026-04-15 01:06
internacional,467668,2026-04-15 01:36:00+00:00,2026-04-15 01:36
irán,325008,2026-04-15 01:36:00+00:00,2026-04-15 01:36
guerra,276613,2026-04-15 01:36:00+00:00,2026-04-15 01:36
trump,262135,2026-04-15 01:36:00+00:00,2026-04-15 01:36
sánchez,174907,2026-04-15 01:36:00+00:00,2026-04-15 01:36
israel,137626,2026-04-15 01:36:00+00:00,2026-04-15 01:36
guerra irán,122096,2026-04-15 01:36:00+00:00,2026-04-15 01:36
málaga,120194,2026-04-15 01:36:00+00:00,2026-04-15 01:36
ormuz,111837,2026-04-15 01:36:00+00:00,2026-04-15 01:36
diario,99407,2026-04-15 01:36:00+00:00,2026-04-15 01:36
china,87075,2026-04-15 01:36:00+00:00,2026-04-15 01:36
final,85308,2026-04-15 01:36:00+00:00,2026-04-15 01:36
elecciones,81323,2026-04-15 01:36:00+00:00,2026-04-15 01:36
aragón,80572,2026-04-15 01:36:00+00:00,2026-04-15 01:36
santa,76889,2026-04-15 01:36:00+00:00,2026-04-15 01:36
español,76681,2026-04-15 01:36:00+00:00,2026-04-15 01:36
muere,75555,2026-04-15 01:36:00+00:00,2026-04-15 01:36
mundial,74109,2026-04-15 01:36:00+00:00,2026-04-15 01:36
internacional,468073,2026-04-15 02:06:00+00:00,2026-04-15 02:06
irán,324882,2026-04-15 02:06:00+00:00,2026-04-15 02:06
guerra,277269,2026-04-15 02:06:00+00:00,2026-04-15 02:06
trump,261675,2026-04-15 02:06:00+00:00,2026-04-15 02:06
sánchez,174605,2026-04-15 02:06:00+00:00,2026-04-15 02:06
israel,137883,2026-04-15 02:06:00+00:00,2026-04-15 02:06
guerra irán,122323,2026-04-15 02:06:00+00:00,2026-04-15 02:06
málaga,120195,2026-04-15 02:06:00+00:00,2026-04-15 02:06
ormuz,111651,2026-04-15 02:06:00+00:00,2026-04-15 02:06
diario,99357,2026-04-15 02:06:00+00:00,2026-04-15 02:06
china,87323,2026-04-15 02:06:00+00:00,2026-04-15 02:06
final,85309,2026-04-15 02:06:00+00:00,2026-04-15 02:06
elecciones,81809,2026-04-15 02:06:00+00:00,2026-04-15 02:06
aragón,80573,2026-04-15 02:06:00+00:00,2026-04-15 02:06
santa,76840,2026-04-15 02:06:00+00:00,2026-04-15 02:06
español,76834,2026-04-15 02:06:00+00:00,2026-04-15 02:06
muere,75555,2026-04-15 02:06:00+00:00,2026-04-15 02:06
mundial,74110,2026-04-15 02:06:00+00:00,2026-04-15 02:06
internacional,467802,2026-04-15 02:36:00+00:00,2026-04-15 02:36
irán,324748,2026-04-15 02:36:00+00:00,2026-04-15 02:36
guerra,277413,2026-04-15 02:36:00+00:00,2026-04-15 02:36
trump,261031,2026-04-15 02:36:00+00:00,2026-04-15 02:36
sánchez,174028,2026-04-15 02:36:00+00:00,2026-04-15 02:36
israel,138127,2026-04-15 02:36:00+00:00,2026-04-15 02:36
guerra irán,122505,2026-04-15 02:36:00+00:00,2026-04-15 02:36
málaga,120197,2026-04-15 02:36:00+00:00,2026-04-15 02:36
ormuz,111547,2026-04-15 02:36:00+00:00,2026-04-15 02:36
diario,99359,2026-04-15 02:36:00+00:00,2026-04-15 02:36
china,87324,2026-04-15 02:36:00+00:00,2026-04-15 02:36
final,85310,2026-04-15 02:36:00+00:00,2026-04-15 02:36
elecciones,81743,2026-04-15 02:36:00+00:00,2026-04-15 02:36
aragón,80574,2026-04-15 02:36:00+00:00,2026-04-15 02:36
español,77059,2026-04-15 02:36:00+00:00,2026-04-15 02:36
santa,76842,2026-04-15 02:36:00+00:00,2026-04-15 02:36
muere,75556,2026-04-15 02:36:00+00:00,2026-04-15 02:36
mundial,74112,2026-04-15 02:36:00+00:00,2026-04-15 02:36
internacional,466675,2026-04-15 03:06:00+00:00,2026-04-15 03:06
irán,324547,2026-04-15 03:06:00+00:00,2026-04-15 03:06
guerra,277132,2026-04-15 03:06:00+00:00,2026-04-15 03:06
trump,260382,2026-04-15 03:06:00+00:00,2026-04-15 03:06
sánchez,174253,2026-04-15 03:06:00+00:00,2026-04-15 03:06
israel,138376,2026-04-15 03:06:00+00:00,2026-04-15 03:06
guerra irán,122571,2026-04-15 03:06:00+00:00,2026-04-15 03:06
málaga,120493,2026-04-15 03:06:00+00:00,2026-04-15 03:06
ormuz,111203,2026-04-15 03:06:00+00:00,2026-04-15 03:06
diario,99289,2026-04-15 03:06:00+00:00,2026-04-15 03:06
china,87341,2026-04-15 03:06:00+00:00,2026-04-15 03:06
final,85402,2026-04-15 03:06:00+00:00,2026-04-15 03:06
elecciones,81520,2026-04-15 03:06:00+00:00,2026-04-15 03:06
aragón,78902,2026-04-15 03:06:00+00:00,2026-04-15 03:06
español,77056,2026-04-15 03:06:00+00:00,2026-04-15 03:06
santa,76789,2026-04-15 03:06:00+00:00,2026-04-15 03:06
muere,75018,2026-04-15 03:06:00+00:00,2026-04-15 03:06
mundial,74114,2026-04-15 03:06:00+00:00,2026-04-15 03:06
internacional,466939,2026-04-15 03:36:00+00:00,2026-04-15 03:36
irán,324419,2026-04-15 03:36:00+00:00,2026-04-15 03:36
guerra,276744,2026-04-15 03:36:00+00:00,2026-04-15 03:36
trump,260757,2026-04-15 03:36:00+00:00,2026-04-15 03:36
sánchez,174166,2026-04-15 03:36:00+00:00,2026-04-15 03:36
israel,138502,2026-04-15 03:36:00+00:00,2026-04-15 03:36
guerra irán,122447,2026-04-15 03:36:00+00:00,2026-04-15 03:36
málaga,120427,2026-04-15 03:36:00+00:00,2026-04-15 03:36
ormuz,110815,2026-04-15 03:36:00+00:00,2026-04-15 03:36
diario,99293,2026-04-15 03:36:00+00:00,2026-04-15 03:36
china,87355,2026-04-15 03:36:00+00:00,2026-04-15 03:36
final,85754,2026-04-15 03:36:00+00:00,2026-04-15 03:36
elecciones,81322,2026-04-15 03:36:00+00:00,2026-04-15 03:36
aragón,79847,2026-04-15 03:36:00+00:00,2026-04-15 03:36
santa,76794,2026-04-15 03:36:00+00:00,2026-04-15 03:36
español,76673,2026-04-15 03:36:00+00:00,2026-04-15 03:36
muere,75021,2026-04-15 03:36:00+00:00,2026-04-15 03:36
mundial,74116,2026-04-15 03:36:00+00:00,2026-04-15 03:36
internacional,466418,2026-04-15 04:06:00+00:00,2026-04-15 04:06
irán,324313,2026-04-15 04:06:00+00:00,2026-04-15 04:06
guerra,276323,2026-04-15 04:06:00+00:00,2026-04-15 04:06
trump,260482,2026-04-15 04:06:00+00:00,2026-04-15 04:06
sánchez,174376,2026-04-15 04:06:00+00:00,2026-04-15 04:06
israel,138522,2026-04-15 04:06:00+00:00,2026-04-15 04:06
guerra irán,122351,2026-04-15 04:06:00+00:00,2026-04-15 04:06
málaga,120430,2026-04-15 04:06:00+00:00,2026-04-15 04:06
ormuz,111035,2026-04-15 04:06:00+00:00,2026-04-15 04:06
diario,99379,2026-04-15 04:06:00+00:00,2026-04-15 04:06
china,87658,2026-04-15 04:06:00+00:00,2026-04-15 04:06
final,85935,2026-04-15 04:06:00+00:00,2026-04-15 04:06
elecciones,81166,2026-04-15 04:06:00+00:00,2026-04-15 04:06
aragón,79850,2026-04-15 04:06:00+00:00,2026-04-15 04:06
santa,76795,2026-04-15 04:06:00+00:00,2026-04-15 04:06
español,76521,2026-04-15 04:06:00+00:00,2026-04-15 04:06
muere,75022,2026-04-15 04:06:00+00:00,2026-04-15 04:06
mundial,73919,2026-04-15 04:06:00+00:00,2026-04-15 04:06
internacional,468457,2026-04-15 04:36:00+00:00,2026-04-15 04:36
irán,324658,2026-04-15 04:36:00+00:00,2026-04-15 04:36
guerra,276482,2026-04-15 04:36:00+00:00,2026-04-15 04:36
trump,261431,2026-04-15 04:36:00+00:00,2026-04-15 04:36
sánchez,174309,2026-04-15 04:36:00+00:00,2026-04-15 04:36
israel,138746,2026-04-15 04:36:00+00:00,2026-04-15 04:36
guerra irán,122495,2026-04-15 04:36:00+00:00,2026-04-15 04:36
málaga,120346,2026-04-15 04:36:00+00:00,2026-04-15 04:36
ormuz,111045,2026-04-15 04:36:00+00:00,2026-04-15 04:36
diario,100305,2026-04-15 04:36:00+00:00,2026-04-15 04:36
china,87448,2026-04-15 04:36:00+00:00,2026-04-15 04:36
final,86693,2026-04-15 04:36:00+00:00,2026-04-15 04:36
elecciones,80428,2026-04-15 04:36:00+00:00,2026-04-15 04:36
aragón,80053,2026-04-15 04:36:00+00:00,2026-04-15 04:36
español,77304,2026-04-15 04:36:00+00:00,2026-04-15 04:36
santa,76800,2026-04-15 04:36:00+00:00,2026-04-15 04:36
muere,75026,2026-04-15 04:36:00+00:00,2026-04-15 04:36
mundial,73924,2026-04-15 04:36:00+00:00,2026-04-15 04:36
internacional,468274,2026-04-15 05:07:00+00:00,2026-04-15 05:07
irán,324601,2026-04-15 05:07:00+00:00,2026-04-15 05:07
guerra,276290,2026-04-15 05:07:00+00:00,2026-04-15 05:07
trump,261968,2026-04-15 05:07:00+00:00,2026-04-15 05:07
sánchez,174132,2026-04-15 05:07:00+00:00,2026-04-15 05:07
israel,138811,2026-04-15 05:07:00+00:00,2026-04-15 05:07
guerra irán,122604,2026-04-15 05:07:00+00:00,2026-04-15 05:07
málaga,120349,2026-04-15 05:07:00+00:00,2026-04-15 05:07
ormuz,111228,2026-04-15 05:07:00+00:00,2026-04-15 05:07
diario,100177,2026-04-15 05:07:00+00:00,2026-04-15 05:07
china,87279,2026-04-15 05:07:00+00:00,2026-04-15 05:07
final,86648,2026-04-15 05:07:00+00:00,2026-04-15 05:07
elecciones,80184,2026-04-15 05:07:00+00:00,2026-04-15 05:07
aragón,80054,2026-04-15 05:07:00+00:00,2026-04-15 05:07
español,77061,2026-04-15 05:07:00+00:00,2026-04-15 05:07
santa,76802,2026-04-15 05:07:00+00:00,2026-04-15 05:07
muere,75027,2026-04-15 05:07:00+00:00,2026-04-15 05:07
mundial,73925,2026-04-15 05:07:00+00:00,2026-04-15 05:07
internacional,468753,2026-04-15 05:36:00+00:00,2026-04-15 05:36
irán,323647,2026-04-15 05:36:00+00:00,2026-04-15 05:36
guerra,275996,2026-04-15 05:36:00+00:00,2026-04-15 05:36
trump,257665,2026-04-15 05:36:00+00:00,2026-04-15 05:36
sánchez,173931,2026-04-15 05:36:00+00:00,2026-04-15 05:36
israel,138808,2026-04-15 05:36:00+00:00,2026-04-15 05:36
guerra irán,122252,2026-04-15 05:36:00+00:00,2026-04-15 05:36
málaga,120421,2026-04-15 05:36:00+00:00,2026-04-15 05:36
ormuz,109606,2026-04-15 05:36:00+00:00,2026-04-15 05:36
diario,99966,2026-04-15 05:36:00+00:00,2026-04-15 05:36
final,87386,2026-04-15 05:36:00+00:00,2026-04-15 05:36
china,87245,2026-04-15 05:36:00+00:00,2026-04-15 05:36
aragón,80094,2026-04-15 05:36:00+00:00,2026-04-15 05:36
elecciones,79604,2026-04-15 05:36:00+00:00,2026-04-15 05:36
español,77044,2026-04-15 05:36:00+00:00,2026-04-15 05:36
santa,76846,2026-04-15 05:36:00+00:00,2026-04-15 05:36
muere,75029,2026-04-15 05:36:00+00:00,2026-04-15 05:36
mundial,73895,2026-04-15 05:36:00+00:00,2026-04-15 05:36
internacional,469166,2026-04-15 06:06:00+00:00,2026-04-15 06:06
irán,322597,2026-04-15 06:06:00+00:00,2026-04-15 06:06
guerra,275247,2026-04-15 06:06:00+00:00,2026-04-15 06:06
trump,257937,2026-04-15 06:06:00+00:00,2026-04-15 06:06
sánchez,173960,2026-04-15 06:06:00+00:00,2026-04-15 06:06
israel,138358,2026-04-15 06:06:00+00:00,2026-04-15 06:06
guerra irán,121651,2026-04-15 06:06:00+00:00,2026-04-15 06:06
málaga,120381,2026-04-15 06:06:00+00:00,2026-04-15 06:06
ormuz,109322,2026-04-15 06:06:00+00:00,2026-04-15 06:06
diario,99976,2026-04-15 06:06:00+00:00,2026-04-15 06:06
china,87703,2026-04-15 06:06:00+00:00,2026-04-15 06:06
final,87623,2026-04-15 06:06:00+00:00,2026-04-15 06:06
aragón,80098,2026-04-15 06:06:00+00:00,2026-04-15 06:06
elecciones,79251,2026-04-15 06:06:00+00:00,2026-04-15 06:06
español,77405,2026-04-15 06:06:00+00:00,2026-04-15 06:06
santa,76848,2026-04-15 06:06:00+00:00,2026-04-15 06:06
muere,74893,2026-04-15 06:06:00+00:00,2026-04-15 06:06
mundial,73500,2026-04-15 06:06:00+00:00,2026-04-15 06:06
internacional,468997,2026-04-15 06:36:00+00:00,2026-04-15 06:36
irán,323437,2026-04-15 06:36:00+00:00,2026-04-15 06:36
guerra,275254,2026-04-15 06:36:00+00:00,2026-04-15 06:36
trump,258684,2026-04-15 06:36:00+00:00,2026-04-15 06:36
sánchez,173684,2026-04-15 06:36:00+00:00,2026-04-15 06:36
israel,138411,2026-04-15 06:36:00+00:00,2026-04-15 06:36
guerra irán,121558,2026-04-15 06:36:00+00:00,2026-04-15 06:36
málaga,120559,2026-04-15 06:36:00+00:00,2026-04-15 06:36
ormuz,109037,2026-04-15 06:36:00+00:00,2026-04-15 06:36
diario,100242,2026-04-15 06:36:00+00:00,2026-04-15 06:36
final,87937,2026-04-15 06:36:00+00:00,2026-04-15 06:36
china,87421,2026-04-15 06:36:00+00:00,2026-04-15 06:36
aragón,80180,2026-04-15 06:36:00+00:00,2026-04-15 06:36
elecciones,79402,2026-04-15 06:36:00+00:00,2026-04-15 06:36
español,77322,2026-04-15 06:36:00+00:00,2026-04-15 06:36
santa,76852,2026-04-15 06:36:00+00:00,2026-04-15 06:36
muere,75154,2026-04-15 06:36:00+00:00,2026-04-15 06:36
mundial,73506,2026-04-15 06:36:00+00:00,2026-04-15 06:36
internacional,467942,2026-04-15 07:06:00+00:00,2026-04-15 07:06
irán,323053,2026-04-15 07:06:00+00:00,2026-04-15 07:06
guerra,275063,2026-04-15 07:06:00+00:00,2026-04-15 07:06
trump,259276,2026-04-15 07:06:00+00:00,2026-04-15 07:06
sánchez,173075,2026-04-15 07:06:00+00:00,2026-04-15 07:06
israel,138250,2026-04-15 07:06:00+00:00,2026-04-15 07:06
málaga,121210,2026-04-15 07:06:00+00:00,2026-04-15 07:06
guerra irán,121179,2026-04-15 07:06:00+00:00,2026-04-15 07:06
ormuz,108862,2026-04-15 07:06:00+00:00,2026-04-15 07:06
diario,100034,2026-04-15 07:06:00+00:00,2026-04-15 07:06
final,87887,2026-04-15 07:06:00+00:00,2026-04-15 07:06
china,87052,2026-04-15 07:06:00+00:00,2026-04-15 07:06
aragón,80140,2026-04-15 07:06:00+00:00,2026-04-15 07:06
elecciones,79497,2026-04-15 07:06:00+00:00,2026-04-15 07:06
español,77306,2026-04-15 07:06:00+00:00,2026-04-15 07:06
santa,76869,2026-04-15 07:06:00+00:00,2026-04-15 07:06
muere,74925,2026-04-15 07:06:00+00:00,2026-04-15 07:06
mundial,73759,2026-04-15 07:06:00+00:00,2026-04-15 07:06
carlos,73252,2026-04-15 07:06:00+00:00,2026-04-15 07:06
internacional,466942,2026-04-15 07:36:00+00:00,2026-04-15 07:36
irán,322833,2026-04-15 07:36:00+00:00,2026-04-15 07:36
guerra,274627,2026-04-15 07:36:00+00:00,2026-04-15 07:36
trump,258635,2026-04-15 07:36:00+00:00,2026-04-15 07:36
sánchez,174171,2026-04-15 07:36:00+00:00,2026-04-15 07:36
israel,138496,2026-04-15 07:36:00+00:00,2026-04-15 07:36
guerra irán,121046,2026-04-15 07:36:00+00:00,2026-04-15 07:36
málaga,121035,2026-04-15 07:36:00+00:00,2026-04-15 07:36
ormuz,108086,2026-04-15 07:36:00+00:00,2026-04-15 07:36
diario,99877,2026-04-15 07:36:00+00:00,2026-04-15 07:36
final,88291,2026-04-15 07:36:00+00:00,2026-04-15 07:36
china,86502,2026-04-15 07:36:00+00:00,2026-04-15 07:36
aragón,80043,2026-04-15 07:36:00+00:00,2026-04-15 07:36
elecciones,79464,2026-04-15 07:36:00+00:00,2026-04-15 07:36
español,77181,2026-04-15 07:36:00+00:00,2026-04-15 07:36
santa,76857,2026-04-15 07:36:00+00:00,2026-04-15 07:36
muere,75503,2026-04-15 07:36:00+00:00,2026-04-15 07:36
mundial,73561,2026-04-15 07:36:00+00:00,2026-04-15 07:36
carlos,73038,2026-04-15 07:36:00+00:00,2026-04-15 07:36
internacional,467313,2026-04-15 08:06:00+00:00,2026-04-15 08:06
irán,323068,2026-04-15 08:06:00+00:00,2026-04-15 08:06
guerra,274440,2026-04-15 08:06:00+00:00,2026-04-15 08:06
trump,259442,2026-04-15 08:06:00+00:00,2026-04-15 08:06
sánchez,174633,2026-04-15 08:06:00+00:00,2026-04-15 08:06
israel,138192,2026-04-15 08:06:00+00:00,2026-04-15 08:06
málaga,121122,2026-04-15 08:06:00+00:00,2026-04-15 08:06
guerra irán,121093,2026-04-15 08:06:00+00:00,2026-04-15 08:06
ormuz,107849,2026-04-15 08:06:00+00:00,2026-04-15 08:06
diario,99826,2026-04-15 08:06:00+00:00,2026-04-15 08:06
final,87945,2026-04-15 08:06:00+00:00,2026-04-15 08:06
china,86211,2026-04-15 08:06:00+00:00,2026-04-15 08:06
aragón,80048,2026-04-15 08:06:00+00:00,2026-04-15 08:06
elecciones,79467,2026-04-15 08:06:00+00:00,2026-04-15 08:06
español,76978,2026-04-15 08:06:00+00:00,2026-04-15 08:06
santa,76861,2026-04-15 08:06:00+00:00,2026-04-15 08:06
muere,75504,2026-04-15 08:06:00+00:00,2026-04-15 08:06
mundial,73565,2026-04-15 08:06:00+00:00,2026-04-15 08:06
carlos,72933,2026-04-15 08:06:00+00:00,2026-04-15 08:06
internacional,467731,2026-04-15 08:36:00+00:00,2026-04-15 08:36
irán,322443,2026-04-15 08:36:00+00:00,2026-04-15 08:36
guerra,274891,2026-04-15 08:36:00+00:00,2026-04-15 08:36
trump,259907,2026-04-15 08:36:00+00:00,2026-04-15 08:36
sánchez,174026,2026-04-15 08:36:00+00:00,2026-04-15 08:36
israel,137983,2026-04-15 08:36:00+00:00,2026-04-15 08:36
málaga,122200,2026-04-15 08:36:00+00:00,2026-04-15 08:36
guerra irán,121327,2026-04-15 08:36:00+00:00,2026-04-15 08:36
ormuz,107934,2026-04-15 08:36:00+00:00,2026-04-15 08:36
diario,99697,2026-04-15 08:36:00+00:00,2026-04-15 08:36
final,88034,2026-04-15 08:36:00+00:00,2026-04-15 08:36
china,86810,2026-04-15 08:36:00+00:00,2026-04-15 08:36
aragón,80153,2026-04-15 08:36:00+00:00,2026-04-15 08:36
elecciones,79592,2026-04-15 08:36:00+00:00,2026-04-15 08:36
santa,76822,2026-04-15 08:36:00+00:00,2026-04-15 08:36
español,76652,2026-04-15 08:36:00+00:00,2026-04-15 08:36
muere,74443,2026-04-15 08:36:00+00:00,2026-04-15 08:36
mundial,73576,2026-04-15 08:36:00+00:00,2026-04-15 08:36
carlos,73216,2026-04-15 08:36:00+00:00,2026-04-15 08:36
internacional,467012,2026-04-15 09:06:00+00:00,2026-04-15 09:06
irán,321919,2026-04-15 09:06:00+00:00,2026-04-15 09:06
guerra,274730,2026-04-15 09:06:00+00:00,2026-04-15 09:06
trump,259432,2026-04-15 09:06:00+00:00,2026-04-15 09:06
sánchez,175122,2026-04-15 09:06:00+00:00,2026-04-15 09:06
israel,137928,2026-04-15 09:06:00+00:00,2026-04-15 09:06
málaga,122103,2026-04-15 09:06:00+00:00,2026-04-15 09:06
guerra irán,121144,2026-04-15 09:06:00+00:00,2026-04-15 09:06
ormuz,107943,2026-04-15 09:06:00+00:00,2026-04-15 09:06
diario,99816,2026-04-15 09:06:00+00:00,2026-04-15 09:06
final,88339,2026-04-15 09:06:00+00:00,2026-04-15 09:06
china,86508,2026-04-15 09:06:00+00:00,2026-04-15 09:06
elecciones,80216,2026-04-15 09:06:00+00:00,2026-04-15 09:06
aragón,79959,2026-04-15 09:06:00+00:00,2026-04-15 09:06
santa,76825,2026-04-15 09:06:00+00:00,2026-04-15 09:06
español,76418,2026-04-15 09:06:00+00:00,2026-04-15 09:06
muere,74096,2026-04-15 09:06:00+00:00,2026-04-15 09:06
mundial,73468,2026-04-15 09:06:00+00:00,2026-04-15 09:06
internacional,466947,2026-04-15 09:36:00+00:00,2026-04-15 09:36
irán,322019,2026-04-15 09:36:00+00:00,2026-04-15 09:36
guerra,274478,2026-04-15 09:36:00+00:00,2026-04-15 09:36
trump,259146,2026-04-15 09:36:00+00:00,2026-04-15 09:36
sánchez,175717,2026-04-15 09:36:00+00:00,2026-04-15 09:36
israel,137787,2026-04-15 09:36:00+00:00,2026-04-15 09:36
málaga,122558,2026-04-15 09:36:00+00:00,2026-04-15 09:36
guerra irán,121330,2026-04-15 09:36:00+00:00,2026-04-15 09:36
ormuz,107907,2026-04-15 09:36:00+00:00,2026-04-15 09:36
diario,99716,2026-04-15 09:36:00+00:00,2026-04-15 09:36
final,88165,2026-04-15 09:36:00+00:00,2026-04-15 09:36
china,86511,2026-04-15 09:36:00+00:00,2026-04-15 09:36
elecciones,80614,2026-04-15 09:36:00+00:00,2026-04-15 09:36
aragón,80069,2026-04-15 09:36:00+00:00,2026-04-15 09:36
santa,76791,2026-04-15 09:36:00+00:00,2026-04-15 09:36
español,76207,2026-04-15 09:36:00+00:00,2026-04-15 09:36
muere,73698,2026-04-15 09:36:00+00:00,2026-04-15 09:36
mundial,73473,2026-04-15 09:36:00+00:00,2026-04-15 09:36
internacional,467092,2026-04-15 10:06:00+00:00,2026-04-15 10:06
irán,323582,2026-04-15 10:06:00+00:00,2026-04-15 10:06
guerra,277453,2026-04-15 10:06:00+00:00,2026-04-15 10:06
trump,258738,2026-04-15 10:06:00+00:00,2026-04-15 10:06
sánchez,176726,2026-04-15 10:06:00+00:00,2026-04-15 10:06
israel,138137,2026-04-15 10:06:00+00:00,2026-04-15 10:06
málaga,122366,2026-04-15 10:06:00+00:00,2026-04-15 10:06
guerra irán,121964,2026-04-15 10:06:00+00:00,2026-04-15 10:06
ormuz,107246,2026-04-15 10:06:00+00:00,2026-04-15 10:06
diario,99915,2026-04-15 10:06:00+00:00,2026-04-15 10:06
final,87972,2026-04-15 10:06:00+00:00,2026-04-15 10:06
china,86195,2026-04-15 10:06:00+00:00,2026-04-15 10:06
elecciones,81305,2026-04-15 10:06:00+00:00,2026-04-15 10:06
aragón,79452,2026-04-15 10:06:00+00:00,2026-04-15 10:06
santa,76781,2026-04-15 10:06:00+00:00,2026-04-15 10:06
español,76169,2026-04-15 10:06:00+00:00,2026-04-15 10:06
mundial,73829,2026-04-15 10:06:00+00:00,2026-04-15 10:06
internacional,466961,2026-04-15 10:36:00+00:00,2026-04-15 10:36
irán,322691,2026-04-15 10:36:00+00:00,2026-04-15 10:36
guerra,277245,2026-04-15 10:36:00+00:00,2026-04-15 10:36
trump,258242,2026-04-15 10:36:00+00:00,2026-04-15 10:36
sánchez,176169,2026-04-15 10:36:00+00:00,2026-04-15 10:36
israel,138224,2026-04-15 10:36:00+00:00,2026-04-15 10:36
málaga,122037,2026-04-15 10:36:00+00:00,2026-04-15 10:36
guerra irán,121480,2026-04-15 10:36:00+00:00,2026-04-15 10:36
ormuz,106898,2026-04-15 10:36:00+00:00,2026-04-15 10:36
diario,99872,2026-04-15 10:36:00+00:00,2026-04-15 10:36
final,87610,2026-04-15 10:36:00+00:00,2026-04-15 10:36
china,86552,2026-04-15 10:36:00+00:00,2026-04-15 10:36
elecciones,81311,2026-04-15 10:36:00+00:00,2026-04-15 10:36
aragón,79962,2026-04-15 10:36:00+00:00,2026-04-15 10:36
santa,76738,2026-04-15 10:36:00+00:00,2026-04-15 10:36
español,76281,2026-04-15 10:36:00+00:00,2026-04-15 10:36
mundial,73765,2026-04-15 10:36:00+00:00,2026-04-15 10:36
muere,73753,2026-04-15 10:36:00+00:00,2026-04-15 10:36
internacional,464650,2026-04-15 11:06:00+00:00,2026-04-15 11:06
irán,323037,2026-04-15 11:06:00+00:00,2026-04-15 11:06
guerra,277300,2026-04-15 11:06:00+00:00,2026-04-15 11:06
trump,258961,2026-04-15 11:06:00+00:00,2026-04-15 11:06
sánchez,176990,2026-04-15 11:06:00+00:00,2026-04-15 11:06
israel,138495,2026-04-15 11:06:00+00:00,2026-04-15 11:06
málaga,122363,2026-04-15 11:06:00+00:00,2026-04-15 11:06
guerra irán,121705,2026-04-15 11:06:00+00:00,2026-04-15 11:06
ormuz,106728,2026-04-15 11:06:00+00:00,2026-04-15 11:06
diario,100042,2026-04-15 11:06:00+00:00,2026-04-15 11:06
final,87502,2026-04-15 11:06:00+00:00,2026-04-15 11:06
china,86845,2026-04-15 11:06:00+00:00,2026-04-15 11:06
elecciones,81260,2026-04-15 11:06:00+00:00,2026-04-15 11:06
aragón,79868,2026-04-15 11:06:00+00:00,2026-04-15 11:06
santa,76733,2026-04-15 11:06:00+00:00,2026-04-15 11:06
español,76365,2026-04-15 11:06:00+00:00,2026-04-15 11:06
mundial,74026,2026-04-15 11:06:00+00:00,2026-04-15 11:06
internacional,457108,2026-04-15 11:36:00+00:00,2026-04-15 11:36
irán,324463,2026-04-15 11:36:00+00:00,2026-04-15 11:36
guerra,279255,2026-04-15 11:36:00+00:00,2026-04-15 11:36
trump,264388,2026-04-15 11:36:00+00:00,2026-04-15 11:36
sánchez,177375,2026-04-15 11:36:00+00:00,2026-04-15 11:36
israel,138611,2026-04-15 11:36:00+00:00,2026-04-15 11:36
málaga,123292,2026-04-15 11:36:00+00:00,2026-04-15 11:36
guerra irán,122812,2026-04-15 11:36:00+00:00,2026-04-15 11:36
ormuz,107817,2026-04-15 11:36:00+00:00,2026-04-15 11:36
diario,100002,2026-04-15 11:36:00+00:00,2026-04-15 11:36
final,87171,2026-04-15 11:36:00+00:00,2026-04-15 11:36
china,86850,2026-04-15 11:36:00+00:00,2026-04-15 11:36
elecciones,81422,2026-04-15 11:36:00+00:00,2026-04-15 11:36
aragón,79475,2026-04-15 11:36:00+00:00,2026-04-15 11:36
santa,76723,2026-04-15 11:36:00+00:00,2026-04-15 11:36
español,75584,2026-04-15 11:36:00+00:00,2026-04-15 11:36
mundial,74163,2026-04-15 11:36:00+00:00,2026-04-15 11:36
internacional,458497,2026-04-15 12:07:00+00:00,2026-04-15 12:07
irán,324222,2026-04-15 12:07:00+00:00,2026-04-15 12:07
guerra,279993,2026-04-15 12:07:00+00:00,2026-04-15 12:07
trump,263395,2026-04-15 12:07:00+00:00,2026-04-15 12:07
sánchez,177774,2026-04-15 12:07:00+00:00,2026-04-15 12:07
israel,138407,2026-04-15 12:07:00+00:00,2026-04-15 12:07
málaga,123767,2026-04-15 12:07:00+00:00,2026-04-15 12:07
guerra irán,123381,2026-04-15 12:07:00+00:00,2026-04-15 12:07
ormuz,107860,2026-04-15 12:07:00+00:00,2026-04-15 12:07
diario,100281,2026-04-15 12:07:00+00:00,2026-04-15 12:07
china,86400,2026-04-15 12:07:00+00:00,2026-04-15 12:07
final,86278,2026-04-15 12:07:00+00:00,2026-04-15 12:07
elecciones,81117,2026-04-15 12:07:00+00:00,2026-04-15 12:07
aragón,79915,2026-04-15 12:07:00+00:00,2026-04-15 12:07
santa,76667,2026-04-15 12:07:00+00:00,2026-04-15 12:07
español,75439,2026-04-15 12:07:00+00:00,2026-04-15 12:07
mundial,74183,2026-04-15 12:07:00+00:00,2026-04-15 12:07
internacional,462934,2026-04-15 12:36:00+00:00,2026-04-15 12:36
irán,324116,2026-04-15 12:36:00+00:00,2026-04-15 12:36
guerra,280052,2026-04-15 12:36:00+00:00,2026-04-15 12:36
trump,263276,2026-04-15 12:36:00+00:00,2026-04-15 12:36
sánchez,178114,2026-04-15 12:36:00+00:00,2026-04-15 12:36
israel,138365,2026-04-15 12:36:00+00:00,2026-04-15 12:36
málaga,124085,2026-04-15 12:36:00+00:00,2026-04-15 12:36
guerra irán,123551,2026-04-15 12:36:00+00:00,2026-04-15 12:36
ormuz,107837,2026-04-15 12:36:00+00:00,2026-04-15 12:36
diario,100682,2026-04-15 12:36:00+00:00,2026-04-15 12:36
china,86499,2026-04-15 12:36:00+00:00,2026-04-15 12:36
final,86140,2026-04-15 12:36:00+00:00,2026-04-15 12:36
elecciones,81309,2026-04-15 12:36:00+00:00,2026-04-15 12:36
aragón,80501,2026-04-15 12:36:00+00:00,2026-04-15 12:36
santa,76666,2026-04-15 12:36:00+00:00,2026-04-15 12:36
español,75807,2026-04-15 12:36:00+00:00,2026-04-15 12:36
mundial,74259,2026-04-15 12:36:00+00:00,2026-04-15 12:36
internacional,458869,2026-04-15 13:06:00+00:00,2026-04-15 13:06
irán,324789,2026-04-15 13:06:00+00:00,2026-04-15 13:06
guerra,279850,2026-04-15 13:06:00+00:00,2026-04-15 13:06
trump,263541,2026-04-15 13:06:00+00:00,2026-04-15 13:06
sánchez,178751,2026-04-15 13:06:00+00:00,2026-04-15 13:06
israel,138553,2026-04-15 13:06:00+00:00,2026-04-15 13:06
málaga,123697,2026-04-15 13:06:00+00:00,2026-04-15 13:06
guerra irán,123341,2026-04-15 13:06:00+00:00,2026-04-15 13:06
ormuz,107759,2026-04-15 13:06:00+00:00,2026-04-15 13:06
diario,100481,2026-04-15 13:06:00+00:00,2026-04-15 13:06
china,87044,2026-04-15 13:06:00+00:00,2026-04-15 13:06
final,85884,2026-04-15 13:06:00+00:00,2026-04-15 13:06
elecciones,80997,2026-04-15 13:06:00+00:00,2026-04-15 13:06
aragón,80474,2026-04-15 13:06:00+00:00,2026-04-15 13:06
santa,76691,2026-04-15 13:06:00+00:00,2026-04-15 13:06
español,76060,2026-04-15 13:06:00+00:00,2026-04-15 13:06
mundial,73763,2026-04-15 13:06:00+00:00,2026-04-15 13:06
internacional,458649,2026-04-15 13:36:00+00:00,2026-04-15 13:36
irán,325177,2026-04-15 13:36:00+00:00,2026-04-15 13:36
guerra,280039,2026-04-15 13:36:00+00:00,2026-04-15 13:36
trump,263762,2026-04-15 13:36:00+00:00,2026-04-15 13:36
sánchez,179625,2026-04-15 13:36:00+00:00,2026-04-15 13:36
israel,138370,2026-04-15 13:36:00+00:00,2026-04-15 13:36
málaga,124020,2026-04-15 13:36:00+00:00,2026-04-15 13:36
guerra irán,123256,2026-04-15 13:36:00+00:00,2026-04-15 13:36
ormuz,107802,2026-04-15 13:36:00+00:00,2026-04-15 13:36
diario,101325,2026-04-15 13:36:00+00:00,2026-04-15 13:36
china,87594,2026-04-15 13:36:00+00:00,2026-04-15 13:36
final,85648,2026-04-15 13:36:00+00:00,2026-04-15 13:36
elecciones,81004,2026-04-15 13:36:00+00:00,2026-04-15 13:36
aragón,80409,2026-04-15 13:36:00+00:00,2026-04-15 13:36
santa,76696,2026-04-15 13:36:00+00:00,2026-04-15 13:36
español,76200,2026-04-15 13:36:00+00:00,2026-04-15 13:36
mundial,74371,2026-04-15 13:36:00+00:00,2026-04-15 13:36
internacional,459435,2026-04-15 14:06:00+00:00,2026-04-15 14:06
irán,324954,2026-04-15 14:06:00+00:00,2026-04-15 14:06
guerra,280731,2026-04-15 14:06:00+00:00,2026-04-15 14:06
trump,264335,2026-04-15 14:06:00+00:00,2026-04-15 14:06
sánchez,180196,2026-04-15 14:06:00+00:00,2026-04-15 14:06
israel,138229,2026-04-15 14:06:00+00:00,2026-04-15 14:06
málaga,124029,2026-04-15 14:06:00+00:00,2026-04-15 14:06
guerra irán,123095,2026-04-15 14:06:00+00:00,2026-04-15 14:06
ormuz,107856,2026-04-15 14:06:00+00:00,2026-04-15 14:06
diario,102028,2026-04-15 14:06:00+00:00,2026-04-15 14:06
china,87552,2026-04-15 14:06:00+00:00,2026-04-15 14:06
final,85517,2026-04-15 14:06:00+00:00,2026-04-15 14:06
elecciones,81636,2026-04-15 14:06:00+00:00,2026-04-15 14:06
aragón,80810,2026-04-15 14:06:00+00:00,2026-04-15 14:06
español,76944,2026-04-15 14:06:00+00:00,2026-04-15 14:06
santa,76653,2026-04-15 14:06:00+00:00,2026-04-15 14:06
mundial,74378,2026-04-15 14:06:00+00:00,2026-04-15 14:06
internacional,458910,2026-04-15 14:36:00+00:00,2026-04-15 14:36
irán,325164,2026-04-15 14:36:00+00:00,2026-04-15 14:36
guerra,281302,2026-04-15 14:36:00+00:00,2026-04-15 14:36
trump,263815,2026-04-15 14:36:00+00:00,2026-04-15 14:36
sánchez,179869,2026-04-15 14:36:00+00:00,2026-04-15 14:36
israel,138141,2026-04-15 14:36:00+00:00,2026-04-15 14:36
guerra irán,123750,2026-04-15 14:36:00+00:00,2026-04-15 14:36
málaga,123636,2026-04-15 14:36:00+00:00,2026-04-15 14:36
ormuz,107694,2026-04-15 14:36:00+00:00,2026-04-15 14:36
diario,101879,2026-04-15 14:36:00+00:00,2026-04-15 14:36
china,87289,2026-04-15 14:36:00+00:00,2026-04-15 14:36
final,85457,2026-04-15 14:36:00+00:00,2026-04-15 14:36
elecciones,81307,2026-04-15 14:36:00+00:00,2026-04-15 14:36
aragón,80712,2026-04-15 14:36:00+00:00,2026-04-15 14:36
santa,76915,2026-04-15 14:36:00+00:00,2026-04-15 14:36
español,76770,2026-04-15 14:36:00+00:00,2026-04-15 14:36
mundial,74383,2026-04-15 14:36:00+00:00,2026-04-15 14:36
internacional,458229,2026-04-15 15:06:00+00:00,2026-04-15 15:06
irán,324813,2026-04-15 15:06:00+00:00,2026-04-15 15:06
guerra,281507,2026-04-15 15:06:00+00:00,2026-04-15 15:06
trump,263784,2026-04-15 15:06:00+00:00,2026-04-15 15:06
sánchez,180101,2026-04-15 15:06:00+00:00,2026-04-15 15:06
israel,138323,2026-04-15 15:06:00+00:00,2026-04-15 15:06
guerra irán,123751,2026-04-15 15:06:00+00:00,2026-04-15 15:06
málaga,123652,2026-04-15 15:06:00+00:00,2026-04-15 15:06
ormuz,107247,2026-04-15 15:06:00+00:00,2026-04-15 15:06
diario,102128,2026-04-15 15:06:00+00:00,2026-04-15 15:06
china,87407,2026-04-15 15:06:00+00:00,2026-04-15 15:06
final,85305,2026-04-15 15:06:00+00:00,2026-04-15 15:06
elecciones,81253,2026-04-15 15:06:00+00:00,2026-04-15 15:06
aragón,80717,2026-04-15 15:06:00+00:00,2026-04-15 15:06
santa,76876,2026-04-15 15:06:00+00:00,2026-04-15 15:06
español,76441,2026-04-15 15:06:00+00:00,2026-04-15 15:06
mundial,74886,2026-04-15 15:06:00+00:00,2026-04-15 15:06
internacional,461969,2026-04-15 15:36:00+00:00,2026-04-15 15:36
irán,324127,2026-04-15 15:36:00+00:00,2026-04-15 15:36
guerra,281368,2026-04-15 15:36:00+00:00,2026-04-15 15:36
trump,263876,2026-04-15 15:36:00+00:00,2026-04-15 15:36
sánchez,180723,2026-04-15 15:36:00+00:00,2026-04-15 15:36
israel,137993,2026-04-15 15:36:00+00:00,2026-04-15 15:36
málaga,124634,2026-04-15 15:36:00+00:00,2026-04-15 15:36
guerra irán,123790,2026-04-15 15:36:00+00:00,2026-04-15 15:36
ormuz,106601,2026-04-15 15:36:00+00:00,2026-04-15 15:36
diario,102352,2026-04-15 15:36:00+00:00,2026-04-15 15:36
china,87551,2026-04-15 15:36:00+00:00,2026-04-15 15:36
final,85427,2026-04-15 15:36:00+00:00,2026-04-15 15:36
elecciones,81666,2026-04-15 15:36:00+00:00,2026-04-15 15:36
aragón,80695,2026-04-15 15:36:00+00:00,2026-04-15 15:36
santa,76811,2026-04-15 15:36:00+00:00,2026-04-15 15:36
español,76453,2026-04-15 15:36:00+00:00,2026-04-15 15:36
mundial,75130,2026-04-15 15:36:00+00:00,2026-04-15 15:36
internacional,458663,2026-04-15 16:06:00+00:00,2026-04-15 16:06
irán,324688,2026-04-15 16:06:00+00:00,2026-04-15 16:06
guerra,282212,2026-04-15 16:06:00+00:00,2026-04-15 16:06
trump,263433,2026-04-15 16:06:00+00:00,2026-04-15 16:06
sánchez,179580,2026-04-15 16:06:00+00:00,2026-04-15 16:06
israel,137733,2026-04-15 16:06:00+00:00,2026-04-15 16:06
málaga,124450,2026-04-15 16:06:00+00:00,2026-04-15 16:06
guerra irán,123968,2026-04-15 16:06:00+00:00,2026-04-15 16:06
ormuz,106279,2026-04-15 16:06:00+00:00,2026-04-15 16:06
diario,102629,2026-04-15 16:06:00+00:00,2026-04-15 16:06
china,87724,2026-04-15 16:06:00+00:00,2026-04-15 16:06
final,85702,2026-04-15 16:06:00+00:00,2026-04-15 16:06
elecciones,81083,2026-04-15 16:06:00+00:00,2026-04-15 16:06
aragón,80479,2026-04-15 16:06:00+00:00,2026-04-15 16:06
santa,76761,2026-04-15 16:06:00+00:00,2026-04-15 16:06
español,76210,2026-04-15 16:06:00+00:00,2026-04-15 16:06
mundial,75503,2026-04-15 16:06:00+00:00,2026-04-15 16:06
internacional,459172,2026-04-15 16:36:00+00:00,2026-04-15 16:36
irán,324884,2026-04-15 16:36:00+00:00,2026-04-15 16:36
guerra,283039,2026-04-15 16:36:00+00:00,2026-04-15 16:36
trump,262722,2026-04-15 16:36:00+00:00,2026-04-15 16:36
sánchez,180347,2026-04-15 16:36:00+00:00,2026-04-15 16:36
israel,137435,2026-04-15 16:36:00+00:00,2026-04-15 16:36
málaga,124260,2026-04-15 16:36:00+00:00,2026-04-15 16:36
guerra irán,124190,2026-04-15 16:36:00+00:00,2026-04-15 16:36
ormuz,106012,2026-04-15 16:36:00+00:00,2026-04-15 16:36
diario,102986,2026-04-15 16:36:00+00:00,2026-04-15 16:36
china,88103,2026-04-15 16:36:00+00:00,2026-04-15 16:36
final,86199,2026-04-15 16:36:00+00:00,2026-04-15 16:36
elecciones,80913,2026-04-15 16:36:00+00:00,2026-04-15 16:36
aragón,80631,2026-04-15 16:36:00+00:00,2026-04-15 16:36
santa,76833,2026-04-15 16:36:00+00:00,2026-04-15 16:36
mundial,75948,2026-04-15 16:36:00+00:00,2026-04-15 16:36
español,75852,2026-04-15 16:36:00+00:00,2026-04-15 16:36
internacional,462150,2026-04-15 17:06:00+00:00,2026-04-15 17:06
irán,325193,2026-04-15 17:06:00+00:00,2026-04-15 17:06
guerra,283365,2026-04-15 17:06:00+00:00,2026-04-15 17:06
trump,261620,2026-04-15 17:06:00+00:00,2026-04-15 17:06
sánchez,180789,2026-04-15 17:06:00+00:00,2026-04-15 17:06
israel,137634,2026-04-15 17:06:00+00:00,2026-04-15 17:06
guerra irán,124644,2026-04-15 17:06:00+00:00,2026-04-15 17:06
málaga,124357,2026-04-15 17:06:00+00:00,2026-04-15 17:06
ormuz,105489,2026-04-15 17:06:00+00:00,2026-04-15 17:06
diario,102888,2026-04-15 17:06:00+00:00,2026-04-15 17:06
china,88322,2026-04-15 17:06:00+00:00,2026-04-15 17:06
final,86744,2026-04-15 17:06:00+00:00,2026-04-15 17:06
elecciones,81116,2026-04-15 17:06:00+00:00,2026-04-15 17:06
aragón,80719,2026-04-15 17:06:00+00:00,2026-04-15 17:06
santa,76765,2026-04-15 17:06:00+00:00,2026-04-15 17:06
mundial,76309,2026-04-15 17:06:00+00:00,2026-04-15 17:06
español,75778,2026-04-15 17:06:00+00:00,2026-04-15 17:06
internacional,462497,2026-04-15 17:36:00+00:00,2026-04-15 17:36
irán,324171,2026-04-15 17:36:00+00:00,2026-04-15 17:36
guerra,282082,2026-04-15 17:36:00+00:00,2026-04-15 17:36
trump,260310,2026-04-15 17:36:00+00:00,2026-04-15 17:36
sánchez,180872,2026-04-15 17:36:00+00:00,2026-04-15 17:36
israel,137543,2026-04-15 17:36:00+00:00,2026-04-15 17:36
guerra irán,124002,2026-04-15 17:36:00+00:00,2026-04-15 17:36
málaga,123973,2026-04-15 17:36:00+00:00,2026-04-15 17:36
ormuz,105298,2026-04-15 17:36:00+00:00,2026-04-15 17:36
diario,102930,2026-04-15 17:36:00+00:00,2026-04-15 17:36
china,88466,2026-04-15 17:36:00+00:00,2026-04-15 17:36
final,87505,2026-04-15 17:36:00+00:00,2026-04-15 17:36
elecciones,80955,2026-04-15 17:36:00+00:00,2026-04-15 17:36
aragón,80542,2026-04-15 17:36:00+00:00,2026-04-15 17:36
santa,76754,2026-04-15 17:36:00+00:00,2026-04-15 17:36
mundial,76005,2026-04-15 17:36:00+00:00,2026-04-15 17:36
español,75985,2026-04-15 17:36:00+00:00,2026-04-15 17:36
internacional,459847,2026-04-15 18:06:00+00:00,2026-04-15 18:06
irán,325366,2026-04-15 18:06:00+00:00,2026-04-15 18:06
guerra,282587,2026-04-15 18:06:00+00:00,2026-04-15 18:06
trump,259404,2026-04-15 18:06:00+00:00,2026-04-15 18:06
sánchez,180559,2026-04-15 18:06:00+00:00,2026-04-15 18:06
israel,137311,2026-04-15 18:06:00+00:00,2026-04-15 18:06
málaga,124490,2026-04-15 18:06:00+00:00,2026-04-15 18:06
guerra irán,124278,2026-04-15 18:06:00+00:00,2026-04-15 18:06
ormuz,105243,2026-04-15 18:06:00+00:00,2026-04-15 18:06
diario,102781,2026-04-15 18:06:00+00:00,2026-04-15 18:06
china,88430,2026-04-15 18:06:00+00:00,2026-04-15 18:06
final,87835,2026-04-15 18:06:00+00:00,2026-04-15 18:06
elecciones,81034,2026-04-15 18:06:00+00:00,2026-04-15 18:06
aragón,80805,2026-04-15 18:06:00+00:00,2026-04-15 18:06
santa,76833,2026-04-15 18:06:00+00:00,2026-04-15 18:06
español,76256,2026-04-15 18:06:00+00:00,2026-04-15 18:06
mundial,76160,2026-04-15 18:06:00+00:00,2026-04-15 18:06
internacional,459779,2026-04-15 18:36:00+00:00,2026-04-15 18:36
irán,325774,2026-04-15 18:36:00+00:00,2026-04-15 18:36
guerra,282738,2026-04-15 18:36:00+00:00,2026-04-15 18:36
trump,259137,2026-04-15 18:36:00+00:00,2026-04-15 18:36
sánchez,181990,2026-04-15 18:36:00+00:00,2026-04-15 18:36
israel,137803,2026-04-15 18:36:00+00:00,2026-04-15 18:36
málaga,124435,2026-04-15 18:36:00+00:00,2026-04-15 18:36
guerra irán,124167,2026-04-15 18:36:00+00:00,2026-04-15 18:36
ormuz,104873,2026-04-15 18:36:00+00:00,2026-04-15 18:36
diario,102789,2026-04-15 18:36:00+00:00,2026-04-15 18:36
final,88662,2026-04-15 18:36:00+00:00,2026-04-15 18:36
china,88391,2026-04-15 18:36:00+00:00,2026-04-15 18:36
elecciones,81338,2026-04-15 18:36:00+00:00,2026-04-15 18:36
aragón,80810,2026-04-15 18:36:00+00:00,2026-04-15 18:36
santa,76837,2026-04-15 18:36:00+00:00,2026-04-15 18:36
mundial,76737,2026-04-15 18:36:00+00:00,2026-04-15 18:36
español,76261,2026-04-15 18:36:00+00:00,2026-04-15 18:36
carlos,74988,2026-04-15 18:36:00+00:00,2026-04-15 18:36
internacional,459988,2026-04-15 19:07:00+00:00,2026-04-15 19:07
irán,325454,2026-04-15 19:07:00+00:00,2026-04-15 19:07
guerra,282859,2026-04-15 19:07:00+00:00,2026-04-15 19:07
trump,259110,2026-04-15 19:07:00+00:00,2026-04-15 19:07
sánchez,182192,2026-04-15 19:07:00+00:00,2026-04-15 19:07
israel,137827,2026-04-15 19:07:00+00:00,2026-04-15 19:07
guerra irán,124143,2026-04-15 19:07:00+00:00,2026-04-15 19:07
málaga,123790,2026-04-15 19:07:00+00:00,2026-04-15 19:07
ormuz,104687,2026-04-15 19:07:00+00:00,2026-04-15 19:07
diario,102734,2026-04-15 19:07:00+00:00,2026-04-15 19:07
final,88992,2026-04-15 19:07:00+00:00,2026-04-15 19:07
china,88632,2026-04-15 19:07:00+00:00,2026-04-15 19:07
elecciones,80941,2026-04-15 19:07:00+00:00,2026-04-15 19:07
aragón,80684,2026-04-15 19:07:00+00:00,2026-04-15 19:07
santa,76841,2026-04-15 19:07:00+00:00,2026-04-15 19:07
mundial,76715,2026-04-15 19:07:00+00:00,2026-04-15 19:07
español,76265,2026-04-15 19:07:00+00:00,2026-04-15 19:07
carlos,75056,2026-04-15 19:07:00+00:00,2026-04-15 19:07
internacional,459908,2026-04-15 19:36:00+00:00,2026-04-15 19:36
irán,325770,2026-04-15 19:36:00+00:00,2026-04-15 19:36
guerra,285090,2026-04-15 19:36:00+00:00,2026-04-15 19:36
trump,259299,2026-04-15 19:36:00+00:00,2026-04-15 19:36
sánchez,182168,2026-04-15 19:36:00+00:00,2026-04-15 19:36
israel,137747,2026-04-15 19:36:00+00:00,2026-04-15 19:36
guerra irán,124676,2026-04-15 19:36:00+00:00,2026-04-15 19:36
málaga,123710,2026-04-15 19:36:00+00:00,2026-04-15 19:36
ormuz,104407,2026-04-15 19:36:00+00:00,2026-04-15 19:36
diario,102588,2026-04-15 19:36:00+00:00,2026-04-15 19:36
final,89278,2026-04-15 19:36:00+00:00,2026-04-15 19:36
china,89130,2026-04-15 19:36:00+00:00,2026-04-15 19:36
aragón,81924,2026-04-15 19:36:00+00:00,2026-04-15 19:36
elecciones,80921,2026-04-15 19:36:00+00:00,2026-04-15 19:36
santa,76864,2026-04-15 19:36:00+00:00,2026-04-15 19:36
mundial,76841,2026-04-15 19:36:00+00:00,2026-04-15 19:36
español,76351,2026-04-15 19:36:00+00:00,2026-04-15 19:36
carlos,75347,2026-04-15 19:36:00+00:00,2026-04-15 19:36
internacional,459861,2026-04-15 20:06:00+00:00,2026-04-15 20:06
irán,326164,2026-04-15 20:06:00+00:00,2026-04-15 20:06
guerra,284135,2026-04-15 20:06:00+00:00,2026-04-15 20:06
trump,258585,2026-04-15 20:06:00+00:00,2026-04-15 20:06
sánchez,182245,2026-04-15 20:06:00+00:00,2026-04-15 20:06
israel,137494,2026-04-15 20:06:00+00:00,2026-04-15 20:06
málaga,124486,2026-04-15 20:06:00+00:00,2026-04-15 20:06
guerra irán,124135,2026-04-15 20:06:00+00:00,2026-04-15 20:06
ormuz,104244,2026-04-15 20:06:00+00:00,2026-04-15 20:06
diario,102625,2026-04-15 20:06:00+00:00,2026-04-15 20:06
final,89660,2026-04-15 20:06:00+00:00,2026-04-15 20:06
china,89406,2026-04-15 20:06:00+00:00,2026-04-15 20:06
aragón,81863,2026-04-15 20:06:00+00:00,2026-04-15 20:06
elecciones,81405,2026-04-15 20:06:00+00:00,2026-04-15 20:06
santa,76729,2026-04-15 20:06:00+00:00,2026-04-15 20:06
mundial,76653,2026-04-15 20:06:00+00:00,2026-04-15 20:06
español,76132,2026-04-15 20:06:00+00:00,2026-04-15 20:06
carlos,75290,2026-04-15 20:06:00+00:00,2026-04-15 20:06
muere,75246,2026-04-15 20:06:00+00:00,2026-04-15 20:06
internacional,460441,2026-04-15 20:36:00+00:00,2026-04-15 20:36
irán,326313,2026-04-15 20:36:00+00:00,2026-04-15 20:36
guerra,284417,2026-04-15 20:36:00+00:00,2026-04-15 20:36
trump,258069,2026-04-15 20:36:00+00:00,2026-04-15 20:36
sánchez,182064,2026-04-15 20:36:00+00:00,2026-04-15 20:36
israel,138034,2026-04-15 20:36:00+00:00,2026-04-15 20:36
málaga,124748,2026-04-15 20:36:00+00:00,2026-04-15 20:36
guerra irán,124033,2026-04-15 20:36:00+00:00,2026-04-15 20:36
ormuz,104415,2026-04-15 20:36:00+00:00,2026-04-15 20:36
diario,103024,2026-04-15 20:36:00+00:00,2026-04-15 20:36
final,90386,2026-04-15 20:36:00+00:00,2026-04-15 20:36
china,89505,2026-04-15 20:36:00+00:00,2026-04-15 20:36
aragón,81665,2026-04-15 20:36:00+00:00,2026-04-15 20:36
elecciones,81408,2026-04-15 20:36:00+00:00,2026-04-15 20:36
santa,76731,2026-04-15 20:36:00+00:00,2026-04-15 20:36
mundial,76586,2026-04-15 20:36:00+00:00,2026-04-15 20:36
español,76354,2026-04-15 20:36:00+00:00,2026-04-15 20:36
carlos,75294,2026-04-15 20:36:00+00:00,2026-04-15 20:36
muere,75249,2026-04-15 20:36:00+00:00,2026-04-15 20:36
internacional,460691,2026-04-15 21:06:00+00:00,2026-04-15 21:06
irán,325935,2026-04-15 21:06:00+00:00,2026-04-15 21:06
guerra,284438,2026-04-15 21:06:00+00:00,2026-04-15 21:06
trump,257932,2026-04-15 21:06:00+00:00,2026-04-15 21:06
sánchez,182649,2026-04-15 21:06:00+00:00,2026-04-15 21:06
israel,138007,2026-04-15 21:06:00+00:00,2026-04-15 21:06
málaga,124637,2026-04-15 21:06:00+00:00,2026-04-15 21:06
guerra irán,123954,2026-04-15 21:06:00+00:00,2026-04-15 21:06
ormuz,104102,2026-04-15 21:06:00+00:00,2026-04-15 21:06
diario,103190,2026-04-15 21:06:00+00:00,2026-04-15 21:06
final,90501,2026-04-15 21:06:00+00:00,2026-04-15 21:06
china,90242,2026-04-15 21:06:00+00:00,2026-04-15 21:06
elecciones,81904,2026-04-15 21:06:00+00:00,2026-04-15 21:06
aragón,81667,2026-04-15 21:06:00+00:00,2026-04-15 21:06
santa,76732,2026-04-15 21:06:00+00:00,2026-04-15 21:06
español,76595,2026-04-15 21:06:00+00:00,2026-04-15 21:06
mundial,76462,2026-04-15 21:06:00+00:00,2026-04-15 21:06
carlos,75296,2026-04-15 21:06:00+00:00,2026-04-15 21:06
muere,75150,2026-04-15 21:06:00+00:00,2026-04-15 21:06
internacional,461114,2026-04-15 21:36:00+00:00,2026-04-15 21:36
irán,326104,2026-04-15 21:36:00+00:00,2026-04-15 21:36
guerra,284391,2026-04-15 21:36:00+00:00,2026-04-15 21:36
trump,258011,2026-04-15 21:36:00+00:00,2026-04-15 21:36
sánchez,182621,2026-04-15 21:36:00+00:00,2026-04-15 21:36
israel,137983,2026-04-15 21:36:00+00:00,2026-04-15 21:36
málaga,124640,2026-04-15 21:36:00+00:00,2026-04-15 21:36
guerra irán,123883,2026-04-15 21:36:00+00:00,2026-04-15 21:36
ormuz,104233,2026-04-15 21:36:00+00:00,2026-04-15 21:36
diario,103603,2026-04-15 21:36:00+00:00,2026-04-15 21:36
final,91094,2026-04-15 21:36:00+00:00,2026-04-15 21:36
china,90244,2026-04-15 21:36:00+00:00,2026-04-15 21:36
elecciones,81905,2026-04-15 21:36:00+00:00,2026-04-15 21:36
aragón,81668,2026-04-15 21:36:00+00:00,2026-04-15 21:36
santa,76734,2026-04-15 21:36:00+00:00,2026-04-15 21:36
español,76598,2026-04-15 21:36:00+00:00,2026-04-15 21:36
mundial,76465,2026-04-15 21:36:00+00:00,2026-04-15 21:36
carlos,75363,2026-04-15 21:36:00+00:00,2026-04-15 21:36
internacional,460785,2026-04-15 22:07:00+00:00,2026-04-15 22:07
irán,326257,2026-04-15 22:07:00+00:00,2026-04-15 22:07
guerra,284357,2026-04-15 22:07:00+00:00,2026-04-15 22:07
trump,257869,2026-04-15 22:07:00+00:00,2026-04-15 22:07
sánchez,182222,2026-04-15 22:07:00+00:00,2026-04-15 22:07
israel,137897,2026-04-15 22:07:00+00:00,2026-04-15 22:07
guerra irán,123887,2026-04-15 22:07:00+00:00,2026-04-15 22:07
málaga,123703,2026-04-15 22:07:00+00:00,2026-04-15 22:07
ormuz,104170,2026-04-15 22:07:00+00:00,2026-04-15 22:07
diario,103274,2026-04-15 22:07:00+00:00,2026-04-15 22:07
final,91046,2026-04-15 22:07:00+00:00,2026-04-15 22:07
china,90122,2026-04-15 22:07:00+00:00,2026-04-15 22:07
elecciones,81707,2026-04-15 22:07:00+00:00,2026-04-15 22:07
aragón,81669,2026-04-15 22:07:00+00:00,2026-04-15 22:07
santa,76967,2026-04-15 22:07:00+00:00,2026-04-15 22:07
español,76775,2026-04-15 22:07:00+00:00,2026-04-15 22:07
mundial,76466,2026-04-15 22:07:00+00:00,2026-04-15 22:07
carlos,75364,2026-04-15 22:07:00+00:00,2026-04-15 22:07
internacional,461689,2026-04-15 22:36:00+00:00,2026-04-15 22:36
irán,326812,2026-04-15 22:36:00+00:00,2026-04-15 22:36
guerra,284248,2026-04-15 22:36:00+00:00,2026-04-15 22:36
trump,258816,2026-04-15 22:36:00+00:00,2026-04-15 22:36
sánchez,182004,2026-04-15 22:36:00+00:00,2026-04-15 22:36
israel,137905,2026-04-15 22:36:00+00:00,2026-04-15 22:36
málaga,125084,2026-04-15 22:36:00+00:00,2026-04-15 22:36
guerra irán,123976,2026-04-15 22:36:00+00:00,2026-04-15 22:36
ormuz,104455,2026-04-15 22:36:00+00:00,2026-04-15 22:36
diario,103557,2026-04-15 22:36:00+00:00,2026-04-15 22:36
final,91342,2026-04-15 22:36:00+00:00,2026-04-15 22:36
china,89972,2026-04-15 22:36:00+00:00,2026-04-15 22:36
elecciones,81710,2026-04-15 22:36:00+00:00,2026-04-15 22:36
aragón,81672,2026-04-15 22:36:00+00:00,2026-04-15 22:36
santa,76969,2026-04-15 22:36:00+00:00,2026-04-15 22:36
español,76777,2026-04-15 22:36:00+00:00,2026-04-15 22:36
mundial,76677,2026-04-15 22:36:00+00:00,2026-04-15 22:36
internacional,462011,2026-04-15 23:06:00+00:00,2026-04-15 23:06
irán,326633,2026-04-15 23:06:00+00:00,2026-04-15 23:06
guerra,286588,2026-04-15 23:06:00+00:00,2026-04-15 23:06
trump,258821,2026-04-15 23:06:00+00:00,2026-04-15 23:06
sánchez,182711,2026-04-15 23:06:00+00:00,2026-04-15 23:06
israel,137900,2026-04-15 23:06:00+00:00,2026-04-15 23:06
málaga,125103,2026-04-15 23:06:00+00:00,2026-04-15 23:06
guerra irán,124618,2026-04-15 23:06:00+00:00,2026-04-15 23:06
ormuz,104241,2026-04-15 23:06:00+00:00,2026-04-15 23:06
diario,103544,2026-04-15 23:06:00+00:00,2026-04-15 23:06
final,91087,2026-04-15 23:06:00+00:00,2026-04-15 23:06
china,89975,2026-04-15 23:06:00+00:00,2026-04-15 23:06
aragón,82005,2026-04-15 23:06:00+00:00,2026-04-15 23:06
elecciones,81529,2026-04-15 23:06:00+00:00,2026-04-15 23:06
mundial,77099,2026-04-15 23:06:00+00:00,2026-04-15 23:06
español,77050,2026-04-15 23:06:00+00:00,2026-04-15 23:06
santa,76991,2026-04-15 23:06:00+00:00,2026-04-15 23:06
carlos,75580,2026-04-15 23:06:00+00:00,2026-04-15 23:06
internacional,461829,2026-04-15 23:36:00+00:00,2026-04-15 23:36
irán,327096,2026-04-15 23:36:00+00:00,2026-04-15 23:36
guerra,286994,2026-04-15 23:36:00+00:00,2026-04-15 23:36
trump,258629,2026-04-15 23:36:00+00:00,2026-04-15 23:36
sánchez,183141,2026-04-15 23:36:00+00:00,2026-04-15 23:36
israel,137906,2026-04-15 23:36:00+00:00,2026-04-15 23:36
málaga,125106,2026-04-15 23:36:00+00:00,2026-04-15 23:36
guerra irán,124624,2026-04-15 23:36:00+00:00,2026-04-15 23:36
ormuz,104048,2026-04-15 23:36:00+00:00,2026-04-15 23:36
diario,103782,2026-04-15 23:36:00+00:00,2026-04-15 23:36
final,92015,2026-04-15 23:36:00+00:00,2026-04-15 23:36
china,89902,2026-04-15 23:36:00+00:00,2026-04-15 23:36
aragón,82007,2026-04-15 23:36:00+00:00,2026-04-15 23:36
elecciones,81533,2026-04-15 23:36:00+00:00,2026-04-15 23:36
mundial,77102,2026-04-15 23:36:00+00:00,2026-04-15 23:36
español,77053,2026-04-15 23:36:00+00:00,2026-04-15 23:36
santa,76993,2026-04-15 23:36:00+00:00,2026-04-15 23:36
internacional,461687,2026-04-16 00:06:00+00:00,2026-04-16 00:06
irán,326847,2026-04-16 00:06:00+00:00,2026-04-16 00:06
guerra,284688,2026-04-16 00:06:00+00:00,2026-04-16 00:06
trump,258822,2026-04-16 00:06:00+00:00,2026-04-16 00:06
sánchez,183325,2026-04-16 00:06:00+00:00,2026-04-16 00:06
israel,138073,2026-04-16 00:06:00+00:00,2026-04-16 00:06
málaga,125028,2026-04-16 00:06:00+00:00,2026-04-16 00:06
guerra irán,123859,2026-04-16 00:06:00+00:00,2026-04-16 00:06
ormuz,104036,2026-04-16 00:06:00+00:00,2026-04-16 00:06
diario,103999,2026-04-16 00:06:00+00:00,2026-04-16 00:06
final,91985,2026-04-16 00:06:00+00:00,2026-04-16 00:06
china,89913,2026-04-16 00:06:00+00:00,2026-04-16 00:06
aragón,81725,2026-04-16 00:06:00+00:00,2026-04-16 00:06
elecciones,81527,2026-04-16 00:06:00+00:00,2026-04-16 00:06
español,76946,2026-04-16 00:06:00+00:00,2026-04-16 00:06
santa,76943,2026-04-16 00:06:00+00:00,2026-04-16 00:06
mundial,76812,2026-04-16 00:06:00+00:00,2026-04-16 00:06
internacional,461692,2026-04-16 00:36:00+00:00,2026-04-16 00:36
irán,326602,2026-04-16 00:36:00+00:00,2026-04-16 00:36
guerra,286935,2026-04-16 00:36:00+00:00,2026-04-16 00:36
trump,258139,2026-04-16 00:36:00+00:00,2026-04-16 00:36
sánchez,183026,2026-04-16 00:36:00+00:00,2026-04-16 00:36
israel,137792,2026-04-16 00:36:00+00:00,2026-04-16 00:36
málaga,124909,2026-04-16 00:36:00+00:00,2026-04-16 00:36
guerra irán,124630,2026-04-16 00:36:00+00:00,2026-04-16 00:36
diario,104342,2026-04-16 00:36:00+00:00,2026-04-16 00:36
ormuz,104152,2026-04-16 00:36:00+00:00,2026-04-16 00:36
final,92103,2026-04-16 00:36:00+00:00,2026-04-16 00:36
china,90443,2026-04-16 00:36:00+00:00,2026-04-16 00:36
aragón,82175,2026-04-16 00:36:00+00:00,2026-04-16 00:36
elecciones,81599,2026-04-16 00:36:00+00:00,2026-04-16 00:36
mundial,77077,2026-04-16 00:36:00+00:00,2026-04-16 00:36
español,77056,2026-04-16 00:36:00+00:00,2026-04-16 00:36
santa,76945,2026-04-16 00:36:00+00:00,2026-04-16 00:36
carlos,75584,2026-04-16 00:36:00+00:00,2026-04-16 00:36
internacional,461498,2026-04-16 01:06:00+00:00,2026-04-16 01:06
irán,327933,2026-04-16 01:06:00+00:00,2026-04-16 01:06
guerra,287189,2026-04-16 01:06:00+00:00,2026-04-16 01:06
trump,259061,2026-04-16 01:06:00+00:00,2026-04-16 01:06
sánchez,183441,2026-04-16 01:06:00+00:00,2026-04-16 01:06
israel,137681,2026-04-16 01:06:00+00:00,2026-04-16 01:06
málaga,124704,2026-04-16 01:06:00+00:00,2026-04-16 01:06
guerra irán,124525,2026-04-16 01:06:00+00:00,2026-04-16 01:06
diario,104902,2026-04-16 01:06:00+00:00,2026-04-16 01:06
ormuz,104186,2026-04-16 01:06:00+00:00,2026-04-16 01:06
final,92358,2026-04-16 01:06:00+00:00,2026-04-16 01:06
china,90383,2026-04-16 01:06:00+00:00,2026-04-16 01:06
aragón,82282,2026-04-16 01:06:00+00:00,2026-04-16 01:06
elecciones,81155,2026-04-16 01:06:00+00:00,2026-04-16 01:06
mundial,76996,2026-04-16 01:06:00+00:00,2026-04-16 01:06
santa,76909,2026-04-16 01:06:00+00:00,2026-04-16 01:06
español,76590,2026-04-16 01:06:00+00:00,2026-04-16 01:06
carlos,75586,2026-04-16 01:06:00+00:00,2026-04-16 01:06
internacional,461931,2026-04-16 01:36:00+00:00,2026-04-16 01:36
irán,328112,2026-04-16 01:36:00+00:00,2026-04-16 01:36
guerra,287005,2026-04-16 01:36:00+00:00,2026-04-16 01:36
trump,259649,2026-04-16 01:36:00+00:00,2026-04-16 01:36
sánchez,183845,2026-04-16 01:36:00+00:00,2026-04-16 01:36
israel,137997,2026-04-16 01:36:00+00:00,2026-04-16 01:36
málaga,124644,2026-04-16 01:36:00+00:00,2026-04-16 01:36
guerra irán,124352,2026-04-16 01:36:00+00:00,2026-04-16 01:36
diario,105050,2026-04-16 01:36:00+00:00,2026-04-16 01:36
ormuz,104374,2026-04-16 01:36:00+00:00,2026-04-16 01:36
final,92642,2026-04-16 01:36:00+00:00,2026-04-16 01:36
china,90395,2026-04-16 01:36:00+00:00,2026-04-16 01:36
aragón,82331,2026-04-16 01:36:00+00:00,2026-04-16 01:36
elecciones,80968,2026-04-16 01:36:00+00:00,2026-04-16 01:36
mundial,76998,2026-04-16 01:36:00+00:00,2026-04-16 01:36
santa,76930,2026-04-16 01:36:00+00:00,2026-04-16 01:36
español,76568,2026-04-16 01:36:00+00:00,2026-04-16 01:36
internacional,461770,2026-04-16 02:06:00+00:00,2026-04-16 02:06
irán,328013,2026-04-16 02:06:00+00:00,2026-04-16 02:06
guerra,287053,2026-04-16 02:06:00+00:00,2026-04-16 02:06
trump,259651,2026-04-16 02:06:00+00:00,2026-04-16 02:06
sánchez,183858,2026-04-16 02:06:00+00:00,2026-04-16 02:06
israel,137999,2026-04-16 02:06:00+00:00,2026-04-16 02:06
málaga,124644,2026-04-16 02:06:00+00:00,2026-04-16 02:06
guerra irán,124354,2026-04-16 02:06:00+00:00,2026-04-16 02:06
diario,105051,2026-04-16 02:06:00+00:00,2026-04-16 02:06
ormuz,104374,2026-04-16 02:06:00+00:00,2026-04-16 02:06
final,92642,2026-04-16 02:06:00+00:00,2026-04-16 02:06
china,90581,2026-04-16 02:06:00+00:00,2026-04-16 02:06
aragón,82332,2026-04-16 02:06:00+00:00,2026-04-16 02:06
elecciones,80968,2026-04-16 02:06:00+00:00,2026-04-16 02:06
mundial,76934,2026-04-16 02:06:00+00:00,2026-04-16 02:06
santa,76879,2026-04-16 02:06:00+00:00,2026-04-16 02:06
español,76216,2026-04-16 02:06:00+00:00,2026-04-16 02:06
internacional,461796,2026-04-16 02:36:00+00:00,2026-04-16 02:36
irán,328111,2026-04-16 02:36:00+00:00,2026-04-16 02:36
guerra,287565,2026-04-16 02:36:00+00:00,2026-04-16 02:36
trump,259841,2026-04-16 02:36:00+00:00,2026-04-16 02:36
sánchez,183622,2026-04-16 02:36:00+00:00,2026-04-16 02:36
israel,137908,2026-04-16 02:36:00+00:00,2026-04-16 02:36
málaga,124645,2026-04-16 02:36:00+00:00,2026-04-16 02:36
guerra irán,124359,2026-04-16 02:36:00+00:00,2026-04-16 02:36
diario,105052,2026-04-16 02:36:00+00:00,2026-04-16 02:36
ormuz,104424,2026-04-16 02:36:00+00:00,2026-04-16 02:36
final,92643,2026-04-16 02:36:00+00:00,2026-04-16 02:36
china,90327,2026-04-16 02:36:00+00:00,2026-04-16 02:36
aragón,82332,2026-04-16 02:36:00+00:00,2026-04-16 02:36
elecciones,80900,2026-04-16 02:36:00+00:00,2026-04-16 02:36
mundial,76891,2026-04-16 02:36:00+00:00,2026-04-16 02:36
santa,76879,2026-04-16 02:36:00+00:00,2026-04-16 02:36
español,75958,2026-04-16 02:36:00+00:00,2026-04-16 02:36
internacional,461874,2026-04-16 03:06:00+00:00,2026-04-16 03:06
irán,327531,2026-04-16 03:06:00+00:00,2026-04-16 03:06
guerra,287012,2026-04-16 03:06:00+00:00,2026-04-16 03:06
trump,259704,2026-04-16 03:06:00+00:00,2026-04-16 03:06
sánchez,182861,2026-04-16 03:06:00+00:00,2026-04-16 03:06
israel,137801,2026-04-16 03:06:00+00:00,2026-04-16 03:06
málaga,124540,2026-04-16 03:06:00+00:00,2026-04-16 03:06
guerra irán,124433,2026-04-16 03:06:00+00:00,2026-04-16 03:06
diario,105057,2026-04-16 03:06:00+00:00,2026-04-16 03:06
ormuz,104259,2026-04-16 03:06:00+00:00,2026-04-16 03:06
final,92545,2026-04-16 03:06:00+00:00,2026-04-16 03:06
china,90047,2026-04-16 03:06:00+00:00,2026-04-16 03:06
aragón,80862,2026-04-16 03:06:00+00:00,2026-04-16 03:06
elecciones,80845,2026-04-16 03:06:00+00:00,2026-04-16 03:06
mundial,76840,2026-04-16 03:06:00+00:00,2026-04-16 03:06
santa,76717,2026-04-16 03:06:00+00:00,2026-04-16 03:06
carlos,75398,2026-04-16 03:06:00+00:00,2026-04-16 03:06
internacional,462141,2026-04-16 03:36:00+00:00,2026-04-16 03:36
irán,327080,2026-04-16 03:36:00+00:00,2026-04-16 03:36
guerra,286936,2026-04-16 03:36:00+00:00,2026-04-16 03:36
trump,259263,2026-04-16 03:36:00+00:00,2026-04-16 03:36
sánchez,183106,2026-04-16 03:36:00+00:00,2026-04-16 03:36
israel,137811,2026-04-16 03:36:00+00:00,2026-04-16 03:36
málaga,124473,2026-04-16 03:36:00+00:00,2026-04-16 03:36
guerra irán,124440,2026-04-16 03:36:00+00:00,2026-04-16 03:36
diario,105063,2026-04-16 03:36:00+00:00,2026-04-16 03:36
ormuz,104112,2026-04-16 03:36:00+00:00,2026-04-16 03:36
final,92852,2026-04-16 03:36:00+00:00,2026-04-16 03:36
china,89780,2026-04-16 03:36:00+00:00,2026-04-16 03:36
aragón,82591,2026-04-16 03:36:00+00:00,2026-04-16 03:36
elecciones,80631,2026-04-16 03:36:00+00:00,2026-04-16 03:36
mundial,77019,2026-04-16 03:36:00+00:00,2026-04-16 03:36
santa,76723,2026-04-16 03:36:00+00:00,2026-04-16 03:36
carlos,75628,2026-04-16 03:36:00+00:00,2026-04-16 03:36
internacional,462884,2026-04-16 04:06:00+00:00,2026-04-16 04:06
irán,327376,2026-04-16 04:06:00+00:00,2026-04-16 04:06
guerra,287375,2026-04-16 04:06:00+00:00,2026-04-16 04:06
trump,260016,2026-04-16 04:06:00+00:00,2026-04-16 04:06
sánchez,181977,2026-04-16 04:06:00+00:00,2026-04-16 04:06
israel,137758,2026-04-16 04:06:00+00:00,2026-04-16 04:06
guerra irán,124914,2026-04-16 04:06:00+00:00,2026-04-16 04:06
málaga,124477,2026-04-16 04:06:00+00:00,2026-04-16 04:06
diario,104517,2026-04-16 04:06:00+00:00,2026-04-16 04:06
ormuz,104118,2026-04-16 04:06:00+00:00,2026-04-16 04:06
final,92815,2026-04-16 04:06:00+00:00,2026-04-16 04:06
china,89459,2026-04-16 04:06:00+00:00,2026-04-16 04:06
aragón,82593,2026-04-16 04:06:00+00:00,2026-04-16 04:06
elecciones,80499,2026-04-16 04:06:00+00:00,2026-04-16 04:06
mundial,76967,2026-04-16 04:06:00+00:00,2026-04-16 04:06
santa,76675,2026-04-16 04:06:00+00:00,2026-04-16 04:06
carlos,75572,2026-04-16 04:06:00+00:00,2026-04-16 04:06
internacional,464156,2026-04-16 04:36:00+00:00,2026-04-16 04:36
irán,327000,2026-04-16 04:36:00+00:00,2026-04-16 04:36
guerra,288313,2026-04-16 04:36:00+00:00,2026-04-16 04:36
trump,260465,2026-04-16 04:36:00+00:00,2026-04-16 04:36
sánchez,181752,2026-04-16 04:36:00+00:00,2026-04-16 04:36
israel,138356,2026-04-16 04:36:00+00:00,2026-04-16 04:36
guerra irán,125388,2026-04-16 04:36:00+00:00,2026-04-16 04:36
málaga,125015,2026-04-16 04:36:00+00:00,2026-04-16 04:36
diario,105353,2026-04-16 04:36:00+00:00,2026-04-16 04:36
ormuz,104072,2026-04-16 04:36:00+00:00,2026-04-16 04:36
final,93462,2026-04-16 04:36:00+00:00,2026-04-16 04:36
china,89485,2026-04-16 04:36:00+00:00,2026-04-16 04:36
aragón,83229,2026-04-16 04:36:00+00:00,2026-04-16 04:36
elecciones,80516,2026-04-16 04:36:00+00:00,2026-04-16 04:36
carlos,76903,2026-04-16 04:36:00+00:00,2026-04-16 04:36
mundial,76859,2026-04-16 04:36:00+00:00,2026-04-16 04:36
santa,76702,2026-04-16 04:36:00+00:00,2026-04-16 04:36
español,76308,2026-04-16 04:36:00+00:00,2026-04-16 04:36
internacional,463814,2026-04-16 05:07:00+00:00,2026-04-16 05:07
irán,327414,2026-04-16 05:07:00+00:00,2026-04-16 05:07
guerra,288626,2026-04-16 05:07:00+00:00,2026-04-16 05:07
trump,261346,2026-04-16 05:07:00+00:00,2026-04-16 05:07
sánchez,181239,2026-04-16 05:07:00+00:00,2026-04-16 05:07
israel,138806,2026-04-16 05:07:00+00:00,2026-04-16 05:07
guerra irán,125743,2026-04-16 05:07:00+00:00,2026-04-16 05:07
málaga,124787,2026-04-16 05:07:00+00:00,2026-04-16 05:07
diario,105300,2026-04-16 05:07:00+00:00,2026-04-16 05:07
ormuz,104232,2026-04-16 05:07:00+00:00,2026-04-16 05:07
final,93267,2026-04-16 05:07:00+00:00,2026-04-16 05:07
china,89488,2026-04-16 05:07:00+00:00,2026-04-16 05:07
aragón,83232,2026-04-16 05:07:00+00:00,2026-04-16 05:07
elecciones,80185,2026-04-16 05:07:00+00:00,2026-04-16 05:07
carlos,76907,2026-04-16 05:07:00+00:00,2026-04-16 05:07
mundial,76862,2026-04-16 05:07:00+00:00,2026-04-16 05:07
español,76704,2026-04-16 05:07:00+00:00,2026-04-16 05:07
santa,76703,2026-04-16 05:07:00+00:00,2026-04-16 05:07
internacional,463991,2026-04-16 05:36:00+00:00,2026-04-16 05:36
irán,326561,2026-04-16 05:36:00+00:00,2026-04-16 05:36
guerra,287917,2026-04-16 05:36:00+00:00,2026-04-16 05:36
trump,261595,2026-04-16 05:36:00+00:00,2026-04-16 05:36
sánchez,180601,2026-04-16 05:36:00+00:00,2026-04-16 05:36
israel,138974,2026-04-16 05:36:00+00:00,2026-04-16 05:36
guerra irán,125543,2026-04-16 05:36:00+00:00,2026-04-16 05:36
málaga,124752,2026-04-16 05:36:00+00:00,2026-04-16 05:36
diario,105382,2026-04-16 05:36:00+00:00,2026-04-16 05:36
ormuz,103897,2026-04-16 05:36:00+00:00,2026-04-16 05:36
final,93526,2026-04-16 05:36:00+00:00,2026-04-16 05:36
china,88944,2026-04-16 05:36:00+00:00,2026-04-16 05:36
aragón,83234,2026-04-16 05:36:00+00:00,2026-04-16 05:36
elecciones,80376,2026-04-16 05:36:00+00:00,2026-04-16 05:36
carlos,76910,2026-04-16 05:36:00+00:00,2026-04-16 05:36
mundial,76808,2026-04-16 05:36:00+00:00,2026-04-16 05:36
santa,76667,2026-04-16 05:36:00+00:00,2026-04-16 05:36
español,76431,2026-04-16 05:36:00+00:00,2026-04-16 05:36
muere,75518,2026-04-16 05:36:00+00:00,2026-04-16 05:36
internacional,463723,2026-04-16 06:06:00+00:00,2026-04-16 06:06
irán,326851,2026-04-16 06:06:00+00:00,2026-04-16 06:06
guerra,288135,2026-04-16 06:06:00+00:00,2026-04-16 06:06
trump,262626,2026-04-16 06:06:00+00:00,2026-04-16 06:06
sánchez,180293,2026-04-16 06:06:00+00:00,2026-04-16 06:06
israel,139681,2026-04-16 06:06:00+00:00,2026-04-16 06:06
guerra irán,125812,2026-04-16 06:06:00+00:00,2026-04-16 06:06
málaga,125084,2026-04-16 06:06:00+00:00,2026-04-16 06:06
diario,104724,2026-04-16 06:06:00+00:00,2026-04-16 06:06
ormuz,104031,2026-04-16 06:06:00+00:00,2026-04-16 06:06
final,93943,2026-04-16 06:06:00+00:00,2026-04-16 06:06
china,89943,2026-04-16 06:06:00+00:00,2026-04-16 06:06
aragón,83237,2026-04-16 06:06:00+00:00,2026-04-16 06:06
elecciones,80380,2026-04-16 06:06:00+00:00,2026-04-16 06:06
mundial,77330,2026-04-16 06:06:00+00:00,2026-04-16 06:06
carlos,76913,2026-04-16 06:06:00+00:00,2026-04-16 06:06
santa,76669,2026-04-16 06:06:00+00:00,2026-04-16 06:06
español,76651,2026-04-16 06:06:00+00:00,2026-04-16 06:06
muere,75420,2026-04-16 06:06:00+00:00,2026-04-16 06:06
congreso,75203,2026-04-16 06:06:00+00:00,2026-04-16 06:06
internacional,463322,2026-04-16 06:36:00+00:00,2026-04-16 06:36
irán,326168,2026-04-16 06:36:00+00:00,2026-04-16 06:36
guerra,285771,2026-04-16 06:36:00+00:00,2026-04-16 06:36
trump,262893,2026-04-16 06:36:00+00:00,2026-04-16 06:36
sánchez,179947,2026-04-16 06:36:00+00:00,2026-04-16 06:36
israel,139713,2026-04-16 06:36:00+00:00,2026-04-16 06:36
málaga,125345,2026-04-16 06:36:00+00:00,2026-04-16 06:36
guerra irán,125068,2026-04-16 06:36:00+00:00,2026-04-16 06:36
diario,104888,2026-04-16 06:36:00+00:00,2026-04-16 06:36
ormuz,103786,2026-04-16 06:36:00+00:00,2026-04-16 06:36
final,93754,2026-04-16 06:36:00+00:00,2026-04-16 06:36
china,89607,2026-04-16 06:36:00+00:00,2026-04-16 06:36
aragón,83155,2026-04-16 06:36:00+00:00,2026-04-16 06:36
elecciones,80378,2026-04-16 06:36:00+00:00,2026-04-16 06:36
mundial,77105,2026-04-16 06:36:00+00:00,2026-04-16 06:36
santa,77097,2026-04-16 06:36:00+00:00,2026-04-16 06:36
español,76189,2026-04-16 06:36:00+00:00,2026-04-16 06:36
carlos,76096,2026-04-16 06:36:00+00:00,2026-04-16 06:36
muere,75910,2026-04-16 06:36:00+00:00,2026-04-16 06:36
congreso,75214,2026-04-16 06:36:00+00:00,2026-04-16 06:36
internacional,462986,2026-04-16 07:06:00+00:00,2026-04-16 07:06
irán,325555,2026-04-16 07:06:00+00:00,2026-04-16 07:06
guerra,287138,2026-04-16 07:06:00+00:00,2026-04-16 07:06
trump,262762,2026-04-16 07:06:00+00:00,2026-04-16 07:06
sánchez,178179,2026-04-16 07:06:00+00:00,2026-04-16 07:06
israel,139808,2026-04-16 07:06:00+00:00,2026-04-16 07:06
málaga,125430,2026-04-16 07:06:00+00:00,2026-04-16 07:06
guerra irán,125311,2026-04-16 07:06:00+00:00,2026-04-16 07:06
diario,105139,2026-04-16 07:06:00+00:00,2026-04-16 07:06
ormuz,103520,2026-04-16 07:06:00+00:00,2026-04-16 07:06
final,93910,2026-04-16 07:06:00+00:00,2026-04-16 07:06
china,89512,2026-04-16 07:06:00+00:00,2026-04-16 07:06
aragón,83434,2026-04-16 07:06:00+00:00,2026-04-16 07:06
elecciones,80241,2026-04-16 07:06:00+00:00,2026-04-16 07:06
mundial,77229,2026-04-16 07:06:00+00:00,2026-04-16 07:06
santa,77099,2026-04-16 07:06:00+00:00,2026-04-16 07:06
muere,76531,2026-04-16 07:06:00+00:00,2026-04-16 07:06
español,76233,2026-04-16 07:06:00+00:00,2026-04-16 07:06
carlos,75875,2026-04-16 07:06:00+00:00,2026-04-16 07:06
congreso,75138,2026-04-16 07:06:00+00:00,2026-04-16 07:06
internacional,461973,2026-04-16 07:36:00+00:00,2026-04-16 07:36
irán,325231,2026-04-16 07:36:00+00:00,2026-04-16 07:36
guerra,284425,2026-04-16 07:36:00+00:00,2026-04-16 07:36
trump,262556,2026-04-16 07:36:00+00:00,2026-04-16 07:36
sánchez,176474,2026-04-16 07:36:00+00:00,2026-04-16 07:36
israel,139694,2026-04-16 07:36:00+00:00,2026-04-16 07:36
málaga,126144,2026-04-16 07:36:00+00:00,2026-04-16 07:36
guerra irán,124490,2026-04-16 07:36:00+00:00,2026-04-16 07:36
diario,105579,2026-04-16 07:36:00+00:00,2026-04-16 07:36
ormuz,103592,2026-04-16 07:36:00+00:00,2026-04-16 07:36
final,94049,2026-04-16 07:36:00+00:00,2026-04-16 07:36
china,89098,2026-04-16 07:36:00+00:00,2026-04-16 07:36
aragón,82830,2026-04-16 07:36:00+00:00,2026-04-16 07:36
elecciones,80238,2026-04-16 07:36:00+00:00,2026-04-16 07:36
santa,77105,2026-04-16 07:36:00+00:00,2026-04-16 07:36
mundial,76946,2026-04-16 07:36:00+00:00,2026-04-16 07:36
muere,76804,2026-04-16 07:36:00+00:00,2026-04-16 07:36
carlos,76110,2026-04-16 07:36:00+00:00,2026-04-16 07:36
español,75665,2026-04-16 07:36:00+00:00,2026-04-16 07:36
congreso,75155,2026-04-16 07:36:00+00:00,2026-04-16 07:36
internacional,462528,2026-04-16 08:06:00+00:00,2026-04-16 08:06
irán,325295,2026-04-16 08:06:00+00:00,2026-04-16 08:06
guerra,284614,2026-04-16 08:06:00+00:00,2026-04-16 08:06
trump,262705,2026-04-16 08:06:00+00:00,2026-04-16 08:06
sánchez,175336,2026-04-16 08:06:00+00:00,2026-04-16 08:06
israel,139681,2026-04-16 08:06:00+00:00,2026-04-16 08:06
málaga,126727,2026-04-16 08:06:00+00:00,2026-04-16 08:06
guerra irán,124523,2026-04-16 08:06:00+00:00,2026-04-16 08:06
diario,105414,2026-04-16 08:06:00+00:00,2026-04-16 08:06
ormuz,103642,2026-04-16 08:06:00+00:00,2026-04-16 08:06
final,94147,2026-04-16 08:06:00+00:00,2026-04-16 08:06
china,89746,2026-04-16 08:06:00+00:00,2026-04-16 08:06
aragón,83161,2026-04-16 08:06:00+00:00,2026-04-16 08:06
elecciones,80245,2026-04-16 08:06:00+00:00,2026-04-16 08:06
santa,77462,2026-04-16 08:06:00+00:00,2026-04-16 08:06
muere,76989,2026-04-16 08:06:00+00:00,2026-04-16 08:06
mundial,76610,2026-04-16 08:06:00+00:00,2026-04-16 08:06
carlos,76387,2026-04-16 08:06:00+00:00,2026-04-16 08:06
español,75419,2026-04-16 08:06:00+00:00,2026-04-16 08:06
congreso,75024,2026-04-16 08:06:00+00:00,2026-04-16 08:06
internacional,462355,2026-04-16 08:36:00+00:00,2026-04-16 08:36
irán,325577,2026-04-16 08:36:00+00:00,2026-04-16 08:36
guerra,286611,2026-04-16 08:36:00+00:00,2026-04-16 08:36
trump,263385,2026-04-16 08:36:00+00:00,2026-04-16 08:36
sánchez,175129,2026-04-16 08:36:00+00:00,2026-04-16 08:36
israel,139809,2026-04-16 08:36:00+00:00,2026-04-16 08:36
málaga,125923,2026-04-16 08:36:00+00:00,2026-04-16 08:36
guerra irán,125155,2026-04-16 08:36:00+00:00,2026-04-16 08:36
diario,105742,2026-04-16 08:36:00+00:00,2026-04-16 08:36
ormuz,103405,2026-04-16 08:36:00+00:00,2026-04-16 08:36
final,94448,2026-04-16 08:36:00+00:00,2026-04-16 08:36
china,89189,2026-04-16 08:36:00+00:00,2026-04-16 08:36
aragón,82961,2026-04-16 08:36:00+00:00,2026-04-16 08:36
elecciones,80571,2026-04-16 08:36:00+00:00,2026-04-16 08:36
muere,78205,2026-04-16 08:36:00+00:00,2026-04-16 08:36
santa,77446,2026-04-16 08:36:00+00:00,2026-04-16 08:36
mundial,76519,2026-04-16 08:36:00+00:00,2026-04-16 08:36
carlos,76451,2026-04-16 08:36:00+00:00,2026-04-16 08:36
español,75600,2026-04-16 08:36:00+00:00,2026-04-16 08:36
congreso,75224,2026-04-16 08:36:00+00:00,2026-04-16 08:36
internacional,461224,2026-04-16 09:06:00+00:00,2026-04-16 09:06
irán,325643,2026-04-16 09:06:00+00:00,2026-04-16 09:06
guerra,286855,2026-04-16 09:06:00+00:00,2026-04-16 09:06
trump,264076,2026-04-16 09:06:00+00:00,2026-04-16 09:06
sánchez,174883,2026-04-16 09:06:00+00:00,2026-04-16 09:06
israel,140264,2026-04-16 09:06:00+00:00,2026-04-16 09:06
málaga,125864,2026-04-16 09:06:00+00:00,2026-04-16 09:06
guerra irán,125424,2026-04-16 09:06:00+00:00,2026-04-16 09:06
diario,106468,2026-04-16 09:06:00+00:00,2026-04-16 09:06
ormuz,103223,2026-04-16 09:06:00+00:00,2026-04-16 09:06
final,94403,2026-04-16 09:06:00+00:00,2026-04-16 09:06
china,89526,2026-04-16 09:06:00+00:00,2026-04-16 09:06
aragón,82854,2026-04-16 09:06:00+00:00,2026-04-16 09:06
elecciones,80397,2026-04-16 09:06:00+00:00,2026-04-16 09:06
muere,78604,2026-04-16 09:06:00+00:00,2026-04-16 09:06
santa,77400,2026-04-16 09:06:00+00:00,2026-04-16 09:06
mundial,76523,2026-04-16 09:06:00+00:00,2026-04-16 09:06
carlos,76454,2026-04-16 09:06:00+00:00,2026-04-16 09:06
español,75690,2026-04-16 09:06:00+00:00,2026-04-16 09:06
congreso,75053,2026-04-16 09:06:00+00:00,2026-04-16 09:06
internacional,460571,2026-04-16 09:36:00+00:00,2026-04-16 09:36
irán,325501,2026-04-16 09:36:00+00:00,2026-04-16 09:36
guerra,286864,2026-04-16 09:36:00+00:00,2026-04-16 09:36
trump,263804,2026-04-16 09:36:00+00:00,2026-04-16 09:36
sánchez,174420,2026-04-16 09:36:00+00:00,2026-04-16 09:36
israel,140187,2026-04-16 09:36:00+00:00,2026-04-16 09:36
málaga,125952,2026-04-16 09:36:00+00:00,2026-04-16 09:36
guerra irán,125258,2026-04-16 09:36:00+00:00,2026-04-16 09:36
diario,106388,2026-04-16 09:36:00+00:00,2026-04-16 09:36
ormuz,103316,2026-04-16 09:36:00+00:00,2026-04-16 09:36
final,95069,2026-04-16 09:36:00+00:00,2026-04-16 09:36
china,89523,2026-04-16 09:36:00+00:00,2026-04-16 09:36
aragón,83652,2026-04-16 09:36:00+00:00,2026-04-16 09:36
elecciones,80403,2026-04-16 09:36:00+00:00,2026-04-16 09:36
muere,78644,2026-04-16 09:36:00+00:00,2026-04-16 09:36
santa,77354,2026-04-16 09:36:00+00:00,2026-04-16 09:36
mundial,76535,2026-04-16 09:36:00+00:00,2026-04-16 09:36
carlos,75921,2026-04-16 09:36:00+00:00,2026-04-16 09:36
español,75427,2026-04-16 09:36:00+00:00,2026-04-16 09:36
congreso,75059,2026-04-16 09:36:00+00:00,2026-04-16 09:36
internacional,462048,2026-04-16 10:06:00+00:00,2026-04-16 10:06
irán,326063,2026-04-16 10:06:00+00:00,2026-04-16 10:06
guerra,287241,2026-04-16 10:06:00+00:00,2026-04-16 10:06
trump,264010,2026-04-16 10:06:00+00:00,2026-04-16 10:06
sánchez,173636,2026-04-16 10:06:00+00:00,2026-04-16 10:06
israel,139975,2026-04-16 10:06:00+00:00,2026-04-16 10:06
guerra irán,125963,2026-04-16 10:06:00+00:00,2026-04-16 10:06
málaga,125894,2026-04-16 10:06:00+00:00,2026-04-16 10:06
diario,106327,2026-04-16 10:06:00+00:00,2026-04-16 10:06
ormuz,103236,2026-04-16 10:06:00+00:00,2026-04-16 10:06
final,95130,2026-04-16 10:06:00+00:00,2026-04-16 10:06
china,89294,2026-04-16 10:06:00+00:00,2026-04-16 10:06
aragón,84347,2026-04-16 10:06:00+00:00,2026-04-16 10:06
elecciones,80411,2026-04-16 10:06:00+00:00,2026-04-16 10:06
muere,78832,2026-04-16 10:06:00+00:00,2026-04-16 10:06
santa,77359,2026-04-16 10:06:00+00:00,2026-04-16 10:06
mundial,76752,2026-04-16 10:06:00+00:00,2026-04-16 10:06
carlos,75847,2026-04-16 10:06:00+00:00,2026-04-16 10:06
español,75329,2026-04-16 10:06:00+00:00,2026-04-16 10:06
congreso,75175,2026-04-16 10:06:00+00:00,2026-04-16 10:06
internacional,460943,2026-04-16 10:36:00+00:00,2026-04-16 10:36
irán,326688,2026-04-16 10:36:00+00:00,2026-04-16 10:36
guerra,287190,2026-04-16 10:36:00+00:00,2026-04-16 10:36
trump,264218,2026-04-16 10:36:00+00:00,2026-04-16 10:36
sánchez,173784,2026-04-16 10:36:00+00:00,2026-04-16 10:36
israel,140207,2026-04-16 10:36:00+00:00,2026-04-16 10:36
guerra irán,126324,2026-04-16 10:36:00+00:00,2026-04-16 10:36
málaga,125635,2026-04-16 10:36:00+00:00,2026-04-16 10:36
diario,105800,2026-04-16 10:36:00+00:00,2026-04-16 10:36
ormuz,103470,2026-04-16 10:36:00+00:00,2026-04-16 10:36
final,95257,2026-04-16 10:36:00+00:00,2026-04-16 10:36
china,89152,2026-04-16 10:36:00+00:00,2026-04-16 10:36
aragón,84833,2026-04-16 10:36:00+00:00,2026-04-16 10:36
elecciones,80328,2026-04-16 10:36:00+00:00,2026-04-16 10:36
muere,78604,2026-04-16 10:36:00+00:00,2026-04-16 10:36
santa,77364,2026-04-16 10:36:00+00:00,2026-04-16 10:36
mundial,76977,2026-04-16 10:36:00+00:00,2026-04-16 10:36
carlos,75852,2026-04-16 10:36:00+00:00,2026-04-16 10:36
congreso,75167,2026-04-16 10:36:00+00:00,2026-04-16 10:36
español,75050,2026-04-16 10:36:00+00:00,2026-04-16 10:36
internacional,462914,2026-04-16 11:06:00+00:00,2026-04-16 11:06
irán,326666,2026-04-16 11:06:00+00:00,2026-04-16 11:06
guerra,287329,2026-04-16 11:06:00+00:00,2026-04-16 11:06
trump,263943,2026-04-16 11:06:00+00:00,2026-04-16 11:06
sánchez,173875,2026-04-16 11:06:00+00:00,2026-04-16 11:06
israel,140374,2026-04-16 11:06:00+00:00,2026-04-16 11:06
guerra irán,126456,2026-04-16 11:06:00+00:00,2026-04-16 11:06
málaga,125038,2026-04-16 11:06:00+00:00,2026-04-16 11:06
diario,106194,2026-04-16 11:06:00+00:00,2026-04-16 11:06
ormuz,103404,2026-04-16 11:06:00+00:00,2026-04-16 11:06
final,95941,2026-04-16 11:06:00+00:00,2026-04-16 11:06
china,89765,2026-04-16 11:06:00+00:00,2026-04-16 11:06
aragón,84560,2026-04-16 11:06:00+00:00,2026-04-16 11:06
elecciones,80765,2026-04-16 11:06:00+00:00,2026-04-16 11:06
muere,79005,2026-04-16 11:06:00+00:00,2026-04-16 11:06
santa,77369,2026-04-16 11:06:00+00:00,2026-04-16 11:06
mundial,76936,2026-04-16 11:06:00+00:00,2026-04-16 11:06
carlos,75722,2026-04-16 11:06:00+00:00,2026-04-16 11:06
español,75329,2026-04-16 11:06:00+00:00,2026-04-16 11:06
congreso,75107,2026-04-16 11:06:00+00:00,2026-04-16 11:06
internacional,462172,2026-04-16 11:37:00+00:00,2026-04-16 11:37
irán,327324,2026-04-16 11:37:00+00:00,2026-04-16 11:37
guerra,287413,2026-04-16 11:37:00+00:00,2026-04-16 11:37
trump,263615,2026-04-16 11:37:00+00:00,2026-04-16 11:37
sánchez,174588,2026-04-16 11:37:00+00:00,2026-04-16 11:37
israel,140823,2026-04-16 11:37:00+00:00,2026-04-16 11:37
guerra irán,126939,2026-04-16 11:37:00+00:00,2026-04-16 11:37
málaga,124578,2026-04-16 11:37:00+00:00,2026-04-16 11:37
diario,106061,2026-04-16 11:37:00+00:00,2026-04-16 11:37
ormuz,103326,2026-04-16 11:37:00+00:00,2026-04-16 11:37
final,95928,2026-04-16 11:37:00+00:00,2026-04-16 11:37
china,89960,2026-04-16 11:37:00+00:00,2026-04-16 11:37
aragón,84566,2026-04-16 11:37:00+00:00,2026-04-16 11:37
elecciones,80771,2026-04-16 11:37:00+00:00,2026-04-16 11:37
muere,78408,2026-04-16 11:37:00+00:00,2026-04-16 11:37
santa,77319,2026-04-16 11:37:00+00:00,2026-04-16 11:37
mundial,77050,2026-04-16 11:37:00+00:00,2026-04-16 11:37
carlos,75427,2026-04-16 11:37:00+00:00,2026-04-16 11:37
español,75353,2026-04-16 11:37:00+00:00,2026-04-16 11:37
congreso,74944,2026-04-16 11:37:00+00:00,2026-04-16 11:37
internacional,463513,2026-04-16 12:07:00+00:00,2026-04-16 12:07
irán,326807,2026-04-16 12:07:00+00:00,2026-04-16 12:07
guerra,287628,2026-04-16 12:07:00+00:00,2026-04-16 12:07
trump,263426,2026-04-16 12:07:00+00:00,2026-04-16 12:07
sánchez,173327,2026-04-16 12:07:00+00:00,2026-04-16 12:07
israel,141138,2026-04-16 12:07:00+00:00,2026-04-16 12:07
guerra irán,127174,2026-04-16 12:07:00+00:00,2026-04-16 12:07
málaga,124371,2026-04-16 12:07:00+00:00,2026-04-16 12:07
diario,106022,2026-04-16 12:07:00+00:00,2026-04-16 12:07
ormuz,102941,2026-04-16 12:07:00+00:00,2026-04-16 12:07
final,96669,2026-04-16 12:07:00+00:00,2026-04-16 12:07
china,89893,2026-04-16 12:07:00+00:00,2026-04-16 12:07
aragón,84004,2026-04-16 12:07:00+00:00,2026-04-16 12:07
elecciones,79800,2026-04-16 12:07:00+00:00,2026-04-16 12:07
muere,78811,2026-04-16 12:07:00+00:00,2026-04-16 12:07
santa,77161,2026-04-16 12:07:00+00:00,2026-04-16 12:07
mundial,76932,2026-04-16 12:07:00+00:00,2026-04-16 12:07
español,75487,2026-04-16 12:07:00+00:00,2026-04-16 12:07
carlos,74965,2026-04-16 12:07:00+00:00,2026-04-16 12:07
congreso,74936,2026-04-16 12:07:00+00:00,2026-04-16 12:07
internacional,463911,2026-04-16 12:36:00+00:00,2026-04-16 12:36
irán,327350,2026-04-16 12:36:00+00:00,2026-04-16 12:36
guerra,288814,2026-04-16 12:36:00+00:00,2026-04-16 12:36
trump,263703,2026-04-16 12:36:00+00:00,2026-04-16 12:36
sánchez,173002,2026-04-16 12:36:00+00:00,2026-04-16 12:36
israel,141761,2026-04-16 12:36:00+00:00,2026-04-16 12:36
guerra irán,127556,2026-04-16 12:36:00+00:00,2026-04-16 12:36
málaga,124246,2026-04-16 12:36:00+00:00,2026-04-16 12:36
diario,106575,2026-04-16 12:36:00+00:00,2026-04-16 12:36
ormuz,103581,2026-04-16 12:36:00+00:00,2026-04-16 12:36
final,97339,2026-04-16 12:36:00+00:00,2026-04-16 12:36
china,89507,2026-04-16 12:36:00+00:00,2026-04-16 12:36
aragón,84432,2026-04-16 12:36:00+00:00,2026-04-16 12:36
elecciones,79622,2026-04-16 12:36:00+00:00,2026-04-16 12:36
muere,78679,2026-04-16 12:36:00+00:00,2026-04-16 12:36
santa,77168,2026-04-16 12:36:00+00:00,2026-04-16 12:36
mundial,77076,2026-04-16 12:36:00+00:00,2026-04-16 12:36
español,75652,2026-04-16 12:36:00+00:00,2026-04-16 12:36
congreso,75344,2026-04-16 12:36:00+00:00,2026-04-16 12:36
carlos,74851,2026-04-16 12:36:00+00:00,2026-04-16 12:36
internacional,463893,2026-04-16 13:06:00+00:00,2026-04-16 13:06
irán,327258,2026-04-16 13:06:00+00:00,2026-04-16 13:06
guerra,290240,2026-04-16 13:06:00+00:00,2026-04-16 13:06
trump,263242,2026-04-16 13:06:00+00:00,2026-04-16 13:06
sánchez,174650,2026-04-16 13:06:00+00:00,2026-04-16 13:06
israel,141516,2026-04-16 13:06:00+00:00,2026-04-16 13:06
guerra irán,128020,2026-04-16 13:06:00+00:00,2026-04-16 13:06
málaga,124146,2026-04-16 13:06:00+00:00,2026-04-16 13:06
diario,106382,2026-04-16 13:06:00+00:00,2026-04-16 13:06
ormuz,103598,2026-04-16 13:06:00+00:00,2026-04-16 13:06
final,98613,2026-04-16 13:06:00+00:00,2026-04-16 13:06
china,88864,2026-04-16 13:06:00+00:00,2026-04-16 13:06
aragón,84487,2026-04-16 13:06:00+00:00,2026-04-16 13:06
elecciones,79451,2026-04-16 13:06:00+00:00,2026-04-16 13:06
muere,79240,2026-04-16 13:06:00+00:00,2026-04-16 13:06
santa,76942,2026-04-16 13:06:00+00:00,2026-04-16 13:06
mundial,76478,2026-04-16 13:06:00+00:00,2026-04-16 13:06
español,75276,2026-04-16 13:06:00+00:00,2026-04-16 13:06
congreso,75251,2026-04-16 13:06:00+00:00,2026-04-16 13:06
internacional,467749,2026-04-16 13:36:00+00:00,2026-04-16 13:36
irán,327218,2026-04-16 13:36:00+00:00,2026-04-16 13:36
guerra,289842,2026-04-16 13:36:00+00:00,2026-04-16 13:36
trump,263228,2026-04-16 13:36:00+00:00,2026-04-16 13:36
sánchez,174752,2026-04-16 13:36:00+00:00,2026-04-16 13:36
israel,141351,2026-04-16 13:36:00+00:00,2026-04-16 13:36
guerra irán,127657,2026-04-16 13:36:00+00:00,2026-04-16 13:36
málaga,123847,2026-04-16 13:36:00+00:00,2026-04-16 13:36
diario,106764,2026-04-16 13:36:00+00:00,2026-04-16 13:36
ormuz,103590,2026-04-16 13:36:00+00:00,2026-04-16 13:36
final,98950,2026-04-16 13:36:00+00:00,2026-04-16 13:36
china,88544,2026-04-16 13:36:00+00:00,2026-04-16 13:36
aragón,84833,2026-04-16 13:36:00+00:00,2026-04-16 13:36
elecciones,79975,2026-04-16 13:36:00+00:00,2026-04-16 13:36
muere,79229,2026-04-16 13:36:00+00:00,2026-04-16 13:36
santa,76908,2026-04-16 13:36:00+00:00,2026-04-16 13:36
mundial,76533,2026-04-16 13:36:00+00:00,2026-04-16 13:36
congreso,75480,2026-04-16 13:36:00+00:00,2026-04-16 13:36
internacional,464440,2026-04-16 14:06:00+00:00,2026-04-16 14:06
irán,327984,2026-04-16 14:06:00+00:00,2026-04-16 14:06
guerra,289795,2026-04-16 14:06:00+00:00,2026-04-16 14:06
trump,263513,2026-04-16 14:06:00+00:00,2026-04-16 14:06
sánchez,175430,2026-04-16 14:06:00+00:00,2026-04-16 14:06
israel,141337,2026-04-16 14:06:00+00:00,2026-04-16 14:06
guerra irán,127618,2026-04-16 14:06:00+00:00,2026-04-16 14:06
málaga,124335,2026-04-16 14:06:00+00:00,2026-04-16 14:06
diario,106666,2026-04-16 14:06:00+00:00,2026-04-16 14:06
ormuz,103778,2026-04-16 14:06:00+00:00,2026-04-16 14:06
final,98801,2026-04-16 14:06:00+00:00,2026-04-16 14:06
china,88413,2026-04-16 14:06:00+00:00,2026-04-16 14:06
aragón,85386,2026-04-16 14:06:00+00:00,2026-04-16 14:06
elecciones,80449,2026-04-16 14:06:00+00:00,2026-04-16 14:06
muere,79615,2026-04-16 14:06:00+00:00,2026-04-16 14:06
santa,76788,2026-04-16 14:06:00+00:00,2026-04-16 14:06
mundial,76272,2026-04-16 14:06:00+00:00,2026-04-16 14:06
congreso,75817,2026-04-16 14:06:00+00:00,2026-04-16 14:06
español,75211,2026-04-16 14:06:00+00:00,2026-04-16 14:06
internacional,467857,2026-04-16 14:36:00+00:00,2026-04-16 14:36
irán,327252,2026-04-16 14:36:00+00:00,2026-04-16 14:36
guerra,289889,2026-04-16 14:36:00+00:00,2026-04-16 14:36
trump,262992,2026-04-16 14:36:00+00:00,2026-04-16 14:36
sánchez,174997,2026-04-16 14:36:00+00:00,2026-04-16 14:36
israel,141099,2026-04-16 14:36:00+00:00,2026-04-16 14:36
guerra irán,127643,2026-04-16 14:36:00+00:00,2026-04-16 14:36
málaga,123467,2026-04-16 14:36:00+00:00,2026-04-16 14:36
diario,107120,2026-04-16 14:36:00+00:00,2026-04-16 14:36
ormuz,103607,2026-04-16 14:36:00+00:00,2026-04-16 14:36
final,98534,2026-04-16 14:36:00+00:00,2026-04-16 14:36
china,88801,2026-04-16 14:36:00+00:00,2026-04-16 14:36
aragón,85523,2026-04-16 14:36:00+00:00,2026-04-16 14:36
muere,79906,2026-04-16 14:36:00+00:00,2026-04-16 14:36
elecciones,79782,2026-04-16 14:36:00+00:00,2026-04-16 14:36
santa,76709,2026-04-16 14:36:00+00:00,2026-04-16 14:36
mundial,76029,2026-04-16 14:36:00+00:00,2026-04-16 14:36
congreso,75947,2026-04-16 14:36:00+00:00,2026-04-16 14:36
internacional,467499,2026-04-16 15:06:00+00:00,2026-04-16 15:06
irán,326837,2026-04-16 15:06:00+00:00,2026-04-16 15:06
guerra,289270,2026-04-16 15:06:00+00:00,2026-04-16 15:06
trump,262225,2026-04-16 15:06:00+00:00,2026-04-16 15:06
sánchez,175166,2026-04-16 15:06:00+00:00,2026-04-16 15:06
israel,140734,2026-04-16 15:06:00+00:00,2026-04-16 15:06
guerra irán,127625,2026-04-16 15:06:00+00:00,2026-04-16 15:06
málaga,124723,2026-04-16 15:06:00+00:00,2026-04-16 15:06
diario,107472,2026-04-16 15:06:00+00:00,2026-04-16 15:06
ormuz,103375,2026-04-16 15:06:00+00:00,2026-04-16 15:06
final,98892,2026-04-16 15:06:00+00:00,2026-04-16 15:06
china,88704,2026-04-16 15:06:00+00:00,2026-04-16 15:06
aragón,85218,2026-04-16 15:06:00+00:00,2026-04-16 15:06
muere,80305,2026-04-16 15:06:00+00:00,2026-04-16 15:06
elecciones,79787,2026-04-16 15:06:00+00:00,2026-04-16 15:06
santa,76822,2026-04-16 15:06:00+00:00,2026-04-16 15:06
mundial,75730,2026-04-16 15:06:00+00:00,2026-04-16 15:06
congreso,75701,2026-04-16 15:06:00+00:00,2026-04-16 15:06
ia,75331,2026-04-16 15:06:00+00:00,2026-04-16 15:06
internacional,467295,2026-04-16 15:36:00+00:00,2026-04-16 15:36
irán,327177,2026-04-16 15:36:00+00:00,2026-04-16 15:36
guerra,289267,2026-04-16 15:36:00+00:00,2026-04-16 15:36
trump,262578,2026-04-16 15:36:00+00:00,2026-04-16 15:36
sánchez,174889,2026-04-16 15:36:00+00:00,2026-04-16 15:36
israel,140715,2026-04-16 15:36:00+00:00,2026-04-16 15:36
guerra irán,127622,2026-04-16 15:36:00+00:00,2026-04-16 15:36
málaga,125207,2026-04-16 15:36:00+00:00,2026-04-16 15:36
diario,107109,2026-04-16 15:36:00+00:00,2026-04-16 15:36
ormuz,103450,2026-04-16 15:36:00+00:00,2026-04-16 15:36
final,98953,2026-04-16 15:36:00+00:00,2026-04-16 15:36
china,89146,2026-04-16 15:36:00+00:00,2026-04-16 15:36
aragón,85479,2026-04-16 15:36:00+00:00,2026-04-16 15:36
muere,81589,2026-04-16 15:36:00+00:00,2026-04-16 15:36
elecciones,79793,2026-04-16 15:36:00+00:00,2026-04-16 15:36
santa,77025,2026-04-16 15:36:00+00:00,2026-04-16 15:36
congreso,75695,2026-04-16 15:36:00+00:00,2026-04-16 15:36
mundial,75526,2026-04-16 15:36:00+00:00,2026-04-16 15:36
ia,75335,2026-04-16 15:36:00+00:00,2026-04-16 15:36
internacional,467601,2026-04-16 16:06:00+00:00,2026-04-16 16:06
irán,327442,2026-04-16 16:06:00+00:00,2026-04-16 16:06
guerra,289699,2026-04-16 16:06:00+00:00,2026-04-16 16:06
trump,263479,2026-04-16 16:06:00+00:00,2026-04-16 16:06
sánchez,174873,2026-04-16 16:06:00+00:00,2026-04-16 16:06
israel,141592,2026-04-16 16:06:00+00:00,2026-04-16 16:06
guerra irán,128019,2026-04-16 16:06:00+00:00,2026-04-16 16:06
málaga,125292,2026-04-16 16:06:00+00:00,2026-04-16 16:06
diario,106837,2026-04-16 16:06:00+00:00,2026-04-16 16:06
ormuz,103625,2026-04-16 16:06:00+00:00,2026-04-16 16:06
final,98535,2026-04-16 16:06:00+00:00,2026-04-16 16:06
china,88832,2026-04-16 16:06:00+00:00,2026-04-16 16:06
aragón,85984,2026-04-16 16:06:00+00:00,2026-04-16 16:06
muere,83261,2026-04-16 16:06:00+00:00,2026-04-16 16:06
elecciones,79800,2026-04-16 16:06:00+00:00,2026-04-16 16:06
santa,77197,2026-04-16 16:06:00+00:00,2026-04-16 16:06
ia,75634,2026-04-16 16:06:00+00:00,2026-04-16 16:06
mundial,75465,2026-04-16 16:06:00+00:00,2026-04-16 16:06
congreso,75173,2026-04-16 16:06:00+00:00,2026-04-16 16:06
internacional,467684,2026-04-16 16:36:00+00:00,2026-04-16 16:36
irán,328020,2026-04-16 16:36:00+00:00,2026-04-16 16:36
guerra,290043,2026-04-16 16:36:00+00:00,2026-04-16 16:36
trump,264040,2026-04-16 16:36:00+00:00,2026-04-16 16:36
sánchez,174599,2026-04-16 16:36:00+00:00,2026-04-16 16:36
israel,142124,2026-04-16 16:36:00+00:00,2026-04-16 16:36
guerra irán,128218,2026-04-16 16:36:00+00:00,2026-04-16 16:36
málaga,126006,2026-04-16 16:36:00+00:00,2026-04-16 16:36
diario,106769,2026-04-16 16:36:00+00:00,2026-04-16 16:36
ormuz,104248,2026-04-16 16:36:00+00:00,2026-04-16 16:36
final,98101,2026-04-16 16:36:00+00:00,2026-04-16 16:36
china,88486,2026-04-16 16:36:00+00:00,2026-04-16 16:36
aragón,86602,2026-04-16 16:36:00+00:00,2026-04-16 16:36
muere,83709,2026-04-16 16:36:00+00:00,2026-04-16 16:36
elecciones,79705,2026-04-16 16:36:00+00:00,2026-04-16 16:36
santa,77299,2026-04-16 16:36:00+00:00,2026-04-16 16:36
ia,76342,2026-04-16 16:36:00+00:00,2026-04-16 16:36
congreso,76092,2026-04-16 16:36:00+00:00,2026-04-16 16:36
mundial,75133,2026-04-16 16:36:00+00:00,2026-04-16 16:36
internacional,464687,2026-04-16 17:06:00+00:00,2026-04-16 17:06
irán,328418,2026-04-16 17:06:00+00:00,2026-04-16 17:06
guerra,290148,2026-04-16 17:06:00+00:00,2026-04-16 17:06
trump,264593,2026-04-16 17:06:00+00:00,2026-04-16 17:06
sánchez,174778,2026-04-16 17:06:00+00:00,2026-04-16 17:06
israel,141897,2026-04-16 17:06:00+00:00,2026-04-16 17:06
guerra irán,128343,2026-04-16 17:06:00+00:00,2026-04-16 17:06
málaga,126807,2026-04-16 17:06:00+00:00,2026-04-16 17:06
diario,106678,2026-04-16 17:06:00+00:00,2026-04-16 17:06
ormuz,104098,2026-04-16 17:06:00+00:00,2026-04-16 17:06
final,97958,2026-04-16 17:06:00+00:00,2026-04-16 17:06
china,88456,2026-04-16 17:06:00+00:00,2026-04-16 17:06
aragón,86018,2026-04-16 17:06:00+00:00,2026-04-16 17:06
muere,84819,2026-04-16 17:06:00+00:00,2026-04-16 17:06
elecciones,80380,2026-04-16 17:06:00+00:00,2026-04-16 17:06
santa,77346,2026-04-16 17:06:00+00:00,2026-04-16 17:06
ia,76920,2026-04-16 17:06:00+00:00,2026-04-16 17:06
congreso,76231,2026-04-16 17:06:00+00:00,2026-04-16 17:06
mundial,75326,2026-04-16 17:06:00+00:00,2026-04-16 17:06
muerte,75013,2026-04-16 17:06:00+00:00,2026-04-16 17:06
internacional,468816,2026-04-16 17:36:00+00:00,2026-04-16 17:36
irán,327774,2026-04-16 17:36:00+00:00,2026-04-16 17:36
guerra,290452,2026-04-16 17:36:00+00:00,2026-04-16 17:36
trump,264937,2026-04-16 17:36:00+00:00,2026-04-16 17:36
sánchez,174588,2026-04-16 17:36:00+00:00,2026-04-16 17:36
israel,141989,2026-04-16 17:36:00+00:00,2026-04-16 17:36
guerra irán,128441,2026-04-16 17:36:00+00:00,2026-04-16 17:36
málaga,126281,2026-04-16 17:36:00+00:00,2026-04-16 17:36
diario,106946,2026-04-16 17:36:00+00:00,2026-04-16 17:36
ormuz,104291,2026-04-16 17:36:00+00:00,2026-04-16 17:36
final,98247,2026-04-16 17:36:00+00:00,2026-04-16 17:36
china,88659,2026-04-16 17:36:00+00:00,2026-04-16 17:36
aragón,86346,2026-04-16 17:36:00+00:00,2026-04-16 17:36
muere,85001,2026-04-16 17:36:00+00:00,2026-04-16 17:36
elecciones,79715,2026-04-16 17:36:00+00:00,2026-04-16 17:36
ia,77702,2026-04-16 17:36:00+00:00,2026-04-16 17:36
santa,77458,2026-04-16 17:36:00+00:00,2026-04-16 17:36
congreso,76146,2026-04-16 17:36:00+00:00,2026-04-16 17:36
mundial,75229,2026-04-16 17:36:00+00:00,2026-04-16 17:36
muerte,74900,2026-04-16 17:36:00+00:00,2026-04-16 17:36
internacional,466520,2026-04-16 18:06:00+00:00,2026-04-16 18:06
irán,328314,2026-04-16 18:06:00+00:00,2026-04-16 18:06
guerra,290616,2026-04-16 18:06:00+00:00,2026-04-16 18:06
trump,265075,2026-04-16 18:06:00+00:00,2026-04-16 18:06
sánchez,175089,2026-04-16 18:06:00+00:00,2026-04-16 18:06
israel,142396,2026-04-16 18:06:00+00:00,2026-04-16 18:06
guerra irán,128477,2026-04-16 18:06:00+00:00,2026-04-16 18:06
málaga,127150,2026-04-16 18:06:00+00:00,2026-04-16 18:06
diario,106753,2026-04-16 18:06:00+00:00,2026-04-16 18:06
ormuz,104431,2026-04-16 18:06:00+00:00,2026-04-16 18:06
final,98345,2026-04-16 18:06:00+00:00,2026-04-16 18:06
china,88439,2026-04-16 18:06:00+00:00,2026-04-16 18:06
muere,86158,2026-04-16 18:06:00+00:00,2026-04-16 18:06
aragón,85978,2026-04-16 18:06:00+00:00,2026-04-16 18:06
elecciones,80094,2026-04-16 18:06:00+00:00,2026-04-16 18:06
santa,77371,2026-04-16 18:06:00+00:00,2026-04-16 18:06
ia,77121,2026-04-16 18:06:00+00:00,2026-04-16 18:06
congreso,76023,2026-04-16 18:06:00+00:00,2026-04-16 18:06
mundial,75457,2026-04-16 18:06:00+00:00,2026-04-16 18:06
líbano,74985,2026-04-16 18:06:00+00:00,2026-04-16 18:06
internacional,467652,2026-04-16 18:36:00+00:00,2026-04-16 18:36
irán,328393,2026-04-16 18:36:00+00:00,2026-04-16 18:36
guerra,291259,2026-04-16 18:36:00+00:00,2026-04-16 18:36
trump,265800,2026-04-16 18:36:00+00:00,2026-04-16 18:36
sánchez,174755,2026-04-16 18:36:00+00:00,2026-04-16 18:36
israel,142897,2026-04-16 18:36:00+00:00,2026-04-16 18:36
guerra irán,128431,2026-04-16 18:36:00+00:00,2026-04-16 18:36
málaga,126824,2026-04-16 18:36:00+00:00,2026-04-16 18:36
diario,106664,2026-04-16 18:36:00+00:00,2026-04-16 18:36
ormuz,104647,2026-04-16 18:36:00+00:00,2026-04-16 18:36
final,98426,2026-04-16 18:36:00+00:00,2026-04-16 18:36
china,88545,2026-04-16 18:36:00+00:00,2026-04-16 18:36
muere,86245,2026-04-16 18:36:00+00:00,2026-04-16 18:36
aragón,85943,2026-04-16 18:36:00+00:00,2026-04-16 18:36
elecciones,79187,2026-04-16 18:36:00+00:00,2026-04-16 18:36
santa,77510,2026-04-16 18:36:00+00:00,2026-04-16 18:36
ia,77434,2026-04-16 18:36:00+00:00,2026-04-16 18:36
congreso,75468,2026-04-16 18:36:00+00:00,2026-04-16 18:36
ue,75320,2026-04-16 18:36:00+00:00,2026-04-16 18:36
líbano,75128,2026-04-16 18:36:00+00:00,2026-04-16 18:36
internacional,472200,2026-04-16 19:07:00+00:00,2026-04-16 19:07
irán,329027,2026-04-16 19:07:00+00:00,2026-04-16 19:07
guerra,290978,2026-04-16 19:07:00+00:00,2026-04-16 19:07
trump,266159,2026-04-16 19:07:00+00:00,2026-04-16 19:07
sánchez,175070,2026-04-16 19:07:00+00:00,2026-04-16 19:07
israel,143056,2026-04-16 19:07:00+00:00,2026-04-16 19:07
guerra irán,128464,2026-04-16 19:07:00+00:00,2026-04-16 19:07
málaga,126097,2026-04-16 19:07:00+00:00,2026-04-16 19:07
diario,106933,2026-04-16 19:07:00+00:00,2026-04-16 19:07
ormuz,104416,2026-04-16 19:07:00+00:00,2026-04-16 19:07
final,98485,2026-04-16 19:07:00+00:00,2026-04-16 19:07
china,88183,2026-04-16 19:07:00+00:00,2026-04-16 19:07
aragón,86439,2026-04-16 19:07:00+00:00,2026-04-16 19:07
muere,86389,2026-04-16 19:07:00+00:00,2026-04-16 19:07
elecciones,79122,2026-04-16 19:07:00+00:00,2026-04-16 19:07
santa,77496,2026-04-16 19:07:00+00:00,2026-04-16 19:07
ia,77460,2026-04-16 19:07:00+00:00,2026-04-16 19:07
líbano,76052,2026-04-16 19:07:00+00:00,2026-04-16 19:07
ue,75237,2026-04-16 19:07:00+00:00,2026-04-16 19:07
congreso,75137,2026-04-16 19:07:00+00:00,2026-04-16 19:07
internacional,468825,2026-04-16 19:36:00+00:00,2026-04-16 19:36
irán,330144,2026-04-16 19:36:00+00:00,2026-04-16 19:36
guerra,292364,2026-04-16 19:36:00+00:00,2026-04-16 19:36
trump,268249,2026-04-16 19:36:00+00:00,2026-04-16 19:36
sánchez,175158,2026-04-16 19:36:00+00:00,2026-04-16 19:36
israel,143192,2026-04-16 19:36:00+00:00,2026-04-16 19:36
guerra irán,128943,2026-04-16 19:36:00+00:00,2026-04-16 19:36
málaga,126736,2026-04-16 19:36:00+00:00,2026-04-16 19:36
diario,106678,2026-04-16 19:36:00+00:00,2026-04-16 19:36
ormuz,104904,2026-04-16 19:36:00+00:00,2026-04-16 19:36
final,98546,2026-04-16 19:36:00+00:00,2026-04-16 19:36
china,88244,2026-04-16 19:36:00+00:00,2026-04-16 19:36
muere,87195,2026-04-16 19:36:00+00:00,2026-04-16 19:36
aragón,86411,2026-04-16 19:36:00+00:00,2026-04-16 19:36
elecciones,79205,2026-04-16 19:36:00+00:00,2026-04-16 19:36
santa,77720,2026-04-16 19:36:00+00:00,2026-04-16 19:36
ia,77184,2026-04-16 19:36:00+00:00,2026-04-16 19:36
ue,76319,2026-04-16 19:36:00+00:00,2026-04-16 19:36
líbano,76045,2026-04-16 19:36:00+00:00,2026-04-16 19:36
internacional,467689,2026-04-16 20:06:00+00:00,2026-04-16 20:06
irán,330887,2026-04-16 20:06:00+00:00,2026-04-16 20:06
guerra,292641,2026-04-16 20:06:00+00:00,2026-04-16 20:06
trump,267907,2026-04-16 20:06:00+00:00,2026-04-16 20:06
sánchez,174799,2026-04-16 20:06:00+00:00,2026-04-16 20:06
israel,143322,2026-04-16 20:06:00+00:00,2026-04-16 20:06
guerra irán,129156,2026-04-16 20:06:00+00:00,2026-04-16 20:06
málaga,127194,2026-04-16 20:06:00+00:00,2026-04-16 20:06
diario,106799,2026-04-16 20:06:00+00:00,2026-04-16 20:06
ormuz,104758,2026-04-16 20:06:00+00:00,2026-04-16 20:06
final,99410,2026-04-16 20:06:00+00:00,2026-04-16 20:06
china,88325,2026-04-16 20:06:00+00:00,2026-04-16 20:06
aragón,86103,2026-04-16 20:06:00+00:00,2026-04-16 20:06
muere,86001,2026-04-16 20:06:00+00:00,2026-04-16 20:06
elecciones,80159,2026-04-16 20:06:00+00:00,2026-04-16 20:06
santa,77559,2026-04-16 20:06:00+00:00,2026-04-16 20:06
ia,77213,2026-04-16 20:06:00+00:00,2026-04-16 20:06
ue,76541,2026-04-16 20:06:00+00:00,2026-04-16 20:06
líbano,76416,2026-04-16 20:06:00+00:00,2026-04-16 20:06
internacional,471421,2026-04-16 20:36:00+00:00,2026-04-16 20:36
irán,329967,2026-04-16 20:36:00+00:00,2026-04-16 20:36
guerra,292429,2026-04-16 20:36:00+00:00,2026-04-16 20:36
trump,267409,2026-04-16 20:36:00+00:00,2026-04-16 20:36
sánchez,174434,2026-04-16 20:36:00+00:00,2026-04-16 20:36
israel,143142,2026-04-16 20:36:00+00:00,2026-04-16 20:36
guerra irán,128949,2026-04-16 20:36:00+00:00,2026-04-16 20:36
málaga,126729,2026-04-16 20:36:00+00:00,2026-04-16 20:36
diario,106864,2026-04-16 20:36:00+00:00,2026-04-16 20:36
ormuz,104482,2026-04-16 20:36:00+00:00,2026-04-16 20:36
final,99635,2026-04-16 20:36:00+00:00,2026-04-16 20:36
china,88180,2026-04-16 20:36:00+00:00,2026-04-16 20:36
aragón,86544,2026-04-16 20:36:00+00:00,2026-04-16 20:36
muere,86155,2026-04-16 20:36:00+00:00,2026-04-16 20:36
elecciones,79495,2026-04-16 20:36:00+00:00,2026-04-16 20:36
ia,77698,2026-04-16 20:36:00+00:00,2026-04-16 20:36
santa,77518,2026-04-16 20:36:00+00:00,2026-04-16 20:36
ue,76914,2026-04-16 20:36:00+00:00,2026-04-16 20:36
líbano,76527,2026-04-16 20:36:00+00:00,2026-04-16 20:36
internacional,471812,2026-04-16 21:06:00+00:00,2026-04-16 21:06
irán,329938,2026-04-16 21:06:00+00:00,2026-04-16 21:06
guerra,292454,2026-04-16 21:06:00+00:00,2026-04-16 21:06
trump,268010,2026-04-16 21:06:00+00:00,2026-04-16 21:06
sánchez,174372,2026-04-16 21:06:00+00:00,2026-04-16 21:06
israel,143322,2026-04-16 21:06:00+00:00,2026-04-16 21:06
guerra irán,128957,2026-04-16 21:06:00+00:00,2026-04-16 21:06
málaga,126515,2026-04-16 21:06:00+00:00,2026-04-16 21:06
diario,107017,2026-04-16 21:06:00+00:00,2026-04-16 21:06
ormuz,104382,2026-04-16 21:06:00+00:00,2026-04-16 21:06
final,99741,2026-04-16 21:06:00+00:00,2026-04-16 21:06
china,88067,2026-04-16 21:06:00+00:00,2026-04-16 21:06
aragón,86549,2026-04-16 21:06:00+00:00,2026-04-16 21:06
muere,85984,2026-04-16 21:06:00+00:00,2026-04-16 21:06
elecciones,79499,2026-04-16 21:06:00+00:00,2026-04-16 21:06
ia,77701,2026-04-16 21:06:00+00:00,2026-04-16 21:06
santa,77520,2026-04-16 21:06:00+00:00,2026-04-16 21:06
ue,77138,2026-04-16 21:06:00+00:00,2026-04-16 21:06
líbano,76793,2026-04-16 21:06:00+00:00,2026-04-16 21:06
internacional,473192,2026-04-16 21:36:00+00:00,2026-04-16 21:36
irán,329936,2026-04-16 21:36:00+00:00,2026-04-16 21:36
guerra,292794,2026-04-16 21:36:00+00:00,2026-04-16 21:36
trump,268304,2026-04-16 21:36:00+00:00,2026-04-16 21:36
sánchez,174289,2026-04-16 21:36:00+00:00,2026-04-16 21:36
israel,143601,2026-04-16 21:36:00+00:00,2026-04-16 21:36
guerra irán,129028,2026-04-16 21:36:00+00:00,2026-04-16 21:36
málaga,126111,2026-04-16 21:36:00+00:00,2026-04-16 21:36
diario,106870,2026-04-16 21:36:00+00:00,2026-04-16 21:36
ormuz,104701,2026-04-16 21:36:00+00:00,2026-04-16 21:36
final,99758,2026-04-16 21:36:00+00:00,2026-04-16 21:36
china,88071,2026-04-16 21:36:00+00:00,2026-04-16 21:36
aragón,86382,2026-04-16 21:36:00+00:00,2026-04-16 21:36
muere,85795,2026-04-16 21:36:00+00:00,2026-04-16 21:36
elecciones,79503,2026-04-16 21:36:00+00:00,2026-04-16 21:36
ia,77704,2026-04-16 21:36:00+00:00,2026-04-16 21:36
santa,77522,2026-04-16 21:36:00+00:00,2026-04-16 21:36
ue,77084,2026-04-16 21:36:00+00:00,2026-04-16 21:36
líbano,76797,2026-04-16 21:36:00+00:00,2026-04-16 21:36
the,76017,2026-04-16 21:36:00+00:00,2026-04-16 21:36
internacional,472782,2026-04-16 22:07:00+00:00,2026-04-16 22:07
irán,330212,2026-04-16 22:07:00+00:00,2026-04-16 22:07
guerra,292845,2026-04-16 22:07:00+00:00,2026-04-16 22:07
trump,268364,2026-04-16 22:07:00+00:00,2026-04-16 22:07
sánchez,174168,2026-04-16 22:07:00+00:00,2026-04-16 22:07
israel,143664,2026-04-16 22:07:00+00:00,2026-04-16 22:07
guerra irán,129292,2026-04-16 22:07:00+00:00,2026-04-16 22:07
málaga,126205,2026-04-16 22:07:00+00:00,2026-04-16 22:07
diario,107246,2026-04-16 22:07:00+00:00,2026-04-16 22:07
ormuz,104474,2026-04-16 22:07:00+00:00,2026-04-16 22:07
final,99435,2026-04-16 22:07:00+00:00,2026-04-16 22:07
china,87866,2026-04-16 22:07:00+00:00,2026-04-16 22:07
aragón,86383,2026-04-16 22:07:00+00:00,2026-04-16 22:07
muere,85726,2026-04-16 22:07:00+00:00,2026-04-16 22:07
elecciones,79364,2026-04-16 22:07:00+00:00,2026-04-16 22:07
santa,78040,2026-04-16 22:07:00+00:00,2026-04-16 22:07
ia,77605,2026-04-16 22:07:00+00:00,2026-04-16 22:07
líbano,77363,2026-04-16 22:07:00+00:00,2026-04-16 22:07
ue,77087,2026-04-16 22:07:00+00:00,2026-04-16 22:07
the,76607,2026-04-16 22:07:00+00:00,2026-04-16 22:07
internacional,472606,2026-04-16 22:36:00+00:00,2026-04-16 22:36
irán,330090,2026-04-16 22:36:00+00:00,2026-04-16 22:36
guerra,293107,2026-04-16 22:36:00+00:00,2026-04-16 22:36
trump,267840,2026-04-16 22:36:00+00:00,2026-04-16 22:36
sánchez,174051,2026-04-16 22:36:00+00:00,2026-04-16 22:36
israel,143603,2026-04-16 22:36:00+00:00,2026-04-16 22:36
guerra irán,129398,2026-04-16 22:36:00+00:00,2026-04-16 22:36
málaga,125751,2026-04-16 22:36:00+00:00,2026-04-16 22:36
diario,107369,2026-04-16 22:36:00+00:00,2026-04-16 22:36
ormuz,104479,2026-04-16 22:36:00+00:00,2026-04-16 22:36
final,99242,2026-04-16 22:36:00+00:00,2026-04-16 22:36
china,87636,2026-04-16 22:36:00+00:00,2026-04-16 22:36
aragón,86385,2026-04-16 22:36:00+00:00,2026-04-16 22:36
muere,85728,2026-04-16 22:36:00+00:00,2026-04-16 22:36
elecciones,79366,2026-04-16 22:36:00+00:00,2026-04-16 22:36
santa,78043,2026-04-16 22:36:00+00:00,2026-04-16 22:36
líbano,77614,2026-04-16 22:36:00+00:00,2026-04-16 22:36
ia,77424,2026-04-16 22:36:00+00:00,2026-04-16 22:36
ue,76948,2026-04-16 22:36:00+00:00,2026-04-16 22:36
the,76789,2026-04-16 22:36:00+00:00,2026-04-16 22:36
internacional,472823,2026-04-16 23:07:00+00:00,2026-04-16 23:07
irán,330233,2026-04-16 23:07:00+00:00,2026-04-16 23:07
guerra,293209,2026-04-16 23:07:00+00:00,2026-04-16 23:07
trump,268416,2026-04-16 23:07:00+00:00,2026-04-16 23:07
sánchez,174379,2026-04-16 23:07:00+00:00,2026-04-16 23:07
israel,143822,2026-04-16 23:07:00+00:00,2026-04-16 23:07
guerra irán,129405,2026-04-16 23:07:00+00:00,2026-04-16 23:07
málaga,126773,2026-04-16 23:07:00+00:00,2026-04-16 23:07
diario,107412,2026-04-16 23:07:00+00:00,2026-04-16 23:07
ormuz,104402,2026-04-16 23:07:00+00:00,2026-04-16 23:07
final,99715,2026-04-16 23:07:00+00:00,2026-04-16 23:07
china,87436,2026-04-16 23:07:00+00:00,2026-04-16 23:07
aragón,86388,2026-04-16 23:07:00+00:00,2026-04-16 23:07
muere,85682,2026-04-16 23:07:00+00:00,2026-04-16 23:07
elecciones,79270,2026-04-16 23:07:00+00:00,2026-04-16 23:07
santa,78046,2026-04-16 23:07:00+00:00,2026-04-16 23:07
ia,77748,2026-04-16 23:07:00+00:00,2026-04-16 23:07
líbano,77617,2026-04-16 23:07:00+00:00,2026-04-16 23:07
ue,76951,2026-04-16 23:07:00+00:00,2026-04-16 23:07
the,76791,2026-04-16 23:07:00+00:00,2026-04-16 23:07
internacional,473587,2026-04-16 23:36:00+00:00,2026-04-16 23:36
irán,329998,2026-04-16 23:36:00+00:00,2026-04-16 23:36
guerra,293337,2026-04-16 23:36:00+00:00,2026-04-16 23:36
trump,269077,2026-04-16 23:36:00+00:00,2026-04-16 23:36
sánchez,174384,2026-04-16 23:36:00+00:00,2026-04-16 23:36
israel,143758,2026-04-16 23:36:00+00:00,2026-04-16 23:36
guerra irán,129374,2026-04-16 23:36:00+00:00,2026-04-16 23:36
málaga,126774,2026-04-16 23:36:00+00:00,2026-04-16 23:36
diario,107462,2026-04-16 23:36:00+00:00,2026-04-16 23:36
ormuz,104406,2026-04-16 23:36:00+00:00,2026-04-16 23:36
final,99417,2026-04-16 23:36:00+00:00,2026-04-16 23:36
china,87438,2026-04-16 23:36:00+00:00,2026-04-16 23:36
aragón,86389,2026-04-16 23:36:00+00:00,2026-04-16 23:36
muere,85443,2026-04-16 23:36:00+00:00,2026-04-16 23:36
elecciones,79271,2026-04-16 23:36:00+00:00,2026-04-16 23:36
santa,78048,2026-04-16 23:36:00+00:00,2026-04-16 23:36
ia,77749,2026-04-16 23:36:00+00:00,2026-04-16 23:36
líbano,77536,2026-04-16 23:36:00+00:00,2026-04-16 23:36
ue,76816,2026-04-16 23:36:00+00:00,2026-04-16 23:36
the,76692,2026-04-16 23:36:00+00:00,2026-04-16 23:36
internacional,473452,2026-04-17 00:06:00+00:00,2026-04-17 00:06
irán,329745,2026-04-17 00:06:00+00:00,2026-04-17 00:06
guerra,293117,2026-04-17 00:06:00+00:00,2026-04-17 00:06
trump,268719,2026-04-17 00:06:00+00:00,2026-04-17 00:06
sánchez,174319,2026-04-17 00:06:00+00:00,2026-04-17 00:06
israel,144074,2026-04-17 00:06:00+00:00,2026-04-17 00:06
guerra irán,129311,2026-04-17 00:06:00+00:00,2026-04-17 00:06
málaga,126775,2026-04-17 00:06:00+00:00,2026-04-17 00:06
diario,107716,2026-04-17 00:06:00+00:00,2026-04-17 00:06
ormuz,104387,2026-04-17 00:06:00+00:00,2026-04-17 00:06
final,99317,2026-04-17 00:06:00+00:00,2026-04-17 00:06
china,87545,2026-04-17 00:06:00+00:00,2026-04-17 00:06
aragón,86390,2026-04-17 00:06:00+00:00,2026-04-17 00:06
muere,85388,2026-04-17 00:06:00+00:00,2026-04-17 00:06
elecciones,79018,2026-04-17 00:06:00+00:00,2026-04-17 00:06
santa,78048,2026-04-17 00:06:00+00:00,2026-04-17 00:06
ia,77750,2026-04-17 00:06:00+00:00,2026-04-17 00:06
líbano,77675,2026-04-17 00:06:00+00:00,2026-04-17 00:06
the,76692,2026-04-17 00:06:00+00:00,2026-04-17 00:06
ue,76675,2026-04-17 00:06:00+00:00,2026-04-17 00:06
internacional,474060,2026-04-17 00:36:00+00:00,2026-04-17 00:36
irán,329827,2026-04-17 00:36:00+00:00,2026-04-17 00:36
guerra,293341,2026-04-17 00:36:00+00:00,2026-04-17 00:36
trump,268638,2026-04-17 00:36:00+00:00,2026-04-17 00:36
sánchez,174821,2026-04-17 00:36:00+00:00,2026-04-17 00:36
israel,144181,2026-04-17 00:36:00+00:00,2026-04-17 00:36
guerra irán,129473,2026-04-17 00:36:00+00:00,2026-04-17 00:36
málaga,126777,2026-04-17 00:36:00+00:00,2026-04-17 00:36
diario,107633,2026-04-17 00:36:00+00:00,2026-04-17 00:36
ormuz,104307,2026-04-17 00:36:00+00:00,2026-04-17 00:36
final,99623,2026-04-17 00:36:00+00:00,2026-04-17 00:36
china,87846,2026-04-17 00:36:00+00:00,2026-04-17 00:36
aragón,86392,2026-04-17 00:36:00+00:00,2026-04-17 00:36
muere,85389,2026-04-17 00:36:00+00:00,2026-04-17 00:36
elecciones,79020,2026-04-17 00:36:00+00:00,2026-04-17 00:36
santa,78049,2026-04-17 00:36:00+00:00,2026-04-17 00:36
ia,77751,2026-04-17 00:36:00+00:00,2026-04-17 00:36
líbano,77688,2026-04-17 00:36:00+00:00,2026-04-17 00:36
the,76988,2026-04-17 00:36:00+00:00,2026-04-17 00:36
ue,76872,2026-04-17 00:36:00+00:00,2026-04-17 00:36
internacional,473987,2026-04-17 01:06:00+00:00,2026-04-17 01:06
irán,329786,2026-04-17 01:06:00+00:00,2026-04-17 01:06
guerra,292964,2026-04-17 01:06:00+00:00,2026-04-17 01:06
trump,268271,2026-04-17 01:06:00+00:00,2026-04-17 01:06
sánchez,174310,2026-04-17 01:06:00+00:00,2026-04-17 01:06
israel,144332,2026-04-17 01:06:00+00:00,2026-04-17 01:06
guerra irán,129261,2026-04-17 01:06:00+00:00,2026-04-17 01:06
málaga,126777,2026-04-17 01:06:00+00:00,2026-04-17 01:06
diario,107633,2026-04-17 01:06:00+00:00,2026-04-17 01:06
ormuz,104095,2026-04-17 01:06:00+00:00,2026-04-17 01:06
final,99486,2026-04-17 01:06:00+00:00,2026-04-17 01:06
china,87665,2026-04-17 01:06:00+00:00,2026-04-17 01:06
aragón,86392,2026-04-17 01:06:00+00:00,2026-04-17 01:06
muere,85390,2026-04-17 01:06:00+00:00,2026-04-17 01:06
elecciones,78911,2026-04-17 01:06:00+00:00,2026-04-17 01:06
santa,78050,2026-04-17 01:06:00+00:00,2026-04-17 01:06
líbano,77758,2026-04-17 01:06:00+00:00,2026-04-17 01:06
ia,77752,2026-04-17 01:06:00+00:00,2026-04-17 01:06
the,77256,2026-04-17 01:06:00+00:00,2026-04-17 01:06
ue,76681,2026-04-17 01:06:00+00:00,2026-04-17 01:06
internacional,474228,2026-04-17 01:37:00+00:00,2026-04-17 01:37
irán,329828,2026-04-17 01:37:00+00:00,2026-04-17 01:37
guerra,292828,2026-04-17 01:37:00+00:00,2026-04-17 01:37
trump,268413,2026-04-17 01:37:00+00:00,2026-04-17 01:37
sánchez,174902,2026-04-17 01:37:00+00:00,2026-04-17 01:37
israel,144467,2026-04-17 01:37:00+00:00,2026-04-17 01:37
guerra irán,129173,2026-04-17 01:37:00+00:00,2026-04-17 01:37
málaga,126780,2026-04-17 01:37:00+00:00,2026-04-17 01:37
diario,107636,2026-04-17 01:37:00+00:00,2026-04-17 01:37
ormuz,104295,2026-04-17 01:37:00+00:00,2026-04-17 01:37
final,99641,2026-04-17 01:37:00+00:00,2026-04-17 01:37
china,87541,2026-04-17 01:37:00+00:00,2026-04-17 01:37
aragón,86394,2026-04-17 01:37:00+00:00,2026-04-17 01:37
muere,85390,2026-04-17 01:37:00+00:00,2026-04-17 01:37
elecciones,78913,2026-04-17 01:37:00+00:00,2026-04-17 01:37
santa,78051,2026-04-17 01:37:00+00:00,2026-04-17 01:37
líbano,77917,2026-04-17 01:37:00+00:00,2026-04-17 01:37
ia,77753,2026-04-17 01:37:00+00:00,2026-04-17 01:37
the,77258,2026-04-17 01:37:00+00:00,2026-04-17 01:37
ue,76684,2026-04-17 01:37:00+00:00,2026-04-17 01:37
internacional,474231,2026-04-17 02:06:00+00:00,2026-04-17 02:06
irán,329830,2026-04-17 02:06:00+00:00,2026-04-17 02:06
guerra,292831,2026-04-17 02:06:00+00:00,2026-04-17 02:06
trump,268415,2026-04-17 02:06:00+00:00,2026-04-17 02:06
sánchez,175094,2026-04-17 02:06:00+00:00,2026-04-17 02:06
israel,144331,2026-04-17 02:06:00+00:00,2026-04-17 02:06
guerra irán,129173,2026-04-17 02:06:00+00:00,2026-04-17 02:06
málaga,126780,2026-04-17 02:06:00+00:00,2026-04-17 02:06
diario,107637,2026-04-17 02:06:00+00:00,2026-04-17 02:06
ormuz,104296,2026-04-17 02:06:00+00:00,2026-04-17 02:06
final,99642,2026-04-17 02:06:00+00:00,2026-04-17 02:06
china,87542,2026-04-17 02:06:00+00:00,2026-04-17 02:06
aragón,86394,2026-04-17 02:06:00+00:00,2026-04-17 02:06
muere,85391,2026-04-17 02:06:00+00:00,2026-04-17 02:06
elecciones,78913,2026-04-17 02:06:00+00:00,2026-04-17 02:06
santa,78051,2026-04-17 02:06:00+00:00,2026-04-17 02:06
líbano,77918,2026-04-17 02:06:00+00:00,2026-04-17 02:06
ia,77753,2026-04-17 02:06:00+00:00,2026-04-17 02:06
the,77258,2026-04-17 02:06:00+00:00,2026-04-17 02:06
ue,76684,2026-04-17 02:06:00+00:00,2026-04-17 02:06
internacional,474312,2026-04-17 02:37:00+00:00,2026-04-17 02:37
irán,329563,2026-04-17 02:37:00+00:00,2026-04-17 02:37
guerra,292470,2026-04-17 02:37:00+00:00,2026-04-17 02:37
trump,268455,2026-04-17 02:37:00+00:00,2026-04-17 02:37
sánchez,175487,2026-04-17 02:37:00+00:00,2026-04-17 02:37
israel,143937,2026-04-17 02:37:00+00:00,2026-04-17 02:37
guerra irán,128967,2026-04-17 02:37:00+00:00,2026-04-17 02:37
málaga,126782,2026-04-17 02:37:00+00:00,2026-04-17 02:37
diario,107939,2026-04-17 02:37:00+00:00,2026-04-17 02:37
ormuz,104297,2026-04-17 02:37:00+00:00,2026-04-17 02:37
final,99642,2026-04-17 02:37:00+00:00,2026-04-17 02:37
china,87230,2026-04-17 02:37:00+00:00,2026-04-17 02:37
aragón,86395,2026-04-17 02:37:00+00:00,2026-04-17 02:37
muere,85391,2026-04-17 02:37:00+00:00,2026-04-17 02:37
elecciones,78789,2026-04-17 02:37:00+00:00,2026-04-17 02:37
santa,78283,2026-04-17 02:37:00+00:00,2026-04-17 02:37
ia,77753,2026-04-17 02:37:00+00:00,2026-04-17 02:37
líbano,77611,2026-04-17 02:37:00+00:00,2026-04-17 02:37
the,77259,2026-04-17 02:37:00+00:00,2026-04-17 02:37
ue,76372,2026-04-17 02:37:00+00:00,2026-04-17 02:37
internacional,474347,2026-04-17 03:07:00+00:00,2026-04-17 03:07
irán,329084,2026-04-17 03:07:00+00:00,2026-04-17 03:07
guerra,292268,2026-04-17 03:07:00+00:00,2026-04-17 03:07
trump,268526,2026-04-17 03:07:00+00:00,2026-04-17 03:07
sánchez,174804,2026-04-17 03:07:00+00:00,2026-04-17 03:07
israel,143840,2026-04-17 03:07:00+00:00,2026-04-17 03:07
guerra irán,128762,2026-04-17 03:07:00+00:00,2026-04-17 03:07
málaga,126487,2026-04-17 03:07:00+00:00,2026-04-17 03:07
diario,107949,2026-04-17 03:07:00+00:00,2026-04-17 03:07
ormuz,104108,2026-04-17 03:07:00+00:00,2026-04-17 03:07
final,99250,2026-04-17 03:07:00+00:00,2026-04-17 03:07
china,86841,2026-04-17 03:07:00+00:00,2026-04-17 03:07
aragón,85443,2026-04-17 03:07:00+00:00,2026-04-17 03:07
muere,85391,2026-04-17 03:07:00+00:00,2026-04-17 03:07
elecciones,78790,2026-04-17 03:07:00+00:00,2026-04-17 03:07
santa,78284,2026-04-17 03:07:00+00:00,2026-04-17 03:07
líbano,77494,2026-04-17 03:07:00+00:00,2026-04-17 03:07
ia,77249,2026-04-17 03:07:00+00:00,2026-04-17 03:07
the,77177,2026-04-17 03:07:00+00:00,2026-04-17 03:07
ue,76288,2026-04-17 03:07:00+00:00,2026-04-17 03:07
internacional,470739,2026-04-17 03:36:00+00:00,2026-04-17 03:36
irán,329544,2026-04-17 03:36:00+00:00,2026-04-17 03:36
guerra,292352,2026-04-17 03:36:00+00:00,2026-04-17 03:36
trump,268902,2026-04-17 03:36:00+00:00,2026-04-17 03:36
sánchez,175016,2026-04-17 03:36:00+00:00,2026-04-17 03:36
israel,144368,2026-04-17 03:36:00+00:00,2026-04-17 03:36
guerra irán,128814,2026-04-17 03:36:00+00:00,2026-04-17 03:36
málaga,126960,2026-04-17 03:36:00+00:00,2026-04-17 03:36
diario,107651,2026-04-17 03:36:00+00:00,2026-04-17 03:36
ormuz,103990,2026-04-17 03:36:00+00:00,2026-04-17 03:36
final,100319,2026-04-17 03:36:00+00:00,2026-04-17 03:36
china,86839,2026-04-17 03:36:00+00:00,2026-04-17 03:36
aragón,86197,2026-04-17 03:36:00+00:00,2026-04-17 03:36
muere,85436,2026-04-17 03:36:00+00:00,2026-04-17 03:36
elecciones,79461,2026-04-17 03:36:00+00:00,2026-04-17 03:36
santa,78333,2026-04-17 03:36:00+00:00,2026-04-17 03:36
líbano,78050,2026-04-17 03:36:00+00:00,2026-04-17 03:36
the,77767,2026-04-17 03:36:00+00:00,2026-04-17 03:36
ia,76782,2026-04-17 03:36:00+00:00,2026-04-17 03:36
ue,76435,2026-04-17 03:36:00+00:00,2026-04-17 03:36
internacional,474363,2026-04-17 04:06:00+00:00,2026-04-17 04:06
irán,328970,2026-04-17 04:06:00+00:00,2026-04-17 04:06
guerra,291944,2026-04-17 04:06:00+00:00,2026-04-17 04:06
trump,267882,2026-04-17 04:06:00+00:00,2026-04-17 04:06
sánchez,174708,2026-04-17 04:06:00+00:00,2026-04-17 04:06
israel,144425,2026-04-17 04:06:00+00:00,2026-04-17 04:06
guerra irán,128714,2026-04-17 04:06:00+00:00,2026-04-17 04:06
málaga,127146,2026-04-17 04:06:00+00:00,2026-04-17 04:06
diario,107569,2026-04-17 04:06:00+00:00,2026-04-17 04:06
ormuz,105699,2026-04-17 04:06:00+00:00,2026-04-17 04:06
final,99728,2026-04-17 04:06:00+00:00,2026-04-17 04:06
aragón,86439,2026-04-17 04:06:00+00:00,2026-04-17 04:06
china,86259,2026-04-17 04:06:00+00:00,2026-04-17 04:06
muere,85398,2026-04-17 04:06:00+00:00,2026-04-17 04:06
elecciones,78663,2026-04-17 04:06:00+00:00,2026-04-17 04:06
santa,78230,2026-04-17 04:06:00+00:00,2026-04-17 04:06
líbano,78052,2026-04-17 04:06:00+00:00,2026-04-17 04:06
the,77794,2026-04-17 04:06:00+00:00,2026-04-17 04:06
ia,77013,2026-04-17 04:06:00+00:00,2026-04-17 04:06
ue,76482,2026-04-17 04:06:00+00:00,2026-04-17 04:06
internacional,471502,2026-04-17 04:36:00+00:00,2026-04-17 04:36
irán,329506,2026-04-17 04:36:00+00:00,2026-04-17 04:36
guerra,292014,2026-04-17 04:36:00+00:00,2026-04-17 04:36
trump,268470,2026-04-17 04:36:00+00:00,2026-04-17 04:36
sánchez,175301,2026-04-17 04:36:00+00:00,2026-04-17 04:36
israel,144532,2026-04-17 04:36:00+00:00,2026-04-17 04:36
málaga,128697,2026-04-17 04:36:00+00:00,2026-04-17 04:36
guerra irán,128550,2026-04-17 04:36:00+00:00,2026-04-17 04:36
diario,107925,2026-04-17 04:36:00+00:00,2026-04-17 04:36
ormuz,106110,2026-04-17 04:36:00+00:00,2026-04-17 04:36
final,100242,2026-04-17 04:36:00+00:00,2026-04-17 04:36
china,86361,2026-04-17 04:36:00+00:00,2026-04-17 04:36
aragón,86206,2026-04-17 04:36:00+00:00,2026-04-17 04:36
muere,85718,2026-04-17 04:36:00+00:00,2026-04-17 04:36
elecciones,79273,2026-04-17 04:36:00+00:00,2026-04-17 04:36
santa,78673,2026-04-17 04:36:00+00:00,2026-04-17 04:36
líbano,78151,2026-04-17 04:36:00+00:00,2026-04-17 04:36
the,77673,2026-04-17 04:36:00+00:00,2026-04-17 04:36
ia,77636,2026-04-17 04:36:00+00:00,2026-04-17 04:36
ue,76445,2026-04-17 04:36:00+00:00,2026-04-17 04:36
internacional,475121,2026-04-17 05:07:00+00:00,2026-04-17 05:07
irán,329019,2026-04-17 05:07:00+00:00,2026-04-17 05:07
guerra,292618,2026-04-17 05:07:00+00:00,2026-04-17 05:07
trump,269268,2026-04-17 05:07:00+00:00,2026-04-17 05:07
sánchez,175727,2026-04-17 05:07:00+00:00,2026-04-17 05:07
israel,144742,2026-04-17 05:07:00+00:00,2026-04-17 05:07
guerra irán,128696,2026-04-17 05:07:00+00:00,2026-04-17 05:07
málaga,128104,2026-04-17 05:07:00+00:00,2026-04-17 05:07
diario,108037,2026-04-17 05:07:00+00:00,2026-04-17 05:07
ormuz,106679,2026-04-17 05:07:00+00:00,2026-04-17 05:07
final,100009,2026-04-17 05:07:00+00:00,2026-04-17 05:07
aragón,86449,2026-04-17 05:07:00+00:00,2026-04-17 05:07
china,86372,2026-04-17 05:07:00+00:00,2026-04-17 05:07
muere,85552,2026-04-17 05:07:00+00:00,2026-04-17 05:07
santa,78634,2026-04-17 05:07:00+00:00,2026-04-17 05:07
elecciones,78611,2026-04-17 05:07:00+00:00,2026-04-17 05:07
ia,78380,2026-04-17 05:07:00+00:00,2026-04-17 05:07
líbano,78241,2026-04-17 05:07:00+00:00,2026-04-17 05:07
the,77800,2026-04-17 05:07:00+00:00,2026-04-17 05:07
ue,77277,2026-04-17 05:07:00+00:00,2026-04-17 05:07
internacional,472880,2026-04-17 05:37:00+00:00,2026-04-17 05:37
irán,328182,2026-04-17 05:37:00+00:00,2026-04-17 05:37
guerra,292119,2026-04-17 05:37:00+00:00,2026-04-17 05:37
trump,268826,2026-04-17 05:37:00+00:00,2026-04-17 05:37
sánchez,176204,2026-04-17 05:37:00+00:00,2026-04-17 05:37
israel,144369,2026-04-17 05:37:00+00:00,2026-04-17 05:37
málaga,128971,2026-04-17 05:37:00+00:00,2026-04-17 05:37
guerra irán,128170,2026-04-17 05:37:00+00:00,2026-04-17 05:37
diario,108202,2026-04-17 05:37:00+00:00,2026-04-17 05:37
ormuz,106475,2026-04-17 05:37:00+00:00,2026-04-17 05:37
final,99684,2026-04-17 05:37:00+00:00,2026-04-17 05:37
aragón,86213,2026-04-17 05:37:00+00:00,2026-04-17 05:37
china,86142,2026-04-17 05:37:00+00:00,2026-04-17 05:37
muere,85598,2026-04-17 05:37:00+00:00,2026-04-17 05:37
elecciones,79483,2026-04-17 05:37:00+00:00,2026-04-17 05:37
santa,78680,2026-04-17 05:37:00+00:00,2026-04-17 05:37
líbano,78011,2026-04-17 05:37:00+00:00,2026-04-17 05:37
ia,77911,2026-04-17 05:37:00+00:00,2026-04-17 05:37
the,77678,2026-04-17 05:37:00+00:00,2026-04-17 05:37
mundial,77599,2026-04-17 05:37:00+00:00,2026-04-17 05:37
internacional,477771,2026-04-17 06:06:00+00:00,2026-04-17 06:06
irán,326304,2026-04-17 06:06:00+00:00,2026-04-17 06:06
guerra,291555,2026-04-17 06:06:00+00:00,2026-04-17 06:06
trump,268331,2026-04-17 06:06:00+00:00,2026-04-17 06:06
sánchez,174396,2026-04-17 06:06:00+00:00,2026-04-17 06:06
israel,144411,2026-04-17 06:06:00+00:00,2026-04-17 06:06
málaga,129012,2026-04-17 06:06:00+00:00,2026-04-17 06:06
guerra irán,127446,2026-04-17 06:06:00+00:00,2026-04-17 06:06
diario,108074,2026-04-17 06:06:00+00:00,2026-04-17 06:06
ormuz,106308,2026-04-17 06:06:00+00:00,2026-04-17 06:06
final,100011,2026-04-17 06:06:00+00:00,2026-04-17 06:06
aragón,86361,2026-04-17 06:06:00+00:00,2026-04-17 06:06
china,86333,2026-04-17 06:06:00+00:00,2026-04-17 06:06
muere,85567,2026-04-17 06:06:00+00:00,2026-04-17 06:06
regularización,83001,2026-04-17 06:06:00+00:00,2026-04-17 06:06
elecciones,79610,2026-04-17 06:06:00+00:00,2026-04-17 06:06
santa,78877,2026-04-17 06:06:00+00:00,2026-04-17 06:06
ia,78448,2026-04-17 06:06:00+00:00,2026-04-17 06:06
the,77704,2026-04-17 06:06:00+00:00,2026-04-17 06:06
mundial,77671,2026-04-17 06:06:00+00:00,2026-04-17 06:06
internacional,473567,2026-04-17 06:36:00+00:00,2026-04-17 06:36
irán,326000,2026-04-17 06:36:00+00:00,2026-04-17 06:36
guerra,291930,2026-04-17 06:36:00+00:00,2026-04-17 06:36
trump,268095,2026-04-17 06:36:00+00:00,2026-04-17 06:36
sánchez,176549,2026-04-17 06:36:00+00:00,2026-04-17 06:36
israel,145117,2026-04-17 06:36:00+00:00,2026-04-17 06:36
málaga,129184,2026-04-17 06:36:00+00:00,2026-04-17 06:36
guerra irán,127566,2026-04-17 06:36:00+00:00,2026-04-17 06:36
diario,108050,2026-04-17 06:36:00+00:00,2026-04-17 06:36
ormuz,106736,2026-04-17 06:36:00+00:00,2026-04-17 06:36
final,100295,2026-04-17 06:36:00+00:00,2026-04-17 06:36
aragón,86347,2026-04-17 06:36:00+00:00,2026-04-17 06:36
china,86127,2026-04-17 06:36:00+00:00,2026-04-17 06:36
muere,85377,2026-04-17 06:36:00+00:00,2026-04-17 06:36
elecciones,79311,2026-04-17 06:36:00+00:00,2026-04-17 06:36
santa,78887,2026-04-17 06:36:00+00:00,2026-04-17 06:36
the,77942,2026-04-17 06:36:00+00:00,2026-04-17 06:36
mundial,77688,2026-04-17 06:36:00+00:00,2026-04-17 06:36
ue,77681,2026-04-17 06:36:00+00:00,2026-04-17 06:36
líbano,77681,2026-04-17 06:36:00+00:00,2026-04-17 06:36
internacional,478313,2026-04-17 07:07:00+00:00,2026-04-17 07:07
irán,325627,2026-04-17 07:07:00+00:00,2026-04-17 07:07
guerra,292323,2026-04-17 07:07:00+00:00,2026-04-17 07:07
trump,267910,2026-04-17 07:07:00+00:00,2026-04-17 07:07
sánchez,174087,2026-04-17 07:07:00+00:00,2026-04-17 07:07
israel,145028,2026-04-17 07:07:00+00:00,2026-04-17 07:07
málaga,129255,2026-04-17 07:07:00+00:00,2026-04-17 07:07
guerra irán,127688,2026-04-17 07:07:00+00:00,2026-04-17 07:07
diario,108225,2026-04-17 07:07:00+00:00,2026-04-17 07:07
ormuz,106946,2026-04-17 07:07:00+00:00,2026-04-17 07:07
final,100393,2026-04-17 07:07:00+00:00,2026-04-17 07:07
aragón,86218,2026-04-17 07:07:00+00:00,2026-04-17 07:07
china,86086,2026-04-17 07:07:00+00:00,2026-04-17 07:07
muere,84759,2026-04-17 07:07:00+00:00,2026-04-17 07:07
regularización,83606,2026-04-17 07:07:00+00:00,2026-04-17 07:07
elecciones,79435,2026-04-17 07:07:00+00:00,2026-04-17 07:07
santa,79062,2026-04-17 07:07:00+00:00,2026-04-17 07:07
the,78104,2026-04-17 07:07:00+00:00,2026-04-17 07:07
ia,78082,2026-04-17 07:07:00+00:00,2026-04-17 07:07
líbano,77725,2026-04-17 07:07:00+00:00,2026-04-17 07:07
internacional,477619,2026-04-17 07:36:00+00:00,2026-04-17 07:36
irán,325556,2026-04-17 07:36:00+00:00,2026-04-17 07:36
guerra,292375,2026-04-17 07:36:00+00:00,2026-04-17 07:36
trump,268114,2026-04-17 07:36:00+00:00,2026-04-17 07:36
sánchez,174513,2026-04-17 07:36:00+00:00,2026-04-17 07:36
israel,145355,2026-04-17 07:36:00+00:00,2026-04-17 07:36
málaga,129201,2026-04-17 07:36:00+00:00,2026-04-17 07:36
guerra irán,127806,2026-04-17 07:36:00+00:00,2026-04-17 07:36
diario,108054,2026-04-17 07:36:00+00:00,2026-04-17 07:36
ormuz,107375,2026-04-17 07:36:00+00:00,2026-04-17 07:36
final,100517,2026-04-17 07:36:00+00:00,2026-04-17 07:36
aragón,86440,2026-04-17 07:36:00+00:00,2026-04-17 07:36
china,85541,2026-04-17 07:36:00+00:00,2026-04-17 07:36
regularización,83725,2026-04-17 07:36:00+00:00,2026-04-17 07:36
muere,83350,2026-04-17 07:36:00+00:00,2026-04-17 07:36
elecciones,79372,2026-04-17 07:36:00+00:00,2026-04-17 07:36
santa,79265,2026-04-17 07:36:00+00:00,2026-04-17 07:36
ia,78334,2026-04-17 07:36:00+00:00,2026-04-17 07:36
the,78311,2026-04-17 07:36:00+00:00,2026-04-17 07:36
mundial,78224,2026-04-17 07:36:00+00:00,2026-04-17 07:36
internacional,478474,2026-04-17 08:07:00+00:00,2026-04-17 08:07
irán,325494,2026-04-17 08:07:00+00:00,2026-04-17 08:07
guerra,292306,2026-04-17 08:07:00+00:00,2026-04-17 08:07
trump,268000,2026-04-17 08:07:00+00:00,2026-04-17 08:07
sánchez,174245,2026-04-17 08:07:00+00:00,2026-04-17 08:07
israel,145597,2026-04-17 08:07:00+00:00,2026-04-17 08:07
málaga,128668,2026-04-17 08:07:00+00:00,2026-04-17 08:07
guerra irán,127694,2026-04-17 08:07:00+00:00,2026-04-17 08:07
diario,108061,2026-04-17 08:07:00+00:00,2026-04-17 08:07
ormuz,107429,2026-04-17 08:07:00+00:00,2026-04-17 08:07
final,100425,2026-04-17 08:07:00+00:00,2026-04-17 08:07
aragón,86444,2026-04-17 08:07:00+00:00,2026-04-17 08:07
china,85472,2026-04-17 08:07:00+00:00,2026-04-17 08:07
regularización,83598,2026-04-17 08:07:00+00:00,2026-04-17 08:07
muere,82988,2026-04-17 08:07:00+00:00,2026-04-17 08:07
santa,79469,2026-04-17 08:07:00+00:00,2026-04-17 08:07
elecciones,79267,2026-04-17 08:07:00+00:00,2026-04-17 08:07
the,78369,2026-04-17 08:07:00+00:00,2026-04-17 08:07
mundial,78227,2026-04-17 08:07:00+00:00,2026-04-17 08:07
ia,78193,2026-04-17 08:07:00+00:00,2026-04-17 08:07
internacional,479112,2026-04-17 08:37:00+00:00,2026-04-17 08:37
irán,325398,2026-04-17 08:37:00+00:00,2026-04-17 08:37
guerra,292556,2026-04-17 08:37:00+00:00,2026-04-17 08:37
trump,268047,2026-04-17 08:37:00+00:00,2026-04-17 08:37
sánchez,174198,2026-04-17 08:37:00+00:00,2026-04-17 08:37
israel,145757,2026-04-17 08:37:00+00:00,2026-04-17 08:37
málaga,129046,2026-04-17 08:37:00+00:00,2026-04-17 08:37
guerra irán,127702,2026-04-17 08:37:00+00:00,2026-04-17 08:37
diario,108350,2026-04-17 08:37:00+00:00,2026-04-17 08:37
ormuz,107183,2026-04-17 08:37:00+00:00,2026-04-17 08:37
final,100468,2026-04-17 08:37:00+00:00,2026-04-17 08:37
aragón,86543,2026-04-17 08:37:00+00:00,2026-04-17 08:37
china,85377,2026-04-17 08:37:00+00:00,2026-04-17 08:37
regularización,83454,2026-04-17 08:37:00+00:00,2026-04-17 08:37
muere,82924,2026-04-17 08:37:00+00:00,2026-04-17 08:37
santa,79475,2026-04-17 08:37:00+00:00,2026-04-17 08:37
elecciones,79096,2026-04-17 08:37:00+00:00,2026-04-17 08:37
mundial,78556,2026-04-17 08:37:00+00:00,2026-04-17 08:37
líbano,78250,2026-04-17 08:37:00+00:00,2026-04-17 08:37
ia,78196,2026-04-17 08:37:00+00:00,2026-04-17 08:37
the,77916,2026-04-17 08:37:00+00:00,2026-04-17 08:37
internacional,479393,2026-04-17 09:07:00+00:00,2026-04-17 09:07
irán,325144,2026-04-17 09:07:00+00:00,2026-04-17 09:07
guerra,292016,2026-04-17 09:07:00+00:00,2026-04-17 09:07
trump,267882,2026-04-17 09:07:00+00:00,2026-04-17 09:07
sánchez,174841,2026-04-17 09:07:00+00:00,2026-04-17 09:07
israel,146095,2026-04-17 09:07:00+00:00,2026-04-17 09:07
málaga,128937,2026-04-17 09:07:00+00:00,2026-04-17 09:07
guerra irán,127652,2026-04-17 09:07:00+00:00,2026-04-17 09:07
diario,108235,2026-04-17 09:07:00+00:00,2026-04-17 09:07
ormuz,107167,2026-04-17 09:07:00+00:00,2026-04-17 09:07
final,100473,2026-04-17 09:07:00+00:00,2026-04-17 09:07
aragón,86455,2026-04-17 09:07:00+00:00,2026-04-17 09:07
china,85773,2026-04-17 09:07:00+00:00,2026-04-17 09:07
regularización,83575,2026-04-17 09:07:00+00:00,2026-04-17 09:07
muere,82723,2026-04-17 09:07:00+00:00,2026-04-17 09:07
santa,79479,2026-04-17 09:07:00+00:00,2026-04-17 09:07
elecciones,79099,2026-04-17 09:07:00+00:00,2026-04-17 09:07
mundial,78768,2026-04-17 09:07:00+00:00,2026-04-17 09:07
líbano,78641,2026-04-17 09:07:00+00:00,2026-04-17 09:07
the,78313,2026-04-17 09:07:00+00:00,2026-04-17 09:07
ia,77701,2026-04-17 09:07:00+00:00,2026-04-17 09:07
internacional,480302,2026-04-17 09:36:00+00:00,2026-04-17 09:36
irán,324922,2026-04-17 09:36:00+00:00,2026-04-17 09:36
guerra,292163,2026-04-17 09:36:00+00:00,2026-04-17 09:36
trump,268028,2026-04-17 09:36:00+00:00,2026-04-17 09:36
sánchez,174588,2026-04-17 09:36:00+00:00,2026-04-17 09:36
israel,146185,2026-04-17 09:36:00+00:00,2026-04-17 09:36
málaga,129350,2026-04-17 09:36:00+00:00,2026-04-17 09:36
guerra irán,127608,2026-04-17 09:36:00+00:00,2026-04-17 09:36
diario,107930,2026-04-17 09:36:00+00:00,2026-04-17 09:36
ormuz,107204,2026-04-17 09:36:00+00:00,2026-04-17 09:36
final,101994,2026-04-17 09:36:00+00:00,2026-04-17 09:36
aragón,86550,2026-04-17 09:36:00+00:00,2026-04-17 09:36
china,85170,2026-04-17 09:36:00+00:00,2026-04-17 09:36
regularización,83308,2026-04-17 09:36:00+00:00,2026-04-17 09:36
muere,82624,2026-04-17 09:36:00+00:00,2026-04-17 09:36
santa,79841,2026-04-17 09:36:00+00:00,2026-04-17 09:36
the,79278,2026-04-17 09:36:00+00:00,2026-04-17 09:36
líbano,78925,2026-04-17 09:36:00+00:00,2026-04-17 09:36
mundial,78453,2026-04-17 09:36:00+00:00,2026-04-17 09:36
elecciones,78376,2026-04-17 09:36:00+00:00,2026-04-17 09:36
ue,77623,2026-04-17 09:36:00+00:00,2026-04-17 09:36
internacional,480038,2026-04-17 10:07:00+00:00,2026-04-17 10:07
irán,324475,2026-04-17 10:07:00+00:00,2026-04-17 10:07
guerra,291308,2026-04-17 10:07:00+00:00,2026-04-17 10:07
trump,267954,2026-04-17 10:07:00+00:00,2026-04-17 10:07
sánchez,176486,2026-04-17 10:07:00+00:00,2026-04-17 10:07
israel,146304,2026-04-17 10:07:00+00:00,2026-04-17 10:07
málaga,129984,2026-04-17 10:07:00+00:00,2026-04-17 10:07
guerra irán,127290,2026-04-17 10:07:00+00:00,2026-04-17 10:07
diario,107352,2026-04-17 10:07:00+00:00,2026-04-17 10:07
ormuz,107268,2026-04-17 10:07:00+00:00,2026-04-17 10:07
final,102175,2026-04-17 10:07:00+00:00,2026-04-17 10:07
aragón,86683,2026-04-17 10:07:00+00:00,2026-04-17 10:07
china,85081,2026-04-17 10:07:00+00:00,2026-04-17 10:07
regularización,82773,2026-04-17 10:07:00+00:00,2026-04-17 10:07
muere,82665,2026-04-17 10:07:00+00:00,2026-04-17 10:07
santa,80216,2026-04-17 10:07:00+00:00,2026-04-17 10:07
the,79330,2026-04-17 10:07:00+00:00,2026-04-17 10:07
líbano,79272,2026-04-17 10:07:00+00:00,2026-04-17 10:07
elecciones,78977,2026-04-17 10:07:00+00:00,2026-04-17 10:07
mundial,78483,2026-04-17 10:07:00+00:00,2026-04-17 10:07
ia,77484,2026-04-17 10:07:00+00:00,2026-04-17 10:07
internacional,479611,2026-04-17 10:37:00+00:00,2026-04-17 10:37
irán,324842,2026-04-17 10:37:00+00:00,2026-04-17 10:37
guerra,291584,2026-04-17 10:37:00+00:00,2026-04-17 10:37
trump,268557,2026-04-17 10:37:00+00:00,2026-04-17 10:37
sánchez,176680,2026-04-17 10:37:00+00:00,2026-04-17 10:37
israel,146551,2026-04-17 10:37:00+00:00,2026-04-17 10:37
málaga,129521,2026-04-17 10:37:00+00:00,2026-04-17 10:37
guerra irán,127382,2026-04-17 10:37:00+00:00,2026-04-17 10:37
ormuz,107438,2026-04-17 10:37:00+00:00,2026-04-17 10:37
diario,107147,2026-04-17 10:37:00+00:00,2026-04-17 10:37
final,102533,2026-04-17 10:37:00+00:00,2026-04-17 10:37
aragón,86054,2026-04-17 10:37:00+00:00,2026-04-17 10:37
china,85042,2026-04-17 10:37:00+00:00,2026-04-17 10:37
regularización,82946,2026-04-17 10:37:00+00:00,2026-04-17 10:37
muere,82572,2026-04-17 10:37:00+00:00,2026-04-17 10:37
santa,80223,2026-04-17 10:37:00+00:00,2026-04-17 10:37
the,79840,2026-04-17 10:37:00+00:00,2026-04-17 10:37
elecciones,79553,2026-04-17 10:37:00+00:00,2026-04-17 10:37
líbano,79286,2026-04-17 10:37:00+00:00,2026-04-17 10:37
mundial,78074,2026-04-17 10:37:00+00:00,2026-04-17 10:37
internacional,479492,2026-04-17 11:07:00+00:00,2026-04-17 11:07
irán,323982,2026-04-17 11:07:00+00:00,2026-04-17 11:07
guerra,290998,2026-04-17 11:07:00+00:00,2026-04-17 11:07
trump,268911,2026-04-17 11:07:00+00:00,2026-04-17 11:07
sánchez,177155,2026-04-17 11:07:00+00:00,2026-04-17 11:07
israel,146430,2026-04-17 11:07:00+00:00,2026-04-17 11:07
málaga,130269,2026-04-17 11:07:00+00:00,2026-04-17 11:07
guerra irán,126684,2026-04-17 11:07:00+00:00,2026-04-17 11:07
ormuz,107297,2026-04-17 11:07:00+00:00,2026-04-17 11:07
diario,106966,2026-04-17 11:07:00+00:00,2026-04-17 11:07
final,102665,2026-04-17 11:07:00+00:00,2026-04-17 11:07
aragón,85856,2026-04-17 11:07:00+00:00,2026-04-17 11:07
china,84491,2026-04-17 11:07:00+00:00,2026-04-17 11:07
regularización,83119,2026-04-17 11:07:00+00:00,2026-04-17 11:07
muere,82577,2026-04-17 11:07:00+00:00,2026-04-17 11:07
the,80776,2026-04-17 11:07:00+00:00,2026-04-17 11:07
santa,80180,2026-04-17 11:07:00+00:00,2026-04-17 11:07
elecciones,79316,2026-04-17 11:07:00+00:00,2026-04-17 11:07
líbano,79257,2026-04-17 11:07:00+00:00,2026-04-17 11:07
mundial,78210,2026-04-17 11:07:00+00:00,2026-04-17 11:07
ia,78068,2026-04-17 11:07:00+00:00,2026-04-17 11:07
internacional,479401,2026-04-17 11:37:00+00:00,2026-04-17 11:37
irán,324245,2026-04-17 11:37:00+00:00,2026-04-17 11:37
guerra,291065,2026-04-17 11:37:00+00:00,2026-04-17 11:37
trump,268940,2026-04-17 11:37:00+00:00,2026-04-17 11:37
sánchez,177537,2026-04-17 11:37:00+00:00,2026-04-17 11:37
israel,146444,2026-04-17 11:37:00+00:00,2026-04-17 11:37
málaga,130374,2026-04-17 11:37:00+00:00,2026-04-17 11:37
guerra irán,127043,2026-04-17 11:37:00+00:00,2026-04-17 11:37
diario,107258,2026-04-17 11:37:00+00:00,2026-04-17 11:37
ormuz,107008,2026-04-17 11:37:00+00:00,2026-04-17 11:37
final,102893,2026-04-17 11:37:00+00:00,2026-04-17 11:37
aragón,86040,2026-04-17 11:37:00+00:00,2026-04-17 11:37
china,84533,2026-04-17 11:37:00+00:00,2026-04-17 11:37
regularización,83782,2026-04-17 11:37:00+00:00,2026-04-17 11:37
muere,82590,2026-04-17 11:37:00+00:00,2026-04-17 11:37
the,81074,2026-04-17 11:37:00+00:00,2026-04-17 11:37
santa,80167,2026-04-17 11:37:00+00:00,2026-04-17 11:37
líbano,79627,2026-04-17 11:37:00+00:00,2026-04-17 11:37
elecciones,79368,2026-04-17 11:37:00+00:00,2026-04-17 11:37
ia,78093,2026-04-17 11:37:00+00:00,2026-04-17 11:37
mundial,78017,2026-04-17 11:37:00+00:00,2026-04-17 11:37
internacional,462646,2026-04-18 12:07:00+00:00,2026-04-18 12:07
irán,313492,2026-04-18 12:07:00+00:00,2026-04-18 12:07
guerra,279706,2026-04-18 12:07:00+00:00,2026-04-18 12:07
trump,262453,2026-04-18 12:07:00+00:00,2026-04-18 12:07
sánchez,177856,2026-04-18 12:07:00+00:00,2026-04-18 12:07
israel,140097,2026-04-18 12:07:00+00:00,2026-04-18 12:07
málaga,124038,2026-04-18 12:07:00+00:00,2026-04-18 12:07
guerra irán,122432,2026-04-18 12:07:00+00:00,2026-04-18 12:07
ormuz,107965,2026-04-18 12:07:00+00:00,2026-04-18 12:07
diario,100705,2026-04-18 12:07:00+00:00,2026-04-18 12:07
final,99423,2026-04-18 12:07:00+00:00,2026-04-18 12:07
muere,82406,2026-04-18 12:07:00+00:00,2026-04-18 12:07
aragón,81769,2026-04-18 12:07:00+00:00,2026-04-18 12:07
santa,79927,2026-04-18 12:07:00+00:00,2026-04-18 12:07
the,78632,2026-04-18 12:07:00+00:00,2026-04-18 12:07
china,78349,2026-04-18 12:07:00+00:00,2026-04-18 12:07
mundial,77323,2026-04-18 12:07:00+00:00,2026-04-18 12:07
elecciones,76112,2026-04-18 12:07:00+00:00,2026-04-18 12:07
ia,75194,2026-04-18 12:07:00+00:00,2026-04-18 12:07
líbano,74746,2026-04-18 12:07:00+00:00,2026-04-18 12:07
regularización,74552,2026-04-18 12:07:00+00:00,2026-04-18 12:07
internacional,463044,2026-04-18 12:37:00+00:00,2026-04-18 12:37
irán,313202,2026-04-18 12:37:00+00:00,2026-04-18 12:37
guerra,279740,2026-04-18 12:37:00+00:00,2026-04-18 12:37
trump,262387,2026-04-18 12:37:00+00:00,2026-04-18 12:37
sánchez,179924,2026-04-18 12:37:00+00:00,2026-04-18 12:37
israel,139858,2026-04-18 12:37:00+00:00,2026-04-18 12:37
málaga,126603,2026-04-18 12:37:00+00:00,2026-04-18 12:37
guerra irán,122155,2026-04-18 12:37:00+00:00,2026-04-18 12:37
ormuz,108140,2026-04-18 12:37:00+00:00,2026-04-18 12:37
diario,100292,2026-04-18 12:37:00+00:00,2026-04-18 12:37
final,99899,2026-04-18 12:37:00+00:00,2026-04-18 12:37
muere,83059,2026-04-18 12:37:00+00:00,2026-04-18 12:37
aragón,82190,2026-04-18 12:37:00+00:00,2026-04-18 12:37
santa,79757,2026-04-18 12:37:00+00:00,2026-04-18 12:37
the,78404,2026-04-18 12:37:00+00:00,2026-04-18 12:37
china,78309,2026-04-18 12:37:00+00:00,2026-04-18 12:37
mundial,77588,2026-04-18 12:37:00+00:00,2026-04-18 12:37
elecciones,76149,2026-04-18 12:37:00+00:00,2026-04-18 12:37
líbano,75468,2026-04-18 12:37:00+00:00,2026-04-18 12:37
ia,75197,2026-04-18 12:37:00+00:00,2026-04-18 12:37
regularización,74003,2026-04-18 12:37:00+00:00,2026-04-18 12:37
internacional,462228,2026-04-18 13:06:00+00:00,2026-04-18 13:06
irán,313210,2026-04-18 13:06:00+00:00,2026-04-18 13:06
guerra,279626,2026-04-18 13:06:00+00:00,2026-04-18 13:06
trump,263716,2026-04-18 13:06:00+00:00,2026-04-18 13:06
sánchez,180337,2026-04-18 13:06:00+00:00,2026-04-18 13:06
israel,140060,2026-04-18 13:06:00+00:00,2026-04-18 13:06
málaga,126796,2026-04-18 13:06:00+00:00,2026-04-18 13:06
guerra irán,121956,2026-04-18 13:06:00+00:00,2026-04-18 13:06
ormuz,109316,2026-04-18 13:06:00+00:00,2026-04-18 13:06
diario,100218,2026-04-18 13:06:00+00:00,2026-04-18 13:06
final,99899,2026-04-18 13:06:00+00:00,2026-04-18 13:06
muere,83288,2026-04-18 13:06:00+00:00,2026-04-18 13:06
aragón,82121,2026-04-18 13:06:00+00:00,2026-04-18 13:06
santa,80010,2026-04-18 13:06:00+00:00,2026-04-18 13:06
china,78317,2026-04-18 13:06:00+00:00,2026-04-18 13:06
mundial,77799,2026-04-18 13:06:00+00:00,2026-04-18 13:06
the,77724,2026-04-18 13:06:00+00:00,2026-04-18 13:06
líbano,76554,2026-04-18 13:06:00+00:00,2026-04-18 13:06
elecciones,76042,2026-04-18 13:06:00+00:00,2026-04-18 13:06
ia,74796,2026-04-18 13:06:00+00:00,2026-04-18 13:06
español,73830,2026-04-18 13:06:00+00:00,2026-04-18 13:06
internacional,462022,2026-04-18 13:36:00+00:00,2026-04-18 13:36
irán,313062,2026-04-18 13:36:00+00:00,2026-04-18 13:36
guerra,279670,2026-04-18 13:36:00+00:00,2026-04-18 13:36
trump,263660,2026-04-18 13:36:00+00:00,2026-04-18 13:36
sánchez,180274,2026-04-18 13:36:00+00:00,2026-04-18 13:36
israel,140065,2026-04-18 13:36:00+00:00,2026-04-18 13:36
málaga,126800,2026-04-18 13:36:00+00:00,2026-04-18 13:36
guerra irán,121761,2026-04-18 13:36:00+00:00,2026-04-18 13:36
ormuz,109078,2026-04-18 13:36:00+00:00,2026-04-18 13:36
diario,100410,2026-04-18 13:36:00+00:00,2026-04-18 13:36
final,99420,2026-04-18 13:36:00+00:00,2026-04-18 13:36
muere,83423,2026-04-18 13:36:00+00:00,2026-04-18 13:36
aragón,82252,2026-04-18 13:36:00+00:00,2026-04-18 13:36
santa,80013,2026-04-18 13:36:00+00:00,2026-04-18 13:36
china,78320,2026-04-18 13:36:00+00:00,2026-04-18 13:36
the,77916,2026-04-18 13:36:00+00:00,2026-04-18 13:36
mundial,77622,2026-04-18 13:36:00+00:00,2026-04-18 13:36
líbano,76556,2026-04-18 13:36:00+00:00,2026-04-18 13:36
elecciones,76046,2026-04-18 13:36:00+00:00,2026-04-18 13:36
ia,74298,2026-04-18 13:36:00+00:00,2026-04-18 13:36
español,73718,2026-04-18 13:36:00+00:00,2026-04-18 13:36
internacional,462469,2026-04-18 14:07:00+00:00,2026-04-18 14:07
irán,312491,2026-04-18 14:07:00+00:00,2026-04-18 14:07
guerra,279451,2026-04-18 14:07:00+00:00,2026-04-18 14:07
trump,265469,2026-04-18 14:07:00+00:00,2026-04-18 14:07
sánchez,180876,2026-04-18 14:07:00+00:00,2026-04-18 14:07
israel,140351,2026-04-18 14:07:00+00:00,2026-04-18 14:07
málaga,127025,2026-04-18 14:07:00+00:00,2026-04-18 14:07
guerra irán,121744,2026-04-18 14:07:00+00:00,2026-04-18 14:07
ormuz,108786,2026-04-18 14:07:00+00:00,2026-04-18 14:07
diario,100404,2026-04-18 14:07:00+00:00,2026-04-18 14:07
final,100121,2026-04-18 14:07:00+00:00,2026-04-18 14:07
muere,83327,2026-04-18 14:07:00+00:00,2026-04-18 14:07
aragón,82450,2026-04-18 14:07:00+00:00,2026-04-18 14:07
santa,80018,2026-04-18 14:07:00+00:00,2026-04-18 14:07
the,78402,2026-04-18 14:07:00+00:00,2026-04-18 14:07
china,78128,2026-04-18 14:07:00+00:00,2026-04-18 14:07
mundial,77815,2026-04-18 14:07:00+00:00,2026-04-18 14:07
líbano,76846,2026-04-18 14:07:00+00:00,2026-04-18 14:07
elecciones,75986,2026-04-18 14:07:00+00:00,2026-04-18 14:07
ia,74679,2026-04-18 14:07:00+00:00,2026-04-18 14:07
economía,74192,2026-04-18 14:07:00+00:00,2026-04-18 14:07
internacional,462671,2026-04-18 15:06:00+00:00,2026-04-18 15:06
irán,312906,2026-04-18 15:06:00+00:00,2026-04-18 15:06
guerra,279310,2026-04-18 15:06:00+00:00,2026-04-18 15:06
trump,266504,2026-04-18 15:06:00+00:00,2026-04-18 15:06
sánchez,182510,2026-04-18 15:06:00+00:00,2026-04-18 15:06
israel,140611,2026-04-18 15:06:00+00:00,2026-04-18 15:06
málaga,126588,2026-04-18 15:06:00+00:00,2026-04-18 15:06
guerra irán,121652,2026-04-18 15:06:00+00:00,2026-04-18 15:06
ormuz,110374,2026-04-18 15:06:00+00:00,2026-04-18 15:06
final,100793,2026-04-18 15:06:00+00:00,2026-04-18 15:06
diario,100200,2026-04-18 15:06:00+00:00,2026-04-18 15:06
aragón,82721,2026-04-18 15:06:00+00:00,2026-04-18 15:06
muere,82108,2026-04-18 15:06:00+00:00,2026-04-18 15:06
santa,79820,2026-04-18 15:06:00+00:00,2026-04-18 15:06
mundial,78064,2026-04-18 15:06:00+00:00,2026-04-18 15:06
the,78006,2026-04-18 15:06:00+00:00,2026-04-18 15:06
china,77918,2026-04-18 15:06:00+00:00,2026-04-18 15:06
líbano,77022,2026-04-18 15:06:00+00:00,2026-04-18 15:06
elecciones,75922,2026-04-18 15:06:00+00:00,2026-04-18 15:06
ia,74565,2026-04-18 15:06:00+00:00,2026-04-18 15:06
economía,74076,2026-04-18 15:06:00+00:00,2026-04-18 15:06
internacional,462537,2026-04-18 15:37:00+00:00,2026-04-18 15:37
irán,312742,2026-04-18 15:37:00+00:00,2026-04-18 15:37
guerra,279607,2026-04-18 15:37:00+00:00,2026-04-18 15:37
trump,266879,2026-04-18 15:37:00+00:00,2026-04-18 15:37
sánchez,183110,2026-04-18 15:37:00+00:00,2026-04-18 15:37
israel,140497,2026-04-18 15:37:00+00:00,2026-04-18 15:37
málaga,126520,2026-04-18 15:37:00+00:00,2026-04-18 15:37
guerra irán,121582,2026-04-18 15:37:00+00:00,2026-04-18 15:37
ormuz,110562,2026-04-18 15:37:00+00:00,2026-04-18 15:37
final,100641,2026-04-18 15:37:00+00:00,2026-04-18 15:37
diario,100192,2026-04-18 15:37:00+00:00,2026-04-18 15:37
aragón,82441,2026-04-18 15:37:00+00:00,2026-04-18 15:37
muere,81639,2026-04-18 15:37:00+00:00,2026-04-18 15:37
santa,79549,2026-04-18 15:37:00+00:00,2026-04-18 15:37
mundial,78070,2026-04-18 15:37:00+00:00,2026-04-18 15:37
the,77825,2026-04-18 15:37:00+00:00,2026-04-18 15:37
china,77678,2026-04-18 15:37:00+00:00,2026-04-18 15:37
líbano,77227,2026-04-18 15:37:00+00:00,2026-04-18 15:37
elecciones,76193,2026-04-18 15:37:00+00:00,2026-04-18 15:37
ia,74962,2026-04-18 15:37:00+00:00,2026-04-18 15:37
economía,74461,2026-04-18 15:37:00+00:00,2026-04-18 15:37
internacional,463899,2026-04-18 16:06:00+00:00,2026-04-18 16:06
irán,312357,2026-04-18 16:06:00+00:00,2026-04-18 16:06
guerra,279348,2026-04-18 16:06:00+00:00,2026-04-18 16:06
trump,266666,2026-04-18 16:06:00+00:00,2026-04-18 16:06
sánchez,183074,2026-04-18 16:06:00+00:00,2026-04-18 16:06
israel,139408,2026-04-18 16:06:00+00:00,2026-04-18 16:06
málaga,125868,2026-04-18 16:06:00+00:00,2026-04-18 16:06
guerra irán,121336,2026-04-18 16:06:00+00:00,2026-04-18 16:06
ormuz,110636,2026-04-18 16:06:00+00:00,2026-04-18 16:06
final,100921,2026-04-18 16:06:00+00:00,2026-04-18 16:06
diario,100272,2026-04-18 16:06:00+00:00,2026-04-18 16:06
aragón,82703,2026-04-18 16:06:00+00:00,2026-04-18 16:06
muere,80597,2026-04-18 16:06:00+00:00,2026-04-18 16:06
santa,79553,2026-04-18 16:06:00+00:00,2026-04-18 16:06
mundial,78366,2026-04-18 16:06:00+00:00,2026-04-18 16:06
the,77628,2026-04-18 16:06:00+00:00,2026-04-18 16:06
china,77483,2026-04-18 16:06:00+00:00,2026-04-18 16:06
líbano,76391,2026-04-18 16:06:00+00:00,2026-04-18 16:06
elecciones,76197,2026-04-18 16:06:00+00:00,2026-04-18 16:06
ia,75616,2026-04-18 16:06:00+00:00,2026-04-18 16:06
economía,75120,2026-04-18 16:06:00+00:00,2026-04-18 16:06
internacional,463614,2026-04-18 16:37:00+00:00,2026-04-18 16:37
irán,312373,2026-04-18 16:37:00+00:00,2026-04-18 16:37
guerra,279737,2026-04-18 16:37:00+00:00,2026-04-18 16:37
trump,266081,2026-04-18 16:37:00+00:00,2026-04-18 16:37
sánchez,183485,2026-04-18 16:37:00+00:00,2026-04-18 16:37
israel,139056,2026-04-18 16:37:00+00:00,2026-04-18 16:37
málaga,125448,2026-04-18 16:37:00+00:00,2026-04-18 16:37
guerra irán,121272,2026-04-18 16:37:00+00:00,2026-04-18 16:37
ormuz,110485,2026-04-18 16:37:00+00:00,2026-04-18 16:37
final,101778,2026-04-18 16:37:00+00:00,2026-04-18 16:37
diario,100278,2026-04-18 16:37:00+00:00,2026-04-18 16:37
aragón,82705,2026-04-18 16:37:00+00:00,2026-04-18 16:37
muere,80902,2026-04-18 16:37:00+00:00,2026-04-18 16:37
santa,79454,2026-04-18 16:37:00+00:00,2026-04-18 16:37
mundial,78488,2026-04-18 16:37:00+00:00,2026-04-18 16:37
the,77430,2026-04-18 16:37:00+00:00,2026-04-18 16:37
china,77248,2026-04-18 16:37:00+00:00,2026-04-18 16:37
elecciones,76200,2026-04-18 16:37:00+00:00,2026-04-18 16:37
líbano,76100,2026-04-18 16:37:00+00:00,2026-04-18 16:37
economía,75550,2026-04-18 16:37:00+00:00,2026-04-18 16:37
ia,75218,2026-04-18 16:37:00+00:00,2026-04-18 16:37
internacional,462920,2026-04-18 17:06:00+00:00,2026-04-18 17:06
irán,312861,2026-04-18 17:06:00+00:00,2026-04-18 17:06
guerra,279029,2026-04-18 17:06:00+00:00,2026-04-18 17:06
trump,267608,2026-04-18 17:06:00+00:00,2026-04-18 17:06
sánchez,184584,2026-04-18 17:06:00+00:00,2026-04-18 17:06
israel,137525,2026-04-18 17:06:00+00:00,2026-04-18 17:06
málaga,125188,2026-04-18 17:06:00+00:00,2026-04-18 17:06
guerra irán,121069,2026-04-18 17:06:00+00:00,2026-04-18 17:06
ormuz,110662,2026-04-18 17:06:00+00:00,2026-04-18 17:06
final,102885,2026-04-18 17:06:00+00:00,2026-04-18 17:06
diario,98805,2026-04-18 17:06:00+00:00,2026-04-18 17:06
aragón,82557,2026-04-18 17:06:00+00:00,2026-04-18 17:06
muere,81046,2026-04-18 17:06:00+00:00,2026-04-18 17:06
santa,79334,2026-04-18 17:06:00+00:00,2026-04-18 17:06
mundial,78718,2026-04-18 17:06:00+00:00,2026-04-18 17:06
the,77206,2026-04-18 17:06:00+00:00,2026-04-18 17:06
china,77133,2026-04-18 17:06:00+00:00,2026-04-18 17:06
elecciones,76201,2026-04-18 17:06:00+00:00,2026-04-18 17:06
economía,75482,2026-04-18 17:06:00+00:00,2026-04-18 17:06
ia,74684,2026-04-18 17:06:00+00:00,2026-04-18 17:06
internacional,464026,2026-04-18 17:37:00+00:00,2026-04-18 17:37
irán,312281,2026-04-18 17:37:00+00:00,2026-04-18 17:37
guerra,279454,2026-04-18 17:37:00+00:00,2026-04-18 17:37
trump,267294,2026-04-18 17:37:00+00:00,2026-04-18 17:37
sánchez,185285,2026-04-18 17:37:00+00:00,2026-04-18 17:37
israel,137778,2026-04-18 17:37:00+00:00,2026-04-18 17:37
málaga,125895,2026-04-18 17:37:00+00:00,2026-04-18 17:37
guerra irán,121184,2026-04-18 17:37:00+00:00,2026-04-18 17:37
ormuz,110691,2026-04-18 17:37:00+00:00,2026-04-18 17:37
final,103340,2026-04-18 17:37:00+00:00,2026-04-18 17:37
diario,99728,2026-04-18 17:37:00+00:00,2026-04-18 17:37
aragón,82693,2026-04-18 17:37:00+00:00,2026-04-18 17:37
muere,80834,2026-04-18 17:37:00+00:00,2026-04-18 17:37
santa,79361,2026-04-18 17:37:00+00:00,2026-04-18 17:37
mundial,78616,2026-04-18 17:37:00+00:00,2026-04-18 17:37
the,77201,2026-04-18 17:37:00+00:00,2026-04-18 17:37
china,77132,2026-04-18 17:37:00+00:00,2026-04-18 17:37
elecciones,76477,2026-04-18 17:37:00+00:00,2026-04-18 17:37
líbano,76240,2026-04-18 17:37:00+00:00,2026-04-18 17:37
economía,75972,2026-04-18 17:37:00+00:00,2026-04-18 17:37
ia,75080,2026-04-18 17:37:00+00:00,2026-04-18 17:37
internacional,463465,2026-04-18 18:07:00+00:00,2026-04-18 18:07
irán,311946,2026-04-18 18:07:00+00:00,2026-04-18 18:07
guerra,279076,2026-04-18 18:07:00+00:00,2026-04-18 18:07
trump,267266,2026-04-18 18:07:00+00:00,2026-04-18 18:07
sánchez,185710,2026-04-18 18:07:00+00:00,2026-04-18 18:07
israel,137339,2026-04-18 18:07:00+00:00,2026-04-18 18:07
málaga,125551,2026-04-18 18:07:00+00:00,2026-04-18 18:07
guerra irán,121108,2026-04-18 18:07:00+00:00,2026-04-18 18:07
ormuz,111064,2026-04-18 18:07:00+00:00,2026-04-18 18:07
final,104773,2026-04-18 18:07:00+00:00,2026-04-18 18:07
diario,99625,2026-04-18 18:07:00+00:00,2026-04-18 18:07
aragón,82519,2026-04-18 18:07:00+00:00,2026-04-18 18:07
muere,81231,2026-04-18 18:07:00+00:00,2026-04-18 18:07
santa,79364,2026-04-18 18:07:00+00:00,2026-04-18 18:07
mundial,78619,2026-04-18 18:07:00+00:00,2026-04-18 18:07
china,77072,2026-04-18 18:07:00+00:00,2026-04-18 18:07
the,76694,2026-04-18 18:07:00+00:00,2026-04-18 18:07
elecciones,76419,2026-04-18 18:07:00+00:00,2026-04-18 18:07
líbano,76056,2026-04-18 18:07:00+00:00,2026-04-18 18:07
economía,75804,2026-04-18 18:07:00+00:00,2026-04-18 18:07
ia,74825,2026-04-18 18:07:00+00:00,2026-04-18 18:07
internacional,464382,2026-04-18 18:37:00+00:00,2026-04-18 18:37
irán,312071,2026-04-18 18:37:00+00:00,2026-04-18 18:37
guerra,279033,2026-04-18 18:37:00+00:00,2026-04-18 18:37
trump,268325,2026-04-18 18:37:00+00:00,2026-04-18 18:37
sánchez,186777,2026-04-18 18:37:00+00:00,2026-04-18 18:37
israel,137178,2026-04-18 18:37:00+00:00,2026-04-18 18:37
málaga,125324,2026-04-18 18:37:00+00:00,2026-04-18 18:37
guerra irán,121117,2026-04-18 18:37:00+00:00,2026-04-18 18:37
ormuz,111133,2026-04-18 18:37:00+00:00,2026-04-18 18:37
final,105418,2026-04-18 18:37:00+00:00,2026-04-18 18:37
diario,99561,2026-04-18 18:37:00+00:00,2026-04-18 18:37
aragón,82521,2026-04-18 18:37:00+00:00,2026-04-18 18:37
muere,81233,2026-04-18 18:37:00+00:00,2026-04-18 18:37
santa,79195,2026-04-18 18:37:00+00:00,2026-04-18 18:37
mundial,79029,2026-04-18 18:37:00+00:00,2026-04-18 18:37
china,77470,2026-04-18 18:37:00+00:00,2026-04-18 18:37
economía,76421,2026-04-18 18:37:00+00:00,2026-04-18 18:37
the,76397,2026-04-18 18:37:00+00:00,2026-04-18 18:37
elecciones,76324,2026-04-18 18:37:00+00:00,2026-04-18 18:37
líbano,75987,2026-04-18 18:37:00+00:00,2026-04-18 18:37
ia,75105,2026-04-18 18:37:00+00:00,2026-04-18 18:37
internacional,464360,2026-04-18 19:07:00+00:00,2026-04-18 19:07
irán,312654,2026-04-18 19:07:00+00:00,2026-04-18 19:07
guerra,279564,2026-04-18 19:07:00+00:00,2026-04-18 19:07
trump,268575,2026-04-18 19:07:00+00:00,2026-04-18 19:07
sánchez,186969,2026-04-18 19:07:00+00:00,2026-04-18 19:07
israel,136959,2026-04-18 19:07:00+00:00,2026-04-18 19:07
málaga,124825,2026-04-18 19:07:00+00:00,2026-04-18 19:07
guerra irán,121212,2026-04-18 19:07:00+00:00,2026-04-18 19:07
ormuz,111436,2026-04-18 19:07:00+00:00,2026-04-18 19:07
final,102733,2026-04-18 19:07:00+00:00,2026-04-18 19:07
diario,99139,2026-04-18 19:07:00+00:00,2026-04-18 19:07
aragón,82348,2026-04-18 19:07:00+00:00,2026-04-18 19:07
muere,81050,2026-04-18 19:07:00+00:00,2026-04-18 19:07
santa,79371,2026-04-18 19:07:00+00:00,2026-04-18 19:07
mundial,78751,2026-04-18 19:07:00+00:00,2026-04-18 19:07
china,77386,2026-04-18 19:07:00+00:00,2026-04-18 19:07
economía,76716,2026-04-18 19:07:00+00:00,2026-04-18 19:07
the,76388,2026-04-18 19:07:00+00:00,2026-04-18 19:07
elecciones,76199,2026-04-18 19:07:00+00:00,2026-04-18 19:07
líbano,75612,2026-04-18 19:07:00+00:00,2026-04-18 19:07
ia,75470,2026-04-18 19:07:00+00:00,2026-04-18 19:07
internacional,463524,2026-04-18 19:36:00+00:00,2026-04-18 19:36
irán,312341,2026-04-18 19:36:00+00:00,2026-04-18 19:36
guerra,279392,2026-04-18 19:36:00+00:00,2026-04-18 19:36
trump,268847,2026-04-18 19:36:00+00:00,2026-04-18 19:36
sánchez,187132,2026-04-18 19:36:00+00:00,2026-04-18 19:36
israel,136809,2026-04-18 19:36:00+00:00,2026-04-18 19:36
málaga,125869,2026-04-18 19:36:00+00:00,2026-04-18 19:36
guerra irán,121093,2026-04-18 19:36:00+00:00,2026-04-18 19:36
ormuz,111227,2026-04-18 19:36:00+00:00,2026-04-18 19:36
final,104664,2026-04-18 19:36:00+00:00,2026-04-18 19:36
diario,98883,2026-04-18 19:36:00+00:00,2026-04-18 19:36
aragón,82744,2026-04-18 19:36:00+00:00,2026-04-18 19:36
muere,81299,2026-04-18 19:36:00+00:00,2026-04-18 19:36
santa,79255,2026-04-18 19:36:00+00:00,2026-04-18 19:36
mundial,78681,2026-04-18 19:36:00+00:00,2026-04-18 19:36
china,77106,2026-04-18 19:36:00+00:00,2026-04-18 19:36
economía,77002,2026-04-18 19:36:00+00:00,2026-04-18 19:36
the,76280,2026-04-18 19:36:00+00:00,2026-04-18 19:36
elecciones,76203,2026-04-18 19:36:00+00:00,2026-04-18 19:36
líbano,75564,2026-04-18 19:36:00+00:00,2026-04-18 19:36
ia,75401,2026-04-18 19:36:00+00:00,2026-04-18 19:36
internacional,463678,2026-04-18 20:07:00+00:00,2026-04-18 20:07
irán,312242,2026-04-18 20:07:00+00:00,2026-04-18 20:07
guerra,279250,2026-04-18 20:07:00+00:00,2026-04-18 20:07
trump,268749,2026-04-18 20:07:00+00:00,2026-04-18 20:07
sánchez,187562,2026-04-18 20:07:00+00:00,2026-04-18 20:07
israel,136495,2026-04-18 20:07:00+00:00,2026-04-18 20:07
málaga,125541,2026-04-18 20:07:00+00:00,2026-04-18 20:07
guerra irán,121408,2026-04-18 20:07:00+00:00,2026-04-18 20:07
ormuz,111527,2026-04-18 20:07:00+00:00,2026-04-18 20:07
final,106210,2026-04-18 20:07:00+00:00,2026-04-18 20:07
diario,98742,2026-04-18 20:07:00+00:00,2026-04-18 20:07
aragón,82130,2026-04-18 20:07:00+00:00,2026-04-18 20:07
muere,81302,2026-04-18 20:07:00+00:00,2026-04-18 20:07
santa,79257,2026-04-18 20:07:00+00:00,2026-04-18 20:07
mundial,78686,2026-04-18 20:07:00+00:00,2026-04-18 20:07
economía,77006,2026-04-18 20:07:00+00:00,2026-04-18 20:07
china,76934,2026-04-18 20:07:00+00:00,2026-04-18 20:07
the,76282,2026-04-18 20:07:00+00:00,2026-04-18 20:07
elecciones,76138,2026-04-18 20:07:00+00:00,2026-04-18 20:07
líbano,75881,2026-04-18 20:07:00+00:00,2026-04-18 20:07
ia,75303,2026-04-18 20:07:00+00:00,2026-04-18 20:07
internacional,464323,2026-04-18 20:36:00+00:00,2026-04-18 20:36
irán,311921,2026-04-18 20:36:00+00:00,2026-04-18 20:36
guerra,278940,2026-04-18 20:36:00+00:00,2026-04-18 20:36
trump,268557,2026-04-18 20:36:00+00:00,2026-04-18 20:36
sánchez,188151,2026-04-18 20:36:00+00:00,2026-04-18 20:36
israel,136170,2026-04-18 20:36:00+00:00,2026-04-18 20:36
málaga,125759,2026-04-18 20:36:00+00:00,2026-04-18 20:36
guerra irán,121346,2026-04-18 20:36:00+00:00,2026-04-18 20:36
ormuz,111447,2026-04-18 20:36:00+00:00,2026-04-18 20:36
final,106405,2026-04-18 20:36:00+00:00,2026-04-18 20:36
diario,99002,2026-04-18 20:36:00+00:00,2026-04-18 20:36
aragón,82132,2026-04-18 20:36:00+00:00,2026-04-18 20:36
muere,81105,2026-04-18 20:36:00+00:00,2026-04-18 20:36
santa,79260,2026-04-18 20:36:00+00:00,2026-04-18 20:36
mundial,78646,2026-04-18 20:36:00+00:00,2026-04-18 20:36
economía,77235,2026-04-18 20:36:00+00:00,2026-04-18 20:36
china,76938,2026-04-18 20:36:00+00:00,2026-04-18 20:36
the,76524,2026-04-18 20:36:00+00:00,2026-04-18 20:36
líbano,75985,2026-04-18 20:36:00+00:00,2026-04-18 20:36
elecciones,75791,2026-04-18 20:36:00+00:00,2026-04-18 20:36
ia,75304,2026-04-18 20:36:00+00:00,2026-04-18 20:36
internacional,464799,2026-04-18 21:06:00+00:00,2026-04-18 21:06
irán,311785,2026-04-18 21:06:00+00:00,2026-04-18 21:06
guerra,278843,2026-04-18 21:06:00+00:00,2026-04-18 21:06
trump,268247,2026-04-18 21:06:00+00:00,2026-04-18 21:06
sánchez,188231,2026-04-18 21:06:00+00:00,2026-04-18 21:06
israel,135817,2026-04-18 21:06:00+00:00,2026-04-18 21:06
málaga,125763,2026-04-18 21:06:00+00:00,2026-04-18 21:06
guerra irán,121267,2026-04-18 21:06:00+00:00,2026-04-18 21:06
ormuz,111328,2026-04-18 21:06:00+00:00,2026-04-18 21:06
final,108033,2026-04-18 21:06:00+00:00,2026-04-18 21:06
diario,98707,2026-04-18 21:06:00+00:00,2026-04-18 21:06
aragón,81868,2026-04-18 21:06:00+00:00,2026-04-18 21:06
muere,81374,2026-04-18 21:06:00+00:00,2026-04-18 21:06
santa,79264,2026-04-18 21:06:00+00:00,2026-04-18 21:06
mundial,78650,2026-04-18 21:06:00+00:00,2026-04-18 21:06
economía,77238,2026-04-18 21:06:00+00:00,2026-04-18 21:06
china,77093,2026-04-18 21:06:00+00:00,2026-04-18 21:06
the,76382,2026-04-18 21:06:00+00:00,2026-04-18 21:06
líbano,75944,2026-04-18 21:06:00+00:00,2026-04-18 21:06
elecciones,75793,2026-04-18 21:06:00+00:00,2026-04-18 21:06
ia,75306,2026-04-18 21:06:00+00:00,2026-04-18 21:06
internacional,465364,2026-04-18 21:36:00+00:00,2026-04-18 21:36
irán,311564,2026-04-18 21:36:00+00:00,2026-04-18 21:36
guerra,278729,2026-04-18 21:36:00+00:00,2026-04-18 21:36
trump,268177,2026-04-18 21:36:00+00:00,2026-04-18 21:36
sánchez,188502,2026-04-18 21:36:00+00:00,2026-04-18 21:36
israel,135698,2026-04-18 21:36:00+00:00,2026-04-18 21:36
málaga,126062,2026-04-18 21:36:00+00:00,2026-04-18 21:36
guerra irán,121218,2026-04-18 21:36:00+00:00,2026-04-18 21:36
ormuz,111230,2026-04-18 21:36:00+00:00,2026-04-18 21:36
final,109645,2026-04-18 21:36:00+00:00,2026-04-18 21:36
diario,98596,2026-04-18 21:36:00+00:00,2026-04-18 21:36
aragón,81870,2026-04-18 21:36:00+00:00,2026-04-18 21:36
muere,81376,2026-04-18 21:36:00+00:00,2026-04-18 21:36
santa,79268,2026-04-18 21:36:00+00:00,2026-04-18 21:36
mundial,78854,2026-04-18 21:36:00+00:00,2026-04-18 21:36
economía,77768,2026-04-18 21:36:00+00:00,2026-04-18 21:36
china,77096,2026-04-18 21:36:00+00:00,2026-04-18 21:36
the,76384,2026-04-18 21:36:00+00:00,2026-04-18 21:36
líbano,75800,2026-04-18 21:36:00+00:00,2026-04-18 21:36
elecciones,75796,2026-04-18 21:36:00+00:00,2026-04-18 21:36
ia,75307,2026-04-18 21:36:00+00:00,2026-04-18 21:36
internacional,465568,2026-04-18 22:07:00+00:00,2026-04-18 22:07
irán,311310,2026-04-18 22:07:00+00:00,2026-04-18 22:07
guerra,278400,2026-04-18 22:07:00+00:00,2026-04-18 22:07
trump,268100,2026-04-18 22:07:00+00:00,2026-04-18 22:07
sánchez,188441,2026-04-18 22:07:00+00:00,2026-04-18 22:07
israel,135566,2026-04-18 22:07:00+00:00,2026-04-18 22:07
málaga,125579,2026-04-18 22:07:00+00:00,2026-04-18 22:07
guerra irán,120921,2026-04-18 22:07:00+00:00,2026-04-18 22:07
ormuz,111313,2026-04-18 22:07:00+00:00,2026-04-18 22:07
final,109927,2026-04-18 22:07:00+00:00,2026-04-18 22:07
diario,98510,2026-04-18 22:07:00+00:00,2026-04-18 22:07
aragón,81871,2026-04-18 22:07:00+00:00,2026-04-18 22:07
muere,81278,2026-04-18 22:07:00+00:00,2026-04-18 22:07
santa,79271,2026-04-18 22:07:00+00:00,2026-04-18 22:07
mundial,78809,2026-04-18 22:07:00+00:00,2026-04-18 22:07
economía,77595,2026-04-18 22:07:00+00:00,2026-04-18 22:07
china,76861,2026-04-18 22:07:00+00:00,2026-04-18 22:07
the,76386,2026-04-18 22:07:00+00:00,2026-04-18 22:07
elecciones,76132,2026-04-18 22:07:00+00:00,2026-04-18 22:07
líbano,75522,2026-04-18 22:07:00+00:00,2026-04-18 22:07
ia,75037,2026-04-18 22:07:00+00:00,2026-04-18 22:07
internacional,466700,2026-04-18 22:37:00+00:00,2026-04-18 22:37
irán,311260,2026-04-18 22:37:00+00:00,2026-04-18 22:37
guerra,278496,2026-04-18 22:37:00+00:00,2026-04-18 22:37
trump,268739,2026-04-18 22:37:00+00:00,2026-04-18 22:37
sánchez,189074,2026-04-18 22:37:00+00:00,2026-04-18 22:37
israel,135832,2026-04-18 22:37:00+00:00,2026-04-18 22:37
málaga,125265,2026-04-18 22:37:00+00:00,2026-04-18 22:37
guerra irán,120889,2026-04-18 22:37:00+00:00,2026-04-18 22:37
ormuz,111843,2026-04-18 22:37:00+00:00,2026-04-18 22:37
final,111191,2026-04-18 22:37:00+00:00,2026-04-18 22:37
diario,98515,2026-04-18 22:37:00+00:00,2026-04-18 22:37
aragón,81843,2026-04-18 22:37:00+00:00,2026-04-18 22:37
muere,81404,2026-04-18 22:37:00+00:00,2026-04-18 22:37
santa,79250,2026-04-18 22:37:00+00:00,2026-04-18 22:37
mundial,78482,2026-04-18 22:37:00+00:00,2026-04-18 22:37
economía,77759,2026-04-18 22:37:00+00:00,2026-04-18 22:37
china,76819,2026-04-18 22:37:00+00:00,2026-04-18 22:37
the,76472,2026-04-18 22:37:00+00:00,2026-04-18 22:37
elecciones,75506,2026-04-18 22:37:00+00:00,2026-04-18 22:37
líbano,75497,2026-04-18 22:37:00+00:00,2026-04-18 22:37
ia,75151,2026-04-18 22:37:00+00:00,2026-04-18 22:37
internacional,466411,2026-04-18 23:06:00+00:00,2026-04-18 23:06
irán,311400,2026-04-18 23:06:00+00:00,2026-04-18 23:06
guerra,278351,2026-04-18 23:06:00+00:00,2026-04-18 23:06
trump,268940,2026-04-18 23:06:00+00:00,2026-04-18 23:06
sánchez,189588,2026-04-18 23:06:00+00:00,2026-04-18 23:06
israel,134543,2026-04-18 23:06:00+00:00,2026-04-18 23:06
málaga,127345,2026-04-18 23:06:00+00:00,2026-04-18 23:06
guerra irán,120788,2026-04-18 23:06:00+00:00,2026-04-18 23:06
final,112065,2026-04-18 23:06:00+00:00,2026-04-18 23:06
ormuz,111972,2026-04-18 23:06:00+00:00,2026-04-18 23:06
diario,97445,2026-04-18 23:06:00+00:00,2026-04-18 23:06
aragón,81876,2026-04-18 23:06:00+00:00,2026-04-18 23:06
muere,81504,2026-04-18 23:06:00+00:00,2026-04-18 23:06
santa,79253,2026-04-18 23:06:00+00:00,2026-04-18 23:06
mundial,78792,2026-04-18 23:06:00+00:00,2026-04-18 23:06
economía,78007,2026-04-18 23:06:00+00:00,2026-04-18 23:06
china,76847,2026-04-18 23:06:00+00:00,2026-04-18 23:06
the,76530,2026-04-18 23:06:00+00:00,2026-04-18 23:06
elecciones,76351,2026-04-18 23:06:00+00:00,2026-04-18 23:06
ia,75536,2026-04-18 23:06:00+00:00,2026-04-18 23:06
internacional,466235,2026-04-18 23:36:00+00:00,2026-04-18 23:36
irán,311411,2026-04-18 23:36:00+00:00,2026-04-18 23:36
guerra,278360,2026-04-18 23:36:00+00:00,2026-04-18 23:36
trump,268947,2026-04-18 23:36:00+00:00,2026-04-18 23:36
sánchez,189596,2026-04-18 23:36:00+00:00,2026-04-18 23:36
israel,134502,2026-04-18 23:36:00+00:00,2026-04-18 23:36
málaga,127348,2026-04-18 23:36:00+00:00,2026-04-18 23:36
guerra irán,120789,2026-04-18 23:36:00+00:00,2026-04-18 23:36
final,112170,2026-04-18 23:36:00+00:00,2026-04-18 23:36
ormuz,111973,2026-04-18 23:36:00+00:00,2026-04-18 23:36
diario,97818,2026-04-18 23:36:00+00:00,2026-04-18 23:36
aragón,81877,2026-04-18 23:36:00+00:00,2026-04-18 23:36
muere,81506,2026-04-18 23:36:00+00:00,2026-04-18 23:36
santa,79254,2026-04-18 23:36:00+00:00,2026-04-18 23:36
mundial,78794,2026-04-18 23:36:00+00:00,2026-04-18 23:36
economía,78008,2026-04-18 23:36:00+00:00,2026-04-18 23:36
china,76849,2026-04-18 23:36:00+00:00,2026-04-18 23:36
the,76532,2026-04-18 23:36:00+00:00,2026-04-18 23:36
elecciones,76352,2026-04-18 23:36:00+00:00,2026-04-18 23:36
ia,75537,2026-04-18 23:36:00+00:00,2026-04-18 23:36
internacional,466281,2026-04-19 00:07:00+00:00,2026-04-19 00:07
irán,311375,2026-04-19 00:07:00+00:00,2026-04-19 00:07
guerra,278445,2026-04-19 00:07:00+00:00,2026-04-19 00:07
trump,268763,2026-04-19 00:07:00+00:00,2026-04-19 00:07
sánchez,189631,2026-04-19 00:07:00+00:00,2026-04-19 00:07
israel,135409,2026-04-19 00:07:00+00:00,2026-04-19 00:07
málaga,127277,2026-04-19 00:07:00+00:00,2026-04-19 00:07
guerra irán,120875,2026-04-19 00:07:00+00:00,2026-04-19 00:07
final,112037,2026-04-19 00:07:00+00:00,2026-04-19 00:07
ormuz,111859,2026-04-19 00:07:00+00:00,2026-04-19 00:07
diario,99293,2026-04-19 00:07:00+00:00,2026-04-19 00:07
aragón,81878,2026-04-19 00:07:00+00:00,2026-04-19 00:07
muere,81530,2026-04-19 00:07:00+00:00,2026-04-19 00:07
santa,79278,2026-04-19 00:07:00+00:00,2026-04-19 00:07
mundial,78713,2026-04-19 00:07:00+00:00,2026-04-19 00:07
economía,77829,2026-04-19 00:07:00+00:00,2026-04-19 00:07
china,76589,2026-04-19 00:07:00+00:00,2026-04-19 00:07
the,76564,2026-04-19 00:07:00+00:00,2026-04-19 00:07
elecciones,76205,2026-04-19 00:07:00+00:00,2026-04-19 00:07
líbano,75762,2026-04-19 00:07:00+00:00,2026-04-19 00:07
ia,75497,2026-04-19 00:07:00+00:00,2026-04-19 00:07
internacional,466336,2026-04-19 00:36:00+00:00,2026-04-19 00:36
irán,311355,2026-04-19 00:36:00+00:00,2026-04-19 00:36
guerra,278453,2026-04-19 00:36:00+00:00,2026-04-19 00:36
trump,268836,2026-04-19 00:36:00+00:00,2026-04-19 00:36
sánchez,189532,2026-04-19 00:36:00+00:00,2026-04-19 00:36
israel,135414,2026-04-19 00:36:00+00:00,2026-04-19 00:36
málaga,127278,2026-04-19 00:36:00+00:00,2026-04-19 00:36
guerra irán,120877,2026-04-19 00:36:00+00:00,2026-04-19 00:36
final,112218,2026-04-19 00:36:00+00:00,2026-04-19 00:36
ormuz,111797,2026-04-19 00:36:00+00:00,2026-04-19 00:36
diario,100015,2026-04-19 00:36:00+00:00,2026-04-19 00:36
aragón,81878,2026-04-19 00:36:00+00:00,2026-04-19 00:36
muere,81531,2026-04-19 00:36:00+00:00,2026-04-19 00:36
santa,79279,2026-04-19 00:36:00+00:00,2026-04-19 00:36
mundial,78715,2026-04-19 00:36:00+00:00,2026-04-19 00:36
economía,78025,2026-04-19 00:36:00+00:00,2026-04-19 00:36
china,76590,2026-04-19 00:36:00+00:00,2026-04-19 00:36
the,76365,2026-04-19 00:36:00+00:00,2026-04-19 00:36
elecciones,76087,2026-04-19 00:36:00+00:00,2026-04-19 00:36
líbano,75975,2026-04-19 00:36:00+00:00,2026-04-19 00:36
ia,75498,2026-04-19 00:36:00+00:00,2026-04-19 00:36
internacional,466482,2026-04-19 01:06:00+00:00,2026-04-19 01:06
irán,311112,2026-04-19 01:06:00+00:00,2026-04-19 01:06
guerra,278626,2026-04-19 01:06:00+00:00,2026-04-19 01:06
trump,268693,2026-04-19 01:06:00+00:00,2026-04-19 01:06
sánchez,189505,2026-04-19 01:06:00+00:00,2026-04-19 01:06
israel,135154,2026-04-19 01:06:00+00:00,2026-04-19 01:06
málaga,127280,2026-04-19 01:06:00+00:00,2026-04-19 01:06
guerra irán,120826,2026-04-19 01:06:00+00:00,2026-04-19 01:06
final,112220,2026-04-19 01:06:00+00:00,2026-04-19 01:06
ormuz,111938,2026-04-19 01:06:00+00:00,2026-04-19 01:06
diario,100018,2026-04-19 01:06:00+00:00,2026-04-19 01:06
aragón,81880,2026-04-19 01:06:00+00:00,2026-04-19 01:06
muere,81532,2026-04-19 01:06:00+00:00,2026-04-19 01:06
mundial,79280,2026-04-19 01:06:00+00:00,2026-04-19 01:06
santa,79279,2026-04-19 01:06:00+00:00,2026-04-19 01:06
economía,78026,2026-04-19 01:06:00+00:00,2026-04-19 01:06
china,76509,2026-04-19 01:06:00+00:00,2026-04-19 01:06
the,76366,2026-04-19 01:06:00+00:00,2026-04-19 01:06
elecciones,76328,2026-04-19 01:06:00+00:00,2026-04-19 01:06
ia,76194,2026-04-19 01:06:00+00:00,2026-04-19 01:06
líbano,75721,2026-04-19 01:06:00+00:00,2026-04-19 01:06
internacional,466502,2026-04-19 01:38:00+00:00,2026-04-19 01:38
irán,311078,2026-04-19 01:38:00+00:00,2026-04-19 01:38
guerra,278588,2026-04-19 01:38:00+00:00,2026-04-19 01:38
trump,268497,2026-04-19 01:38:00+00:00,2026-04-19 01:38
sánchez,189458,2026-04-19 01:38:00+00:00,2026-04-19 01:38
israel,135155,2026-04-19 01:38:00+00:00,2026-04-19 01:38
málaga,127281,2026-04-19 01:38:00+00:00,2026-04-19 01:38
guerra irán,120827,2026-04-19 01:38:00+00:00,2026-04-19 01:38
final,112221,2026-04-19 01:38:00+00:00,2026-04-19 01:38
ormuz,111939,2026-04-19 01:38:00+00:00,2026-04-19 01:38
diario,100020,2026-04-19 01:38:00+00:00,2026-04-19 01:38
aragón,81880,2026-04-19 01:38:00+00:00,2026-04-19 01:38
muere,81532,2026-04-19 01:38:00+00:00,2026-04-19 01:38
santa,79280,2026-04-19 01:38:00+00:00,2026-04-19 01:38
mundial,79142,2026-04-19 01:38:00+00:00,2026-04-19 01:38
economía,78028,2026-04-19 01:38:00+00:00,2026-04-19 01:38
china,76451,2026-04-19 01:38:00+00:00,2026-04-19 01:38
the,76367,2026-04-19 01:38:00+00:00,2026-04-19 01:38
elecciones,76328,2026-04-19 01:38:00+00:00,2026-04-19 01:38
ia,76195,2026-04-19 01:38:00+00:00,2026-04-19 01:38
líbano,75721,2026-04-19 01:38:00+00:00,2026-04-19 01:38
internacional,391420,2026-04-19 02:06:00+00:00,2026-04-19 02:06
irán,242835,2026-04-19 02:06:00+00:00,2026-04-19 02:06
trump,220880,2026-04-19 02:06:00+00:00,2026-04-19 02:06
guerra,213150,2026-04-19 02:06:00+00:00,2026-04-19 02:06
sánchez,164456,2026-04-19 02:06:00+00:00,2026-04-19 02:06
israel,103884,2026-04-19 02:06:00+00:00,2026-04-19 02:06
málaga,101932,2026-04-19 02:06:00+00:00,2026-04-19 02:06
final,97432,2026-04-19 02:06:00+00:00,2026-04-19 02:06
ormuz,95073,2026-04-19 02:06:00+00:00,2026-04-19 02:06
guerra irán,92016,2026-04-19 02:06:00+00:00,2026-04-19 02:06
diario,81705,2026-04-19 02:06:00+00:00,2026-04-19 02:06
santa,70704,2026-04-19 02:06:00+00:00,2026-04-19 02:06
muere,68552,2026-04-19 02:06:00+00:00,2026-04-19 02:06
regularización,68461,2026-04-19 02:06:00+00:00,2026-04-19 02:06
economía,66913,2026-04-19 02:06:00+00:00,2026-04-19 02:06
mundial,65640,2026-04-19 02:06:00+00:00,2026-04-19 02:06
the,64962,2026-04-19 02:06:00+00:00,2026-04-19 02:06
español,63836,2026-04-19 02:06:00+00:00,2026-04-19 02:06
aragón,62792,2026-04-19 02:06:00+00:00,2026-04-19 02:06
líbano,62230,2026-04-19 02:06:00+00:00,2026-04-19 02:06
ia,62198,2026-04-19 02:06:00+00:00,2026-04-19 02:06
internacional,391475,2026-04-19 02:35:00+00:00,2026-04-19 02:35
irán,242713,2026-04-19 02:35:00+00:00,2026-04-19 02:35
trump,220578,2026-04-19 02:35:00+00:00,2026-04-19 02:35
guerra,213081,2026-04-19 02:35:00+00:00,2026-04-19 02:35
sánchez,164225,2026-04-19 02:35:00+00:00,2026-04-19 02:35
israel,103734,2026-04-19 02:35:00+00:00,2026-04-19 02:35
málaga,101933,2026-04-19 02:35:00+00:00,2026-04-19 02:35
final,97340,2026-04-19 02:35:00+00:00,2026-04-19 02:35
ormuz,95076,2026-04-19 02:35:00+00:00,2026-04-19 02:35
guerra irán,91926,2026-04-19 02:35:00+00:00,2026-04-19 02:35
diario,81706,2026-04-19 02:35:00+00:00,2026-04-19 02:35
santa,70705,2026-04-19 02:35:00+00:00,2026-04-19 02:35
muere,68713,2026-04-19 02:35:00+00:00,2026-04-19 02:35
regularización,68462,2026-04-19 02:35:00+00:00,2026-04-19 02:35
economía,66828,2026-04-19 02:35:00+00:00,2026-04-19 02:35
mundial,65442,2026-04-19 02:35:00+00:00,2026-04-19 02:35
the,64963,2026-04-19 02:35:00+00:00,2026-04-19 02:35
español,63759,2026-04-19 02:35:00+00:00,2026-04-19 02:35
aragón,62792,2026-04-19 02:35:00+00:00,2026-04-19 02:35
líbano,62380,2026-04-19 02:35:00+00:00,2026-04-19 02:35
ia,62198,2026-04-19 02:35:00+00:00,2026-04-19 02:35
internacional,390871,2026-04-19 03:05:00+00:00,2026-04-19 03:05
irán,242596,2026-04-19 03:05:00+00:00,2026-04-19 03:05
trump,220055,2026-04-19 03:05:00+00:00,2026-04-19 03:05
guerra,212976,2026-04-19 03:05:00+00:00,2026-04-19 03:05
sánchez,164408,2026-04-19 03:05:00+00:00,2026-04-19 03:05
israel,103365,2026-04-19 03:05:00+00:00,2026-04-19 03:05
málaga,102328,2026-04-19 03:05:00+00:00,2026-04-19 03:05
final,96896,2026-04-19 03:05:00+00:00,2026-04-19 03:05
ormuz,94595,2026-04-19 03:05:00+00:00,2026-04-19 03:05
guerra irán,91930,2026-04-19 03:05:00+00:00,2026-04-19 03:05
diario,81709,2026-04-19 03:05:00+00:00,2026-04-19 03:05
santa,70589,2026-04-19 03:05:00+00:00,2026-04-19 03:05
muere,68714,2026-04-19 03:05:00+00:00,2026-04-19 03:05
regularización,67613,2026-04-19 03:05:00+00:00,2026-04-19 03:05
economía,66680,2026-04-19 03:05:00+00:00,2026-04-19 03:05
mundial,65444,2026-04-19 03:05:00+00:00,2026-04-19 03:05
the,65245,2026-04-19 03:05:00+00:00,2026-04-19 03:05
español,63093,2026-04-19 03:05:00+00:00,2026-04-19 03:05
ia,62100,2026-04-19 03:05:00+00:00,2026-04-19 03:05
líbano,62099,2026-04-19 03:05:00+00:00,2026-04-19 03:05
aragón,61932,2026-04-19 03:05:00+00:00,2026-04-19 03:05
internacional,391489,2026-04-19 03:35:00+00:00,2026-04-19 03:35
irán,242333,2026-04-19 03:35:00+00:00,2026-04-19 03:35
trump,220595,2026-04-19 03:35:00+00:00,2026-04-19 03:35
guerra,212983,2026-04-19 03:35:00+00:00,2026-04-19 03:35
sánchez,164577,2026-04-19 03:35:00+00:00,2026-04-19 03:35
israel,103156,2026-04-19 03:35:00+00:00,2026-04-19 03:35
málaga,102332,2026-04-19 03:35:00+00:00,2026-04-19 03:35
final,97414,2026-04-19 03:35:00+00:00,2026-04-19 03:35
ormuz,94291,2026-04-19 03:35:00+00:00,2026-04-19 03:35
guerra irán,91933,2026-04-19 03:35:00+00:00,2026-04-19 03:35
diario,81664,2026-04-19 03:35:00+00:00,2026-04-19 03:35
santa,70396,2026-04-19 03:35:00+00:00,2026-04-19 03:35
muere,68716,2026-04-19 03:35:00+00:00,2026-04-19 03:35
regularización,68027,2026-04-19 03:35:00+00:00,2026-04-19 03:35
economía,66615,2026-04-19 03:35:00+00:00,2026-04-19 03:35
aragón,66145,2026-04-19 03:35:00+00:00,2026-04-19 03:35
mundial,65448,2026-04-19 03:35:00+00:00,2026-04-19 03:35
the,64880,2026-04-19 03:35:00+00:00,2026-04-19 03:35
español,63053,2026-04-19 03:35:00+00:00,2026-04-19 03:35
ia,62070,2026-04-19 03:35:00+00:00,2026-04-19 03:35
líbano,62011,2026-04-19 03:35:00+00:00,2026-04-19 03:35
internacional,392260,2026-04-19 04:06:00+00:00,2026-04-19 04:06
irán,242879,2026-04-19 04:06:00+00:00,2026-04-19 04:06
trump,219907,2026-04-19 04:06:00+00:00,2026-04-19 04:06
guerra,212945,2026-04-19 04:06:00+00:00,2026-04-19 04:06
sánchez,164206,2026-04-19 04:06:00+00:00,2026-04-19 04:06
israel,103283,2026-04-19 04:06:00+00:00,2026-04-19 04:06
málaga,101386,2026-04-19 04:06:00+00:00,2026-04-19 04:06
final,97081,2026-04-19 04:06:00+00:00,2026-04-19 04:06
ormuz,94752,2026-04-19 04:06:00+00:00,2026-04-19 04:06
guerra irán,92144,2026-04-19 04:06:00+00:00,2026-04-19 04:06
diario,81409,2026-04-19 04:06:00+00:00,2026-04-19 04:06
santa,70658,2026-04-19 04:06:00+00:00,2026-04-19 04:06
muere,68509,2026-04-19 04:06:00+00:00,2026-04-19 04:06
regularización,67331,2026-04-19 04:06:00+00:00,2026-04-19 04:06
economía,66620,2026-04-19 04:06:00+00:00,2026-04-19 04:06
aragón,66147,2026-04-19 04:06:00+00:00,2026-04-19 04:06
mundial,65370,2026-04-19 04:06:00+00:00,2026-04-19 04:06
the,65175,2026-04-19 04:06:00+00:00,2026-04-19 04:06
español,63528,2026-04-19 04:06:00+00:00,2026-04-19 04:06
ia,62058,2026-04-19 04:06:00+00:00,2026-04-19 04:06
líbano,61960,2026-04-19 04:06:00+00:00,2026-04-19 04:06
internacional,392254,2026-04-19 04:35:00+00:00,2026-04-19 04:35
irán,243218,2026-04-19 04:35:00+00:00,2026-04-19 04:35
trump,220742,2026-04-19 04:35:00+00:00,2026-04-19 04:35
guerra,214446,2026-04-19 04:35:00+00:00,2026-04-19 04:35
sánchez,164888,2026-04-19 04:35:00+00:00,2026-04-19 04:35
israel,103098,2026-04-19 04:35:00+00:00,2026-04-19 04:35
málaga,101711,2026-04-19 04:35:00+00:00,2026-04-19 04:35
final,96904,2026-04-19 04:35:00+00:00,2026-04-19 04:35
ormuz,94683,2026-04-19 04:35:00+00:00,2026-04-19 04:35
guerra irán,92301,2026-04-19 04:35:00+00:00,2026-04-19 04:35
diario,82116,2026-04-19 04:35:00+00:00,2026-04-19 04:35
santa,70618,2026-04-19 04:35:00+00:00,2026-04-19 04:35
regularización,69236,2026-04-19 04:35:00+00:00,2026-04-19 04:35
muere,68383,2026-04-19 04:35:00+00:00,2026-04-19 04:35
economía,66835,2026-04-19 04:35:00+00:00,2026-04-19 04:35
aragón,66232,2026-04-19 04:35:00+00:00,2026-04-19 04:35
mundial,65343,2026-04-19 04:35:00+00:00,2026-04-19 04:35
the,65146,2026-04-19 04:35:00+00:00,2026-04-19 04:35
español,63641,2026-04-19 04:35:00+00:00,2026-04-19 04:35
líbano,62027,2026-04-19 04:35:00+00:00,2026-04-19 04:35
internacional,391846,2026-04-19 05:06:00+00:00,2026-04-19 05:06
irán,243617,2026-04-19 05:06:00+00:00,2026-04-19 05:06
trump,220798,2026-04-19 05:06:00+00:00,2026-04-19 05:06
guerra,214673,2026-04-19 05:06:00+00:00,2026-04-19 05:06
sánchez,164864,2026-04-19 05:06:00+00:00,2026-04-19 05:06
israel,103735,2026-04-19 05:06:00+00:00,2026-04-19 05:06
málaga,102302,2026-04-19 05:06:00+00:00,2026-04-19 05:06
final,96921,2026-04-19 05:06:00+00:00,2026-04-19 05:06
ormuz,95114,2026-04-19 05:06:00+00:00,2026-04-19 05:06
guerra irán,92327,2026-04-19 05:06:00+00:00,2026-04-19 05:06
diario,81987,2026-04-19 05:06:00+00:00,2026-04-19 05:06
santa,70667,2026-04-19 05:06:00+00:00,2026-04-19 05:06
regularización,69237,2026-04-19 05:06:00+00:00,2026-04-19 05:06
muere,68812,2026-04-19 05:06:00+00:00,2026-04-19 05:06
economía,66960,2026-04-19 05:06:00+00:00,2026-04-19 05:06
aragón,66265,2026-04-19 05:06:00+00:00,2026-04-19 05:06
the,65146,2026-04-19 05:06:00+00:00,2026-04-19 05:06
mundial,65105,2026-04-19 05:06:00+00:00,2026-04-19 05:06
español,63331,2026-04-19 05:06:00+00:00,2026-04-19 05:06
líbano,62126,2026-04-19 05:06:00+00:00,2026-04-19 05:06
internacional,392683,2026-04-19 05:35:00+00:00,2026-04-19 05:35
irán,242924,2026-04-19 05:35:00+00:00,2026-04-19 05:35
trump,220512,2026-04-19 05:35:00+00:00,2026-04-19 05:35
guerra,214214,2026-04-19 05:35:00+00:00,2026-04-19 05:35
sánchez,164585,2026-04-19 05:35:00+00:00,2026-04-19 05:35
israel,102940,2026-04-19 05:35:00+00:00,2026-04-19 05:35
málaga,101514,2026-04-19 05:35:00+00:00,2026-04-19 05:35
final,97027,2026-04-19 05:35:00+00:00,2026-04-19 05:35
ormuz,94607,2026-04-19 05:35:00+00:00,2026-04-19 05:35
guerra irán,92232,2026-04-19 05:35:00+00:00,2026-04-19 05:35
diario,82107,2026-04-19 05:35:00+00:00,2026-04-19 05:35
santa,70620,2026-04-19 05:35:00+00:00,2026-04-19 05:35
regularización,69238,2026-04-19 05:35:00+00:00,2026-04-19 05:35
muere,68556,2026-04-19 05:35:00+00:00,2026-04-19 05:35
economía,66997,2026-04-19 05:35:00+00:00,2026-04-19 05:35
aragón,66234,2026-04-19 05:35:00+00:00,2026-04-19 05:35
the,65148,2026-04-19 05:35:00+00:00,2026-04-19 05:35
mundial,65051,2026-04-19 05:35:00+00:00,2026-04-19 05:35
español,63676,2026-04-19 05:35:00+00:00,2026-04-19 05:35
ia,62061,2026-04-19 05:35:00+00:00,2026-04-19 05:35
líbano,62050,2026-04-19 05:35:00+00:00,2026-04-19 05:35
internacional,392052,2026-04-19 06:06:00+00:00,2026-04-19 06:06
irán,242760,2026-04-19 06:06:00+00:00,2026-04-19 06:06
trump,220267,2026-04-19 06:06:00+00:00,2026-04-19 06:06
guerra,214474,2026-04-19 06:06:00+00:00,2026-04-19 06:06
sánchez,164369,2026-04-19 06:06:00+00:00,2026-04-19 06:06
israel,103292,2026-04-19 06:06:00+00:00,2026-04-19 06:06
málaga,102002,2026-04-19 06:06:00+00:00,2026-04-19 06:06
final,96711,2026-04-19 06:06:00+00:00,2026-04-19 06:06
ormuz,94595,2026-04-19 06:06:00+00:00,2026-04-19 06:06
guerra irán,92074,2026-04-19 06:06:00+00:00,2026-04-19 06:06
diario,82198,2026-04-19 06:06:00+00:00,2026-04-19 06:06
santa,70318,2026-04-19 06:06:00+00:00,2026-04-19 06:06
regularización,69215,2026-04-19 06:06:00+00:00,2026-04-19 06:06
muere,68676,2026-04-19 06:06:00+00:00,2026-04-19 06:06
economía,67001,2026-04-19 06:06:00+00:00,2026-04-19 06:06
aragón,66121,2026-04-19 06:06:00+00:00,2026-04-19 06:06
the,65000,2026-04-19 06:06:00+00:00,2026-04-19 06:06
mundial,64823,2026-04-19 06:06:00+00:00,2026-04-19 06:06
español,63668,2026-04-19 06:06:00+00:00,2026-04-19 06:06
ia,62021,2026-04-19 06:06:00+00:00,2026-04-19 06:06
internacional,392494,2026-04-19 06:36:00+00:00,2026-04-19 06:36
irán,242939,2026-04-19 06:36:00+00:00,2026-04-19 06:36
trump,220199,2026-04-19 06:36:00+00:00,2026-04-19 06:36
guerra,214482,2026-04-19 06:36:00+00:00,2026-04-19 06:36
sánchez,164764,2026-04-19 06:36:00+00:00,2026-04-19 06:36
israel,103239,2026-04-19 06:36:00+00:00,2026-04-19 06:36
málaga,102095,2026-04-19 06:36:00+00:00,2026-04-19 06:36
final,96775,2026-04-19 06:36:00+00:00,2026-04-19 06:36
ormuz,95296,2026-04-19 06:36:00+00:00,2026-04-19 06:36
guerra irán,92139,2026-04-19 06:36:00+00:00,2026-04-19 06:36
diario,81778,2026-04-19 06:36:00+00:00,2026-04-19 06:36
santa,70465,2026-04-19 06:36:00+00:00,2026-04-19 06:36
regularización,69332,2026-04-19 06:36:00+00:00,2026-04-19 06:36
muere,68815,2026-04-19 06:36:00+00:00,2026-04-19 06:36
economía,66800,2026-04-19 06:36:00+00:00,2026-04-19 06:36
aragón,66167,2026-04-19 06:36:00+00:00,2026-04-19 06:36
mundial,65192,2026-04-19 06:36:00+00:00,2026-04-19 06:36
the,64903,2026-04-19 06:36:00+00:00,2026-04-19 06:36
español,63793,2026-04-19 06:36:00+00:00,2026-04-19 06:36
líbano,62439,2026-04-19 06:36:00+00:00,2026-04-19 06:36
ia,62257,2026-04-19 06:36:00+00:00,2026-04-19 06:36
internacional,391916,2026-04-19 07:06:00+00:00,2026-04-19 07:06
irán,242940,2026-04-19 07:06:00+00:00,2026-04-19 07:06
trump,219966,2026-04-19 07:06:00+00:00,2026-04-19 07:06
guerra,214270,2026-04-19 07:06:00+00:00,2026-04-19 07:06
sánchez,164965,2026-04-19 07:06:00+00:00,2026-04-19 07:06
israel,103072,2026-04-19 07:06:00+00:00,2026-04-19 07:06
málaga,101899,2026-04-19 07:06:00+00:00,2026-04-19 07:06
final,97175,2026-04-19 07:06:00+00:00,2026-04-19 07:06
ormuz,95746,2026-04-19 07:06:00+00:00,2026-04-19 07:06
guerra irán,91983,2026-04-19 07:06:00+00:00,2026-04-19 07:06
diario,81966,2026-04-19 07:06:00+00:00,2026-04-19 07:06
santa,70365,2026-04-19 07:06:00+00:00,2026-04-19 07:06
regularización,69331,2026-04-19 07:06:00+00:00,2026-04-19 07:06
muere,68817,2026-04-19 07:06:00+00:00,2026-04-19 07:06
economía,66802,2026-04-19 07:06:00+00:00,2026-04-19 07:06
aragón,66169,2026-04-19 07:06:00+00:00,2026-04-19 07:06
mundial,65417,2026-04-19 07:06:00+00:00,2026-04-19 07:06
the,64805,2026-04-19 07:06:00+00:00,2026-04-19 07:06
español,63796,2026-04-19 07:06:00+00:00,2026-04-19 07:06
líbano,62406,2026-04-19 07:06:00+00:00,2026-04-19 07:06
internacional,391672,2026-04-19 07:35:00+00:00,2026-04-19 07:35
irán,243605,2026-04-19 07:35:00+00:00,2026-04-19 07:35
trump,220673,2026-04-19 07:35:00+00:00,2026-04-19 07:35
guerra,214582,2026-04-19 07:35:00+00:00,2026-04-19 07:35
sánchez,165144,2026-04-19 07:35:00+00:00,2026-04-19 07:35
israel,103781,2026-04-19 07:35:00+00:00,2026-04-19 07:35
málaga,101828,2026-04-19 07:35:00+00:00,2026-04-19 07:35
final,97582,2026-04-19 07:35:00+00:00,2026-04-19 07:35
ormuz,96223,2026-04-19 07:35:00+00:00,2026-04-19 07:35
guerra irán,92098,2026-04-19 07:35:00+00:00,2026-04-19 07:35
diario,81972,2026-04-19 07:35:00+00:00,2026-04-19 07:35
santa,70265,2026-04-19 07:35:00+00:00,2026-04-19 07:35
regularización,69560,2026-04-19 07:35:00+00:00,2026-04-19 07:35
muere,68650,2026-04-19 07:35:00+00:00,2026-04-19 07:35
economía,67053,2026-04-19 07:35:00+00:00,2026-04-19 07:35
aragón,65947,2026-04-19 07:35:00+00:00,2026-04-19 07:35
mundial,65314,2026-04-19 07:35:00+00:00,2026-04-19 07:35
the,65099,2026-04-19 07:35:00+00:00,2026-04-19 07:35
español,63918,2026-04-19 07:35:00+00:00,2026-04-19 07:35
ia,62867,2026-04-19 07:35:00+00:00,2026-04-19 07:35
líbano,62415,2026-04-19 07:35:00+00:00,2026-04-19 07:35
china,62233,2026-04-19 07:35:00+00:00,2026-04-19 07:35
internacional,391047,2026-04-19 08:05:00+00:00,2026-04-19 08:05
irán,243791,2026-04-19 08:05:00+00:00,2026-04-19 08:05
trump,220758,2026-04-19 08:05:00+00:00,2026-04-19 08:05
guerra,214496,2026-04-19 08:05:00+00:00,2026-04-19 08:05
sánchez,165340,2026-04-19 08:05:00+00:00,2026-04-19 08:05
israel,103473,2026-04-19 08:05:00+00:00,2026-04-19 08:05
málaga,101473,2026-04-19 08:05:00+00:00,2026-04-19 08:05
final,97304,2026-04-19 08:05:00+00:00,2026-04-19 08:05
ormuz,96471,2026-04-19 08:05:00+00:00,2026-04-19 08:05
guerra irán,92372,2026-04-19 08:05:00+00:00,2026-04-19 08:05
diario,81777,2026-04-19 08:05:00+00:00,2026-04-19 08:05
santa,70268,2026-04-19 08:05:00+00:00,2026-04-19 08:05
regularización,69563,2026-04-19 08:05:00+00:00,2026-04-19 08:05
muere,68482,2026-04-19 08:05:00+00:00,2026-04-19 08:05
economía,67057,2026-04-19 08:05:00+00:00,2026-04-19 08:05
aragón,65949,2026-04-19 08:05:00+00:00,2026-04-19 08:05
the,65292,2026-04-19 08:05:00+00:00,2026-04-19 08:05
mundial,65117,2026-04-19 08:05:00+00:00,2026-04-19 08:05
español,63920,2026-04-19 08:05:00+00:00,2026-04-19 08:05
ia,62869,2026-04-19 08:05:00+00:00,2026-04-19 08:05
china,62422,2026-04-19 08:05:00+00:00,2026-04-19 08:05
líbano,62119,2026-04-19 08:05:00+00:00,2026-04-19 08:05
internacional,390178,2026-04-19 08:36:00+00:00,2026-04-19 08:36
irán,244640,2026-04-19 08:36:00+00:00,2026-04-19 08:36
trump,221484,2026-04-19 08:36:00+00:00,2026-04-19 08:36
guerra,214748,2026-04-19 08:36:00+00:00,2026-04-19 08:36
sánchez,165147,2026-04-19 08:36:00+00:00,2026-04-19 08:36
israel,103748,2026-04-19 08:36:00+00:00,2026-04-19 08:36
málaga,101279,2026-04-19 08:36:00+00:00,2026-04-19 08:36
final,97548,2026-04-19 08:36:00+00:00,2026-04-19 08:36
ormuz,96591,2026-04-19 08:36:00+00:00,2026-04-19 08:36
guerra irán,92411,2026-04-19 08:36:00+00:00,2026-04-19 08:36
diario,81996,2026-04-19 08:36:00+00:00,2026-04-19 08:36
santa,70271,2026-04-19 08:36:00+00:00,2026-04-19 08:36
regularización,69437,2026-04-19 08:36:00+00:00,2026-04-19 08:36
muere,68484,2026-04-19 08:36:00+00:00,2026-04-19 08:36
economía,66660,2026-04-19 08:36:00+00:00,2026-04-19 08:36
aragón,65832,2026-04-19 08:36:00+00:00,2026-04-19 08:36
mundial,65506,2026-04-19 08:36:00+00:00,2026-04-19 08:36
the,65094,2026-04-19 08:36:00+00:00,2026-04-19 08:36
español,63812,2026-04-19 08:36:00+00:00,2026-04-19 08:36
ia,63091,2026-04-19 08:36:00+00:00,2026-04-19 08:36
líbano,62700,2026-04-19 08:36:00+00:00,2026-04-19 08:36
internacional,389765,2026-04-19 09:06:00+00:00,2026-04-19 09:06
irán,244725,2026-04-19 09:06:00+00:00,2026-04-19 09:06
trump,221691,2026-04-19 09:06:00+00:00,2026-04-19 09:06
guerra,214496,2026-04-19 09:06:00+00:00,2026-04-19 09:06
sánchez,165203,2026-04-19 09:06:00+00:00,2026-04-19 09:06
israel,103752,2026-04-19 09:06:00+00:00,2026-04-19 09:06
málaga,101277,2026-04-19 09:06:00+00:00,2026-04-19 09:06
final,97418,2026-04-19 09:06:00+00:00,2026-04-19 09:06
ormuz,96594,2026-04-19 09:06:00+00:00,2026-04-19 09:06
guerra irán,92414,2026-04-19 09:06:00+00:00,2026-04-19 09:06
diario,81765,2026-04-19 09:06:00+00:00,2026-04-19 09:06
santa,70273,2026-04-19 09:06:00+00:00,2026-04-19 09:06
regularización,69512,2026-04-19 09:06:00+00:00,2026-04-19 09:06
muere,68426,2026-04-19 09:06:00+00:00,2026-04-19 09:06
economía,66664,2026-04-19 09:06:00+00:00,2026-04-19 09:06
aragón,65834,2026-04-19 09:06:00+00:00,2026-04-19 09:06
mundial,65509,2026-04-19 09:06:00+00:00,2026-04-19 09:06
the,65031,2026-04-19 09:06:00+00:00,2026-04-19 09:06
español,63601,2026-04-19 09:06:00+00:00,2026-04-19 09:06
ia,63093,2026-04-19 09:06:00+00:00,2026-04-19 09:06
líbano,62702,2026-04-19 09:06:00+00:00,2026-04-19 09:06
china,62268,2026-04-19 09:06:00+00:00,2026-04-19 09:06
internacional,389739,2026-04-19 09:35:00+00:00,2026-04-19 09:35
irán,244803,2026-04-19 09:35:00+00:00,2026-04-19 09:35
trump,221639,2026-04-19 09:35:00+00:00,2026-04-19 09:35
guerra,214617,2026-04-19 09:35:00+00:00,2026-04-19 09:35
sánchez,164786,2026-04-19 09:35:00+00:00,2026-04-19 09:35
israel,103833,2026-04-19 09:35:00+00:00,2026-04-19 09:35
málaga,101208,2026-04-19 09:35:00+00:00,2026-04-19 09:35
ormuz,96899,2026-04-19 09:35:00+00:00,2026-04-19 09:35
final,93082,2026-04-19 09:35:00+00:00,2026-04-19 09:35
guerra irán,92586,2026-04-19 09:35:00+00:00,2026-04-19 09:35
diario,82285,2026-04-19 09:35:00+00:00,2026-04-19 09:35
santa,69919,2026-04-19 09:35:00+00:00,2026-04-19 09:35
regularización,69514,2026-04-19 09:35:00+00:00,2026-04-19 09:35
muere,68327,2026-04-19 09:35:00+00:00,2026-04-19 09:35
economía,66539,2026-04-19 09:35:00+00:00,2026-04-19 09:35
aragón,65885,2026-04-19 09:35:00+00:00,2026-04-19 09:35
mundial,65526,2026-04-19 09:35:00+00:00,2026-04-19 09:35
the,64313,2026-04-19 09:35:00+00:00,2026-04-19 09:35
español,63569,2026-04-19 09:35:00+00:00,2026-04-19 09:35
ia,63069,2026-04-19 09:35:00+00:00,2026-04-19 09:35
líbano,62640,2026-04-19 09:35:00+00:00,2026-04-19 09:35
internacional,388689,2026-04-19 10:06:00+00:00,2026-04-19 10:06
irán,245014,2026-04-19 10:06:00+00:00,2026-04-19 10:06
trump,221786,2026-04-19 10:06:00+00:00,2026-04-19 10:06
guerra,214737,2026-04-19 10:06:00+00:00,2026-04-19 10:06
sánchez,164548,2026-04-19 10:06:00+00:00,2026-04-19 10:06
israel,103721,2026-04-19 10:06:00+00:00,2026-04-19 10:06
málaga,100911,2026-04-19 10:06:00+00:00,2026-04-19 10:06
ormuz,96845,2026-04-19 10:06:00+00:00,2026-04-19 10:06
final,93288,2026-04-19 10:06:00+00:00,2026-04-19 10:06
guerra irán,92757,2026-04-19 10:06:00+00:00,2026-04-19 10:06
diario,82039,2026-04-19 10:06:00+00:00,2026-04-19 10:06
santa,69922,2026-04-19 10:06:00+00:00,2026-04-19 10:06
regularización,69516,2026-04-19 10:06:00+00:00,2026-04-19 10:06
muere,68258,2026-04-19 10:06:00+00:00,2026-04-19 10:06
economía,66370,2026-04-19 10:06:00+00:00,2026-04-19 10:06
mundial,65818,2026-04-19 10:06:00+00:00,2026-04-19 10:06
aragón,65547,2026-04-19 10:06:00+00:00,2026-04-19 10:06
the,63935,2026-04-19 10:06:00+00:00,2026-04-19 10:06
español,63667,2026-04-19 10:06:00+00:00,2026-04-19 10:06
líbano,63034,2026-04-19 10:06:00+00:00,2026-04-19 10:06
ia,62858,2026-04-19 10:06:00+00:00,2026-04-19 10:06
china,62166,2026-04-19 10:06:00+00:00,2026-04-19 10:06
internacional,389185,2026-04-19 10:36:00+00:00,2026-04-19 10:36
irán,245436,2026-04-19 10:36:00+00:00,2026-04-19 10:36
trump,224128,2026-04-19 10:36:00+00:00,2026-04-19 10:36
guerra,215213,2026-04-19 10:36:00+00:00,2026-04-19 10:36
sánchez,164150,2026-04-19 10:36:00+00:00,2026-04-19 10:36
israel,103867,2026-04-19 10:36:00+00:00,2026-04-19 10:36
málaga,100735,2026-04-19 10:36:00+00:00,2026-04-19 10:36
ormuz,97179,2026-04-19 10:36:00+00:00,2026-04-19 10:36
final,93695,2026-04-19 10:36:00+00:00,2026-04-19 10:36
guerra irán,92862,2026-04-19 10:36:00+00:00,2026-04-19 10:36
diario,82205,2026-04-19 10:36:00+00:00,2026-04-19 10:36
santa,69935,2026-04-19 10:36:00+00:00,2026-04-19 10:36
regularización,69520,2026-04-19 10:36:00+00:00,2026-04-19 10:36
muere,69475,2026-04-19 10:36:00+00:00,2026-04-19 10:36
economía,66979,2026-04-19 10:36:00+00:00,2026-04-19 10:36
mundial,65688,2026-04-19 10:36:00+00:00,2026-04-19 10:36
aragón,65182,2026-04-19 10:36:00+00:00,2026-04-19 10:36
español,64340,2026-04-19 10:36:00+00:00,2026-04-19 10:36
the,63539,2026-04-19 10:36:00+00:00,2026-04-19 10:36
ia,63232,2026-04-19 10:36:00+00:00,2026-04-19 10:36
líbano,63048,2026-04-19 10:36:00+00:00,2026-04-19 10:36
internacional,389120,2026-04-19 11:05:00+00:00,2026-04-19 11:05
irán,245910,2026-04-19 11:05:00+00:00,2026-04-19 11:05
trump,224514,2026-04-19 11:05:00+00:00,2026-04-19 11:05
guerra,215368,2026-04-19 11:05:00+00:00,2026-04-19 11:05
sánchez,163799,2026-04-19 11:05:00+00:00,2026-04-19 11:05
israel,104501,2026-04-19 11:05:00+00:00,2026-04-19 11:05
málaga,100672,2026-04-19 11:05:00+00:00,2026-04-19 11:05
ormuz,97235,2026-04-19 11:05:00+00:00,2026-04-19 11:05
final,93986,2026-04-19 11:05:00+00:00,2026-04-19 11:05
guerra irán,93119,2026-04-19 11:05:00+00:00,2026-04-19 11:05
diario,82680,2026-04-19 11:05:00+00:00,2026-04-19 11:05
muere,70144,2026-04-19 11:05:00+00:00,2026-04-19 11:05
santa,69938,2026-04-19 11:05:00+00:00,2026-04-19 11:05
regularización,69632,2026-04-19 11:05:00+00:00,2026-04-19 11:05
economía,67062,2026-04-19 11:05:00+00:00,2026-04-19 11:05
mundial,65693,2026-04-19 11:05:00+00:00,2026-04-19 11:05
aragón,65311,2026-04-19 11:05:00+00:00,2026-04-19 11:05
español,64346,2026-04-19 11:05:00+00:00,2026-04-19 11:05
líbano,63222,2026-04-19 11:05:00+00:00,2026-04-19 11:05
ia,63136,2026-04-19 11:05:00+00:00,2026-04-19 11:05
the,63042,2026-04-19 11:05:00+00:00,2026-04-19 11:05
internacional,389488,2026-04-19 11:36:00+00:00,2026-04-19 11:36
irán,246038,2026-04-19 11:36:00+00:00,2026-04-19 11:36
trump,224577,2026-04-19 11:36:00+00:00,2026-04-19 11:36
guerra,215344,2026-04-19 11:36:00+00:00,2026-04-19 11:36
sánchez,164592,2026-04-19 11:36:00+00:00,2026-04-19 11:36
israel,105155,2026-04-19 11:36:00+00:00,2026-04-19 11:36
málaga,100476,2026-04-19 11:36:00+00:00,2026-04-19 11:36
ormuz,97778,2026-04-19 11:36:00+00:00,2026-04-19 11:36
final,94342,2026-04-19 11:36:00+00:00,2026-04-19 11:36
guerra irán,93160,2026-04-19 11:36:00+00:00,2026-04-19 11:36
diario,83265,2026-04-19 11:36:00+00:00,2026-04-19 11:36
muere,70441,2026-04-19 11:36:00+00:00,2026-04-19 11:36
santa,69941,2026-04-19 11:36:00+00:00,2026-04-19 11:36
regularización,69783,2026-04-19 11:36:00+00:00,2026-04-19 11:36
economía,66713,2026-04-19 11:36:00+00:00,2026-04-19 11:36
mundial,65636,2026-04-19 11:36:00+00:00,2026-04-19 11:36
aragón,65315,2026-04-19 11:36:00+00:00,2026-04-19 11:36
español,64960,2026-04-19 11:36:00+00:00,2026-04-19 11:36
the,63145,2026-04-19 11:36:00+00:00,2026-04-19 11:36
ia,63122,2026-04-19 11:36:00+00:00,2026-04-19 11:36
líbano,63091,2026-04-19 11:36:00+00:00,2026-04-19 11:36
internacional,389478,2026-04-19 12:06:00+00:00,2026-04-19 12:06
irán,246706,2026-04-19 12:06:00+00:00,2026-04-19 12:06
trump,224660,2026-04-19 12:06:00+00:00,2026-04-19 12:06
guerra,215587,2026-04-19 12:06:00+00:00,2026-04-19 12:06
sánchez,165938,2026-04-19 12:06:00+00:00,2026-04-19 12:06
israel,106688,2026-04-19 12:06:00+00:00,2026-04-19 12:06
málaga,100374,2026-04-19 12:06:00+00:00,2026-04-19 12:06
ormuz,98070,2026-04-19 12:06:00+00:00,2026-04-19 12:06
final,94904,2026-04-19 12:06:00+00:00,2026-04-19 12:06
guerra irán,93318,2026-04-19 12:06:00+00:00,2026-04-19 12:06
diario,83479,2026-04-19 12:06:00+00:00,2026-04-19 12:06
muere,70473,2026-04-19 12:06:00+00:00,2026-04-19 12:06
santa,69945,2026-04-19 12:06:00+00:00,2026-04-19 12:06
regularización,69789,2026-04-19 12:06:00+00:00,2026-04-19 12:06
economía,66721,2026-04-19 12:06:00+00:00,2026-04-19 12:06
mundial,65642,2026-04-19 12:06:00+00:00,2026-04-19 12:06
aragón,65134,2026-04-19 12:06:00+00:00,2026-04-19 12:06
español,64907,2026-04-19 12:06:00+00:00,2026-04-19 12:06
the,63150,2026-04-19 12:06:00+00:00,2026-04-19 12:06
ia,63125,2026-04-19 12:06:00+00:00,2026-04-19 12:06
líbano,63108,2026-04-19 12:06:00+00:00,2026-04-19 12:06
internacional,390524,2026-04-19 12:36:00+00:00,2026-04-19 12:36
irán,247115,2026-04-19 12:36:00+00:00,2026-04-19 12:36
trump,224916,2026-04-19 12:36:00+00:00,2026-04-19 12:36
guerra,216104,2026-04-19 12:36:00+00:00,2026-04-19 12:36
sánchez,166518,2026-04-19 12:36:00+00:00,2026-04-19 12:36
israel,107345,2026-04-19 12:36:00+00:00,2026-04-19 12:36
málaga,100378,2026-04-19 12:36:00+00:00,2026-04-19 12:36
ormuz,98235,2026-04-19 12:36:00+00:00,2026-04-19 12:36
final,94941,2026-04-19 12:36:00+00:00,2026-04-19 12:36
guerra irán,93549,2026-04-19 12:36:00+00:00,2026-04-19 12:36
diario,83487,2026-04-19 12:36:00+00:00,2026-04-19 12:36
muere,70753,2026-04-19 12:36:00+00:00,2026-04-19 12:36
santa,69948,2026-04-19 12:36:00+00:00,2026-04-19 12:36
regularización,69597,2026-04-19 12:36:00+00:00,2026-04-19 12:36
economía,66850,2026-04-19 12:36:00+00:00,2026-04-19 12:36
mundial,65648,2026-04-19 12:36:00+00:00,2026-04-19 12:36
español,65205,2026-04-19 12:36:00+00:00,2026-04-19 12:36
aragón,64938,2026-04-19 12:36:00+00:00,2026-04-19 12:36
líbano,63239,2026-04-19 12:36:00+00:00,2026-04-19 12:36
the,63225,2026-04-19 12:36:00+00:00,2026-04-19 12:36
ia,63048,2026-04-19 12:36:00+00:00,2026-04-19 12:36
internacional,390341,2026-04-19 13:06:00+00:00,2026-04-19 13:06
irán,248130,2026-04-19 13:06:00+00:00,2026-04-19 13:06
trump,225975,2026-04-19 13:06:00+00:00,2026-04-19 13:06
guerra,216712,2026-04-19 13:06:00+00:00,2026-04-19 13:06
sánchez,167041,2026-04-19 13:06:00+00:00,2026-04-19 13:06
israel,107597,2026-04-19 13:06:00+00:00,2026-04-19 13:06
málaga,100243,2026-04-19 13:06:00+00:00,2026-04-19 13:06
ormuz,98480,2026-04-19 13:06:00+00:00,2026-04-19 13:06
final,95046,2026-04-19 13:06:00+00:00,2026-04-19 13:06
guerra irán,93675,2026-04-19 13:06:00+00:00,2026-04-19 13:06
diario,83329,2026-04-19 13:06:00+00:00,2026-04-19 13:06
muere,70959,2026-04-19 13:06:00+00:00,2026-04-19 13:06
santa,69987,2026-04-19 13:06:00+00:00,2026-04-19 13:06
regularización,69429,2026-04-19 13:06:00+00:00,2026-04-19 13:06
economía,66943,2026-04-19 13:06:00+00:00,2026-04-19 13:06
mundial,65718,2026-04-19 13:06:00+00:00,2026-04-19 13:06
español,65260,2026-04-19 13:06:00+00:00,2026-04-19 13:06
aragón,65075,2026-04-19 13:06:00+00:00,2026-04-19 13:06
líbano,63447,2026-04-19 13:06:00+00:00,2026-04-19 13:06
ia,63372,2026-04-19 13:06:00+00:00,2026-04-19 13:06
the,63111,2026-04-19 13:06:00+00:00,2026-04-19 13:06
internacional,391761,2026-04-19 13:36:00+00:00,2026-04-19 13:36
irán,248412,2026-04-19 13:36:00+00:00,2026-04-19 13:36
trump,226219,2026-04-19 13:36:00+00:00,2026-04-19 13:36
guerra,216917,2026-04-19 13:36:00+00:00,2026-04-19 13:36
sánchez,167532,2026-04-19 13:36:00+00:00,2026-04-19 13:36
israel,108313,2026-04-19 13:36:00+00:00,2026-04-19 13:36
málaga,100182,2026-04-19 13:36:00+00:00,2026-04-19 13:36
ormuz,97675,2026-04-19 13:36:00+00:00,2026-04-19 13:36
final,95416,2026-04-19 13:36:00+00:00,2026-04-19 13:36
guerra irán,93782,2026-04-19 13:36:00+00:00,2026-04-19 13:36
diario,83295,2026-04-19 13:36:00+00:00,2026-04-19 13:36
muere,71751,2026-04-19 13:36:00+00:00,2026-04-19 13:36
santa,69946,2026-04-19 13:36:00+00:00,2026-04-19 13:36
regularización,69434,2026-04-19 13:36:00+00:00,2026-04-19 13:36
economía,67216,2026-04-19 13:36:00+00:00,2026-04-19 13:36
mundial,65920,2026-04-19 13:36:00+00:00,2026-04-19 13:36
español,65425,2026-04-19 13:36:00+00:00,2026-04-19 13:36
aragón,64934,2026-04-19 13:36:00+00:00,2026-04-19 13:36
líbano,63511,2026-04-19 13:36:00+00:00,2026-04-19 13:36
the,63488,2026-04-19 13:36:00+00:00,2026-04-19 13:36
ia,63376,2026-04-19 13:36:00+00:00,2026-04-19 13:36
internacional,391386,2026-04-19 14:05:00+00:00,2026-04-19 14:05
irán,250690,2026-04-19 14:05:00+00:00,2026-04-19 14:05
trump,228273,2026-04-19 14:05:00+00:00,2026-04-19 14:05
guerra,218079,2026-04-19 14:05:00+00:00,2026-04-19 14:05
sánchez,167981,2026-04-19 14:05:00+00:00,2026-04-19 14:05
israel,109970,2026-04-19 14:05:00+00:00,2026-04-19 14:05
málaga,100290,2026-04-19 14:05:00+00:00,2026-04-19 14:05
ormuz,97780,2026-04-19 14:05:00+00:00,2026-04-19 14:05
final,96424,2026-04-19 14:05:00+00:00,2026-04-19 14:05
guerra irán,94303,2026-04-19 14:05:00+00:00,2026-04-19 14:05
diario,83388,2026-04-19 14:05:00+00:00,2026-04-19 14:05
muere,72374,2026-04-19 14:05:00+00:00,2026-04-19 14:05
santa,69905,2026-04-19 14:05:00+00:00,2026-04-19 14:05
regularización,69409,2026-04-19 14:05:00+00:00,2026-04-19 14:05
economía,67132,2026-04-19 14:05:00+00:00,2026-04-19 14:05
mundial,66109,2026-04-19 14:05:00+00:00,2026-04-19 14:05
español,65482,2026-04-19 14:05:00+00:00,2026-04-19 14:05
aragón,64763,2026-04-19 14:05:00+00:00,2026-04-19 14:05
líbano,64668,2026-04-19 14:05:00+00:00,2026-04-19 14:05
the,63357,2026-04-19 14:05:00+00:00,2026-04-19 14:05
ia,62840,2026-04-19 14:05:00+00:00,2026-04-19 14:05
internacional,392086,2026-04-19 14:36:00+00:00,2026-04-19 14:36
irán,251276,2026-04-19 14:36:00+00:00,2026-04-19 14:36
trump,228568,2026-04-19 14:36:00+00:00,2026-04-19 14:36
guerra,218362,2026-04-19 14:36:00+00:00,2026-04-19 14:36
sánchez,167640,2026-04-19 14:36:00+00:00,2026-04-19 14:36
israel,109653,2026-04-19 14:36:00+00:00,2026-04-19 14:36
málaga,100556,2026-04-19 14:36:00+00:00,2026-04-19 14:36
ormuz,97509,2026-04-19 14:36:00+00:00,2026-04-19 14:36
final,96559,2026-04-19 14:36:00+00:00,2026-04-19 14:36
guerra irán,94633,2026-04-19 14:36:00+00:00,2026-04-19 14:36
diario,83118,2026-04-19 14:36:00+00:00,2026-04-19 14:36
muere,72376,2026-04-19 14:36:00+00:00,2026-04-19 14:36
santa,69908,2026-04-19 14:36:00+00:00,2026-04-19 14:36
regularización,68848,2026-04-19 14:36:00+00:00,2026-04-19 14:36
economía,67136,2026-04-19 14:36:00+00:00,2026-04-19 14:36
mundial,66377,2026-04-19 14:36:00+00:00,2026-04-19 14:36
español,65586,2026-04-19 14:36:00+00:00,2026-04-19 14:36
aragón,64766,2026-04-19 14:36:00+00:00,2026-04-19 14:36
líbano,64449,2026-04-19 14:36:00+00:00,2026-04-19 14:36
the,63529,2026-04-19 14:36:00+00:00,2026-04-19 14:36
ia,62842,2026-04-19 14:36:00+00:00,2026-04-19 14:36
internacional,393180,2026-04-19 15:06:00+00:00,2026-04-19 15:06
irán,251890,2026-04-19 15:06:00+00:00,2026-04-19 15:06
trump,228365,2026-04-19 15:06:00+00:00,2026-04-19 15:06
guerra,217995,2026-04-19 15:06:00+00:00,2026-04-19 15:06
sánchez,167390,2026-04-19 15:06:00+00:00,2026-04-19 15:06
israel,108925,2026-04-19 15:06:00+00:00,2026-04-19 15:06
málaga,100694,2026-04-19 15:06:00+00:00,2026-04-19 15:06
ormuz,97380,2026-04-19 15:06:00+00:00,2026-04-19 15:06
final,96507,2026-04-19 15:06:00+00:00,2026-04-19 15:06
guerra irán,94702,2026-04-19 15:06:00+00:00,2026-04-19 15:06
diario,83572,2026-04-19 15:06:00+00:00,2026-04-19 15:06
muere,72728,2026-04-19 15:06:00+00:00,2026-04-19 15:06
santa,69920,2026-04-19 15:06:00+00:00,2026-04-19 15:06
regularización,68854,2026-04-19 15:06:00+00:00,2026-04-19 15:06
economía,67221,2026-04-19 15:06:00+00:00,2026-04-19 15:06
mundial,66725,2026-04-19 15:06:00+00:00,2026-04-19 15:06
español,65408,2026-04-19 15:06:00+00:00,2026-04-19 15:06
aragón,64809,2026-04-19 15:06:00+00:00,2026-04-19 15:06
the,63975,2026-04-19 15:06:00+00:00,2026-04-19 15:06
líbano,63850,2026-04-19 15:06:00+00:00,2026-04-19 15:06
ia,63273,2026-04-19 15:06:00+00:00,2026-04-19 15:06
internacional,393988,2026-04-19 15:36:00+00:00,2026-04-19 15:36
irán,252308,2026-04-19 15:36:00+00:00,2026-04-19 15:36
trump,228254,2026-04-19 15:36:00+00:00,2026-04-19 15:36
guerra,218015,2026-04-19 15:36:00+00:00,2026-04-19 15:36
sánchez,167684,2026-04-19 15:36:00+00:00,2026-04-19 15:36
israel,109194,2026-04-19 15:36:00+00:00,2026-04-19 15:36
málaga,100400,2026-04-19 15:36:00+00:00,2026-04-19 15:36
ormuz,97424,2026-04-19 15:36:00+00:00,2026-04-19 15:36
final,96837,2026-04-19 15:36:00+00:00,2026-04-19 15:36
guerra irán,94761,2026-04-19 15:36:00+00:00,2026-04-19 15:36
diario,83898,2026-04-19 15:36:00+00:00,2026-04-19 15:36
muere,73278,2026-04-19 15:36:00+00:00,2026-04-19 15:36
santa,69922,2026-04-19 15:36:00+00:00,2026-04-19 15:36
regularización,68857,2026-04-19 15:36:00+00:00,2026-04-19 15:36
economía,67227,2026-04-19 15:36:00+00:00,2026-04-19 15:36
mundial,66624,2026-04-19 15:36:00+00:00,2026-04-19 15:36
español,65412,2026-04-19 15:36:00+00:00,2026-04-19 15:36
aragón,64736,2026-04-19 15:36:00+00:00,2026-04-19 15:36
the,63977,2026-04-19 15:36:00+00:00,2026-04-19 15:36
líbano,63458,2026-04-19 15:36:00+00:00,2026-04-19 15:36
ia,63160,2026-04-19 15:36:00+00:00,2026-04-19 15:36
internacional,393740,2026-04-19 16:06:00+00:00,2026-04-19 16:06
irán,252716,2026-04-19 16:06:00+00:00,2026-04-19 16:06
trump,228702,2026-04-19 16:06:00+00:00,2026-04-19 16:06
guerra,218015,2026-04-19 16:06:00+00:00,2026-04-19 16:06
sánchez,167543,2026-04-19 16:06:00+00:00,2026-04-19 16:06
israel,109328,2026-04-19 16:06:00+00:00,2026-04-19 16:06
málaga,100347,2026-04-19 16:06:00+00:00,2026-04-19 16:06
ormuz,97873,2026-04-19 16:06:00+00:00,2026-04-19 16:06
final,96654,2026-04-19 16:06:00+00:00,2026-04-19 16:06
guerra irán,94742,2026-04-19 16:06:00+00:00,2026-04-19 16:06
diario,84194,2026-04-19 16:06:00+00:00,2026-04-19 16:06
muere,73009,2026-04-19 16:06:00+00:00,2026-04-19 16:06
santa,69926,2026-04-19 16:06:00+00:00,2026-04-19 16:06
regularización,68859,2026-04-19 16:06:00+00:00,2026-04-19 16:06
economía,67718,2026-04-19 16:06:00+00:00,2026-04-19 16:06
mundial,66826,2026-04-19 16:06:00+00:00,2026-04-19 16:06
español,65202,2026-04-19 16:06:00+00:00,2026-04-19 16:06
aragón,64639,2026-04-19 16:06:00+00:00,2026-04-19 16:06
the,64213,2026-04-19 16:06:00+00:00,2026-04-19 16:06
líbano,63930,2026-04-19 16:06:00+00:00,2026-04-19 16:06
ia,63162,2026-04-19 16:06:00+00:00,2026-04-19 16:06
internacional,394594,2026-04-19 16:36:00+00:00,2026-04-19 16:36
irán,253131,2026-04-19 16:36:00+00:00,2026-04-19 16:36
trump,229271,2026-04-19 16:36:00+00:00,2026-04-19 16:36
guerra,217884,2026-04-19 16:36:00+00:00,2026-04-19 16:36
sánchez,168192,2026-04-19 16:36:00+00:00,2026-04-19 16:36
israel,109499,2026-04-19 16:36:00+00:00,2026-04-19 16:36
málaga,100129,2026-04-19 16:36:00+00:00,2026-04-19 16:36
ormuz,97989,2026-04-19 16:36:00+00:00,2026-04-19 16:36
final,96849,2026-04-19 16:36:00+00:00,2026-04-19 16:36
guerra irán,94726,2026-04-19 16:36:00+00:00,2026-04-19 16:36
diario,84658,2026-04-19 16:36:00+00:00,2026-04-19 16:36
muere,73015,2026-04-19 16:36:00+00:00,2026-04-19 16:36
santa,69928,2026-04-19 16:36:00+00:00,2026-04-19 16:36
regularización,69558,2026-04-19 16:36:00+00:00,2026-04-19 16:36
economía,67624,2026-04-19 16:36:00+00:00,2026-04-19 16:36
mundial,66830,2026-04-19 16:36:00+00:00,2026-04-19 16:36
español,65085,2026-04-19 16:36:00+00:00,2026-04-19 16:36
aragón,64490,2026-04-19 16:36:00+00:00,2026-04-19 16:36
the,64450,2026-04-19 16:36:00+00:00,2026-04-19 16:36
líbano,63936,2026-04-19 16:36:00+00:00,2026-04-19 16:36
ia,63047,2026-04-19 16:36:00+00:00,2026-04-19 16:36
internacional,394806,2026-04-19 17:06:00+00:00,2026-04-19 17:06
irán,253302,2026-04-19 17:06:00+00:00,2026-04-19 17:06
trump,229201,2026-04-19 17:06:00+00:00,2026-04-19 17:06
guerra,217389,2026-04-19 17:06:00+00:00,2026-04-19 17:06
sánchez,168479,2026-04-19 17:06:00+00:00,2026-04-19 17:06
israel,109621,2026-04-19 17:06:00+00:00,2026-04-19 17:06
málaga,100091,2026-04-19 17:06:00+00:00,2026-04-19 17:06
ormuz,98197,2026-04-19 17:06:00+00:00,2026-04-19 17:06
final,97027,2026-04-19 17:06:00+00:00,2026-04-19 17:06
guerra irán,94547,2026-04-19 17:06:00+00:00,2026-04-19 17:06
diario,85013,2026-04-19 17:06:00+00:00,2026-04-19 17:06
muere,72818,2026-04-19 17:06:00+00:00,2026-04-19 17:06
regularización,69934,2026-04-19 17:06:00+00:00,2026-04-19 17:06
santa,69930,2026-04-19 17:06:00+00:00,2026-04-19 17:06
economía,67460,2026-04-19 17:06:00+00:00,2026-04-19 17:06
mundial,66832,2026-04-19 17:06:00+00:00,2026-04-19 17:06
español,65312,2026-04-19 17:06:00+00:00,2026-04-19 17:06
aragón,64492,2026-04-19 17:06:00+00:00,2026-04-19 17:06
the,64382,2026-04-19 17:06:00+00:00,2026-04-19 17:06
líbano,63882,2026-04-19 17:06:00+00:00,2026-04-19 17:06
ia,62940,2026-04-19 17:06:00+00:00,2026-04-19 17:06
internacional,394972,2026-04-19 17:35:00+00:00,2026-04-19 17:35
irán,253319,2026-04-19 17:35:00+00:00,2026-04-19 17:35
trump,229287,2026-04-19 17:35:00+00:00,2026-04-19 17:35
guerra,217388,2026-04-19 17:35:00+00:00,2026-04-19 17:35
sánchez,169075,2026-04-19 17:35:00+00:00,2026-04-19 17:35
israel,109812,2026-04-19 17:35:00+00:00,2026-04-19 17:35
málaga,100490,2026-04-19 17:35:00+00:00,2026-04-19 17:35
ormuz,98119,2026-04-19 17:35:00+00:00,2026-04-19 17:35
final,97668,2026-04-19 17:35:00+00:00,2026-04-19 17:35
guerra irán,94527,2026-04-19 17:35:00+00:00,2026-04-19 17:35
diario,85300,2026-04-19 17:35:00+00:00,2026-04-19 17:35
muere,72548,2026-04-19 17:35:00+00:00,2026-04-19 17:35
regularización,69937,2026-04-19 17:35:00+00:00,2026-04-19 17:35
santa,69933,2026-04-19 17:35:00+00:00,2026-04-19 17:35
economía,67463,2026-04-19 17:35:00+00:00,2026-04-19 17:35
mundial,66837,2026-04-19 17:35:00+00:00,2026-04-19 17:35
español,65081,2026-04-19 17:35:00+00:00,2026-04-19 17:35
aragón,64889,2026-04-19 17:35:00+00:00,2026-04-19 17:35
the,64587,2026-04-19 17:35:00+00:00,2026-04-19 17:35
líbano,63536,2026-04-19 17:35:00+00:00,2026-04-19 17:35
ia,62843,2026-04-19 17:35:00+00:00,2026-04-19 17:35
internacional,394958,2026-04-19 18:06:00+00:00,2026-04-19 18:06
irán,254008,2026-04-19 18:06:00+00:00,2026-04-19 18:06
trump,229575,2026-04-19 18:06:00+00:00,2026-04-19 18:06
guerra,217642,2026-04-19 18:06:00+00:00,2026-04-19 18:06
sánchez,169200,2026-04-19 18:06:00+00:00,2026-04-19 18:06
israel,110186,2026-04-19 18:06:00+00:00,2026-04-19 18:06
málaga,100492,2026-04-19 18:06:00+00:00,2026-04-19 18:06
ormuz,98152,2026-04-19 18:06:00+00:00,2026-04-19 18:06
final,97913,2026-04-19 18:06:00+00:00,2026-04-19 18:06
guerra irán,94629,2026-04-19 18:06:00+00:00,2026-04-19 18:06
diario,85043,2026-04-19 18:06:00+00:00,2026-04-19 18:06
muere,72551,2026-04-19 18:06:00+00:00,2026-04-19 18:06
regularización,70123,2026-04-19 18:06:00+00:00,2026-04-19 18:06
santa,69938,2026-04-19 18:06:00+00:00,2026-04-19 18:06
economía,67339,2026-04-19 18:06:00+00:00,2026-04-19 18:06
mundial,66841,2026-04-19 18:06:00+00:00,2026-04-19 18:06
español,65030,2026-04-19 18:06:00+00:00,2026-04-19 18:06
aragón,64891,2026-04-19 18:06:00+00:00,2026-04-19 18:06
the,64252,2026-04-19 18:06:00+00:00,2026-04-19 18:06
líbano,63776,2026-04-19 18:06:00+00:00,2026-04-19 18:06
ia,62691,2026-04-19 18:06:00+00:00,2026-04-19 18:06
internacional,395666,2026-04-19 18:35:00+00:00,2026-04-19 18:35
irán,254466,2026-04-19 18:35:00+00:00,2026-04-19 18:35
trump,230098,2026-04-19 18:35:00+00:00,2026-04-19 18:35
guerra,217661,2026-04-19 18:35:00+00:00,2026-04-19 18:35
sánchez,169625,2026-04-19 18:35:00+00:00,2026-04-19 18:35
israel,110291,2026-04-19 18:35:00+00:00,2026-04-19 18:35
málaga,100397,2026-04-19 18:35:00+00:00,2026-04-19 18:35
ormuz,98295,2026-04-19 18:35:00+00:00,2026-04-19 18:35
final,98108,2026-04-19 18:35:00+00:00,2026-04-19 18:35
guerra irán,94635,2026-04-19 18:35:00+00:00,2026-04-19 18:35
diario,85049,2026-04-19 18:35:00+00:00,2026-04-19 18:35
muere,72355,2026-04-19 18:35:00+00:00,2026-04-19 18:35
regularización,70405,2026-04-19 18:35:00+00:00,2026-04-19 18:35
santa,69942,2026-04-19 18:35:00+00:00,2026-04-19 18:35
economía,67341,2026-04-19 18:35:00+00:00,2026-04-19 18:35
mundial,66844,2026-04-19 18:35:00+00:00,2026-04-19 18:35
español,65034,2026-04-19 18:35:00+00:00,2026-04-19 18:35
aragón,64703,2026-04-19 18:35:00+00:00,2026-04-19 18:35
the,64254,2026-04-19 18:35:00+00:00,2026-04-19 18:35
líbano,63944,2026-04-19 18:35:00+00:00,2026-04-19 18:35
ia,63088,2026-04-19 18:35:00+00:00,2026-04-19 18:35
internacional,396236,2026-04-19 19:06:00+00:00,2026-04-19 19:06
irán,254483,2026-04-19 19:06:00+00:00,2026-04-19 19:06
trump,229868,2026-04-19 19:06:00+00:00,2026-04-19 19:06
guerra,217537,2026-04-19 19:06:00+00:00,2026-04-19 19:06
sánchez,170200,2026-04-19 19:06:00+00:00,2026-04-19 19:06
israel,110293,2026-04-19 19:06:00+00:00,2026-04-19 19:06
málaga,99855,2026-04-19 19:06:00+00:00,2026-04-19 19:06
ormuz,98688,2026-04-19 19:06:00+00:00,2026-04-19 19:06
final,97965,2026-04-19 19:06:00+00:00,2026-04-19 19:06
guerra irán,94535,2026-04-19 19:06:00+00:00,2026-04-19 19:06
diario,84987,2026-04-19 19:06:00+00:00,2026-04-19 19:06
muere,72953,2026-04-19 19:06:00+00:00,2026-04-19 19:06
regularización,70407,2026-04-19 19:06:00+00:00,2026-04-19 19:06
santa,69943,2026-04-19 19:06:00+00:00,2026-04-19 19:06
economía,67342,2026-04-19 19:06:00+00:00,2026-04-19 19:06
mundial,66846,2026-04-19 19:06:00+00:00,2026-04-19 19:06
español,65036,2026-04-19 19:06:00+00:00,2026-04-19 19:06
aragón,64943,2026-04-19 19:06:00+00:00,2026-04-19 19:06
the,64255,2026-04-19 19:06:00+00:00,2026-04-19 19:06
líbano,64142,2026-04-19 19:06:00+00:00,2026-04-19 19:06
ia,62889,2026-04-19 19:06:00+00:00,2026-04-19 19:06
internacional,396705,2026-04-19 19:35:00+00:00,2026-04-19 19:35
irán,254727,2026-04-19 19:35:00+00:00,2026-04-19 19:35
trump,230148,2026-04-19 19:35:00+00:00,2026-04-19 19:35
guerra,217426,2026-04-19 19:35:00+00:00,2026-04-19 19:35
sánchez,170463,2026-04-19 19:35:00+00:00,2026-04-19 19:35
israel,110104,2026-04-19 19:35:00+00:00,2026-04-19 19:35
málaga,100435,2026-04-19 19:35:00+00:00,2026-04-19 19:35
ormuz,98867,2026-04-19 19:35:00+00:00,2026-04-19 19:35
final,97855,2026-04-19 19:35:00+00:00,2026-04-19 19:35
guerra irán,94383,2026-04-19 19:35:00+00:00,2026-04-19 19:35
diario,84994,2026-04-19 19:35:00+00:00,2026-04-19 19:35
muere,73531,2026-04-19 19:35:00+00:00,2026-04-19 19:35
regularización,70412,2026-04-19 19:35:00+00:00,2026-04-19 19:35
santa,69948,2026-04-19 19:35:00+00:00,2026-04-19 19:35
economía,67346,2026-04-19 19:35:00+00:00,2026-04-19 19:35
mundial,66809,2026-04-19 19:35:00+00:00,2026-04-19 19:35
español,65040,2026-04-19 19:35:00+00:00,2026-04-19 19:35
aragón,64946,2026-04-19 19:35:00+00:00,2026-04-19 19:35
líbano,64793,2026-04-19 19:35:00+00:00,2026-04-19 19:35
the,64158,2026-04-19 19:35:00+00:00,2026-04-19 19:35
ia,62891,2026-04-19 19:35:00+00:00,2026-04-19 19:35
internacional,397081,2026-04-19 20:06:00+00:00,2026-04-19 20:06
irán,254846,2026-04-19 20:06:00+00:00,2026-04-19 20:06
trump,230248,2026-04-19 20:06:00+00:00,2026-04-19 20:06
guerra,217419,2026-04-19 20:06:00+00:00,2026-04-19 20:06
sánchez,171167,2026-04-19 20:06:00+00:00,2026-04-19 20:06
israel,110654,2026-04-19 20:06:00+00:00,2026-04-19 20:06
málaga,100286,2026-04-19 20:06:00+00:00,2026-04-19 20:06
ormuz,99106,2026-04-19 20:06:00+00:00,2026-04-19 20:06
final,97864,2026-04-19 20:06:00+00:00,2026-04-19 20:06
guerra irán,94369,2026-04-19 20:06:00+00:00,2026-04-19 20:06
diario,85022,2026-04-19 20:06:00+00:00,2026-04-19 20:06
muere,73814,2026-04-19 20:06:00+00:00,2026-04-19 20:06
regularización,70255,2026-04-19 20:06:00+00:00,2026-04-19 20:06
santa,69949,2026-04-19 20:06:00+00:00,2026-04-19 20:06
economía,67149,2026-04-19 20:06:00+00:00,2026-04-19 20:06
mundial,66712,2026-04-19 20:06:00+00:00,2026-04-19 20:06
líbano,65396,2026-04-19 20:06:00+00:00,2026-04-19 20:06
español,65270,2026-04-19 20:06:00+00:00,2026-04-19 20:06
aragón,64832,2026-04-19 20:06:00+00:00,2026-04-19 20:06
the,64104,2026-04-19 20:06:00+00:00,2026-04-19 20:06
ia,62573,2026-04-19 20:06:00+00:00,2026-04-19 20:06
internacional,397280,2026-04-19 20:35:00+00:00,2026-04-19 20:35
irán,255048,2026-04-19 20:35:00+00:00,2026-04-19 20:35
trump,230169,2026-04-19 20:35:00+00:00,2026-04-19 20:35
guerra,217579,2026-04-19 20:35:00+00:00,2026-04-19 20:35
sánchez,171014,2026-04-19 20:35:00+00:00,2026-04-19 20:35
israel,110677,2026-04-19 20:35:00+00:00,2026-04-19 20:35
málaga,100288,2026-04-19 20:35:00+00:00,2026-04-19 20:35
ormuz,99706,2026-04-19 20:35:00+00:00,2026-04-19 20:35
final,98473,2026-04-19 20:35:00+00:00,2026-04-19 20:35
guerra irán,94522,2026-04-19 20:35:00+00:00,2026-04-19 20:35
diario,85185,2026-04-19 20:35:00+00:00,2026-04-19 20:35
muere,73557,2026-04-19 20:35:00+00:00,2026-04-19 20:35
regularización,70057,2026-04-19 20:35:00+00:00,2026-04-19 20:35
santa,69950,2026-04-19 20:35:00+00:00,2026-04-19 20:35
economía,66951,2026-04-19 20:35:00+00:00,2026-04-19 20:35
mundial,66429,2026-04-19 20:35:00+00:00,2026-04-19 20:35
líbano,65341,2026-04-19 20:35:00+00:00,2026-04-19 20:35
español,65198,2026-04-19 20:35:00+00:00,2026-04-19 20:35
aragón,64833,2026-04-19 20:35:00+00:00,2026-04-19 20:35
the,63943,2026-04-19 20:35:00+00:00,2026-04-19 20:35
ia,62474,2026-04-19 20:35:00+00:00,2026-04-19 20:35
internacional,397609,2026-04-19 21:06:00+00:00,2026-04-19 21:06
irán,255111,2026-04-19 21:06:00+00:00,2026-04-19 21:06
trump,229982,2026-04-19 21:06:00+00:00,2026-04-19 21:06
guerra,217671,2026-04-19 21:06:00+00:00,2026-04-19 21:06
sánchez,170792,2026-04-19 21:06:00+00:00,2026-04-19 21:06
israel,110782,2026-04-19 21:06:00+00:00,2026-04-19 21:06
málaga,100420,2026-04-19 21:06:00+00:00,2026-04-19 21:06
ormuz,99908,2026-04-19 21:06:00+00:00,2026-04-19 21:06
final,98257,2026-04-19 21:06:00+00:00,2026-04-19 21:06
guerra irán,94527,2026-04-19 21:06:00+00:00,2026-04-19 21:06
diario,84869,2026-04-19 21:06:00+00:00,2026-04-19 21:06
muere,73358,2026-04-19 21:06:00+00:00,2026-04-19 21:06
regularización,70059,2026-04-19 21:06:00+00:00,2026-04-19 21:06
santa,69952,2026-04-19 21:06:00+00:00,2026-04-19 21:06
economía,66953,2026-04-19 21:06:00+00:00,2026-04-19 21:06
mundial,66430,2026-04-19 21:06:00+00:00,2026-04-19 21:06
líbano,65605,2026-04-19 21:06:00+00:00,2026-04-19 21:06
español,65416,2026-04-19 21:06:00+00:00,2026-04-19 21:06
aragón,65228,2026-04-19 21:06:00+00:00,2026-04-19 21:06
the,63844,2026-04-19 21:06:00+00:00,2026-04-19 21:06
ia,62475,2026-04-19 21:06:00+00:00,2026-04-19 21:06
internacional,398028,2026-04-19 21:35:00+00:00,2026-04-19 21:35
irán,255549,2026-04-19 21:35:00+00:00,2026-04-19 21:35
trump,229776,2026-04-19 21:35:00+00:00,2026-04-19 21:35
guerra,218025,2026-04-19 21:35:00+00:00,2026-04-19 21:35
sánchez,170825,2026-04-19 21:35:00+00:00,2026-04-19 21:35
israel,110926,2026-04-19 21:35:00+00:00,2026-04-19 21:35
málaga,101682,2026-04-19 21:35:00+00:00,2026-04-19 21:35
ormuz,99973,2026-04-19 21:35:00+00:00,2026-04-19 21:35
final,98295,2026-04-19 21:35:00+00:00,2026-04-19 21:35
guerra irán,94651,2026-04-19 21:35:00+00:00,2026-04-19 21:35
diario,85200,2026-04-19 21:35:00+00:00,2026-04-19 21:35
muere,73596,2026-04-19 21:35:00+00:00,2026-04-19 21:35
regularización,70263,2026-04-19 21:35:00+00:00,2026-04-19 21:35
santa,69956,2026-04-19 21:35:00+00:00,2026-04-19 21:35
economía,66955,2026-04-19 21:35:00+00:00,2026-04-19 21:35
mundial,66434,2026-04-19 21:35:00+00:00,2026-04-19 21:35
español,65612,2026-04-19 21:35:00+00:00,2026-04-19 21:35
líbano,65610,2026-04-19 21:35:00+00:00,2026-04-19 21:35
aragón,65231,2026-04-19 21:35:00+00:00,2026-04-19 21:35
the,63846,2026-04-19 21:35:00+00:00,2026-04-19 21:35
ia,62477,2026-04-19 21:35:00+00:00,2026-04-19 21:35
internacional,398919,2026-04-19 22:35:00+00:00,2026-04-19 22:35
irán,256521,2026-04-19 22:35:00+00:00,2026-04-19 22:35
trump,230248,2026-04-19 22:35:00+00:00,2026-04-19 22:35
guerra,217520,2026-04-19 22:35:00+00:00,2026-04-19 22:35
sánchez,172079,2026-04-19 22:35:00+00:00,2026-04-19 22:35
israel,111239,2026-04-19 22:35:00+00:00,2026-04-19 22:35
málaga,102167,2026-04-19 22:35:00+00:00,2026-04-19 22:35
ormuz,99796,2026-04-19 22:35:00+00:00,2026-04-19 22:35
final,98215,2026-04-19 22:35:00+00:00,2026-04-19 22:35
guerra irán,94790,2026-04-19 22:35:00+00:00,2026-04-19 22:35
diario,85100,2026-04-19 22:35:00+00:00,2026-04-19 22:35
muere,73627,2026-04-19 22:35:00+00:00,2026-04-19 22:35
regularización,70434,2026-04-19 22:35:00+00:00,2026-04-19 22:35
santa,69967,2026-04-19 22:35:00+00:00,2026-04-19 22:35
economía,66909,2026-04-19 22:35:00+00:00,2026-04-19 22:35
mundial,66342,2026-04-19 22:35:00+00:00,2026-04-19 22:35
líbano,65620,2026-04-19 22:35:00+00:00,2026-04-19 22:35
español,65517,2026-04-19 22:35:00+00:00,2026-04-19 22:35
aragón,65234,2026-04-19 22:35:00+00:00,2026-04-19 22:35
the,63850,2026-04-19 22:35:00+00:00,2026-04-19 22:35
crisis,62605,2026-04-19 22:35:00+00:00,2026-04-19 22:35
internacional,399086,2026-04-19 23:05:00+00:00,2026-04-19 23:05
irán,256776,2026-04-19 23:05:00+00:00,2026-04-19 23:05
trump,230257,2026-04-19 23:05:00+00:00,2026-04-19 23:05
guerra,217804,2026-04-19 23:05:00+00:00,2026-04-19 23:05
sánchez,172083,2026-04-19 23:05:00+00:00,2026-04-19 23:05
israel,111312,2026-04-19 23:05:00+00:00,2026-04-19 23:05
málaga,102561,2026-04-19 23:05:00+00:00,2026-04-19 23:05
ormuz,99800,2026-04-19 23:05:00+00:00,2026-04-19 23:05
final,98216,2026-04-19 23:05:00+00:00,2026-04-19 23:05
guerra irán,94796,2026-04-19 23:05:00+00:00,2026-04-19 23:05
diario,85102,2026-04-19 23:05:00+00:00,2026-04-19 23:05
muere,73486,2026-04-19 23:05:00+00:00,2026-04-19 23:05
regularización,70716,2026-04-19 23:05:00+00:00,2026-04-19 23:05
santa,69967,2026-04-19 23:05:00+00:00,2026-04-19 23:05
economía,66911,2026-04-19 23:05:00+00:00,2026-04-19 23:05
mundial,66665,2026-04-19 23:05:00+00:00,2026-04-19 23:05
líbano,65623,2026-04-19 23:05:00+00:00,2026-04-19 23:05
español,65518,2026-04-19 23:05:00+00:00,2026-04-19 23:05
aragón,65235,2026-04-19 23:05:00+00:00,2026-04-19 23:05
the,63795,2026-04-19 23:05:00+00:00,2026-04-19 23:05
crisis,62606,2026-04-19 23:05:00+00:00,2026-04-19 23:05
internacional,398852,2026-04-19 23:36:00+00:00,2026-04-19 23:36
irán,257330,2026-04-19 23:36:00+00:00,2026-04-19 23:36
trump,230444,2026-04-19 23:36:00+00:00,2026-04-19 23:36
guerra,217873,2026-04-19 23:36:00+00:00,2026-04-19 23:36
sánchez,172087,2026-04-19 23:36:00+00:00,2026-04-19 23:36
israel,111390,2026-04-19 23:36:00+00:00,2026-04-19 23:36
málaga,102562,2026-04-19 23:36:00+00:00,2026-04-19 23:36
ormuz,99923,2026-04-19 23:36:00+00:00,2026-04-19 23:36
final,98218,2026-04-19 23:36:00+00:00,2026-04-19 23:36
guerra irán,94804,2026-04-19 23:36:00+00:00,2026-04-19 23:36
diario,84922,2026-04-19 23:36:00+00:00,2026-04-19 23:36
muere,73486,2026-04-19 23:36:00+00:00,2026-04-19 23:36
regularización,70716,2026-04-19 23:36:00+00:00,2026-04-19 23:36
santa,69968,2026-04-19 23:36:00+00:00,2026-04-19 23:36
economía,66912,2026-04-19 23:36:00+00:00,2026-04-19 23:36
mundial,66629,2026-04-19 23:36:00+00:00,2026-04-19 23:36
líbano,65628,2026-04-19 23:36:00+00:00,2026-04-19 23:36
español,65319,2026-04-19 23:36:00+00:00,2026-04-19 23:36
aragón,65235,2026-04-19 23:36:00+00:00,2026-04-19 23:36
the,64190,2026-04-19 23:36:00+00:00,2026-04-19 23:36
crisis,62607,2026-04-19 23:36:00+00:00,2026-04-19 23:36
internacional,399407,2026-04-20 00:06:00+00:00,2026-04-20 00:06
irán,257447,2026-04-20 00:06:00+00:00,2026-04-20 00:06
trump,230423,2026-04-20 00:06:00+00:00,2026-04-20 00:06
guerra,217885,2026-04-20 00:06:00+00:00,2026-04-20 00:06
sánchez,172311,2026-04-20 00:06:00+00:00,2026-04-20 00:06
israel,111558,2026-04-20 00:06:00+00:00,2026-04-20 00:06
málaga,102260,2026-04-20 00:06:00+00:00,2026-04-20 00:06
ormuz,100020,2026-04-20 00:06:00+00:00,2026-04-20 00:06
final,98401,2026-04-20 00:06:00+00:00,2026-04-20 00:06
guerra irán,94792,2026-04-20 00:06:00+00:00,2026-04-20 00:06
diario,84910,2026-04-20 00:06:00+00:00,2026-04-20 00:06
muere,73538,2026-04-20 00:06:00+00:00,2026-04-20 00:06
regularización,70745,2026-04-20 00:06:00+00:00,2026-04-20 00:06
santa,69905,2026-04-20 00:06:00+00:00,2026-04-20 00:06
economía,67002,2026-04-20 00:06:00+00:00,2026-04-20 00:06
mundial,66577,2026-04-20 00:06:00+00:00,2026-04-20 00:06
líbano,65649,2026-04-20 00:06:00+00:00,2026-04-20 00:06
aragón,65370,2026-04-20 00:06:00+00:00,2026-04-20 00:06
español,65324,2026-04-20 00:06:00+00:00,2026-04-20 00:06
the,64106,2026-04-20 00:06:00+00:00,2026-04-20 00:06
ia,62820,2026-04-20 00:06:00+00:00,2026-04-20 00:06
internacional,399615,2026-04-20 00:36:00+00:00,2026-04-20 00:36
irán,257655,2026-04-20 00:36:00+00:00,2026-04-20 00:36
trump,230235,2026-04-20 00:36:00+00:00,2026-04-20 00:36
guerra,217872,2026-04-20 00:36:00+00:00,2026-04-20 00:36
sánchez,172043,2026-04-20 00:36:00+00:00,2026-04-20 00:36
israel,111565,2026-04-20 00:36:00+00:00,2026-04-20 00:36
málaga,102364,2026-04-20 00:36:00+00:00,2026-04-20 00:36
ormuz,100125,2026-04-20 00:36:00+00:00,2026-04-20 00:36
final,98324,2026-04-20 00:36:00+00:00,2026-04-20 00:36
guerra irán,95063,2026-04-20 00:36:00+00:00,2026-04-20 00:36
diario,85119,2026-04-20 00:36:00+00:00,2026-04-20 00:36
muere,73488,2026-04-20 00:36:00+00:00,2026-04-20 00:36
regularización,70648,2026-04-20 00:36:00+00:00,2026-04-20 00:36
santa,69789,2026-04-20 00:36:00+00:00,2026-04-20 00:36
economía,66914,2026-04-20 00:36:00+00:00,2026-04-20 00:36
mundial,66632,2026-04-20 00:36:00+00:00,2026-04-20 00:36
líbano,65636,2026-04-20 00:36:00+00:00,2026-04-20 00:36
aragón,65237,2026-04-20 00:36:00+00:00,2026-04-20 00:36
español,65221,2026-04-20 00:36:00+00:00,2026-04-20 00:36
the,64093,2026-04-20 00:36:00+00:00,2026-04-20 00:36
crisis,62609,2026-04-20 00:36:00+00:00,2026-04-20 00:36
internacional,399764,2026-04-20 01:06:00+00:00,2026-04-20 01:06
irán,257683,2026-04-20 01:06:00+00:00,2026-04-20 01:06
trump,230376,2026-04-20 01:06:00+00:00,2026-04-20 01:06
guerra,218375,2026-04-20 01:06:00+00:00,2026-04-20 01:06
sánchez,172388,2026-04-20 01:06:00+00:00,2026-04-20 01:06
israel,111732,2026-04-20 01:06:00+00:00,2026-04-20 01:06
málaga,102262,2026-04-20 01:06:00+00:00,2026-04-20 01:06
ormuz,100158,2026-04-20 01:06:00+00:00,2026-04-20 01:06
final,98508,2026-04-20 01:06:00+00:00,2026-04-20 01:06
guerra irán,95051,2026-04-20 01:06:00+00:00,2026-04-20 01:06
diario,85081,2026-04-20 01:06:00+00:00,2026-04-20 01:06
muere,73742,2026-04-20 01:06:00+00:00,2026-04-20 01:06
regularización,70985,2026-04-20 01:06:00+00:00,2026-04-20 01:06
santa,69826,2026-04-20 01:06:00+00:00,2026-04-20 01:06
economía,67005,2026-04-20 01:06:00+00:00,2026-04-20 01:06
mundial,66580,2026-04-20 01:06:00+00:00,2026-04-20 01:06
líbano,65844,2026-04-20 01:06:00+00:00,2026-04-20 01:06
español,65538,2026-04-20 01:06:00+00:00,2026-04-20 01:06
aragón,65372,2026-04-20 01:06:00+00:00,2026-04-20 01:06
the,64009,2026-04-20 01:06:00+00:00,2026-04-20 01:06
crisis,62853,2026-04-20 01:06:00+00:00,2026-04-20 01:06
internacional,399926,2026-04-20 01:36:00+00:00,2026-04-20 01:36
irán,257748,2026-04-20 01:36:00+00:00,2026-04-20 01:36
trump,230383,2026-04-20 01:36:00+00:00,2026-04-20 01:36
guerra,218358,2026-04-20 01:36:00+00:00,2026-04-20 01:36
sánchez,172344,2026-04-20 01:36:00+00:00,2026-04-20 01:36
israel,111809,2026-04-20 01:36:00+00:00,2026-04-20 01:36
málaga,102263,2026-04-20 01:36:00+00:00,2026-04-20 01:36
ormuz,100161,2026-04-20 01:36:00+00:00,2026-04-20 01:36
final,98510,2026-04-20 01:36:00+00:00,2026-04-20 01:36
guerra irán,95055,2026-04-20 01:36:00+00:00,2026-04-20 01:36
diario,85083,2026-04-20 01:36:00+00:00,2026-04-20 01:36
muere,73743,2026-04-20 01:36:00+00:00,2026-04-20 01:36
regularización,70986,2026-04-20 01:36:00+00:00,2026-04-20 01:36
santa,69826,2026-04-20 01:36:00+00:00,2026-04-20 01:36
economía,67007,2026-04-20 01:36:00+00:00,2026-04-20 01:36
mundial,66597,2026-04-20 01:36:00+00:00,2026-04-20 01:36
líbano,65646,2026-04-20 01:36:00+00:00,2026-04-20 01:36
español,65486,2026-04-20 01:36:00+00:00,2026-04-20 01:36
aragón,65373,2026-04-20 01:36:00+00:00,2026-04-20 01:36
the,64286,2026-04-20 01:36:00+00:00,2026-04-20 01:36
crisis,62854,2026-04-20 01:36:00+00:00,2026-04-20 01:36
internacional,399512,2026-04-20 02:06:00+00:00,2026-04-20 02:06
irán,258618,2026-04-20 02:06:00+00:00,2026-04-20 02:06
trump,230890,2026-04-20 02:06:00+00:00,2026-04-20 02:06
guerra,219088,2026-04-20 02:06:00+00:00,2026-04-20 02:06
sánchez,172660,2026-04-20 02:06:00+00:00,2026-04-20 02:06
israel,113387,2026-04-20 02:06:00+00:00,2026-04-20 02:06
málaga,102347,2026-04-20 02:06:00+00:00,2026-04-20 02:06
ormuz,100256,2026-04-20 02:06:00+00:00,2026-04-20 02:06
final,98358,2026-04-20 02:06:00+00:00,2026-04-20 02:06
guerra irán,95201,2026-04-20 02:06:00+00:00,2026-04-20 02:06
diario,85093,2026-04-20 02:06:00+00:00,2026-04-20 02:06
muere,73623,2026-04-20 02:06:00+00:00,2026-04-20 02:06
regularización,70958,2026-04-20 02:06:00+00:00,2026-04-20 02:06
santa,69782,2026-04-20 02:06:00+00:00,2026-04-20 02:06
economía,66919,2026-04-20 02:06:00+00:00,2026-04-20 02:06
mundial,66576,2026-04-20 02:06:00+00:00,2026-04-20 02:06
líbano,66362,2026-04-20 02:06:00+00:00,2026-04-20 02:06
español,65504,2026-04-20 02:06:00+00:00,2026-04-20 02:06
aragón,65200,2026-04-20 02:06:00+00:00,2026-04-20 02:06
the,64268,2026-04-20 02:06:00+00:00,2026-04-20 02:06
crisis,62877,2026-04-20 02:06:00+00:00,2026-04-20 02:06
internacional,399951,2026-04-20 02:36:00+00:00,2026-04-20 02:36
irán,257687,2026-04-20 02:36:00+00:00,2026-04-20 02:36
trump,230044,2026-04-20 02:36:00+00:00,2026-04-20 02:36
guerra,218102,2026-04-20 02:36:00+00:00,2026-04-20 02:36
sánchez,171699,2026-04-20 02:36:00+00:00,2026-04-20 02:36
israel,111839,2026-04-20 02:36:00+00:00,2026-04-20 02:36
málaga,102571,2026-04-20 02:36:00+00:00,2026-04-20 02:36
ormuz,100161,2026-04-20 02:36:00+00:00,2026-04-20 02:36
final,98330,2026-04-20 02:36:00+00:00,2026-04-20 02:36
guerra irán,94871,2026-04-20 02:36:00+00:00,2026-04-20 02:36
diario,85292,2026-04-20 02:36:00+00:00,2026-04-20 02:36
muere,73695,2026-04-20 02:36:00+00:00,2026-04-20 02:36
regularización,70907,2026-04-20 02:36:00+00:00,2026-04-20 02:36
santa,69793,2026-04-20 02:36:00+00:00,2026-04-20 02:36
economía,66875,2026-04-20 02:36:00+00:00,2026-04-20 02:36
mundial,66652,2026-04-20 02:36:00+00:00,2026-04-20 02:36
líbano,65462,2026-04-20 02:36:00+00:00,2026-04-20 02:36
español,65437,2026-04-20 02:36:00+00:00,2026-04-20 02:36
aragón,65240,2026-04-20 02:36:00+00:00,2026-04-20 02:36
the,64371,2026-04-20 02:36:00+00:00,2026-04-20 02:36
internacional,399019,2026-04-20 03:06:00+00:00,2026-04-20 03:06
irán,257654,2026-04-20 03:06:00+00:00,2026-04-20 03:06
trump,230054,2026-04-20 03:06:00+00:00,2026-04-20 03:06
guerra,217941,2026-04-20 03:06:00+00:00,2026-04-20 03:06
sánchez,172594,2026-04-20 03:06:00+00:00,2026-04-20 03:06
israel,112142,2026-04-20 03:06:00+00:00,2026-04-20 03:06
málaga,102574,2026-04-20 03:06:00+00:00,2026-04-20 03:06
ormuz,100288,2026-04-20 03:06:00+00:00,2026-04-20 03:06
final,98149,2026-04-20 03:06:00+00:00,2026-04-20 03:06
guerra irán,94877,2026-04-20 03:06:00+00:00,2026-04-20 03:06
diario,85213,2026-04-20 03:06:00+00:00,2026-04-20 03:06
muere,73432,2026-04-20 03:06:00+00:00,2026-04-20 03:06
regularización,70910,2026-04-20 03:06:00+00:00,2026-04-20 03:06
santa,69795,2026-04-20 03:06:00+00:00,2026-04-20 03:06
economía,66881,2026-04-20 03:06:00+00:00,2026-04-20 03:06
mundial,66531,2026-04-20 03:06:00+00:00,2026-04-20 03:06
español,65548,2026-04-20 03:06:00+00:00,2026-04-20 03:06
líbano,65535,2026-04-20 03:06:00+00:00,2026-04-20 03:06
the,64299,2026-04-20 03:06:00+00:00,2026-04-20 03:06
aragón,63215,2026-04-20 03:06:00+00:00,2026-04-20 03:06
internacional,398740,2026-04-20 03:35:00+00:00,2026-04-20 03:35
irán,258969,2026-04-20 03:35:00+00:00,2026-04-20 03:35
trump,230766,2026-04-20 03:35:00+00:00,2026-04-20 03:35
guerra,218736,2026-04-20 03:35:00+00:00,2026-04-20 03:35
sánchez,172852,2026-04-20 03:35:00+00:00,2026-04-20 03:35
israel,113465,2026-04-20 03:35:00+00:00,2026-04-20 03:35
málaga,102357,2026-04-20 03:35:00+00:00,2026-04-20 03:35
ormuz,100098,2026-04-20 03:35:00+00:00,2026-04-20 03:35
final,98182,2026-04-20 03:35:00+00:00,2026-04-20 03:35
guerra irán,95129,2026-04-20 03:35:00+00:00,2026-04-20 03:35
diario,85019,2026-04-20 03:35:00+00:00,2026-04-20 03:35
muere,73365,2026-04-20 03:35:00+00:00,2026-04-20 03:35
regularización,70607,2026-04-20 03:35:00+00:00,2026-04-20 03:35
santa,69662,2026-04-20 03:35:00+00:00,2026-04-20 03:35
economía,66970,2026-04-20 03:35:00+00:00,2026-04-20 03:35
mundial,66333,2026-04-20 03:35:00+00:00,2026-04-20 03:35
líbano,66224,2026-04-20 03:35:00+00:00,2026-04-20 03:35
aragón,65378,2026-04-20 03:35:00+00:00,2026-04-20 03:35
español,65295,2026-04-20 03:35:00+00:00,2026-04-20 03:35
the,63943,2026-04-20 03:35:00+00:00,2026-04-20 03:35
crisis,62475,2026-04-20 03:35:00+00:00,2026-04-20 03:35
internacional,398231,2026-04-20 04:06:00+00:00,2026-04-20 04:06
irán,258149,2026-04-20 04:06:00+00:00,2026-04-20 04:06
trump,230262,2026-04-20 04:06:00+00:00,2026-04-20 04:06
guerra,218391,2026-04-20 04:06:00+00:00,2026-04-20 04:06
sánchez,172496,2026-04-20 04:06:00+00:00,2026-04-20 04:06
israel,111925,2026-04-20 04:06:00+00:00,2026-04-20 04:06
málaga,102277,2026-04-20 04:06:00+00:00,2026-04-20 04:06
ormuz,100246,2026-04-20 04:06:00+00:00,2026-04-20 04:06
final,98138,2026-04-20 04:06:00+00:00,2026-04-20 04:06
guerra irán,95014,2026-04-20 04:06:00+00:00,2026-04-20 04:06
diario,84810,2026-04-20 04:06:00+00:00,2026-04-20 04:06
muere,73487,2026-04-20 04:06:00+00:00,2026-04-20 04:06
regularización,71491,2026-04-20 04:06:00+00:00,2026-04-20 04:06
santa,69707,2026-04-20 04:06:00+00:00,2026-04-20 04:06
mundial,66958,2026-04-20 04:06:00+00:00,2026-04-20 04:06
economía,66856,2026-04-20 04:06:00+00:00,2026-04-20 04:06
español,65596,2026-04-20 04:06:00+00:00,2026-04-20 04:06
líbano,65564,2026-04-20 04:06:00+00:00,2026-04-20 04:06
aragón,65553,2026-04-20 04:06:00+00:00,2026-04-20 04:06
the,64496,2026-04-20 04:06:00+00:00,2026-04-20 04:06
crisis,62456,2026-04-20 04:06:00+00:00,2026-04-20 04:06
internacional,399558,2026-04-20 04:36:00+00:00,2026-04-20 04:36
irán,259073,2026-04-20 04:36:00+00:00,2026-04-20 04:36
trump,231245,2026-04-20 04:36:00+00:00,2026-04-20 04:36
guerra,219880,2026-04-20 04:36:00+00:00,2026-04-20 04:36
sánchez,173556,2026-04-20 04:36:00+00:00,2026-04-20 04:36
israel,113020,2026-04-20 04:36:00+00:00,2026-04-20 04:36
málaga,103225,2026-04-20 04:36:00+00:00,2026-04-20 04:36
ormuz,100366,2026-04-20 04:36:00+00:00,2026-04-20 04:36
final,98542,2026-04-20 04:36:00+00:00,2026-04-20 04:36
guerra irán,95801,2026-04-20 04:36:00+00:00,2026-04-20 04:36
diario,85417,2026-04-20 04:36:00+00:00,2026-04-20 04:36
muere,73493,2026-04-20 04:36:00+00:00,2026-04-20 04:36
regularización,72167,2026-04-20 04:36:00+00:00,2026-04-20 04:36
santa,69900,2026-04-20 04:36:00+00:00,2026-04-20 04:36
economía,67516,2026-04-20 04:36:00+00:00,2026-04-20 04:36
mundial,67180,2026-04-20 04:36:00+00:00,2026-04-20 04:36
español,66542,2026-04-20 04:36:00+00:00,2026-04-20 04:36
aragón,66139,2026-04-20 04:36:00+00:00,2026-04-20 04:36
líbano,65771,2026-04-20 04:36:00+00:00,2026-04-20 04:36
the,64390,2026-04-20 04:36:00+00:00,2026-04-20 04:36
internacional,399694,2026-04-20 05:06:00+00:00,2026-04-20 05:06
irán,259486,2026-04-20 05:06:00+00:00,2026-04-20 05:06
trump,231109,2026-04-20 05:06:00+00:00,2026-04-20 05:06
guerra,219773,2026-04-20 05:06:00+00:00,2026-04-20 05:06
sánchez,173443,2026-04-20 05:06:00+00:00,2026-04-20 05:06
israel,113152,2026-04-20 05:06:00+00:00,2026-04-20 05:06
málaga,103202,2026-04-20 05:06:00+00:00,2026-04-20 05:06
ormuz,100454,2026-04-20 05:06:00+00:00,2026-04-20 05:06
final,98368,2026-04-20 05:06:00+00:00,2026-04-20 05:06
guerra irán,95966,2026-04-20 05:06:00+00:00,2026-04-20 05:06
diario,85534,2026-04-20 05:06:00+00:00,2026-04-20 05:06
muere,73323,2026-04-20 05:06:00+00:00,2026-04-20 05:06
regularización,72089,2026-04-20 05:06:00+00:00,2026-04-20 05:06
santa,69866,2026-04-20 05:06:00+00:00,2026-04-20 05:06
economía,67699,2026-04-20 05:06:00+00:00,2026-04-20 05:06
mundial,67564,2026-04-20 05:06:00+00:00,2026-04-20 05:06
español,66273,2026-04-20 05:06:00+00:00,2026-04-20 05:06
aragón,66007,2026-04-20 05:06:00+00:00,2026-04-20 05:06
líbano,65757,2026-04-20 05:06:00+00:00,2026-04-20 05:06
the,64659,2026-04-20 05:06:00+00:00,2026-04-20 05:06
internacional,400610,2026-04-20 05:35:00+00:00,2026-04-20 05:35
irán,259728,2026-04-20 05:35:00+00:00,2026-04-20 05:35
trump,231101,2026-04-20 05:35:00+00:00,2026-04-20 05:35
guerra,220322,2026-04-20 05:35:00+00:00,2026-04-20 05:35
sánchez,173278,2026-04-20 05:35:00+00:00,2026-04-20 05:35
israel,113449,2026-04-20 05:35:00+00:00,2026-04-20 05:35
málaga,103105,2026-04-20 05:35:00+00:00,2026-04-20 05:35
ormuz,100401,2026-04-20 05:35:00+00:00,2026-04-20 05:35
final,97983,2026-04-20 05:35:00+00:00,2026-04-20 05:35
guerra irán,96111,2026-04-20 05:35:00+00:00,2026-04-20 05:35
diario,85442,2026-04-20 05:35:00+00:00,2026-04-20 05:35
muere,73325,2026-04-20 05:35:00+00:00,2026-04-20 05:35
regularización,71891,2026-04-20 05:35:00+00:00,2026-04-20 05:35
santa,69868,2026-04-20 05:35:00+00:00,2026-04-20 05:35
economía,67619,2026-04-20 05:35:00+00:00,2026-04-20 05:35
mundial,67568,2026-04-20 05:35:00+00:00,2026-04-20 05:35
español,66447,2026-04-20 05:35:00+00:00,2026-04-20 05:35
aragón,66009,2026-04-20 05:35:00+00:00,2026-04-20 05:35
líbano,65765,2026-04-20 05:35:00+00:00,2026-04-20 05:35
the,64447,2026-04-20 05:35:00+00:00,2026-04-20 05:35
internacional,400426,2026-04-20 06:06:00+00:00,2026-04-20 06:06
irán,259926,2026-04-20 06:06:00+00:00,2026-04-20 06:06
trump,231254,2026-04-20 06:06:00+00:00,2026-04-20 06:06
guerra,220279,2026-04-20 06:06:00+00:00,2026-04-20 06:06
sánchez,173090,2026-04-20 06:06:00+00:00,2026-04-20 06:06
israel,113463,2026-04-20 06:06:00+00:00,2026-04-20 06:06
málaga,103109,2026-04-20 06:06:00+00:00,2026-04-20 06:06
ormuz,100954,2026-04-20 06:06:00+00:00,2026-04-20 06:06
final,98195,2026-04-20 06:06:00+00:00,2026-04-20 06:06
guerra irán,96002,2026-04-20 06:06:00+00:00,2026-04-20 06:06
diario,85708,2026-04-20 06:06:00+00:00,2026-04-20 06:06
muere,73258,2026-04-20 06:06:00+00:00,2026-04-20 06:06
regularización,71988,2026-04-20 06:06:00+00:00,2026-04-20 06:06
santa,70058,2026-04-20 06:06:00+00:00,2026-04-20 06:06
economía,67623,2026-04-20 06:06:00+00:00,2026-04-20 06:06
mundial,67221,2026-04-20 06:06:00+00:00,2026-04-20 06:06
español,66221,2026-04-20 06:06:00+00:00,2026-04-20 06:06
líbano,66161,2026-04-20 06:06:00+00:00,2026-04-20 06:06
aragón,66011,2026-04-20 06:06:00+00:00,2026-04-20 06:06
the,64308,2026-04-20 06:06:00+00:00,2026-04-20 06:06
internacional,401022,2026-04-20 06:36:00+00:00,2026-04-20 06:36
irán,259635,2026-04-20 06:36:00+00:00,2026-04-20 06:36
trump,230942,2026-04-20 06:36:00+00:00,2026-04-20 06:36
guerra,220376,2026-04-20 06:36:00+00:00,2026-04-20 06:36
sánchez,172415,2026-04-20 06:36:00+00:00,2026-04-20 06:36
israel,113505,2026-04-20 06:36:00+00:00,2026-04-20 06:36
málaga,103115,2026-04-20 06:36:00+00:00,2026-04-20 06:36
ormuz,100487,2026-04-20 06:36:00+00:00,2026-04-20 06:36
final,98051,2026-04-20 06:36:00+00:00,2026-04-20 06:36
guerra irán,95982,2026-04-20 06:36:00+00:00,2026-04-20 06:36
diario,86044,2026-04-20 06:36:00+00:00,2026-04-20 06:36
muere,73587,2026-04-20 06:36:00+00:00,2026-04-20 06:36
regularización,72936,2026-04-20 06:36:00+00:00,2026-04-20 06:36
santa,70064,2026-04-20 06:36:00+00:00,2026-04-20 06:36
economía,67626,2026-04-20 06:36:00+00:00,2026-04-20 06:36
mundial,67224,2026-04-20 06:36:00+00:00,2026-04-20 06:36
líbano,66463,2026-04-20 06:36:00+00:00,2026-04-20 06:36
español,66184,2026-04-20 06:36:00+00:00,2026-04-20 06:36
aragón,66014,2026-04-20 06:36:00+00:00,2026-04-20 06:36
the,64310,2026-04-20 06:36:00+00:00,2026-04-20 06:36
internacional,401581,2026-04-20 07:06:00+00:00,2026-04-20 07:06
irán,259622,2026-04-20 07:06:00+00:00,2026-04-20 07:06
trump,230716,2026-04-20 07:06:00+00:00,2026-04-20 07:06
guerra,221084,2026-04-20 07:06:00+00:00,2026-04-20 07:06
sánchez,172743,2026-04-20 07:06:00+00:00,2026-04-20 07:06
israel,113618,2026-04-20 07:06:00+00:00,2026-04-20 07:06
málaga,103068,2026-04-20 07:06:00+00:00,2026-04-20 07:06
ormuz,100237,2026-04-20 07:06:00+00:00,2026-04-20 07:06
final,98198,2026-04-20 07:06:00+00:00,2026-04-20 07:06
guerra irán,95866,2026-04-20 07:06:00+00:00,2026-04-20 07:06
diario,85633,2026-04-20 07:06:00+00:00,2026-04-20 07:06
muere,73657,2026-04-20 07:06:00+00:00,2026-04-20 07:06
regularización,73330,2026-04-20 07:06:00+00:00,2026-04-20 07:06
santa,69968,2026-04-20 07:06:00+00:00,2026-04-20 07:06
economía,67629,2026-04-20 07:06:00+00:00,2026-04-20 07:06
mundial,67128,2026-04-20 07:06:00+00:00,2026-04-20 07:06
líbano,66789,2026-04-20 07:06:00+00:00,2026-04-20 07:06
aragón,66219,2026-04-20 07:06:00+00:00,2026-04-20 07:06
español,66189,2026-04-20 07:06:00+00:00,2026-04-20 07:06
the,64312,2026-04-20 07:06:00+00:00,2026-04-20 07:06
internacional,400673,2026-04-20 07:36:00+00:00,2026-04-20 07:36
irán,259852,2026-04-20 07:36:00+00:00,2026-04-20 07:36
trump,231100,2026-04-20 07:36:00+00:00,2026-04-20 07:36
guerra,221165,2026-04-20 07:36:00+00:00,2026-04-20 07:36
sánchez,172469,2026-04-20 07:36:00+00:00,2026-04-20 07:36
israel,113401,2026-04-20 07:36:00+00:00,2026-04-20 07:36
málaga,103598,2026-04-20 07:36:00+00:00,2026-04-20 07:36
ormuz,99839,2026-04-20 07:36:00+00:00,2026-04-20 07:36
final,98132,2026-04-20 07:36:00+00:00,2026-04-20 07:36
guerra irán,95973,2026-04-20 07:36:00+00:00,2026-04-20 07:36
diario,86043,2026-04-20 07:36:00+00:00,2026-04-20 07:36
regularización,73947,2026-04-20 07:36:00+00:00,2026-04-20 07:36
muere,73590,2026-04-20 07:36:00+00:00,2026-04-20 07:36
santa,69972,2026-04-20 07:36:00+00:00,2026-04-20 07:36
economía,67332,2026-04-20 07:36:00+00:00,2026-04-20 07:36
mundial,67131,2026-04-20 07:36:00+00:00,2026-04-20 07:36
líbano,66749,2026-04-20 07:36:00+00:00,2026-04-20 07:36
aragón,66221,2026-04-20 07:36:00+00:00,2026-04-20 07:36
español,66192,2026-04-20 07:36:00+00:00,2026-04-20 07:36
the,64568,2026-04-20 07:36:00+00:00,2026-04-20 07:36
internacional,401058,2026-04-20 08:07:00+00:00,2026-04-20 08:07
irán,260442,2026-04-20 08:07:00+00:00,2026-04-20 08:07
trump,231056,2026-04-20 08:07:00+00:00,2026-04-20 08:07
guerra,221119,2026-04-20 08:07:00+00:00,2026-04-20 08:07
sánchez,172618,2026-04-20 08:07:00+00:00,2026-04-20 08:07
israel,113907,2026-04-20 08:07:00+00:00,2026-04-20 08:07
málaga,103537,2026-04-20 08:07:00+00:00,2026-04-20 08:07
ormuz,100159,2026-04-20 08:07:00+00:00,2026-04-20 08:07
final,98442,2026-04-20 08:07:00+00:00,2026-04-20 08:07
guerra irán,96031,2026-04-20 08:07:00+00:00,2026-04-20 08:07
diario,85852,2026-04-20 08:07:00+00:00,2026-04-20 08:07
regularización,74958,2026-04-20 08:07:00+00:00,2026-04-20 08:07
muere,73741,2026-04-20 08:07:00+00:00,2026-04-20 08:07
santa,69977,2026-04-20 08:07:00+00:00,2026-04-20 08:07
economía,67795,2026-04-20 08:07:00+00:00,2026-04-20 08:07
mundial,67408,2026-04-20 08:07:00+00:00,2026-04-20 08:07
líbano,66756,2026-04-20 08:07:00+00:00,2026-04-20 08:07
aragón,66225,2026-04-20 08:07:00+00:00,2026-04-20 08:07
español,66093,2026-04-20 08:07:00+00:00,2026-04-20 08:07
the,64506,2026-04-20 08:07:00+00:00,2026-04-20 08:07
internacional,402207,2026-04-20 08:36:00+00:00,2026-04-20 08:36
irán,260702,2026-04-20 08:36:00+00:00,2026-04-20 08:36
trump,230945,2026-04-20 08:36:00+00:00,2026-04-20 08:36
guerra,221868,2026-04-20 08:36:00+00:00,2026-04-20 08:36
sánchez,172746,2026-04-20 08:36:00+00:00,2026-04-20 08:36
israel,114354,2026-04-20 08:36:00+00:00,2026-04-20 08:36
málaga,103544,2026-04-20 08:36:00+00:00,2026-04-20 08:36
ormuz,100670,2026-04-20 08:36:00+00:00,2026-04-20 08:36
final,97881,2026-04-20 08:36:00+00:00,2026-04-20 08:36
guerra irán,96159,2026-04-20 08:36:00+00:00,2026-04-20 08:36
diario,85862,2026-04-20 08:36:00+00:00,2026-04-20 08:36
regularización,76309,2026-04-20 08:36:00+00:00,2026-04-20 08:36
muere,73708,2026-04-20 08:36:00+00:00,2026-04-20 08:36
santa,69983,2026-04-20 08:36:00+00:00,2026-04-20 08:36
economía,67946,2026-04-20 08:36:00+00:00,2026-04-20 08:36
mundial,67358,2026-04-20 08:36:00+00:00,2026-04-20 08:36
líbano,66719,2026-04-20 08:36:00+00:00,2026-04-20 08:36
español,66316,2026-04-20 08:36:00+00:00,2026-04-20 08:36
aragón,66230,2026-04-20 08:36:00+00:00,2026-04-20 08:36
the,64904,2026-04-20 08:36:00+00:00,2026-04-20 08:36
internacional,402497,2026-04-20 09:05:00+00:00,2026-04-20 09:05
irán,260547,2026-04-20 09:05:00+00:00,2026-04-20 09:05
trump,230803,2026-04-20 09:05:00+00:00,2026-04-20 09:05
guerra,221789,2026-04-20 09:05:00+00:00,2026-04-20 09:05
sánchez,173055,2026-04-20 09:05:00+00:00,2026-04-20 09:05
israel,114779,2026-04-20 09:05:00+00:00,2026-04-20 09:05
málaga,103668,2026-04-20 09:05:00+00:00,2026-04-20 09:05
ormuz,100606,2026-04-20 09:05:00+00:00,2026-04-20 09:05
final,97817,2026-04-20 09:05:00+00:00,2026-04-20 09:05
guerra irán,96084,2026-04-20 09:05:00+00:00,2026-04-20 09:05
diario,86101,2026-04-20 09:05:00+00:00,2026-04-20 09:05
regularización,76595,2026-04-20 09:05:00+00:00,2026-04-20 09:05
muere,74309,2026-04-20 09:05:00+00:00,2026-04-20 09:05
santa,69989,2026-04-20 09:05:00+00:00,2026-04-20 09:05
economía,68009,2026-04-20 09:05:00+00:00,2026-04-20 09:05
líbano,66726,2026-04-20 09:05:00+00:00,2026-04-20 09:05
aragón,66692,2026-04-20 09:05:00+00:00,2026-04-20 09:05
mundial,66690,2026-04-20 09:05:00+00:00,2026-04-20 09:05
español,66566,2026-04-20 09:05:00+00:00,2026-04-20 09:05
the,64838,2026-04-20 09:05:00+00:00,2026-04-20 09:05
internacional,403018,2026-04-20 09:36:00+00:00,2026-04-20 09:36
irán,260478,2026-04-20 09:36:00+00:00,2026-04-20 09:36
trump,230321,2026-04-20 09:36:00+00:00,2026-04-20 09:36
guerra,222202,2026-04-20 09:36:00+00:00,2026-04-20 09:36
sánchez,172119,2026-04-20 09:36:00+00:00,2026-04-20 09:36
israel,114891,2026-04-20 09:36:00+00:00,2026-04-20 09:36
málaga,104067,2026-04-20 09:36:00+00:00,2026-04-20 09:36
ormuz,100186,2026-04-20 09:36:00+00:00,2026-04-20 09:36
final,98359,2026-04-20 09:36:00+00:00,2026-04-20 09:36
guerra irán,96346,2026-04-20 09:36:00+00:00,2026-04-20 09:36
diario,85988,2026-04-20 09:36:00+00:00,2026-04-20 09:36
regularización,77207,2026-04-20 09:36:00+00:00,2026-04-20 09:36
muere,73708,2026-04-20 09:36:00+00:00,2026-04-20 09:36
santa,69993,2026-04-20 09:36:00+00:00,2026-04-20 09:36
economía,68340,2026-04-20 09:36:00+00:00,2026-04-20 09:36
aragón,66894,2026-04-20 09:36:00+00:00,2026-04-20 09:36
líbano,66730,2026-04-20 09:36:00+00:00,2026-04-20 09:36
mundial,66592,2026-04-20 09:36:00+00:00,2026-04-20 09:36
español,66494,2026-04-20 09:36:00+00:00,2026-04-20 09:36
andalucía,65100,2026-04-20 09:36:00+00:00,2026-04-20 09:36
the,64744,2026-04-20 09:36:00+00:00,2026-04-20 09:36
internacional,403835,2026-04-20 10:06:00+00:00,2026-04-20 10:06
irán,261534,2026-04-20 10:06:00+00:00,2026-04-20 10:06
trump,230451,2026-04-20 10:06:00+00:00,2026-04-20 10:06
guerra,223025,2026-04-20 10:06:00+00:00,2026-04-20 10:06
sánchez,172733,2026-04-20 10:06:00+00:00,2026-04-20 10:06
israel,116592,2026-04-20 10:06:00+00:00,2026-04-20 10:06
málaga,104817,2026-04-20 10:06:00+00:00,2026-04-20 10:06
ormuz,100124,2026-04-20 10:06:00+00:00,2026-04-20 10:06
final,98263,2026-04-20 10:06:00+00:00,2026-04-20 10:06
guerra irán,96726,2026-04-20 10:06:00+00:00,2026-04-20 10:06
diario,85713,2026-04-20 10:06:00+00:00,2026-04-20 10:06
regularización,78101,2026-04-20 10:06:00+00:00,2026-04-20 10:06
muere,74322,2026-04-20 10:06:00+00:00,2026-04-20 10:06
santa,70129,2026-04-20 10:06:00+00:00,2026-04-20 10:06
economía,68382,2026-04-20 10:06:00+00:00,2026-04-20 10:06
líbano,67455,2026-04-20 10:06:00+00:00,2026-04-20 10:06
español,67010,2026-04-20 10:06:00+00:00,2026-04-20 10:06
aragón,66710,2026-04-20 10:06:00+00:00,2026-04-20 10:06
mundial,66544,2026-04-20 10:06:00+00:00,2026-04-20 10:06
andalucía,65619,2026-04-20 10:06:00+00:00,2026-04-20 10:06
the,65229,2026-04-20 10:06:00+00:00,2026-04-20 10:06
internacional,403978,2026-04-20 10:36:00+00:00,2026-04-20 10:36
irán,261165,2026-04-20 10:36:00+00:00,2026-04-20 10:36
trump,229762,2026-04-20 10:36:00+00:00,2026-04-20 10:36
guerra,222338,2026-04-20 10:36:00+00:00,2026-04-20 10:36
sánchez,172235,2026-04-20 10:36:00+00:00,2026-04-20 10:36
israel,115663,2026-04-20 10:36:00+00:00,2026-04-20 10:36
málaga,104534,2026-04-20 10:36:00+00:00,2026-04-20 10:36
ormuz,99606,2026-04-20 10:36:00+00:00,2026-04-20 10:36
final,98834,2026-04-20 10:36:00+00:00,2026-04-20 10:36
guerra irán,96942,2026-04-20 10:36:00+00:00,2026-04-20 10:36
diario,85865,2026-04-20 10:36:00+00:00,2026-04-20 10:36
regularización,78109,2026-04-20 10:36:00+00:00,2026-04-20 10:36
muere,74560,2026-04-20 10:36:00+00:00,2026-04-20 10:36
santa,70137,2026-04-20 10:36:00+00:00,2026-04-20 10:36
economía,68360,2026-04-20 10:36:00+00:00,2026-04-20 10:36
español,67345,2026-04-20 10:36:00+00:00,2026-04-20 10:36
líbano,66746,2026-04-20 10:36:00+00:00,2026-04-20 10:36
aragón,66606,2026-04-20 10:36:00+00:00,2026-04-20 10:36
mundial,66551,2026-04-20 10:36:00+00:00,2026-04-20 10:36
the,65762,2026-04-20 10:36:00+00:00,2026-04-20 10:36
andalucía,65679,2026-04-20 10:36:00+00:00,2026-04-20 10:36
internacional,404945,2026-04-20 11:06:00+00:00,2026-04-20 11:06
irán,261798,2026-04-20 11:06:00+00:00,2026-04-20 11:06
trump,229974,2026-04-20 11:06:00+00:00,2026-04-20 11:06
guerra,222721,2026-04-20 11:06:00+00:00,2026-04-20 11:06
sánchez,172831,2026-04-20 11:06:00+00:00,2026-04-20 11:06
israel,117211,2026-04-20 11:06:00+00:00,2026-04-20 11:06
málaga,104779,2026-04-20 11:06:00+00:00,2026-04-20 11:06
final,99801,2026-04-20 11:06:00+00:00,2026-04-20 11:06
ormuz,99499,2026-04-20 11:06:00+00:00,2026-04-20 11:06
guerra irán,97100,2026-04-20 11:06:00+00:00,2026-04-20 11:06
diario,86479,2026-04-20 11:06:00+00:00,2026-04-20 11:06
regularización,79154,2026-04-20 11:06:00+00:00,2026-04-20 11:06
muere,75778,2026-04-20 11:06:00+00:00,2026-04-20 11:06
santa,70395,2026-04-20 11:06:00+00:00,2026-04-20 11:06
economía,68094,2026-04-20 11:06:00+00:00,2026-04-20 11:06
español,67930,2026-04-20 11:06:00+00:00,2026-04-20 11:06
líbano,67765,2026-04-20 11:06:00+00:00,2026-04-20 11:06
aragón,66996,2026-04-20 11:06:00+00:00,2026-04-20 11:06
mundial,66745,2026-04-20 11:06:00+00:00,2026-04-20 11:06
andalucía,66175,2026-04-20 11:06:00+00:00,2026-04-20 11:06
the,65766,2026-04-20 11:06:00+00:00,2026-04-20 11:06
internacional,405068,2026-04-20 11:37:00+00:00,2026-04-20 11:37
irán,260983,2026-04-20 11:37:00+00:00,2026-04-20 11:37
trump,229294,2026-04-20 11:37:00+00:00,2026-04-20 11:37
guerra,222622,2026-04-20 11:37:00+00:00,2026-04-20 11:37
sánchez,171862,2026-04-20 11:37:00+00:00,2026-04-20 11:37
israel,116203,2026-04-20 11:37:00+00:00,2026-04-20 11:37
málaga,105632,2026-04-20 11:37:00+00:00,2026-04-20 11:37
final,99555,2026-04-20 11:37:00+00:00,2026-04-20 11:37
ormuz,98924,2026-04-20 11:37:00+00:00,2026-04-20 11:37
guerra irán,97002,2026-04-20 11:37:00+00:00,2026-04-20 11:37
diario,86244,2026-04-20 11:37:00+00:00,2026-04-20 11:37
regularización,80361,2026-04-20 11:37:00+00:00,2026-04-20 11:37
muere,75440,2026-04-20 11:37:00+00:00,2026-04-20 11:37
santa,70309,2026-04-20 11:37:00+00:00,2026-04-20 11:37
español,68369,2026-04-20 11:37:00+00:00,2026-04-20 11:37
aragón,67793,2026-04-20 11:37:00+00:00,2026-04-20 11:37
economía,67601,2026-04-20 11:37:00+00:00,2026-04-20 11:37
líbano,67115,2026-04-20 11:37:00+00:00,2026-04-20 11:37
the,66877,2026-04-20 11:37:00+00:00,2026-04-20 11:37
andalucía,66661,2026-04-20 11:37:00+00:00,2026-04-20 11:37
mundial,66391,2026-04-20 11:37:00+00:00,2026-04-20 11:37
internacional,404151,2026-04-20 12:07:00+00:00,2026-04-20 12:07
irán,261446,2026-04-20 12:07:00+00:00,2026-04-20 12:07
trump,229341,2026-04-20 12:07:00+00:00,2026-04-20 12:07
guerra,222866,2026-04-20 12:07:00+00:00,2026-04-20 12:07
sánchez,172108,2026-04-20 12:07:00+00:00,2026-04-20 12:07
israel,116280,2026-04-20 12:07:00+00:00,2026-04-20 12:07
málaga,105272,2026-04-20 12:07:00+00:00,2026-04-20 12:07
final,99266,2026-04-20 12:07:00+00:00,2026-04-20 12:07
ormuz,97991,2026-04-20 12:07:00+00:00,2026-04-20 12:07
guerra irán,97107,2026-04-20 12:07:00+00:00,2026-04-20 12:07
diario,86186,2026-04-20 12:07:00+00:00,2026-04-20 12:07
regularización,81721,2026-04-20 12:07:00+00:00,2026-04-20 12:07
muere,75387,2026-04-20 12:07:00+00:00,2026-04-20 12:07
santa,70224,2026-04-20 12:07:00+00:00,2026-04-20 12:07
aragón,69626,2026-04-20 12:07:00+00:00,2026-04-20 12:07
español,68309,2026-04-20 12:07:00+00:00,2026-04-20 12:07
economía,68000,2026-04-20 12:07:00+00:00,2026-04-20 12:07
líbano,67584,2026-04-20 12:07:00+00:00,2026-04-20 12:07
andalucía,66959,2026-04-20 12:07:00+00:00,2026-04-20 12:07
the,66615,2026-04-20 12:07:00+00:00,2026-04-20 12:07
mundial,66586,2026-04-20 12:07:00+00:00,2026-04-20 12:07
internacional,406047,2026-04-20 12:36:00+00:00,2026-04-20 12:36
irán,261977,2026-04-20 12:36:00+00:00,2026-04-20 12:36
trump,229060,2026-04-20 12:36:00+00:00,2026-04-20 12:36
guerra,223578,2026-04-20 12:36:00+00:00,2026-04-20 12:36
sánchez,171461,2026-04-20 12:36:00+00:00,2026-04-20 12:36
israel,116404,2026-04-20 12:36:00+00:00,2026-04-20 12:36
málaga,105325,2026-04-20 12:36:00+00:00,2026-04-20 12:36
final,99417,2026-04-20 12:36:00+00:00,2026-04-20 12:36
ormuz,97788,2026-04-20 12:36:00+00:00,2026-04-20 12:36
guerra irán,97448,2026-04-20 12:36:00+00:00,2026-04-20 12:36
diario,86319,2026-04-20 12:36:00+00:00,2026-04-20 12:36
regularización,82362,2026-04-20 12:36:00+00:00,2026-04-20 12:36
muere,75176,2026-04-20 12:36:00+00:00,2026-04-20 12:36
aragón,70343,2026-04-20 12:36:00+00:00,2026-04-20 12:36
santa,70232,2026-04-20 12:36:00+00:00,2026-04-20 12:36
español,68585,2026-04-20 12:36:00+00:00,2026-04-20 12:36
economía,68213,2026-04-20 12:36:00+00:00,2026-04-20 12:36
andalucía,67257,2026-04-20 12:36:00+00:00,2026-04-20 12:36
the,66850,2026-04-20 12:36:00+00:00,2026-04-20 12:36
líbano,66766,2026-04-20 12:36:00+00:00,2026-04-20 12:36
mundial,66593,2026-04-20 12:36:00+00:00,2026-04-20 12:36
internacional,406418,2026-04-20 13:06:00+00:00,2026-04-20 13:06
irán,261844,2026-04-20 13:06:00+00:00,2026-04-20 13:06
trump,228108,2026-04-20 13:06:00+00:00,2026-04-20 13:06
guerra,223544,2026-04-20 13:06:00+00:00,2026-04-20 13:06
sánchez,172012,2026-04-20 13:06:00+00:00,2026-04-20 13:06
israel,116793,2026-04-20 13:06:00+00:00,2026-04-20 13:06
málaga,105876,2026-04-20 13:06:00+00:00,2026-04-20 13:06
final,99248,2026-04-20 13:06:00+00:00,2026-04-20 13:06
guerra irán,97474,2026-04-20 13:06:00+00:00,2026-04-20 13:06
ormuz,97126,2026-04-20 13:06:00+00:00,2026-04-20 13:06
diario,86433,2026-04-20 13:06:00+00:00,2026-04-20 13:06
regularización,82791,2026-04-20 13:06:00+00:00,2026-04-20 13:06
muere,74973,2026-04-20 13:06:00+00:00,2026-04-20 13:06
santa,70240,2026-04-20 13:06:00+00:00,2026-04-20 13:06
aragón,70028,2026-04-20 13:06:00+00:00,2026-04-20 13:06
español,68854,2026-04-20 13:06:00+00:00,2026-04-20 13:06
the,68257,2026-04-20 13:06:00+00:00,2026-04-20 13:06
economía,68045,2026-04-20 13:06:00+00:00,2026-04-20 13:06
andalucía,67711,2026-04-20 13:06:00+00:00,2026-04-20 13:06
líbano,66753,2026-04-20 13:06:00+00:00,2026-04-20 13:06
mundial,66596,2026-04-20 13:06:00+00:00,2026-04-20 13:06
internacional,407325,2026-04-20 13:36:00+00:00,2026-04-20 13:36
irán,262841,2026-04-20 13:36:00+00:00,2026-04-20 13:36
trump,228210,2026-04-20 13:36:00+00:00,2026-04-20 13:36
guerra,224457,2026-04-20 13:36:00+00:00,2026-04-20 13:36
sánchez,172710,2026-04-20 13:36:00+00:00,2026-04-20 13:36
israel,118617,2026-04-20 13:36:00+00:00,2026-04-20 13:36
málaga,105610,2026-04-20 13:36:00+00:00,2026-04-20 13:36
final,98993,2026-04-20 13:36:00+00:00,2026-04-20 13:36
guerra irán,97711,2026-04-20 13:36:00+00:00,2026-04-20 13:36
ormuz,97287,2026-04-20 13:36:00+00:00,2026-04-20 13:36
diario,86334,2026-04-20 13:36:00+00:00,2026-04-20 13:36
regularización,83749,2026-04-20 13:36:00+00:00,2026-04-20 13:36
muere,75358,2026-04-20 13:36:00+00:00,2026-04-20 13:36
santa,70834,2026-04-20 13:36:00+00:00,2026-04-20 13:36
aragón,70552,2026-04-20 13:36:00+00:00,2026-04-20 13:36
español,69036,2026-04-20 13:36:00+00:00,2026-04-20 13:36
andalucía,68445,2026-04-20 13:36:00+00:00,2026-04-20 13:36
the,68115,2026-04-20 13:36:00+00:00,2026-04-20 13:36
líbano,68070,2026-04-20 13:36:00+00:00,2026-04-20 13:36
economía,67805,2026-04-20 13:36:00+00:00,2026-04-20 13:36
mundial,66783,2026-04-20 13:36:00+00:00,2026-04-20 13:36
internacional,407848,2026-04-20 14:06:00+00:00,2026-04-20 14:06
irán,263351,2026-04-20 14:06:00+00:00,2026-04-20 14:06
trump,227320,2026-04-20 14:06:00+00:00,2026-04-20 14:06
guerra,224727,2026-04-20 14:06:00+00:00,2026-04-20 14:06
sánchez,172557,2026-04-20 14:06:00+00:00,2026-04-20 14:06
israel,119293,2026-04-20 14:06:00+00:00,2026-04-20 14:06
málaga,105619,2026-04-20 14:06:00+00:00,2026-04-20 14:06
final,98802,2026-04-20 14:06:00+00:00,2026-04-20 14:06
guerra irán,97802,2026-04-20 14:06:00+00:00,2026-04-20 14:06
ormuz,97105,2026-04-20 14:06:00+00:00,2026-04-20 14:06
regularización,86524,2026-04-20 14:06:00+00:00,2026-04-20 14:06
diario,86344,2026-04-20 14:06:00+00:00,2026-04-20 14:06
muere,76151,2026-04-20 14:06:00+00:00,2026-04-20 14:06
santa,71488,2026-04-20 14:06:00+00:00,2026-04-20 14:06
aragón,71042,2026-04-20 14:06:00+00:00,2026-04-20 14:06
español,69576,2026-04-20 14:06:00+00:00,2026-04-20 14:06
andalucía,68875,2026-04-20 14:06:00+00:00,2026-04-20 14:06
líbano,68305,2026-04-20 14:06:00+00:00,2026-04-20 14:06
the,67907,2026-04-20 14:06:00+00:00,2026-04-20 14:06
mundial,66790,2026-04-20 14:06:00+00:00,2026-04-20 14:06
economía,66751,2026-04-20 14:06:00+00:00,2026-04-20 14:06
internacional,407996,2026-04-20 14:36:00+00:00,2026-04-20 14:36
irán,263424,2026-04-20 14:36:00+00:00,2026-04-20 14:36
trump,226505,2026-04-20 14:36:00+00:00,2026-04-20 14:36
guerra,224897,2026-04-20 14:36:00+00:00,2026-04-20 14:36
sánchez,171674,2026-04-20 14:36:00+00:00,2026-04-20 14:36
israel,119628,2026-04-20 14:36:00+00:00,2026-04-20 14:36
málaga,106309,2026-04-20 14:36:00+00:00,2026-04-20 14:36
final,98883,2026-04-20 14:36:00+00:00,2026-04-20 14:36
guerra irán,97880,2026-04-20 14:36:00+00:00,2026-04-20 14:36
ormuz,97123,2026-04-20 14:36:00+00:00,2026-04-20 14:36
regularización,86807,2026-04-20 14:36:00+00:00,2026-04-20 14:36
diario,86238,2026-04-20 14:36:00+00:00,2026-04-20 14:36
muere,76749,2026-04-20 14:36:00+00:00,2026-04-20 14:36
santa,71495,2026-04-20 14:36:00+00:00,2026-04-20 14:36
aragón,71047,2026-04-20 14:36:00+00:00,2026-04-20 14:36
español,69887,2026-04-20 14:36:00+00:00,2026-04-20 14:36
andalucía,68960,2026-04-20 14:36:00+00:00,2026-04-20 14:36
líbano,68312,2026-04-20 14:36:00+00:00,2026-04-20 14:36
the,68305,2026-04-20 14:36:00+00:00,2026-04-20 14:36
mundial,66671,2026-04-20 14:36:00+00:00,2026-04-20 14:36
internacional,408022,2026-04-20 15:06:00+00:00,2026-04-20 15:06
irán,263318,2026-04-20 15:06:00+00:00,2026-04-20 15:06
trump,225441,2026-04-20 15:06:00+00:00,2026-04-20 15:06
guerra,225175,2026-04-20 15:06:00+00:00,2026-04-20 15:06
sánchez,172159,2026-04-20 15:06:00+00:00,2026-04-20 15:06
israel,119959,2026-04-20 15:06:00+00:00,2026-04-20 15:06
málaga,106497,2026-04-20 15:06:00+00:00,2026-04-20 15:06
final,98689,2026-04-20 15:06:00+00:00,2026-04-20 15:06
guerra irán,97842,2026-04-20 15:06:00+00:00,2026-04-20 15:06
ormuz,96587,2026-04-20 15:06:00+00:00,2026-04-20 15:06
regularización,86685,2026-04-20 15:06:00+00:00,2026-04-20 15:06
diario,86443,2026-04-20 15:06:00+00:00,2026-04-20 15:06
muere,76751,2026-04-20 15:06:00+00:00,2026-04-20 15:06
santa,71498,2026-04-20 15:06:00+00:00,2026-04-20 15:06
aragón,70775,2026-04-20 15:06:00+00:00,2026-04-20 15:06
español,70767,2026-04-20 15:06:00+00:00,2026-04-20 15:06
andalucía,68764,2026-04-20 15:06:00+00:00,2026-04-20 15:06
líbano,68709,2026-04-20 15:06:00+00:00,2026-04-20 15:06
the,68256,2026-04-20 15:06:00+00:00,2026-04-20 15:06
mundial,67067,2026-04-20 15:06:00+00:00,2026-04-20 15:06
internacional,407885,2026-04-20 15:36:00+00:00,2026-04-20 15:36
irán,263748,2026-04-20 15:36:00+00:00,2026-04-20 15:36
guerra,224659,2026-04-20 15:36:00+00:00,2026-04-20 15:36
trump,224548,2026-04-20 15:36:00+00:00,2026-04-20 15:36
sánchez,172349,2026-04-20 15:36:00+00:00,2026-04-20 15:36
israel,120324,2026-04-20 15:36:00+00:00,2026-04-20 15:36
málaga,106365,2026-04-20 15:36:00+00:00,2026-04-20 15:36
final,98564,2026-04-20 15:36:00+00:00,2026-04-20 15:36
guerra irán,97879,2026-04-20 15:36:00+00:00,2026-04-20 15:36
ormuz,96239,2026-04-20 15:36:00+00:00,2026-04-20 15:36
regularización,88046,2026-04-20 15:36:00+00:00,2026-04-20 15:36
diario,86227,2026-04-20 15:36:00+00:00,2026-04-20 15:36
muere,77288,2026-04-20 15:36:00+00:00,2026-04-20 15:36
santa,71896,2026-04-20 15:36:00+00:00,2026-04-20 15:36
aragón,71403,2026-04-20 15:36:00+00:00,2026-04-20 15:36
español,70774,2026-04-20 15:36:00+00:00,2026-04-20 15:36
andalucía,68655,2026-04-20 15:36:00+00:00,2026-04-20 15:36
líbano,68503,2026-04-20 15:36:00+00:00,2026-04-20 15:36
the,68198,2026-04-20 15:36:00+00:00,2026-04-20 15:36
mundial,67018,2026-04-20 15:36:00+00:00,2026-04-20 15:36
economía,66978,2026-04-20 15:36:00+00:00,2026-04-20 15:36
internacional,407794,2026-04-20 16:06:00+00:00,2026-04-20 16:06
irán,263887,2026-04-20 16:06:00+00:00,2026-04-20 16:06
guerra,224604,2026-04-20 16:06:00+00:00,2026-04-20 16:06
trump,224309,2026-04-20 16:06:00+00:00,2026-04-20 16:06
sánchez,172061,2026-04-20 16:06:00+00:00,2026-04-20 16:06
israel,121217,2026-04-20 16:06:00+00:00,2026-04-20 16:06
málaga,106427,2026-04-20 16:06:00+00:00,2026-04-20 16:06
final,98310,2026-04-20 16:06:00+00:00,2026-04-20 16:06
guerra irán,97815,2026-04-20 16:06:00+00:00,2026-04-20 16:06
ormuz,95694,2026-04-20 16:06:00+00:00,2026-04-20 16:06
regularización,88457,2026-04-20 16:06:00+00:00,2026-04-20 16:06
diario,86112,2026-04-20 16:06:00+00:00,2026-04-20 16:06
muere,77687,2026-04-20 16:06:00+00:00,2026-04-20 16:06
santa,71900,2026-04-20 16:06:00+00:00,2026-04-20 16:06
aragón,71406,2026-04-20 16:06:00+00:00,2026-04-20 16:06
español,70374,2026-04-20 16:06:00+00:00,2026-04-20 16:06
andalucía,68474,2026-04-20 16:06:00+00:00,2026-04-20 16:06
líbano,68375,2026-04-20 16:06:00+00:00,2026-04-20 16:06
the,68294,2026-04-20 16:06:00+00:00,2026-04-20 16:06
juicio,66966,2026-04-20 16:06:00+00:00,2026-04-20 16:06
economía,66900,2026-04-20 16:06:00+00:00,2026-04-20 16:06
internacional,408145,2026-04-20 16:36:00+00:00,2026-04-20 16:36
irán,264551,2026-04-20 16:36:00+00:00,2026-04-20 16:36
guerra,224422,2026-04-20 16:36:00+00:00,2026-04-20 16:36
trump,223955,2026-04-20 16:36:00+00:00,2026-04-20 16:36
sánchez,172083,2026-04-20 16:36:00+00:00,2026-04-20 16:36
israel,121164,2026-04-20 16:36:00+00:00,2026-04-20 16:36
málaga,106233,2026-04-20 16:36:00+00:00,2026-04-20 16:36
guerra irán,97933,2026-04-20 16:36:00+00:00,2026-04-20 16:36
final,97445,2026-04-20 16:36:00+00:00,2026-04-20 16:36
ormuz,95452,2026-04-20 16:36:00+00:00,2026-04-20 16:36
regularización,89076,2026-04-20 16:36:00+00:00,2026-04-20 16:36
diario,86001,2026-04-20 16:36:00+00:00,2026-04-20 16:36
muere,77896,2026-04-20 16:36:00+00:00,2026-04-20 16:36
santa,72299,2026-04-20 16:36:00+00:00,2026-04-20 16:36
aragón,71363,2026-04-20 16:36:00+00:00,2026-04-20 16:36
español,70492,2026-04-20 16:36:00+00:00,2026-04-20 16:36
andalucía,68872,2026-04-20 16:36:00+00:00,2026-04-20 16:36
the,68576,2026-04-20 16:36:00+00:00,2026-04-20 16:36
líbano,68441,2026-04-20 16:36:00+00:00,2026-04-20 16:36
juicio,67472,2026-04-20 16:36:00+00:00,2026-04-20 16:36
mundial,66961,2026-04-20 16:36:00+00:00,2026-04-20 16:36
internacional,409499,2026-04-20 17:06:00+00:00,2026-04-20 17:06
irán,264805,2026-04-20 17:06:00+00:00,2026-04-20 17:06
guerra,224227,2026-04-20 17:06:00+00:00,2026-04-20 17:06
trump,222901,2026-04-20 17:06:00+00:00,2026-04-20 17:06
sánchez,172257,2026-04-20 17:06:00+00:00,2026-04-20 17:06
israel,121908,2026-04-20 17:06:00+00:00,2026-04-20 17:06
málaga,106382,2026-04-20 17:06:00+00:00,2026-04-20 17:06
guerra irán,97939,2026-04-20 17:06:00+00:00,2026-04-20 17:06
final,97150,2026-04-20 17:06:00+00:00,2026-04-20 17:06
ormuz,95330,2026-04-20 17:06:00+00:00,2026-04-20 17:06
regularización,89809,2026-04-20 17:06:00+00:00,2026-04-20 17:06
diario,85957,2026-04-20 17:06:00+00:00,2026-04-20 17:06
muere,78112,2026-04-20 17:06:00+00:00,2026-04-20 17:06
santa,72303,2026-04-20 17:06:00+00:00,2026-04-20 17:06
aragón,71510,2026-04-20 17:06:00+00:00,2026-04-20 17:06
español,70614,2026-04-20 17:06:00+00:00,2026-04-20 17:06
andalucía,68828,2026-04-20 17:06:00+00:00,2026-04-20 17:06
líbano,68632,2026-04-20 17:06:00+00:00,2026-04-20 17:06
the,68473,2026-04-20 17:06:00+00:00,2026-04-20 17:06
juicio,67477,2026-04-20 17:06:00+00:00,2026-04-20 17:06
internacional,409468,2026-04-20 17:36:00+00:00,2026-04-20 17:36
irán,265389,2026-04-20 17:36:00+00:00,2026-04-20 17:36
guerra,224256,2026-04-20 17:36:00+00:00,2026-04-20 17:36
trump,222417,2026-04-20 17:36:00+00:00,2026-04-20 17:36
sánchez,172240,2026-04-20 17:36:00+00:00,2026-04-20 17:36
israel,122525,2026-04-20 17:36:00+00:00,2026-04-20 17:36
málaga,106417,2026-04-20 17:36:00+00:00,2026-04-20 17:36
guerra irán,98043,2026-04-20 17:36:00+00:00,2026-04-20 17:36
final,97211,2026-04-20 17:36:00+00:00,2026-04-20 17:36
ormuz,95301,2026-04-20 17:36:00+00:00,2026-04-20 17:36
regularización,90006,2026-04-20 17:36:00+00:00,2026-04-20 17:36
diario,86482,2026-04-20 17:36:00+00:00,2026-04-20 17:36
muere,78520,2026-04-20 17:36:00+00:00,2026-04-20 17:36
santa,72310,2026-04-20 17:36:00+00:00,2026-04-20 17:36
aragón,71788,2026-04-20 17:36:00+00:00,2026-04-20 17:36
español,70884,2026-04-20 17:36:00+00:00,2026-04-20 17:36
andalucía,69619,2026-04-20 17:36:00+00:00,2026-04-20 17:36
líbano,68982,2026-04-20 17:36:00+00:00,2026-04-20 17:36
the,68239,2026-04-20 17:36:00+00:00,2026-04-20 17:36
20,67880,2026-04-20 17:36:00+00:00,2026-04-20 17:36
ue,67367,2026-04-20 17:36:00+00:00,2026-04-20 17:36
internacional,411356,2026-04-20 18:06:00+00:00,2026-04-20 18:06
irán,265318,2026-04-20 18:06:00+00:00,2026-04-20 18:06
guerra,224116,2026-04-20 18:06:00+00:00,2026-04-20 18:06
trump,222020,2026-04-20 18:06:00+00:00,2026-04-20 18:06
sánchez,172164,2026-04-20 18:06:00+00:00,2026-04-20 18:06
israel,122530,2026-04-20 18:06:00+00:00,2026-04-20 18:06
málaga,107017,2026-04-20 18:06:00+00:00,2026-04-20 18:06
guerra irán,97908,2026-04-20 18:06:00+00:00,2026-04-20 18:06
final,96940,2026-04-20 18:06:00+00:00,2026-04-20 18:06
ormuz,95119,2026-04-20 18:06:00+00:00,2026-04-20 18:06
regularización,90587,2026-04-20 18:06:00+00:00,2026-04-20 18:06
diario,86932,2026-04-20 18:06:00+00:00,2026-04-20 18:06
muere,78478,2026-04-20 18:06:00+00:00,2026-04-20 18:06
santa,72317,2026-04-20 18:06:00+00:00,2026-04-20 18:06
aragón,72130,2026-04-20 18:06:00+00:00,2026-04-20 18:06
español,70890,2026-04-20 18:06:00+00:00,2026-04-20 18:06
andalucía,69624,2026-04-20 18:06:00+00:00,2026-04-20 18:06
20,68933,2026-04-20 18:06:00+00:00,2026-04-20 18:06
líbano,68798,2026-04-20 18:06:00+00:00,2026-04-20 18:06
the,68637,2026-04-20 18:06:00+00:00,2026-04-20 18:06
juicio,67356,2026-04-20 18:06:00+00:00,2026-04-20 18:06
internacional,411561,2026-04-20 18:36:00+00:00,2026-04-20 18:36
irán,264654,2026-04-20 18:36:00+00:00,2026-04-20 18:36
guerra,223429,2026-04-20 18:36:00+00:00,2026-04-20 18:36
trump,221859,2026-04-20 18:36:00+00:00,2026-04-20 18:36
sánchez,171578,2026-04-20 18:36:00+00:00,2026-04-20 18:36
israel,121521,2026-04-20 18:36:00+00:00,2026-04-20 18:36
málaga,107023,2026-04-20 18:36:00+00:00,2026-04-20 18:36
guerra irán,97719,2026-04-20 18:36:00+00:00,2026-04-20 18:36
final,96692,2026-04-20 18:36:00+00:00,2026-04-20 18:36
ormuz,94906,2026-04-20 18:36:00+00:00,2026-04-20 18:36
regularización,90781,2026-04-20 18:36:00+00:00,2026-04-20 18:36
diario,86860,2026-04-20 18:36:00+00:00,2026-04-20 18:36
muere,78472,2026-04-20 18:36:00+00:00,2026-04-20 18:36
santa,72909,2026-04-20 18:36:00+00:00,2026-04-20 18:36
aragón,72129,2026-04-20 18:36:00+00:00,2026-04-20 18:36
español,70832,2026-04-20 18:36:00+00:00,2026-04-20 18:36
andalucía,70266,2026-04-20 18:36:00+00:00,2026-04-20 18:36
20,69270,2026-04-20 18:36:00+00:00,2026-04-20 18:36
the,68562,2026-04-20 18:36:00+00:00,2026-04-20 18:36
líbano,67835,2026-04-20 18:36:00+00:00,2026-04-20 18:36
juicio,67761,2026-04-20 18:36:00+00:00,2026-04-20 18:36
internacional,412132,2026-04-20 19:07:00+00:00,2026-04-20 19:07
irán,265129,2026-04-20 19:07:00+00:00,2026-04-20 19:07
guerra,223262,2026-04-20 19:07:00+00:00,2026-04-20 19:07
trump,221894,2026-04-20 19:07:00+00:00,2026-04-20 19:07
sánchez,171528,2026-04-20 19:07:00+00:00,2026-04-20 19:07
israel,121539,2026-04-20 19:07:00+00:00,2026-04-20 19:07
málaga,105975,2026-04-20 19:07:00+00:00,2026-04-20 19:07
guerra irán,97833,2026-04-20 19:07:00+00:00,2026-04-20 19:07
final,96141,2026-04-20 19:07:00+00:00,2026-04-20 19:07
ormuz,95142,2026-04-20 19:07:00+00:00,2026-04-20 19:07
regularización,90788,2026-04-20 19:07:00+00:00,2026-04-20 19:07
diario,87072,2026-04-20 19:07:00+00:00,2026-04-20 19:07
muere,78869,2026-04-20 19:07:00+00:00,2026-04-20 19:07
santa,72824,2026-04-20 19:07:00+00:00,2026-04-20 19:07
aragón,72069,2026-04-20 19:07:00+00:00,2026-04-20 19:07
español,70838,2026-04-20 19:07:00+00:00,2026-04-20 19:07
andalucía,70272,2026-04-20 19:07:00+00:00,2026-04-20 19:07
20,69274,2026-04-20 19:07:00+00:00,2026-04-20 19:07
the,68565,2026-04-20 19:07:00+00:00,2026-04-20 19:07
juicio,68036,2026-04-20 19:07:00+00:00,2026-04-20 19:07
ue,67867,2026-04-20 19:07:00+00:00,2026-04-20 19:07
internacional,412385,2026-04-20 19:36:00+00:00,2026-04-20 19:36
irán,265562,2026-04-20 19:36:00+00:00,2026-04-20 19:36
guerra,223353,2026-04-20 19:36:00+00:00,2026-04-20 19:36
trump,222108,2026-04-20 19:36:00+00:00,2026-04-20 19:36
sánchez,171558,2026-04-20 19:36:00+00:00,2026-04-20 19:36
israel,122900,2026-04-20 19:36:00+00:00,2026-04-20 19:36
málaga,105944,2026-04-20 19:36:00+00:00,2026-04-20 19:36
guerra irán,97769,2026-04-20 19:36:00+00:00,2026-04-20 19:36
final,95589,2026-04-20 19:36:00+00:00,2026-04-20 19:36
ormuz,95099,2026-04-20 19:36:00+00:00,2026-04-20 19:36
regularización,91642,2026-04-20 19:36:00+00:00,2026-04-20 19:36
diario,86932,2026-04-20 19:36:00+00:00,2026-04-20 19:36
muere,79012,2026-04-20 19:36:00+00:00,2026-04-20 19:36
aragón,72865,2026-04-20 19:36:00+00:00,2026-04-20 19:36
santa,72427,2026-04-20 19:36:00+00:00,2026-04-20 19:36
español,71303,2026-04-20 19:36:00+00:00,2026-04-20 19:36
andalucía,70058,2026-04-20 19:36:00+00:00,2026-04-20 19:36
20,69808,2026-04-20 19:36:00+00:00,2026-04-20 19:36
líbano,68890,2026-04-20 19:36:00+00:00,2026-04-20 19:36
the,68485,2026-04-20 19:36:00+00:00,2026-04-20 19:36
juicio,68041,2026-04-20 19:36:00+00:00,2026-04-20 19:36
internacional,413050,2026-04-20 20:06:00+00:00,2026-04-20 20:06
irán,265176,2026-04-20 20:06:00+00:00,2026-04-20 20:06
guerra,222745,2026-04-20 20:06:00+00:00,2026-04-20 20:06
trump,221317,2026-04-20 20:06:00+00:00,2026-04-20 20:06
sánchez,170809,2026-04-20 20:06:00+00:00,2026-04-20 20:06
israel,121210,2026-04-20 20:06:00+00:00,2026-04-20 20:06
málaga,105864,2026-04-20 20:06:00+00:00,2026-04-20 20:06
guerra irán,97603,2026-04-20 20:06:00+00:00,2026-04-20 20:06
final,96240,2026-04-20 20:06:00+00:00,2026-04-20 20:06
ormuz,94915,2026-04-20 20:06:00+00:00,2026-04-20 20:06
regularización,91814,2026-04-20 20:06:00+00:00,2026-04-20 20:06
diario,87015,2026-04-20 20:06:00+00:00,2026-04-20 20:06
muere,79530,2026-04-20 20:06:00+00:00,2026-04-20 20:06
aragón,72647,2026-04-20 20:06:00+00:00,2026-04-20 20:06
santa,72414,2026-04-20 20:06:00+00:00,2026-04-20 20:06
español,71290,2026-04-20 20:06:00+00:00,2026-04-20 20:06
andalucía,70407,2026-04-20 20:06:00+00:00,2026-04-20 20:06
20,70245,2026-04-20 20:06:00+00:00,2026-04-20 20:06
the,68519,2026-04-20 20:06:00+00:00,2026-04-20 20:06
juicio,67938,2026-04-20 20:06:00+00:00,2026-04-20 20:06
ue,67852,2026-04-20 20:06:00+00:00,2026-04-20 20:06
internacional,414474,2026-04-20 20:36:00+00:00,2026-04-20 20:36
irán,265930,2026-04-20 20:36:00+00:00,2026-04-20 20:36
guerra,223416,2026-04-20 20:36:00+00:00,2026-04-20 20:36
trump,222045,2026-04-20 20:36:00+00:00,2026-04-20 20:36
sánchez,171191,2026-04-20 20:36:00+00:00,2026-04-20 20:36
israel,122727,2026-04-20 20:36:00+00:00,2026-04-20 20:36
málaga,106760,2026-04-20 20:36:00+00:00,2026-04-20 20:36
guerra irán,97626,2026-04-20 20:36:00+00:00,2026-04-20 20:36
final,95447,2026-04-20 20:36:00+00:00,2026-04-20 20:36
ormuz,94849,2026-04-20 20:36:00+00:00,2026-04-20 20:36
regularización,92031,2026-04-20 20:36:00+00:00,2026-04-20 20:36
diario,87212,2026-04-20 20:36:00+00:00,2026-04-20 20:36
muere,79458,2026-04-20 20:36:00+00:00,2026-04-20 20:36
aragón,72823,2026-04-20 20:36:00+00:00,2026-04-20 20:36
santa,72417,2026-04-20 20:36:00+00:00,2026-04-20 20:36
español,71424,2026-04-20 20:36:00+00:00,2026-04-20 20:36
andalucía,70695,2026-04-20 20:36:00+00:00,2026-04-20 20:36
20,70676,2026-04-20 20:36:00+00:00,2026-04-20 20:36
líbano,68801,2026-04-20 20:36:00+00:00,2026-04-20 20:36
the,68533,2026-04-20 20:36:00+00:00,2026-04-20 20:36
ue,67780,2026-04-20 20:36:00+00:00,2026-04-20 20:36
internacional,414644,2026-04-20 21:06:00+00:00,2026-04-20 21:06
irán,265909,2026-04-20 21:06:00+00:00,2026-04-20 21:06
guerra,223352,2026-04-20 21:06:00+00:00,2026-04-20 21:06
trump,221906,2026-04-20 21:06:00+00:00,2026-04-20 21:06
sánchez,171099,2026-04-20 21:06:00+00:00,2026-04-20 21:06
israel,122730,2026-04-20 21:06:00+00:00,2026-04-20 21:06
málaga,106564,2026-04-20 21:06:00+00:00,2026-04-20 21:06
guerra irán,97627,2026-04-20 21:06:00+00:00,2026-04-20 21:06
ormuz,94806,2026-04-20 21:06:00+00:00,2026-04-20 21:06
final,94350,2026-04-20 21:06:00+00:00,2026-04-20 21:06
regularización,92615,2026-04-20 21:06:00+00:00,2026-04-20 21:06
diario,87390,2026-04-20 21:06:00+00:00,2026-04-20 21:06
muere,80700,2026-04-20 21:06:00+00:00,2026-04-20 21:06
aragón,72825,2026-04-20 21:06:00+00:00,2026-04-20 21:06
santa,72419,2026-04-20 21:06:00+00:00,2026-04-20 21:06
20,71496,2026-04-20 21:06:00+00:00,2026-04-20 21:06
español,71284,2026-04-20 21:06:00+00:00,2026-04-20 21:06
andalucía,70697,2026-04-20 21:06:00+00:00,2026-04-20 21:06
líbano,68803,2026-04-20 21:06:00+00:00,2026-04-20 21:06
the,68535,2026-04-20 21:06:00+00:00,2026-04-20 21:06
ue,67782,2026-04-20 21:06:00+00:00,2026-04-20 21:06
internacional,415176,2026-04-20 21:36:00+00:00,2026-04-20 21:36
irán,266091,2026-04-20 21:36:00+00:00,2026-04-20 21:36
guerra,223367,2026-04-20 21:36:00+00:00,2026-04-20 21:36
trump,221879,2026-04-20 21:36:00+00:00,2026-04-20 21:36
sánchez,171215,2026-04-20 21:36:00+00:00,2026-04-20 21:36
israel,122932,2026-04-20 21:36:00+00:00,2026-04-20 21:36
málaga,106569,2026-04-20 21:36:00+00:00,2026-04-20 21:36
guerra irán,97631,2026-04-20 21:36:00+00:00,2026-04-20 21:36
ormuz,94810,2026-04-20 21:36:00+00:00,2026-04-20 21:36
final,94063,2026-04-20 21:36:00+00:00,2026-04-20 21:36
regularización,92955,2026-04-20 21:36:00+00:00,2026-04-20 21:36
diario,87397,2026-04-20 21:36:00+00:00,2026-04-20 21:36
muere,80704,2026-04-20 21:36:00+00:00,2026-04-20 21:36
aragón,73028,2026-04-20 21:36:00+00:00,2026-04-20 21:36
20,72805,2026-04-20 21:36:00+00:00,2026-04-20 21:36
santa,72420,2026-04-20 21:36:00+00:00,2026-04-20 21:36
español,70945,2026-04-20 21:36:00+00:00,2026-04-20 21:36
andalucía,70700,2026-04-20 21:36:00+00:00,2026-04-20 21:36
líbano,68807,2026-04-20 21:36:00+00:00,2026-04-20 21:36
the,68536,2026-04-20 21:36:00+00:00,2026-04-20 21:36
ue,68023,2026-04-20 21:36:00+00:00,2026-04-20 21:36
juicio,67950,2026-04-20 21:36:00+00:00,2026-04-20 21:36
internacional,415147,2026-04-20 22:07:00+00:00,2026-04-20 22:07
irán,266348,2026-04-20 22:07:00+00:00,2026-04-20 22:07
guerra,223376,2026-04-20 22:07:00+00:00,2026-04-20 22:07
trump,221686,2026-04-20 22:07:00+00:00,2026-04-20 22:07
sánchez,170783,2026-04-20 22:07:00+00:00,2026-04-20 22:07
israel,122852,2026-04-20 22:07:00+00:00,2026-04-20 22:07
málaga,105660,2026-04-20 22:07:00+00:00,2026-04-20 22:07
guerra irán,97634,2026-04-20 22:07:00+00:00,2026-04-20 22:07
ormuz,94601,2026-04-20 22:07:00+00:00,2026-04-20 22:07
final,94082,2026-04-20 22:07:00+00:00,2026-04-20 22:07
regularización,92745,2026-04-20 22:07:00+00:00,2026-04-20 22:07
diario,87255,2026-04-20 22:07:00+00:00,2026-04-20 22:07
muere,80602,2026-04-20 22:07:00+00:00,2026-04-20 22:07
aragón,73029,2026-04-20 22:07:00+00:00,2026-04-20 22:07
20,72799,2026-04-20 22:07:00+00:00,2026-04-20 22:07
santa,72421,2026-04-20 22:07:00+00:00,2026-04-20 22:07
español,70876,2026-04-20 22:07:00+00:00,2026-04-20 22:07
andalucía,70632,2026-04-20 22:07:00+00:00,2026-04-20 22:07
líbano,68710,2026-04-20 22:07:00+00:00,2026-04-20 22:07
the,68537,2026-04-20 22:07:00+00:00,2026-04-20 22:07
ue,67957,2026-04-20 22:07:00+00:00,2026-04-20 22:07
internacional,416287,2026-04-20 22:36:00+00:00,2026-04-20 22:36
irán,266652,2026-04-20 22:36:00+00:00,2026-04-20 22:36
guerra,223296,2026-04-20 22:36:00+00:00,2026-04-20 22:36
trump,221461,2026-04-20 22:36:00+00:00,2026-04-20 22:36
sánchez,170805,2026-04-20 22:36:00+00:00,2026-04-20 22:36
israel,122862,2026-04-20 22:36:00+00:00,2026-04-20 22:36
málaga,105936,2026-04-20 22:36:00+00:00,2026-04-20 22:36
guerra irán,97640,2026-04-20 22:36:00+00:00,2026-04-20 22:36
ormuz,94576,2026-04-20 22:36:00+00:00,2026-04-20 22:36
final,93667,2026-04-20 22:36:00+00:00,2026-04-20 22:36
regularización,93336,2026-04-20 22:36:00+00:00,2026-04-20 22:36
diario,87014,2026-04-20 22:36:00+00:00,2026-04-20 22:36
muere,80603,2026-04-20 22:36:00+00:00,2026-04-20 22:36
aragón,73031,2026-04-20 22:36:00+00:00,2026-04-20 22:36
20,72802,2026-04-20 22:36:00+00:00,2026-04-20 22:36
santa,72423,2026-04-20 22:36:00+00:00,2026-04-20 22:36
español,70879,2026-04-20 22:36:00+00:00,2026-04-20 22:36
andalucía,70488,2026-04-20 22:36:00+00:00,2026-04-20 22:36
líbano,68713,2026-04-20 22:36:00+00:00,2026-04-20 22:36
the,68690,2026-04-20 22:36:00+00:00,2026-04-20 22:36
ue,68169,2026-04-20 22:36:00+00:00,2026-04-20 22:36
internacional,416504,2026-04-20 23:06:00+00:00,2026-04-20 23:06
irán,267120,2026-04-20 23:06:00+00:00,2026-04-20 23:06
guerra,223316,2026-04-20 23:06:00+00:00,2026-04-20 23:06
trump,221994,2026-04-20 23:06:00+00:00,2026-04-20 23:06
sánchez,171113,2026-04-20 23:06:00+00:00,2026-04-20 23:06
israel,122867,2026-04-20 23:06:00+00:00,2026-04-20 23:06
málaga,105804,2026-04-20 23:06:00+00:00,2026-04-20 23:06
guerra irán,97776,2026-04-20 23:06:00+00:00,2026-04-20 23:06
ormuz,94516,2026-04-20 23:06:00+00:00,2026-04-20 23:06
regularización,93337,2026-04-20 23:06:00+00:00,2026-04-20 23:06
final,93294,2026-04-20 23:06:00+00:00,2026-04-20 23:06
diario,87208,2026-04-20 23:06:00+00:00,2026-04-20 23:06
muere,80605,2026-04-20 23:06:00+00:00,2026-04-20 23:06
20,73237,2026-04-20 23:06:00+00:00,2026-04-20 23:06
aragón,73033,2026-04-20 23:06:00+00:00,2026-04-20 23:06
santa,72424,2026-04-20 23:06:00+00:00,2026-04-20 23:06
español,70768,2026-04-20 23:06:00+00:00,2026-04-20 23:06
andalucía,70490,2026-04-20 23:06:00+00:00,2026-04-20 23:06
the,68640,2026-04-20 23:06:00+00:00,2026-04-20 23:06
líbano,68621,2026-04-20 23:06:00+00:00,2026-04-20 23:06
ue,68170,2026-04-20 23:06:00+00:00,2026-04-20 23:06
internacional,418984,2026-04-20 23:36:00+00:00,2026-04-20 23:36
irán,267294,2026-04-20 23:36:00+00:00,2026-04-20 23:36
guerra,223936,2026-04-20 23:36:00+00:00,2026-04-20 23:36
trump,222387,2026-04-20 23:36:00+00:00,2026-04-20 23:36
sánchez,171367,2026-04-20 23:36:00+00:00,2026-04-20 23:36
israel,123139,2026-04-20 23:36:00+00:00,2026-04-20 23:36
málaga,106201,2026-04-20 23:36:00+00:00,2026-04-20 23:36
guerra irán,97784,2026-04-20 23:36:00+00:00,2026-04-20 23:36
ormuz,94466,2026-04-20 23:36:00+00:00,2026-04-20 23:36
regularización,93339,2026-04-20 23:36:00+00:00,2026-04-20 23:36
final,93262,2026-04-20 23:36:00+00:00,2026-04-20 23:36
diario,87067,2026-04-20 23:36:00+00:00,2026-04-20 23:36
muere,80606,2026-04-20 23:36:00+00:00,2026-04-20 23:36
aragón,73236,2026-04-20 23:36:00+00:00,2026-04-20 23:36
20,73124,2026-04-20 23:36:00+00:00,2026-04-20 23:36
santa,72426,2026-04-20 23:36:00+00:00,2026-04-20 23:36
andalucía,70764,2026-04-20 23:36:00+00:00,2026-04-20 23:36
español,70660,2026-04-20 23:36:00+00:00,2026-04-20 23:36
the,68642,2026-04-20 23:36:00+00:00,2026-04-20 23:36
líbano,68628,2026-04-20 23:36:00+00:00,2026-04-20 23:36
ue,68174,2026-04-20 23:36:00+00:00,2026-04-20 23:36
internacional,420446,2026-04-21 00:06:00+00:00,2026-04-21 00:06
irán,267039,2026-04-21 00:06:00+00:00,2026-04-21 00:06
guerra,223519,2026-04-21 00:06:00+00:00,2026-04-21 00:06
trump,222259,2026-04-21 00:06:00+00:00,2026-04-21 00:06
sánchez,170990,2026-04-21 00:06:00+00:00,2026-04-21 00:06
israel,122097,2026-04-21 00:06:00+00:00,2026-04-21 00:06
málaga,106040,2026-04-21 00:06:00+00:00,2026-04-21 00:06
guerra irán,97670,2026-04-21 00:06:00+00:00,2026-04-21 00:06
ormuz,94529,2026-04-21 00:06:00+00:00,2026-04-21 00:06
regularización,93730,2026-04-21 00:06:00+00:00,2026-04-21 00:06
final,93087,2026-04-21 00:06:00+00:00,2026-04-21 00:06
diario,87324,2026-04-21 00:06:00+00:00,2026-04-21 00:06
muere,80598,2026-04-21 00:06:00+00:00,2026-04-21 00:06
santa,73249,2026-04-21 00:06:00+00:00,2026-04-21 00:06
20,73241,2026-04-21 00:06:00+00:00,2026-04-21 00:06
aragón,73233,2026-04-21 00:06:00+00:00,2026-04-21 00:06
andalucía,70789,2026-04-21 00:06:00+00:00,2026-04-21 00:06
español,70555,2026-04-21 00:06:00+00:00,2026-04-21 00:06
the,68726,2026-04-21 00:06:00+00:00,2026-04-21 00:06
ue,68297,2026-04-21 00:06:00+00:00,2026-04-21 00:06
juicio,67895,2026-04-21 00:06:00+00:00,2026-04-21 00:06
internacional,420571,2026-04-21 00:36:00+00:00,2026-04-21 00:36
irán,266877,2026-04-21 00:36:00+00:00,2026-04-21 00:36
guerra,223436,2026-04-21 00:36:00+00:00,2026-04-21 00:36
trump,222055,2026-04-21 00:36:00+00:00,2026-04-21 00:36
sánchez,171092,2026-04-21 00:36:00+00:00,2026-04-21 00:36
israel,121914,2026-04-21 00:36:00+00:00,2026-04-21 00:36
málaga,105978,2026-04-21 00:36:00+00:00,2026-04-21 00:36
guerra irán,97671,2026-04-21 00:36:00+00:00,2026-04-21 00:36
ormuz,94277,2026-04-21 00:36:00+00:00,2026-04-21 00:36
regularización,93941,2026-04-21 00:36:00+00:00,2026-04-21 00:36
final,93090,2026-04-21 00:36:00+00:00,2026-04-21 00:36
diario,87227,2026-04-21 00:36:00+00:00,2026-04-21 00:36
muere,80599,2026-04-21 00:36:00+00:00,2026-04-21 00:36
aragón,73281,2026-04-21 00:36:00+00:00,2026-04-21 00:36
santa,73251,2026-04-21 00:36:00+00:00,2026-04-21 00:36
20,73243,2026-04-21 00:36:00+00:00,2026-04-21 00:36
español,71244,2026-04-21 00:36:00+00:00,2026-04-21 00:36
andalucía,70792,2026-04-21 00:36:00+00:00,2026-04-21 00:36
the,68727,2026-04-21 00:36:00+00:00,2026-04-21 00:36
ue,68176,2026-04-21 00:36:00+00:00,2026-04-21 00:36
juicio,68118,2026-04-21 00:36:00+00:00,2026-04-21 00:36
internacional,420768,2026-04-21 01:06:00+00:00,2026-04-21 01:06
irán,267343,2026-04-21 01:06:00+00:00,2026-04-21 01:06
guerra,223306,2026-04-21 01:06:00+00:00,2026-04-21 01:06
trump,222157,2026-04-21 01:06:00+00:00,2026-04-21 01:06
sánchez,171217,2026-04-21 01:06:00+00:00,2026-04-21 01:06
israel,122080,2026-04-21 01:06:00+00:00,2026-04-21 01:06
málaga,105980,2026-04-21 01:06:00+00:00,2026-04-21 01:06
guerra irán,97628,2026-04-21 01:06:00+00:00,2026-04-21 01:06
ormuz,94483,2026-04-21 01:06:00+00:00,2026-04-21 01:06
regularización,93816,2026-04-21 01:06:00+00:00,2026-04-21 01:06
final,93092,2026-04-21 01:06:00+00:00,2026-04-21 01:06
diario,87174,2026-04-21 01:06:00+00:00,2026-04-21 01:06
muere,80600,2026-04-21 01:06:00+00:00,2026-04-21 01:06
20,73636,2026-04-21 01:06:00+00:00,2026-04-21 01:06
aragón,73283,2026-04-21 01:06:00+00:00,2026-04-21 01:06
santa,73252,2026-04-21 01:06:00+00:00,2026-04-21 01:06
español,71634,2026-04-21 01:06:00+00:00,2026-04-21 01:06
andalucía,70793,2026-04-21 01:06:00+00:00,2026-04-21 01:06
the,68728,2026-04-21 01:06:00+00:00,2026-04-21 01:06
juicio,68397,2026-04-21 01:06:00+00:00,2026-04-21 01:06
ue,68079,2026-04-21 01:06:00+00:00,2026-04-21 01:06
internacional,421208,2026-04-21 01:36:00+00:00,2026-04-21 01:36
irán,267475,2026-04-21 01:36:00+00:00,2026-04-21 01:36
guerra,223330,2026-04-21 01:36:00+00:00,2026-04-21 01:36
trump,222148,2026-04-21 01:36:00+00:00,2026-04-21 01:36
sánchez,171009,2026-04-21 01:36:00+00:00,2026-04-21 01:36
israel,122375,2026-04-21 01:36:00+00:00,2026-04-21 01:36
málaga,105981,2026-04-21 01:36:00+00:00,2026-04-21 01:36
guerra irán,97608,2026-04-21 01:36:00+00:00,2026-04-21 01:36
ormuz,94462,2026-04-21 01:36:00+00:00,2026-04-21 01:36
regularización,93446,2026-04-21 01:36:00+00:00,2026-04-21 01:36
final,93094,2026-04-21 01:36:00+00:00,2026-04-21 01:36
diario,87177,2026-04-21 01:36:00+00:00,2026-04-21 01:36
muere,80601,2026-04-21 01:36:00+00:00,2026-04-21 01:36
20,73637,2026-04-21 01:36:00+00:00,2026-04-21 01:36
aragón,73284,2026-04-21 01:36:00+00:00,2026-04-21 01:36
santa,73253,2026-04-21 01:36:00+00:00,2026-04-21 01:36
español,71924,2026-04-21 01:36:00+00:00,2026-04-21 01:36
andalucía,70795,2026-04-21 01:36:00+00:00,2026-04-21 01:36
the,68730,2026-04-21 01:36:00+00:00,2026-04-21 01:36
juicio,68398,2026-04-21 01:36:00+00:00,2026-04-21 01:36
ue,67987,2026-04-21 01:36:00+00:00,2026-04-21 01:36
internacional,421181,2026-04-21 02:06:00+00:00,2026-04-21 02:06
irán,267906,2026-04-21 02:06:00+00:00,2026-04-21 02:06
guerra,223692,2026-04-21 02:06:00+00:00,2026-04-21 02:06
trump,222487,2026-04-21 02:06:00+00:00,2026-04-21 02:06
sánchez,171297,2026-04-21 02:06:00+00:00,2026-04-21 02:06
israel,123917,2026-04-21 02:06:00+00:00,2026-04-21 02:06
málaga,106148,2026-04-21 02:06:00+00:00,2026-04-21 02:06
guerra irán,97731,2026-04-21 02:06:00+00:00,2026-04-21 02:06
ormuz,94516,2026-04-21 02:06:00+00:00,2026-04-21 02:06
regularización,93526,2026-04-21 02:06:00+00:00,2026-04-21 02:06
final,93115,2026-04-21 02:06:00+00:00,2026-04-21 02:06
diario,87181,2026-04-21 02:06:00+00:00,2026-04-21 02:06
muere,81024,2026-04-21 02:06:00+00:00,2026-04-21 02:06
20,73703,2026-04-21 02:06:00+00:00,2026-04-21 02:06
aragón,73290,2026-04-21 02:06:00+00:00,2026-04-21 02:06
santa,72665,2026-04-21 02:06:00+00:00,2026-04-21 02:06
español,71969,2026-04-21 02:06:00+00:00,2026-04-21 02:06
andalucía,71024,2026-04-21 02:06:00+00:00,2026-04-21 02:06
líbano,69564,2026-04-21 02:06:00+00:00,2026-04-21 02:06
the,68592,2026-04-21 02:06:00+00:00,2026-04-21 02:06
juicio,68343,2026-04-21 02:06:00+00:00,2026-04-21 02:06
internacional,421471,2026-04-21 02:36:00+00:00,2026-04-21 02:36
irán,267873,2026-04-21 02:36:00+00:00,2026-04-21 02:36
guerra,223702,2026-04-21 02:36:00+00:00,2026-04-21 02:36
trump,222490,2026-04-21 02:36:00+00:00,2026-04-21 02:36
sánchez,171593,2026-04-21 02:36:00+00:00,2026-04-21 02:36
israel,123922,2026-04-21 02:36:00+00:00,2026-04-21 02:36
málaga,106150,2026-04-21 02:36:00+00:00,2026-04-21 02:36
guerra irán,97735,2026-04-21 02:36:00+00:00,2026-04-21 02:36
ormuz,94467,2026-04-21 02:36:00+00:00,2026-04-21 02:36
regularización,93556,2026-04-21 02:36:00+00:00,2026-04-21 02:36
final,93117,2026-04-21 02:36:00+00:00,2026-04-21 02:36
diario,87510,2026-04-21 02:36:00+00:00,2026-04-21 02:36
muere,81025,2026-04-21 02:36:00+00:00,2026-04-21 02:36
20,73705,2026-04-21 02:36:00+00:00,2026-04-21 02:36
aragón,73292,2026-04-21 02:36:00+00:00,2026-04-21 02:36
santa,72666,2026-04-21 02:36:00+00:00,2026-04-21 02:36
español,72019,2026-04-21 02:36:00+00:00,2026-04-21 02:36
andalucía,71026,2026-04-21 02:36:00+00:00,2026-04-21 02:36
líbano,69566,2026-04-21 02:36:00+00:00,2026-04-21 02:36
the,68902,2026-04-21 02:36:00+00:00,2026-04-21 02:36
juicio,68287,2026-04-21 02:36:00+00:00,2026-04-21 02:36
internacional,422554,2026-04-21 04:36:00+00:00,2026-04-21 04:36
irán,268904,2026-04-21 04:36:00+00:00,2026-04-21 04:36
guerra,222106,2026-04-21 04:36:00+00:00,2026-04-21 04:36
trump,221015,2026-04-21 04:36:00+00:00,2026-04-21 04:36
sánchez,170938,2026-04-21 04:36:00+00:00,2026-04-21 04:36
israel,124192,2026-04-21 04:36:00+00:00,2026-04-21 04:36
málaga,107162,2026-04-21 04:36:00+00:00,2026-04-21 04:36
guerra irán,97806,2026-04-21 04:36:00+00:00,2026-04-21 04:36
ormuz,94216,2026-04-21 04:36:00+00:00,2026-04-21 04:36
regularización,94103,2026-04-21 04:36:00+00:00,2026-04-21 04:36
final,92378,2026-04-21 04:36:00+00:00,2026-04-21 04:36
diario,88055,2026-04-21 04:36:00+00:00,2026-04-21 04:36
muere,80904,2026-04-21 04:36:00+00:00,2026-04-21 04:36
aragón,73404,2026-04-21 04:36:00+00:00,2026-04-21 04:36
santa,73003,2026-04-21 04:36:00+00:00,2026-04-21 04:36
20,72764,2026-04-21 04:36:00+00:00,2026-04-21 04:36
andalucía,71481,2026-04-21 04:36:00+00:00,2026-04-21 04:36
español,71167,2026-04-21 04:36:00+00:00,2026-04-21 04:36
líbano,69784,2026-04-21 04:36:00+00:00,2026-04-21 04:36
the,69396,2026-04-21 04:36:00+00:00,2026-04-21 04:36
ue,68299,2026-04-21 04:36:00+00:00,2026-04-21 04:36
juicio,68260,2026-04-21 04:36:00+00:00,2026-04-21 04:36
internacional,422732,2026-04-21 05:06:00+00:00,2026-04-21 05:06
irán,269043,2026-04-21 05:06:00+00:00,2026-04-21 05:06
guerra,222509,2026-04-21 05:06:00+00:00,2026-04-21 05:06
trump,220941,2026-04-21 05:06:00+00:00,2026-04-21 05:06
sánchez,171054,2026-04-21 05:06:00+00:00,2026-04-21 05:06
israel,124197,2026-04-21 05:06:00+00:00,2026-04-21 05:06
málaga,107097,2026-04-21 05:06:00+00:00,2026-04-21 05:06
guerra irán,97994,2026-04-21 05:06:00+00:00,2026-04-21 05:06
regularización,94106,2026-04-21 05:06:00+00:00,2026-04-21 05:06
ormuz,94054,2026-04-21 05:06:00+00:00,2026-04-21 05:06
final,92327,2026-04-21 05:06:00+00:00,2026-04-21 05:06
diario,88031,2026-04-21 05:06:00+00:00,2026-04-21 05:06
muere,80906,2026-04-21 05:06:00+00:00,2026-04-21 05:06
aragón,73405,2026-04-21 05:06:00+00:00,2026-04-21 05:06
santa,73004,2026-04-21 05:06:00+00:00,2026-04-21 05:06
20,72767,2026-04-21 05:06:00+00:00,2026-04-21 05:06
andalucía,71483,2026-04-21 05:06:00+00:00,2026-04-21 05:06
español,71050,2026-04-21 05:06:00+00:00,2026-04-21 05:06
líbano,69785,2026-04-21 05:06:00+00:00,2026-04-21 05:06
the,69397,2026-04-21 05:06:00+00:00,2026-04-21 05:06
juicio,68261,2026-04-21 05:06:00+00:00,2026-04-21 05:06
ue,68112,2026-04-21 05:06:00+00:00,2026-04-21 05:06
internacional,419063,2026-04-21 05:36:00+00:00,2026-04-21 05:36
irán,268519,2026-04-21 05:36:00+00:00,2026-04-21 05:36
guerra,222812,2026-04-21 05:36:00+00:00,2026-04-21 05:36
trump,222006,2026-04-21 05:36:00+00:00,2026-04-21 05:36
sánchez,170645,2026-04-21 05:36:00+00:00,2026-04-21 05:36
israel,123962,2026-04-21 05:36:00+00:00,2026-04-21 05:36
málaga,106907,2026-04-21 05:36:00+00:00,2026-04-21 05:36
guerra irán,97942,2026-04-21 05:36:00+00:00,2026-04-21 05:36
ormuz,93766,2026-04-21 05:36:00+00:00,2026-04-21 05:36
regularización,93581,2026-04-21 05:36:00+00:00,2026-04-21 05:36
final,92259,2026-04-21 05:36:00+00:00,2026-04-21 05:36
diario,88811,2026-04-21 05:36:00+00:00,2026-04-21 05:36
muere,80788,2026-04-21 05:36:00+00:00,2026-04-21 05:36
aragón,73116,2026-04-21 05:36:00+00:00,2026-04-21 05:36
santa,73001,2026-04-21 05:36:00+00:00,2026-04-21 05:36
20,72685,2026-04-21 05:36:00+00:00,2026-04-21 05:36
andalucía,71428,2026-04-21 05:36:00+00:00,2026-04-21 05:36
español,70988,2026-04-21 05:36:00+00:00,2026-04-21 05:36
líbano,69607,2026-04-21 05:36:00+00:00,2026-04-21 05:36
the,69325,2026-04-21 05:36:00+00:00,2026-04-21 05:36
juicio,68674,2026-04-21 05:36:00+00:00,2026-04-21 05:36
ue,68372,2026-04-21 05:36:00+00:00,2026-04-21 05:36
internacional,419725,2026-04-21 06:06:00+00:00,2026-04-21 06:06
irán,269221,2026-04-21 06:06:00+00:00,2026-04-21 06:06
guerra,223237,2026-04-21 06:06:00+00:00,2026-04-21 06:06
trump,222405,2026-04-21 06:06:00+00:00,2026-04-21 06:06
sánchez,170696,2026-04-21 06:06:00+00:00,2026-04-21 06:06
israel,124182,2026-04-21 06:06:00+00:00,2026-04-21 06:06
málaga,106912,2026-04-21 06:06:00+00:00,2026-04-21 06:06
guerra irán,97960,2026-04-21 06:06:00+00:00,2026-04-21 06:06
ormuz,93666,2026-04-21 06:06:00+00:00,2026-04-21 06:06
regularización,93507,2026-04-21 06:06:00+00:00,2026-04-21 06:06
final,92564,2026-04-21 06:06:00+00:00,2026-04-21 06:06
diario,88488,2026-04-21 06:06:00+00:00,2026-04-21 06:06
muere,80791,2026-04-21 06:06:00+00:00,2026-04-21 06:06
aragón,73119,2026-04-21 06:06:00+00:00,2026-04-21 06:06
santa,73005,2026-04-21 06:06:00+00:00,2026-04-21 06:06
20,72860,2026-04-21 06:06:00+00:00,2026-04-21 06:06
andalucía,71842,2026-04-21 06:06:00+00:00,2026-04-21 06:06
español,70992,2026-04-21 06:06:00+00:00,2026-04-21 06:06
líbano,69415,2026-04-21 06:06:00+00:00,2026-04-21 06:06
the,69328,2026-04-21 06:06:00+00:00,2026-04-21 06:06
juicio,68677,2026-04-21 06:06:00+00:00,2026-04-21 06:06
ue,68377,2026-04-21 06:06:00+00:00,2026-04-21 06:06
internacional,423293,2026-04-21 06:36:00+00:00,2026-04-21 06:36
irán,270231,2026-04-21 06:36:00+00:00,2026-04-21 06:36
guerra,223661,2026-04-21 06:36:00+00:00,2026-04-21 06:36
trump,222660,2026-04-21 06:36:00+00:00,2026-04-21 06:36
sánchez,170935,2026-04-21 06:36:00+00:00,2026-04-21 06:36
israel,124408,2026-04-21 06:36:00+00:00,2026-04-21 06:36
málaga,107139,2026-04-21 06:36:00+00:00,2026-04-21 06:36
guerra irán,98386,2026-04-21 06:36:00+00:00,2026-04-21 06:36
regularización,93897,2026-04-21 06:36:00+00:00,2026-04-21 06:36
ormuz,93615,2026-04-21 06:36:00+00:00,2026-04-21 06:36
final,92385,2026-04-21 06:36:00+00:00,2026-04-21 06:36
diario,88265,2026-04-21 06:36:00+00:00,2026-04-21 06:36
muere,80717,2026-04-21 06:36:00+00:00,2026-04-21 06:36
aragón,73415,2026-04-21 06:36:00+00:00,2026-04-21 06:36
20,73113,2026-04-21 06:36:00+00:00,2026-04-21 06:36
santa,73016,2026-04-21 06:36:00+00:00,2026-04-21 06:36
andalucía,72205,2026-04-21 06:36:00+00:00,2026-04-21 06:36
español,70755,2026-04-21 06:36:00+00:00,2026-04-21 06:36
the,69405,2026-04-21 06:36:00+00:00,2026-04-21 06:36
juicio,69262,2026-04-21 06:36:00+00:00,2026-04-21 06:36
líbano,68789,2026-04-21 06:36:00+00:00,2026-04-21 06:36
ue,68618,2026-04-21 06:36:00+00:00,2026-04-21 06:36
internacional,421360,2026-04-21 07:06:00+00:00,2026-04-21 07:06
irán,270552,2026-04-21 07:06:00+00:00,2026-04-21 07:06
trump,223753,2026-04-21 07:06:00+00:00,2026-04-21 07:06
guerra,223367,2026-04-21 07:06:00+00:00,2026-04-21 07:06
sánchez,169362,2026-04-21 07:06:00+00:00,2026-04-21 07:06
israel,124264,2026-04-21 07:06:00+00:00,2026-04-21 07:06
málaga,107300,2026-04-21 07:06:00+00:00,2026-04-21 07:06
guerra irán,98215,2026-04-21 07:06:00+00:00,2026-04-21 07:06
regularización,93657,2026-04-21 07:06:00+00:00,2026-04-21 07:06
ormuz,93290,2026-04-21 07:06:00+00:00,2026-04-21 07:06
final,92556,2026-04-21 07:06:00+00:00,2026-04-21 07:06
diario,88455,2026-04-21 07:06:00+00:00,2026-04-21 07:06
muere,80879,2026-04-21 07:06:00+00:00,2026-04-21 07:06
aragón,73332,2026-04-21 07:06:00+00:00,2026-04-21 07:06
20,73049,2026-04-21 07:06:00+00:00,2026-04-21 07:06
santa,73012,2026-04-21 07:06:00+00:00,2026-04-21 07:06
andalucía,72199,2026-04-21 07:06:00+00:00,2026-04-21 07:06
español,70576,2026-04-21 07:06:00+00:00,2026-04-21 07:06
juicio,69281,2026-04-21 07:06:00+00:00,2026-04-21 07:06
the,69271,2026-04-21 07:06:00+00:00,2026-04-21 07:06
ue,68627,2026-04-21 07:06:00+00:00,2026-04-21 07:06
líbano,68550,2026-04-21 07:06:00+00:00,2026-04-21 07:06
internacional,424192,2026-04-21 07:36:00+00:00,2026-04-21 07:36
irán,270278,2026-04-21 07:36:00+00:00,2026-04-21 07:36
guerra,223665,2026-04-21 07:36:00+00:00,2026-04-21 07:36
trump,223361,2026-04-21 07:36:00+00:00,2026-04-21 07:36
sánchez,169008,2026-04-21 07:36:00+00:00,2026-04-21 07:36
israel,124189,2026-04-21 07:36:00+00:00,2026-04-21 07:36
málaga,107335,2026-04-21 07:36:00+00:00,2026-04-21 07:36
guerra irán,98093,2026-04-21 07:36:00+00:00,2026-04-21 07:36
regularización,93270,2026-04-21 07:36:00+00:00,2026-04-21 07:36
ormuz,92962,2026-04-21 07:36:00+00:00,2026-04-21 07:36
final,92173,2026-04-21 07:36:00+00:00,2026-04-21 07:36
diario,88255,2026-04-21 07:36:00+00:00,2026-04-21 07:36
muere,80906,2026-04-21 07:36:00+00:00,2026-04-21 07:36
aragón,73467,2026-04-21 07:36:00+00:00,2026-04-21 07:36
20,73206,2026-04-21 07:36:00+00:00,2026-04-21 07:36
santa,73024,2026-04-21 07:36:00+00:00,2026-04-21 07:36
andalucía,72416,2026-04-21 07:36:00+00:00,2026-04-21 07:36
español,70696,2026-04-21 07:36:00+00:00,2026-04-21 07:36
the,70370,2026-04-21 07:36:00+00:00,2026-04-21 07:36
juicio,69267,2026-04-21 07:36:00+00:00,2026-04-21 07:36
líbano,68567,2026-04-21 07:36:00+00:00,2026-04-21 07:36
mundial,68521,2026-04-21 07:36:00+00:00,2026-04-21 07:36
ue,68510,2026-04-21 07:36:00+00:00,2026-04-21 07:36
internacional,427281,2026-04-21 08:36:00+00:00,2026-04-21 08:36
irán,270092,2026-04-21 08:36:00+00:00,2026-04-21 08:36
guerra,224118,2026-04-21 08:36:00+00:00,2026-04-21 08:36
trump,222851,2026-04-21 08:36:00+00:00,2026-04-21 08:36
sánchez,167562,2026-04-21 08:36:00+00:00,2026-04-21 08:36
israel,124400,2026-04-21 08:36:00+00:00,2026-04-21 08:36
málaga,106643,2026-04-21 08:36:00+00:00,2026-04-21 08:36
guerra irán,97937,2026-04-21 08:36:00+00:00,2026-04-21 08:36
ormuz,92836,2026-04-21 08:36:00+00:00,2026-04-21 08:36
regularización,92290,2026-04-21 08:36:00+00:00,2026-04-21 08:36
final,91906,2026-04-21 08:36:00+00:00,2026-04-21 08:36
diario,89040,2026-04-21 08:36:00+00:00,2026-04-21 08:36
muere,81219,2026-04-21 08:36:00+00:00,2026-04-21 08:36
aragón,73868,2026-04-21 08:36:00+00:00,2026-04-21 08:36
20,73682,2026-04-21 08:36:00+00:00,2026-04-21 08:36
santa,73386,2026-04-21 08:36:00+00:00,2026-04-21 08:36
andalucía,72469,2026-04-21 08:36:00+00:00,2026-04-21 08:36
the,70505,2026-04-21 08:36:00+00:00,2026-04-21 08:36
español,70263,2026-04-21 08:36:00+00:00,2026-04-21 08:36
juicio,69596,2026-04-21 08:36:00+00:00,2026-04-21 08:36
ue,69481,2026-04-21 08:36:00+00:00,2026-04-21 08:36
líbano,68398,2026-04-21 08:36:00+00:00,2026-04-21 08:36
internacional,428105,2026-04-21 09:06:00+00:00,2026-04-21 09:06
irán,270062,2026-04-21 09:06:00+00:00,2026-04-21 09:06
guerra,224652,2026-04-21 09:06:00+00:00,2026-04-21 09:06
trump,222620,2026-04-21 09:06:00+00:00,2026-04-21 09:06
sánchez,167464,2026-04-21 09:06:00+00:00,2026-04-21 09:06
israel,125549,2026-04-21 09:06:00+00:00,2026-04-21 09:06
málaga,106652,2026-04-21 09:06:00+00:00,2026-04-21 09:06
guerra irán,97831,2026-04-21 09:06:00+00:00,2026-04-21 09:06
ormuz,93192,2026-04-21 09:06:00+00:00,2026-04-21 09:06
regularización,91888,2026-04-21 09:06:00+00:00,2026-04-21 09:06
final,91814,2026-04-21 09:06:00+00:00,2026-04-21 09:06
diario,89057,2026-04-21 09:06:00+00:00,2026-04-21 09:06
muere,81366,2026-04-21 09:06:00+00:00,2026-04-21 09:06
aragón,74002,2026-04-21 09:06:00+00:00,2026-04-21 09:06
20,73961,2026-04-21 09:06:00+00:00,2026-04-21 09:06
santa,73389,2026-04-21 09:06:00+00:00,2026-04-21 09:06
andalucía,72671,2026-04-21 09:06:00+00:00,2026-04-21 09:06
español,70891,2026-04-21 09:06:00+00:00,2026-04-21 09:06
the,70847,2026-04-21 09:06:00+00:00,2026-04-21 09:06
ue,70343,2026-04-21 09:06:00+00:00,2026-04-21 09:06
juicio,69998,2026-04-21 09:06:00+00:00,2026-04-21 09:06
líbano,68408,2026-04-21 09:06:00+00:00,2026-04-21 09:06
internacional,428735,2026-04-21 09:36:00+00:00,2026-04-21 09:36
irán,269924,2026-04-21 09:36:00+00:00,2026-04-21 09:36
guerra,224370,2026-04-21 09:36:00+00:00,2026-04-21 09:36
trump,222574,2026-04-21 09:36:00+00:00,2026-04-21 09:36
sánchez,167191,2026-04-21 09:36:00+00:00,2026-04-21 09:36
israel,125485,2026-04-21 09:36:00+00:00,2026-04-21 09:36
málaga,106780,2026-04-21 09:36:00+00:00,2026-04-21 09:36
guerra irán,97662,2026-04-21 09:36:00+00:00,2026-04-21 09:36
ormuz,93407,2026-04-21 09:36:00+00:00,2026-04-21 09:36
regularización,92078,2026-04-21 09:36:00+00:00,2026-04-21 09:36
final,91776,2026-04-21 09:36:00+00:00,2026-04-21 09:36
diario,88708,2026-04-21 09:36:00+00:00,2026-04-21 09:36
muere,81623,2026-04-21 09:36:00+00:00,2026-04-21 09:36
20,74463,2026-04-21 09:36:00+00:00,2026-04-21 09:36
aragón,74030,2026-04-21 09:36:00+00:00,2026-04-21 09:36
santa,73399,2026-04-21 09:36:00+00:00,2026-04-21 09:36
andalucía,72677,2026-04-21 09:36:00+00:00,2026-04-21 09:36
ue,71169,2026-04-21 09:36:00+00:00,2026-04-21 09:36
español,70921,2026-04-21 09:36:00+00:00,2026-04-21 09:36
the,70797,2026-04-21 09:36:00+00:00,2026-04-21 09:36
juicio,70408,2026-04-21 09:36:00+00:00,2026-04-21 09:36
líbano,68339,2026-04-21 09:36:00+00:00,2026-04-21 09:36
internacional,428771,2026-04-21 10:06:00+00:00,2026-04-21 10:06
irán,270446,2026-04-21 10:06:00+00:00,2026-04-21 10:06
guerra,224282,2026-04-21 10:06:00+00:00,2026-04-21 10:06
trump,222799,2026-04-21 10:06:00+00:00,2026-04-21 10:06
sánchez,166657,2026-04-21 10:06:00+00:00,2026-04-21 10:06
israel,126153,2026-04-21 10:06:00+00:00,2026-04-21 10:06
málaga,106217,2026-04-21 10:06:00+00:00,2026-04-21 10:06
guerra irán,97816,2026-04-21 10:06:00+00:00,2026-04-21 10:06
ormuz,93372,2026-04-21 10:06:00+00:00,2026-04-21 10:06
regularización,92467,2026-04-21 10:06:00+00:00,2026-04-21 10:06
final,91917,2026-04-21 10:06:00+00:00,2026-04-21 10:06
diario,88699,2026-04-21 10:06:00+00:00,2026-04-21 10:06
muere,81155,2026-04-21 10:06:00+00:00,2026-04-21 10:06
20,74420,2026-04-21 10:06:00+00:00,2026-04-21 10:06
aragón,73894,2026-04-21 10:06:00+00:00,2026-04-21 10:06
santa,73404,2026-04-21 10:06:00+00:00,2026-04-21 10:06
andalucía,72523,2026-04-21 10:06:00+00:00,2026-04-21 10:06
ue,71815,2026-04-21 10:06:00+00:00,2026-04-21 10:06
the,71195,2026-04-21 10:06:00+00:00,2026-04-21 10:06
español,70755,2026-04-21 10:06:00+00:00,2026-04-21 10:06
juicio,70631,2026-04-21 10:06:00+00:00,2026-04-21 10:06
mundial,68262,2026-04-21 10:06:00+00:00,2026-04-21 10:06
internacional,428452,2026-04-21 10:36:00+00:00,2026-04-21 10:36
irán,270571,2026-04-21 10:36:00+00:00,2026-04-21 10:36
guerra,225264,2026-04-21 10:36:00+00:00,2026-04-21 10:36
trump,223149,2026-04-21 10:36:00+00:00,2026-04-21 10:36
sánchez,166806,2026-04-21 10:36:00+00:00,2026-04-21 10:36
israel,126469,2026-04-21 10:36:00+00:00,2026-04-21 10:36
málaga,106226,2026-04-21 10:36:00+00:00,2026-04-21 10:36
guerra irán,97660,2026-04-21 10:36:00+00:00,2026-04-21 10:36
ormuz,93476,2026-04-21 10:36:00+00:00,2026-04-21 10:36
final,92311,2026-04-21 10:36:00+00:00,2026-04-21 10:36
regularización,92023,2026-04-21 10:36:00+00:00,2026-04-21 10:36
diario,88274,2026-04-21 10:36:00+00:00,2026-04-21 10:36
muere,79900,2026-04-21 10:36:00+00:00,2026-04-21 10:36
20,74599,2026-04-21 10:36:00+00:00,2026-04-21 10:36
aragón,74061,2026-04-21 10:36:00+00:00,2026-04-21 10:36
santa,73409,2026-04-21 10:36:00+00:00,2026-04-21 10:36
andalucía,72284,2026-04-21 10:36:00+00:00,2026-04-21 10:36
ue,71746,2026-04-21 10:36:00+00:00,2026-04-21 10:36
the,71116,2026-04-21 10:36:00+00:00,2026-04-21 10:36
español,70762,2026-04-21 10:36:00+00:00,2026-04-21 10:36
juicio,70740,2026-04-21 10:36:00+00:00,2026-04-21 10:36
mundial,68464,2026-04-21 10:36:00+00:00,2026-04-21 10:36
internacional,429700,2026-04-21 11:06:00+00:00,2026-04-21 11:06
irán,270684,2026-04-21 11:06:00+00:00,2026-04-21 11:06
guerra,225486,2026-04-21 11:06:00+00:00,2026-04-21 11:06
trump,223130,2026-04-21 11:06:00+00:00,2026-04-21 11:06
sánchez,166977,2026-04-21 11:06:00+00:00,2026-04-21 11:06
israel,125912,2026-04-21 11:06:00+00:00,2026-04-21 11:06
málaga,105965,2026-04-21 11:06:00+00:00,2026-04-21 11:06
guerra irán,97642,2026-04-21 11:06:00+00:00,2026-04-21 11:06
ormuz,93139,2026-04-21 11:06:00+00:00,2026-04-21 11:06
regularización,92314,2026-04-21 11:06:00+00:00,2026-04-21 11:06
final,91868,2026-04-21 11:06:00+00:00,2026-04-21 11:06
diario,88281,2026-04-21 11:06:00+00:00,2026-04-21 11:06
muere,79905,2026-04-21 11:06:00+00:00,2026-04-21 11:06
20,75845,2026-04-21 11:06:00+00:00,2026-04-21 11:06
aragón,74519,2026-04-21 11:06:00+00:00,2026-04-21 11:06
santa,73420,2026-04-21 11:06:00+00:00,2026-04-21 11:06
andalucía,72498,2026-04-21 11:06:00+00:00,2026-04-21 11:06
ue,71855,2026-04-21 11:06:00+00:00,2026-04-21 11:06
the,71795,2026-04-21 11:06:00+00:00,2026-04-21 11:06
español,70771,2026-04-21 11:06:00+00:00,2026-04-21 11:06
juicio,70647,2026-04-21 11:06:00+00:00,2026-04-21 11:06
mundial,68721,2026-04-21 11:06:00+00:00,2026-04-21 11:06
internacional,431167,2026-04-21 11:36:00+00:00,2026-04-21 11:36
irán,271003,2026-04-21 11:36:00+00:00,2026-04-21 11:36
guerra,225819,2026-04-21 11:36:00+00:00,2026-04-21 11:36
trump,222934,2026-04-21 11:36:00+00:00,2026-04-21 11:36
sánchez,165513,2026-04-21 11:36:00+00:00,2026-04-21 11:36
israel,124749,2026-04-21 11:36:00+00:00,2026-04-21 11:36
málaga,107540,2026-04-21 11:36:00+00:00,2026-04-21 11:36
guerra irán,97893,2026-04-21 11:36:00+00:00,2026-04-21 11:36
ormuz,93029,2026-04-21 11:36:00+00:00,2026-04-21 11:36
regularización,92505,2026-04-21 11:36:00+00:00,2026-04-21 11:36
final,92106,2026-04-21 11:36:00+00:00,2026-04-21 11:36
diario,88432,2026-04-21 11:36:00+00:00,2026-04-21 11:36
muere,79469,2026-04-21 11:36:00+00:00,2026-04-21 11:36
20,75846,2026-04-21 11:36:00+00:00,2026-04-21 11:36
aragón,74943,2026-04-21 11:36:00+00:00,2026-04-21 11:36
santa,73677,2026-04-21 11:36:00+00:00,2026-04-21 11:36
andalucía,72477,2026-04-21 11:36:00+00:00,2026-04-21 11:36
the,72151,2026-04-21 11:36:00+00:00,2026-04-21 11:36
juicio,71354,2026-04-21 11:36:00+00:00,2026-04-21 11:36
ue,70638,2026-04-21 11:36:00+00:00,2026-04-21 11:36
español,70468,2026-04-21 11:36:00+00:00,2026-04-21 11:36
mundial,68829,2026-04-21 11:36:00+00:00,2026-04-21 11:36
internacional,432383,2026-04-21 12:08:00+00:00,2026-04-21 12:08
irán,271779,2026-04-21 12:08:00+00:00,2026-04-21 12:08
guerra,226608,2026-04-21 12:08:00+00:00,2026-04-21 12:08
trump,223092,2026-04-21 12:08:00+00:00,2026-04-21 12:08
sánchez,165115,2026-04-21 12:08:00+00:00,2026-04-21 12:08
israel,125371,2026-04-21 12:08:00+00:00,2026-04-21 12:08
málaga,107120,2026-04-21 12:08:00+00:00,2026-04-21 12:08
guerra irán,98442,2026-04-21 12:08:00+00:00,2026-04-21 12:08
ormuz,93233,2026-04-21 12:08:00+00:00,2026-04-21 12:08
regularización,92135,2026-04-21 12:08:00+00:00,2026-04-21 12:08
final,92122,2026-04-21 12:08:00+00:00,2026-04-21 12:08
diario,88012,2026-04-21 12:08:00+00:00,2026-04-21 12:08
muere,79257,2026-04-21 12:08:00+00:00,2026-04-21 12:08
20,76001,2026-04-21 12:08:00+00:00,2026-04-21 12:08
aragón,74377,2026-04-21 12:08:00+00:00,2026-04-21 12:08
santa,73681,2026-04-21 12:08:00+00:00,2026-04-21 12:08
andalucía,72891,2026-04-21 12:08:00+00:00,2026-04-21 12:08
the,72874,2026-04-21 12:08:00+00:00,2026-04-21 12:08
juicio,71154,2026-04-21 12:08:00+00:00,2026-04-21 12:08
ue,70851,2026-04-21 12:08:00+00:00,2026-04-21 12:08
español,70799,2026-04-21 12:08:00+00:00,2026-04-21 12:08
carlos,69381,2026-04-21 12:08:00+00:00,2026-04-21 12:08
mundial,68729,2026-04-21 12:08:00+00:00,2026-04-21 12:08
internacional,433024,2026-04-21 12:36:00+00:00,2026-04-21 12:36
irán,271067,2026-04-21 12:36:00+00:00,2026-04-21 12:36
guerra,226785,2026-04-21 12:36:00+00:00,2026-04-21 12:36
trump,222343,2026-04-21 12:36:00+00:00,2026-04-21 12:36
sánchez,164882,2026-04-21 12:36:00+00:00,2026-04-21 12:36
israel,125510,2026-04-21 12:36:00+00:00,2026-04-21 12:36
málaga,107967,2026-04-21 12:36:00+00:00,2026-04-21 12:36
guerra irán,98278,2026-04-21 12:36:00+00:00,2026-04-21 12:36
ormuz,93055,2026-04-21 12:36:00+00:00,2026-04-21 12:36
regularización,92401,2026-04-21 12:36:00+00:00,2026-04-21 12:36
final,91893,2026-04-21 12:36:00+00:00,2026-04-21 12:36
diario,88298,2026-04-21 12:36:00+00:00,2026-04-21 12:36
muere,78993,2026-04-21 12:36:00+00:00,2026-04-21 12:36
20,76007,2026-04-21 12:36:00+00:00,2026-04-21 12:36
aragón,74587,2026-04-21 12:36:00+00:00,2026-04-21 12:36
santa,73932,2026-04-21 12:36:00+00:00,2026-04-21 12:36
andalucía,72885,2026-04-21 12:36:00+00:00,2026-04-21 12:36
the,72492,2026-04-21 12:36:00+00:00,2026-04-21 12:36
español,71142,2026-04-21 12:36:00+00:00,2026-04-21 12:36
juicio,71049,2026-04-21 12:36:00+00:00,2026-04-21 12:36
ue,70853,2026-04-21 12:36:00+00:00,2026-04-21 12:36
mundial,69475,2026-04-21 12:36:00+00:00,2026-04-21 12:36
carlos,69386,2026-04-21 12:36:00+00:00,2026-04-21 12:36
internacional,434587,2026-04-21 13:06:00+00:00,2026-04-21 13:06
irán,270960,2026-04-21 13:06:00+00:00,2026-04-21 13:06
guerra,226640,2026-04-21 13:06:00+00:00,2026-04-21 13:06
trump,222233,2026-04-21 13:06:00+00:00,2026-04-21 13:06
sánchez,165683,2026-04-21 13:06:00+00:00,2026-04-21 13:06
israel,125078,2026-04-21 13:06:00+00:00,2026-04-21 13:06
málaga,107741,2026-04-21 13:06:00+00:00,2026-04-21 13:06
guerra irán,98188,2026-04-21 13:06:00+00:00,2026-04-21 13:06
regularización,92930,2026-04-21 13:06:00+00:00,2026-04-21 13:06
ormuz,92902,2026-04-21 13:06:00+00:00,2026-04-21 13:06
final,91840,2026-04-21 13:06:00+00:00,2026-04-21 13:06
diario,88856,2026-04-21 13:06:00+00:00,2026-04-21 13:06
muere,78687,2026-04-21 13:06:00+00:00,2026-04-21 13:06
20,76147,2026-04-21 13:06:00+00:00,2026-04-21 13:06
aragón,75067,2026-04-21 13:06:00+00:00,2026-04-21 13:06
santa,73865,2026-04-21 13:06:00+00:00,2026-04-21 13:06
the,72591,2026-04-21 13:06:00+00:00,2026-04-21 13:06
andalucía,72428,2026-04-21 13:06:00+00:00,2026-04-21 13:06
español,71341,2026-04-21 13:06:00+00:00,2026-04-21 13:06
juicio,71270,2026-04-21 13:06:00+00:00,2026-04-21 13:06
ue,70982,2026-04-21 13:06:00+00:00,2026-04-21 13:06
carlos,69443,2026-04-21 13:06:00+00:00,2026-04-21 13:06
vivienda,69112,2026-04-21 13:06:00+00:00,2026-04-21 13:06
internacional,434551,2026-04-21 13:36:00+00:00,2026-04-21 13:36
irán,270590,2026-04-21 13:36:00+00:00,2026-04-21 13:36
guerra,227126,2026-04-21 13:36:00+00:00,2026-04-21 13:36
trump,221689,2026-04-21 13:36:00+00:00,2026-04-21 13:36
sánchez,165714,2026-04-21 13:36:00+00:00,2026-04-21 13:36
israel,124863,2026-04-21 13:36:00+00:00,2026-04-21 13:36
málaga,107717,2026-04-21 13:36:00+00:00,2026-04-21 13:36
guerra irán,97984,2026-04-21 13:36:00+00:00,2026-04-21 13:36
regularización,94133,2026-04-21 13:36:00+00:00,2026-04-21 13:36
ormuz,92693,2026-04-21 13:36:00+00:00,2026-04-21 13:36
final,91285,2026-04-21 13:36:00+00:00,2026-04-21 13:36
diario,89063,2026-04-21 13:36:00+00:00,2026-04-21 13:36
muere,78516,2026-04-21 13:36:00+00:00,2026-04-21 13:36
20,76300,2026-04-21 13:36:00+00:00,2026-04-21 13:36
aragón,75153,2026-04-21 13:36:00+00:00,2026-04-21 13:36
santa,73897,2026-04-21 13:36:00+00:00,2026-04-21 13:36
andalucía,72943,2026-04-21 13:36:00+00:00,2026-04-21 13:36
the,72365,2026-04-21 13:36:00+00:00,2026-04-21 13:36
juicio,71490,2026-04-21 13:36:00+00:00,2026-04-21 13:36
español,71062,2026-04-21 13:36:00+00:00,2026-04-21 13:36
ue,70930,2026-04-21 13:36:00+00:00,2026-04-21 13:36
vivienda,70502,2026-04-21 13:36:00+00:00,2026-04-21 13:36
mundial,68890,2026-04-21 13:36:00+00:00,2026-04-21 13:36
internacional,435442,2026-04-21 14:06:00+00:00,2026-04-21 14:06
irán,270686,2026-04-21 14:06:00+00:00,2026-04-21 14:06
guerra,227424,2026-04-21 14:06:00+00:00,2026-04-21 14:06
trump,221659,2026-04-21 14:06:00+00:00,2026-04-21 14:06
sánchez,166034,2026-04-21 14:06:00+00:00,2026-04-21 14:06
israel,124365,2026-04-21 14:06:00+00:00,2026-04-21 14:06
málaga,107962,2026-04-21 14:06:00+00:00,2026-04-21 14:06
guerra irán,98010,2026-04-21 14:06:00+00:00,2026-04-21 14:06
regularización,94624,2026-04-21 14:06:00+00:00,2026-04-21 14:06
ormuz,92804,2026-04-21 14:06:00+00:00,2026-04-21 14:06
final,91000,2026-04-21 14:06:00+00:00,2026-04-21 14:06
diario,88873,2026-04-21 14:06:00+00:00,2026-04-21 14:06
muere,78715,2026-04-21 14:06:00+00:00,2026-04-21 14:06
20,76305,2026-04-21 14:06:00+00:00,2026-04-21 14:06
aragón,75367,2026-04-21 14:06:00+00:00,2026-04-21 14:06
santa,73820,2026-04-21 14:06:00+00:00,2026-04-21 14:06
the,73017,2026-04-21 14:06:00+00:00,2026-04-21 14:06
andalucía,72724,2026-04-21 14:06:00+00:00,2026-04-21 14:06
juicio,71287,2026-04-21 14:06:00+00:00,2026-04-21 14:06
español,71069,2026-04-21 14:06:00+00:00,2026-04-21 14:06
ue,70998,2026-04-21 14:06:00+00:00,2026-04-21 14:06
vivienda,70412,2026-04-21 14:06:00+00:00,2026-04-21 14:06
mundial,69246,2026-04-21 14:06:00+00:00,2026-04-21 14:06
internacional,435900,2026-04-21 14:36:00+00:00,2026-04-21 14:36
irán,270620,2026-04-21 14:36:00+00:00,2026-04-21 14:36
guerra,227332,2026-04-21 14:36:00+00:00,2026-04-21 14:36
trump,221162,2026-04-21 14:36:00+00:00,2026-04-21 14:36
sánchez,166014,2026-04-21 14:36:00+00:00,2026-04-21 14:36
israel,124907,2026-04-21 14:36:00+00:00,2026-04-21 14:36
málaga,107801,2026-04-21 14:36:00+00:00,2026-04-21 14:36
guerra irán,97812,2026-04-21 14:36:00+00:00,2026-04-21 14:36
regularización,95215,2026-04-21 14:36:00+00:00,2026-04-21 14:36
ormuz,92479,2026-04-21 14:36:00+00:00,2026-04-21 14:36
final,91016,2026-04-21 14:36:00+00:00,2026-04-21 14:36
diario,88944,2026-04-21 14:36:00+00:00,2026-04-21 14:36
muere,78972,2026-04-21 14:36:00+00:00,2026-04-21 14:36
20,76225,2026-04-21 14:36:00+00:00,2026-04-21 14:36
aragón,75320,2026-04-21 14:36:00+00:00,2026-04-21 14:36
santa,73825,2026-04-21 14:36:00+00:00,2026-04-21 14:36
the,72865,2026-04-21 14:36:00+00:00,2026-04-21 14:36
andalucía,72728,2026-04-21 14:36:00+00:00,2026-04-21 14:36
juicio,71346,2026-04-21 14:36:00+00:00,2026-04-21 14:36
ue,71338,2026-04-21 14:36:00+00:00,2026-04-21 14:36
español,71094,2026-04-21 14:36:00+00:00,2026-04-21 14:36
vivienda,70887,2026-04-21 14:36:00+00:00,2026-04-21 14:36
mundial,68981,2026-04-21 14:36:00+00:00,2026-04-21 14:36
internacional,436038,2026-04-21 15:06:00+00:00,2026-04-21 15:06
irán,271081,2026-04-21 15:06:00+00:00,2026-04-21 15:06
guerra,227672,2026-04-21 15:06:00+00:00,2026-04-21 15:06
trump,224634,2026-04-21 15:06:00+00:00,2026-04-21 15:06
sánchez,166976,2026-04-21 15:06:00+00:00,2026-04-21 15:06
israel,125433,2026-04-21 15:06:00+00:00,2026-04-21 15:06
málaga,108336,2026-04-21 15:06:00+00:00,2026-04-21 15:06
guerra irán,98001,2026-04-21 15:06:00+00:00,2026-04-21 15:06
regularización,95093,2026-04-21 15:06:00+00:00,2026-04-21 15:06
ormuz,92306,2026-04-21 15:06:00+00:00,2026-04-21 15:06
final,91200,2026-04-21 15:06:00+00:00,2026-04-21 15:06
diario,89027,2026-04-21 15:06:00+00:00,2026-04-21 15:06
muere,78319,2026-04-21 15:06:00+00:00,2026-04-21 15:06
20,76013,2026-04-21 15:06:00+00:00,2026-04-21 15:06
aragón,75460,2026-04-21 15:06:00+00:00,2026-04-21 15:06
santa,73797,2026-04-21 15:06:00+00:00,2026-04-21 15:06
the,73776,2026-04-21 15:06:00+00:00,2026-04-21 15:06
ue,72576,2026-04-21 15:06:00+00:00,2026-04-21 15:06
andalucía,72430,2026-04-21 15:06:00+00:00,2026-04-21 15:06
juicio,71478,2026-04-21 15:06:00+00:00,2026-04-21 15:06
vivienda,71462,2026-04-21 15:06:00+00:00,2026-04-21 15:06
español,70877,2026-04-21 15:06:00+00:00,2026-04-21 15:06
anuncia,69262,2026-04-21 15:06:00+00:00,2026-04-21 15:06
internacional,437140,2026-04-21 15:36:00+00:00,2026-04-21 15:36
irán,270437,2026-04-21 15:36:00+00:00,2026-04-21 15:36
guerra,227056,2026-04-21 15:36:00+00:00,2026-04-21 15:36
trump,220578,2026-04-21 15:36:00+00:00,2026-04-21 15:36
sánchez,167455,2026-04-21 15:36:00+00:00,2026-04-21 15:36
israel,125831,2026-04-21 15:36:00+00:00,2026-04-21 15:36
málaga,109172,2026-04-21 15:36:00+00:00,2026-04-21 15:36
guerra irán,97852,2026-04-21 15:36:00+00:00,2026-04-21 15:36
regularización,95102,2026-04-21 15:36:00+00:00,2026-04-21 15:36
ormuz,92030,2026-04-21 15:36:00+00:00,2026-04-21 15:36
final,90861,2026-04-21 15:36:00+00:00,2026-04-21 15:36
diario,89004,2026-04-21 15:36:00+00:00,2026-04-21 15:36
muere,78330,2026-04-21 15:36:00+00:00,2026-04-21 15:36
20,75984,2026-04-21 15:36:00+00:00,2026-04-21 15:36
aragón,75782,2026-04-21 15:36:00+00:00,2026-04-21 15:36
santa,73763,2026-04-21 15:36:00+00:00,2026-04-21 15:36
ue,73727,2026-04-21 15:36:00+00:00,2026-04-21 15:36
the,73585,2026-04-21 15:36:00+00:00,2026-04-21 15:36
andalucía,72434,2026-04-21 15:36:00+00:00,2026-04-21 15:36
juicio,71557,2026-04-21 15:36:00+00:00,2026-04-21 15:36
vivienda,71267,2026-04-21 15:36:00+00:00,2026-04-21 15:36
anuncia,70995,2026-04-21 15:36:00+00:00,2026-04-21 15:36
español,70808,2026-04-21 15:36:00+00:00,2026-04-21 15:36
internacional,435242,2026-04-21 16:06:00+00:00,2026-04-21 16:06
irán,270350,2026-04-21 16:06:00+00:00,2026-04-21 16:06
guerra,227567,2026-04-21 16:06:00+00:00,2026-04-21 16:06
trump,221181,2026-04-21 16:06:00+00:00,2026-04-21 16:06
sánchez,166778,2026-04-21 16:06:00+00:00,2026-04-21 16:06
israel,125648,2026-04-21 16:06:00+00:00,2026-04-21 16:06
málaga,109345,2026-04-21 16:06:00+00:00,2026-04-21 16:06
guerra irán,98129,2026-04-21 16:06:00+00:00,2026-04-21 16:06
regularización,95189,2026-04-21 16:06:00+00:00,2026-04-21 16:06
ormuz,91903,2026-04-21 16:06:00+00:00,2026-04-21 16:06
final,90483,2026-04-21 16:06:00+00:00,2026-04-21 16:06
diario,90034,2026-04-21 16:06:00+00:00,2026-04-21 16:06
muere,78824,2026-04-21 16:06:00+00:00,2026-04-21 16:06
20,76713,2026-04-21 16:06:00+00:00,2026-04-21 16:06
aragón,75205,2026-04-21 16:06:00+00:00,2026-04-21 16:06
ue,74090,2026-04-21 16:06:00+00:00,2026-04-21 16:06
santa,73732,2026-04-21 16:06:00+00:00,2026-04-21 16:06
the,73181,2026-04-21 16:06:00+00:00,2026-04-21 16:06
andalucía,72358,2026-04-21 16:06:00+00:00,2026-04-21 16:06
vivienda,71985,2026-04-21 16:06:00+00:00,2026-04-21 16:06
juicio,71345,2026-04-21 16:06:00+00:00,2026-04-21 16:06
español,70802,2026-04-21 16:06:00+00:00,2026-04-21 16:06
anuncia,70748,2026-04-21 16:06:00+00:00,2026-04-21 16:06
internacional,436047,2026-04-21 16:36:00+00:00,2026-04-21 16:36
irán,271406,2026-04-21 16:36:00+00:00,2026-04-21 16:36
guerra,228399,2026-04-21 16:36:00+00:00,2026-04-21 16:36
trump,222332,2026-04-21 16:36:00+00:00,2026-04-21 16:36
sánchez,166115,2026-04-21 16:36:00+00:00,2026-04-21 16:36
israel,126992,2026-04-21 16:36:00+00:00,2026-04-21 16:36
málaga,109952,2026-04-21 16:36:00+00:00,2026-04-21 16:36
guerra irán,98573,2026-04-21 16:36:00+00:00,2026-04-21 16:36
regularización,95805,2026-04-21 16:36:00+00:00,2026-04-21 16:36
ormuz,91902,2026-04-21 16:36:00+00:00,2026-04-21 16:36
final,90421,2026-04-21 16:36:00+00:00,2026-04-21 16:36
diario,89924,2026-04-21 16:36:00+00:00,2026-04-21 16:36
muere,79225,2026-04-21 16:36:00+00:00,2026-04-21 16:36
20,76424,2026-04-21 16:36:00+00:00,2026-04-21 16:36
aragón,75516,2026-04-21 16:36:00+00:00,2026-04-21 16:36
ue,75086,2026-04-21 16:36:00+00:00,2026-04-21 16:36
santa,74817,2026-04-21 16:36:00+00:00,2026-04-21 16:36
the,73284,2026-04-21 16:36:00+00:00,2026-04-21 16:36
vivienda,72666,2026-04-21 16:36:00+00:00,2026-04-21 16:36
andalucía,72070,2026-04-21 16:36:00+00:00,2026-04-21 16:36
anuncia,71754,2026-04-21 16:36:00+00:00,2026-04-21 16:36
juicio,71586,2026-04-21 16:36:00+00:00,2026-04-21 16:36
español,70857,2026-04-21 16:36:00+00:00,2026-04-21 16:36
internacional,439182,2026-04-21 17:06:00+00:00,2026-04-21 17:06
irán,271782,2026-04-21 17:06:00+00:00,2026-04-21 17:06
guerra,228557,2026-04-21 17:06:00+00:00,2026-04-21 17:06
trump,221899,2026-04-21 17:06:00+00:00,2026-04-21 17:06
sánchez,166768,2026-04-21 17:06:00+00:00,2026-04-21 17:06
israel,126932,2026-04-21 17:06:00+00:00,2026-04-21 17:06
málaga,110819,2026-04-21 17:06:00+00:00,2026-04-21 17:06
guerra irán,98898,2026-04-21 17:06:00+00:00,2026-04-21 17:06
regularización,96118,2026-04-21 17:06:00+00:00,2026-04-21 17:06
ormuz,92101,2026-04-21 17:06:00+00:00,2026-04-21 17:06
final,90763,2026-04-21 17:06:00+00:00,2026-04-21 17:06
diario,90220,2026-04-21 17:06:00+00:00,2026-04-21 17:06
muere,79693,2026-04-21 17:06:00+00:00,2026-04-21 17:06
20,76957,2026-04-21 17:06:00+00:00,2026-04-21 17:06
aragón,75736,2026-04-21 17:06:00+00:00,2026-04-21 17:06
ue,75605,2026-04-21 17:06:00+00:00,2026-04-21 17:06
santa,74095,2026-04-21 17:06:00+00:00,2026-04-21 17:06
the,73476,2026-04-21 17:06:00+00:00,2026-04-21 17:06
vivienda,72797,2026-04-21 17:06:00+00:00,2026-04-21 17:06
andalucía,72133,2026-04-21 17:06:00+00:00,2026-04-21 17:06
anuncia,71676,2026-04-21 17:06:00+00:00,2026-04-21 17:06
juicio,71567,2026-04-21 17:06:00+00:00,2026-04-21 17:06
español,70666,2026-04-21 17:06:00+00:00,2026-04-21 17:06
internacional,439111,2026-04-21 17:36:00+00:00,2026-04-21 17:36
irán,272432,2026-04-21 17:36:00+00:00,2026-04-21 17:36
guerra,228869,2026-04-21 17:36:00+00:00,2026-04-21 17:36
trump,222648,2026-04-21 17:36:00+00:00,2026-04-21 17:36
sánchez,167101,2026-04-21 17:36:00+00:00,2026-04-21 17:36
israel,127481,2026-04-21 17:36:00+00:00,2026-04-21 17:36
málaga,110648,2026-04-21 17:36:00+00:00,2026-04-21 17:36
guerra irán,98942,2026-04-21 17:36:00+00:00,2026-04-21 17:36
regularización,95873,2026-04-21 17:36:00+00:00,2026-04-21 17:36
ormuz,92070,2026-04-21 17:36:00+00:00,2026-04-21 17:36
diario,90618,2026-04-21 17:36:00+00:00,2026-04-21 17:36
final,90322,2026-04-21 17:36:00+00:00,2026-04-21 17:36
muere,79905,2026-04-21 17:36:00+00:00,2026-04-21 17:36
20,77315,2026-04-21 17:36:00+00:00,2026-04-21 17:36
ue,76002,2026-04-21 17:36:00+00:00,2026-04-21 17:36
aragón,74857,2026-04-21 17:36:00+00:00,2026-04-21 17:36
santa,74825,2026-04-21 17:36:00+00:00,2026-04-21 17:36
the,73384,2026-04-21 17:36:00+00:00,2026-04-21 17:36
vivienda,73174,2026-04-21 17:36:00+00:00,2026-04-21 17:36
andalucía,72161,2026-04-21 17:36:00+00:00,2026-04-21 17:36
anuncia,72035,2026-04-21 17:36:00+00:00,2026-04-21 17:36
juicio,71436,2026-04-21 17:36:00+00:00,2026-04-21 17:36
español,70705,2026-04-21 17:36:00+00:00,2026-04-21 17:36
internacional,439478,2026-04-21 18:06:00+00:00,2026-04-21 18:06
irán,271931,2026-04-21 18:06:00+00:00,2026-04-21 18:06
guerra,228820,2026-04-21 18:06:00+00:00,2026-04-21 18:06
trump,222677,2026-04-21 18:06:00+00:00,2026-04-21 18:06
sánchez,167590,2026-04-21 18:06:00+00:00,2026-04-21 18:06
israel,127698,2026-04-21 18:06:00+00:00,2026-04-21 18:06
málaga,110920,2026-04-21 18:06:00+00:00,2026-04-21 18:06
guerra irán,98728,2026-04-21 18:06:00+00:00,2026-04-21 18:06
regularización,96248,2026-04-21 18:06:00+00:00,2026-04-21 18:06
ormuz,92075,2026-04-21 18:06:00+00:00,2026-04-21 18:06
diario,90911,2026-04-21 18:06:00+00:00,2026-04-21 18:06
final,90530,2026-04-21 18:06:00+00:00,2026-04-21 18:06
muere,80242,2026-04-21 18:06:00+00:00,2026-04-21 18:06
20,77005,2026-04-21 18:06:00+00:00,2026-04-21 18:06
aragón,76070,2026-04-21 18:06:00+00:00,2026-04-21 18:06
ue,75900,2026-04-21 18:06:00+00:00,2026-04-21 18:06
santa,74765,2026-04-21 18:06:00+00:00,2026-04-21 18:06
vivienda,73729,2026-04-21 18:06:00+00:00,2026-04-21 18:06
the,73287,2026-04-21 18:06:00+00:00,2026-04-21 18:06
anuncia,72598,2026-04-21 18:06:00+00:00,2026-04-21 18:06
andalucía,72165,2026-04-21 18:06:00+00:00,2026-04-21 18:06
juicio,71746,2026-04-21 18:06:00+00:00,2026-04-21 18:06
español,70602,2026-04-21 18:06:00+00:00,2026-04-21 18:06
internacional,439675,2026-04-21 18:36:00+00:00,2026-04-21 18:36
irán,271819,2026-04-21 18:36:00+00:00,2026-04-21 18:36
guerra,228627,2026-04-21 18:36:00+00:00,2026-04-21 18:36
trump,222564,2026-04-21 18:36:00+00:00,2026-04-21 18:36
sánchez,167852,2026-04-21 18:36:00+00:00,2026-04-21 18:36
israel,127429,2026-04-21 18:36:00+00:00,2026-04-21 18:36
málaga,111355,2026-04-21 18:36:00+00:00,2026-04-21 18:36
guerra irán,98719,2026-04-21 18:36:00+00:00,2026-04-21 18:36
regularización,96380,2026-04-21 18:36:00+00:00,2026-04-21 18:36
ormuz,92071,2026-04-21 18:36:00+00:00,2026-04-21 18:36
diario,90984,2026-04-21 18:36:00+00:00,2026-04-21 18:36
final,90286,2026-04-21 18:36:00+00:00,2026-04-21 18:36
muere,80342,2026-04-21 18:36:00+00:00,2026-04-21 18:36
20,77320,2026-04-21 18:36:00+00:00,2026-04-21 18:36
ue,76082,2026-04-21 18:36:00+00:00,2026-04-21 18:36
aragón,75762,2026-04-21 18:36:00+00:00,2026-04-21 18:36
santa,74734,2026-04-21 18:36:00+00:00,2026-04-21 18:36
vivienda,73581,2026-04-21 18:36:00+00:00,2026-04-21 18:36
the,73205,2026-04-21 18:36:00+00:00,2026-04-21 18:36
anuncia,72890,2026-04-21 18:36:00+00:00,2026-04-21 18:36
andalucía,72545,2026-04-21 18:36:00+00:00,2026-04-21 18:36
juicio,71818,2026-04-21 18:36:00+00:00,2026-04-21 18:36
español,70634,2026-04-21 18:36:00+00:00,2026-04-21 18:36
internacional,438866,2026-04-21 19:07:00+00:00,2026-04-21 19:07
irán,272367,2026-04-21 19:07:00+00:00,2026-04-21 19:07
guerra,228591,2026-04-21 19:07:00+00:00,2026-04-21 19:07
trump,222841,2026-04-21 19:07:00+00:00,2026-04-21 19:07
sánchez,167493,2026-04-21 19:07:00+00:00,2026-04-21 19:07
israel,127553,2026-04-21 19:07:00+00:00,2026-04-21 19:07
málaga,110875,2026-04-21 19:07:00+00:00,2026-04-21 19:07
guerra irán,98948,2026-04-21 19:07:00+00:00,2026-04-21 19:07
regularización,97188,2026-04-21 19:07:00+00:00,2026-04-21 19:07
ormuz,92033,2026-04-21 19:07:00+00:00,2026-04-21 19:07
diario,91167,2026-04-21 19:07:00+00:00,2026-04-21 19:07
final,90375,2026-04-21 19:07:00+00:00,2026-04-21 19:07
muere,81214,2026-04-21 19:07:00+00:00,2026-04-21 19:07
20,76989,2026-04-21 19:07:00+00:00,2026-04-21 19:07
aragón,75875,2026-04-21 19:07:00+00:00,2026-04-21 19:07
ue,75813,2026-04-21 19:07:00+00:00,2026-04-21 19:07
vivienda,74134,2026-04-21 19:07:00+00:00,2026-04-21 19:07
santa,74037,2026-04-21 19:07:00+00:00,2026-04-21 19:07
the,73111,2026-04-21 19:07:00+00:00,2026-04-21 19:07
anuncia,72958,2026-04-21 19:07:00+00:00,2026-04-21 19:07
andalucía,72392,2026-04-21 19:07:00+00:00,2026-04-21 19:07
juicio,71733,2026-04-21 19:07:00+00:00,2026-04-21 19:07
español,70564,2026-04-21 19:07:00+00:00,2026-04-21 19:07
internacional,440345,2026-04-21 19:36:00+00:00,2026-04-21 19:36
irán,272972,2026-04-21 19:36:00+00:00,2026-04-21 19:36
guerra,229138,2026-04-21 19:36:00+00:00,2026-04-21 19:36
trump,223777,2026-04-21 19:36:00+00:00,2026-04-21 19:36
sánchez,168104,2026-04-21 19:36:00+00:00,2026-04-21 19:36
israel,127908,2026-04-21 19:36:00+00:00,2026-04-21 19:36
málaga,112052,2026-04-21 19:36:00+00:00,2026-04-21 19:36
guerra irán,99111,2026-04-21 19:36:00+00:00,2026-04-21 19:36
regularización,97192,2026-04-21 19:36:00+00:00,2026-04-21 19:36
ormuz,91875,2026-04-21 19:36:00+00:00,2026-04-21 19:36
diario,91010,2026-04-21 19:36:00+00:00,2026-04-21 19:36
final,90484,2026-04-21 19:36:00+00:00,2026-04-21 19:36
muere,81251,2026-04-21 19:36:00+00:00,2026-04-21 19:36
20,76527,2026-04-21 19:36:00+00:00,2026-04-21 19:36
aragón,76192,2026-04-21 19:36:00+00:00,2026-04-21 19:36
ue,76065,2026-04-21 19:36:00+00:00,2026-04-21 19:36
vivienda,74209,2026-04-21 19:36:00+00:00,2026-04-21 19:36
santa,74103,2026-04-21 19:36:00+00:00,2026-04-21 19:36
anuncia,73239,2026-04-21 19:36:00+00:00,2026-04-21 19:36
the,73203,2026-04-21 19:36:00+00:00,2026-04-21 19:36
andalucía,72295,2026-04-21 19:36:00+00:00,2026-04-21 19:36
juicio,71968,2026-04-21 19:36:00+00:00,2026-04-21 19:36
español,70501,2026-04-21 19:36:00+00:00,2026-04-21 19:36
internacional,440485,2026-04-21 20:06:00+00:00,2026-04-21 20:06
irán,273331,2026-04-21 20:06:00+00:00,2026-04-21 20:06
guerra,229170,2026-04-21 20:06:00+00:00,2026-04-21 20:06
trump,223663,2026-04-21 20:06:00+00:00,2026-04-21 20:06
sánchez,167769,2026-04-21 20:06:00+00:00,2026-04-21 20:06
israel,127480,2026-04-21 20:06:00+00:00,2026-04-21 20:06
málaga,112056,2026-04-21 20:06:00+00:00,2026-04-21 20:06
guerra irán,99120,2026-04-21 20:06:00+00:00,2026-04-21 20:06
regularización,97196,2026-04-21 20:06:00+00:00,2026-04-21 20:06
ormuz,91309,2026-04-21 20:06:00+00:00,2026-04-21 20:06
diario,91143,2026-04-21 20:06:00+00:00,2026-04-21 20:06
final,90490,2026-04-21 20:06:00+00:00,2026-04-21 20:06
muere,81254,2026-04-21 20:06:00+00:00,2026-04-21 20:06
20,76568,2026-04-21 20:06:00+00:00,2026-04-21 20:06
ue,76087,2026-04-21 20:06:00+00:00,2026-04-21 20:06
aragón,76048,2026-04-21 20:06:00+00:00,2026-04-21 20:06
vivienda,74406,2026-04-21 20:06:00+00:00,2026-04-21 20:06
santa,74010,2026-04-21 20:06:00+00:00,2026-04-21 20:06
anuncia,73404,2026-04-21 20:06:00+00:00,2026-04-21 20:06
the,73205,2026-04-21 20:06:00+00:00,2026-04-21 20:06
andalucía,72420,2026-04-21 20:06:00+00:00,2026-04-21 20:06
juicio,71720,2026-04-21 20:06:00+00:00,2026-04-21 20:06
español,70323,2026-04-21 20:06:00+00:00,2026-04-21 20:06
internacional,441179,2026-04-21 20:36:00+00:00,2026-04-21 20:36
irán,274459,2026-04-21 20:36:00+00:00,2026-04-21 20:36
guerra,228936,2026-04-21 20:36:00+00:00,2026-04-21 20:36
trump,225351,2026-04-21 20:36:00+00:00,2026-04-21 20:36
sánchez,168023,2026-04-21 20:36:00+00:00,2026-04-21 20:36
israel,128097,2026-04-21 20:36:00+00:00,2026-04-21 20:36
málaga,112123,2026-04-21 20:36:00+00:00,2026-04-21 20:36
guerra irán,99156,2026-04-21 20:36:00+00:00,2026-04-21 20:36
regularización,97100,2026-04-21 20:36:00+00:00,2026-04-21 20:36
ormuz,91048,2026-04-21 20:36:00+00:00,2026-04-21 20:36
diario,90815,2026-04-21 20:36:00+00:00,2026-04-21 20:36
final,90436,2026-04-21 20:36:00+00:00,2026-04-21 20:36
muere,81063,2026-04-21 20:36:00+00:00,2026-04-21 20:36
aragón,76590,2026-04-21 20:36:00+00:00,2026-04-21 20:36
ue,76489,2026-04-21 20:36:00+00:00,2026-04-21 20:36
20,76442,2026-04-21 20:36:00+00:00,2026-04-21 20:36
vivienda,74910,2026-04-21 20:36:00+00:00,2026-04-21 20:36
santa,74713,2026-04-21 20:36:00+00:00,2026-04-21 20:36
anuncia,73952,2026-04-21 20:36:00+00:00,2026-04-21 20:36
the,73424,2026-04-21 20:36:00+00:00,2026-04-21 20:36
andalucía,72430,2026-04-21 20:36:00+00:00,2026-04-21 20:36
juicio,71812,2026-04-21 20:36:00+00:00,2026-04-21 20:36
acuerdo,70263,2026-04-21 20:36:00+00:00,2026-04-21 20:36
internacional,440526,2026-04-21 21:06:00+00:00,2026-04-21 21:06
irán,274558,2026-04-21 21:06:00+00:00,2026-04-21 21:06
guerra,228593,2026-04-21 21:06:00+00:00,2026-04-21 21:06
trump,225556,2026-04-21 21:06:00+00:00,2026-04-21 21:06
sánchez,167468,2026-04-21 21:06:00+00:00,2026-04-21 21:06
israel,128294,2026-04-21 21:06:00+00:00,2026-04-21 21:06
málaga,111856,2026-04-21 21:06:00+00:00,2026-04-21 21:06
guerra irán,98990,2026-04-21 21:06:00+00:00,2026-04-21 21:06
regularización,97043,2026-04-21 21:06:00+00:00,2026-04-21 21:06
diario,91389,2026-04-21 21:06:00+00:00,2026-04-21 21:06
ormuz,90826,2026-04-21 21:06:00+00:00,2026-04-21 21:06
final,90526,2026-04-21 21:06:00+00:00,2026-04-21 21:06
muere,81117,2026-04-21 21:06:00+00:00,2026-04-21 21:06
aragón,76520,2026-04-21 21:06:00+00:00,2026-04-21 21:06
20,76465,2026-04-21 21:06:00+00:00,2026-04-21 21:06
ue,76162,2026-04-21 21:06:00+00:00,2026-04-21 21:06
vivienda,74982,2026-04-21 21:06:00+00:00,2026-04-21 21:06
anuncia,74242,2026-04-21 21:06:00+00:00,2026-04-21 21:06
santa,74015,2026-04-21 21:06:00+00:00,2026-04-21 21:06
the,73329,2026-04-21 21:06:00+00:00,2026-04-21 21:06
andalucía,72425,2026-04-21 21:06:00+00:00,2026-04-21 21:06
juicio,71724,2026-04-21 21:06:00+00:00,2026-04-21 21:06
acuerdo,70433,2026-04-21 21:06:00+00:00,2026-04-21 21:06
internacional,440284,2026-04-21 21:36:00+00:00,2026-04-21 21:36
irán,275408,2026-04-21 21:36:00+00:00,2026-04-21 21:36
guerra,228876,2026-04-21 21:36:00+00:00,2026-04-21 21:36
trump,226164,2026-04-21 21:36:00+00:00,2026-04-21 21:36
sánchez,167701,2026-04-21 21:36:00+00:00,2026-04-21 21:36
israel,128917,2026-04-21 21:36:00+00:00,2026-04-21 21:36
málaga,111417,2026-04-21 21:36:00+00:00,2026-04-21 21:36
guerra irán,99191,2026-04-21 21:36:00+00:00,2026-04-21 21:36
regularización,97045,2026-04-21 21:36:00+00:00,2026-04-21 21:36
diario,91342,2026-04-21 21:36:00+00:00,2026-04-21 21:36
ormuz,91138,2026-04-21 21:36:00+00:00,2026-04-21 21:36
final,90326,2026-04-21 21:36:00+00:00,2026-04-21 21:36
muere,81048,2026-04-21 21:36:00+00:00,2026-04-21 21:36
20,76872,2026-04-21 21:36:00+00:00,2026-04-21 21:36
aragón,76271,2026-04-21 21:36:00+00:00,2026-04-21 21:36
ue,76167,2026-04-21 21:36:00+00:00,2026-04-21 21:36
vivienda,74931,2026-04-21 21:36:00+00:00,2026-04-21 21:36
anuncia,74106,2026-04-21 21:36:00+00:00,2026-04-21 21:36
santa,74016,2026-04-21 21:36:00+00:00,2026-04-21 21:36
the,73525,2026-04-21 21:36:00+00:00,2026-04-21 21:36
andalucía,72427,2026-04-21 21:36:00+00:00,2026-04-21 21:36
juicio,71724,2026-04-21 21:36:00+00:00,2026-04-21 21:36
acuerdo,70611,2026-04-21 21:36:00+00:00,2026-04-21 21:36
internacional,441244,2026-04-21 22:07:00+00:00,2026-04-21 22:07
irán,275123,2026-04-21 22:07:00+00:00,2026-04-21 22:07
guerra,228239,2026-04-21 22:07:00+00:00,2026-04-21 22:07
trump,227385,2026-04-21 22:07:00+00:00,2026-04-21 22:07
sánchez,167815,2026-04-21 22:07:00+00:00,2026-04-21 22:07
israel,128085,2026-04-21 22:07:00+00:00,2026-04-21 22:07
málaga,111031,2026-04-21 22:07:00+00:00,2026-04-21 22:07
guerra irán,99048,2026-04-21 22:07:00+00:00,2026-04-21 22:07
regularización,96945,2026-04-21 22:07:00+00:00,2026-04-21 22:07
diario,91366,2026-04-21 22:07:00+00:00,2026-04-21 22:07
ormuz,90838,2026-04-21 22:07:00+00:00,2026-04-21 22:07
final,90234,2026-04-21 22:07:00+00:00,2026-04-21 22:07
muere,80909,2026-04-21 22:07:00+00:00,2026-04-21 22:07
20,77002,2026-04-21 22:07:00+00:00,2026-04-21 22:07
ue,76498,2026-04-21 22:07:00+00:00,2026-04-21 22:07
aragón,76277,2026-04-21 22:07:00+00:00,2026-04-21 22:07
vivienda,75039,2026-04-21 22:07:00+00:00,2026-04-21 22:07
santa,74750,2026-04-21 22:07:00+00:00,2026-04-21 22:07
anuncia,74183,2026-04-21 22:07:00+00:00,2026-04-21 22:07
the,73623,2026-04-21 22:07:00+00:00,2026-04-21 22:07
andalucía,72452,2026-04-21 22:07:00+00:00,2026-04-21 22:07
juicio,71815,2026-04-21 22:07:00+00:00,2026-04-21 22:07
acuerdo,70779,2026-04-21 22:07:00+00:00,2026-04-21 22:07
internacional,441265,2026-04-21 22:36:00+00:00,2026-04-21 22:36
irán,275339,2026-04-21 22:36:00+00:00,2026-04-21 22:36
guerra,228450,2026-04-21 22:36:00+00:00,2026-04-21 22:36
trump,227127,2026-04-21 22:36:00+00:00,2026-04-21 22:36
sánchez,168176,2026-04-21 22:36:00+00:00,2026-04-21 22:36
israel,128408,2026-04-21 22:36:00+00:00,2026-04-21 22:36
málaga,110922,2026-04-21 22:36:00+00:00,2026-04-21 22:36
guerra irán,99056,2026-04-21 22:36:00+00:00,2026-04-21 22:36
regularización,96689,2026-04-21 22:36:00+00:00,2026-04-21 22:36
diario,91068,2026-04-21 22:36:00+00:00,2026-04-21 22:36
ormuz,90844,2026-04-21 22:36:00+00:00,2026-04-21 22:36
final,90612,2026-04-21 22:36:00+00:00,2026-04-21 22:36
muere,80913,2026-04-21 22:36:00+00:00,2026-04-21 22:36
20,76562,2026-04-21 22:36:00+00:00,2026-04-21 22:36
ue,76487,2026-04-21 22:36:00+00:00,2026-04-21 22:36
aragón,76244,2026-04-21 22:36:00+00:00,2026-04-21 22:36
vivienda,75147,2026-04-21 22:36:00+00:00,2026-04-21 22:36
santa,74769,2026-04-21 22:36:00+00:00,2026-04-21 22:36
anuncia,74111,2026-04-21 22:36:00+00:00,2026-04-21 22:36
the,73632,2026-04-21 22:36:00+00:00,2026-04-21 22:36
andalucía,72461,2026-04-21 22:36:00+00:00,2026-04-21 22:36
juicio,72167,2026-04-21 22:36:00+00:00,2026-04-21 22:36
acuerdo,70715,2026-04-21 22:36:00+00:00,2026-04-21 22:36
internacional,441643,2026-04-21 23:06:00+00:00,2026-04-21 23:06
irán,274965,2026-04-21 23:06:00+00:00,2026-04-21 23:06
guerra,228763,2026-04-21 23:06:00+00:00,2026-04-21 23:06
trump,227762,2026-04-21 23:06:00+00:00,2026-04-21 23:06
sánchez,168622,2026-04-21 23:06:00+00:00,2026-04-21 23:06
israel,128809,2026-04-21 23:06:00+00:00,2026-04-21 23:06
málaga,111409,2026-04-21 23:06:00+00:00,2026-04-21 23:06
guerra irán,99189,2026-04-21 23:06:00+00:00,2026-04-21 23:06
regularización,97038,2026-04-21 23:06:00+00:00,2026-04-21 23:06
diario,91731,2026-04-21 23:06:00+00:00,2026-04-21 23:06
ormuz,90939,2026-04-21 23:06:00+00:00,2026-04-21 23:06
final,90804,2026-04-21 23:06:00+00:00,2026-04-21 23:06
muere,81309,2026-04-21 23:06:00+00:00,2026-04-21 23:06
20,76810,2026-04-21 23:06:00+00:00,2026-04-21 23:06
ue,76670,2026-04-21 23:06:00+00:00,2026-04-21 23:06
aragón,76283,2026-04-21 23:06:00+00:00,2026-04-21 23:06
vivienda,75249,2026-04-21 23:06:00+00:00,2026-04-21 23:06
anuncia,74767,2026-04-21 23:06:00+00:00,2026-04-21 23:06
santa,74755,2026-04-21 23:06:00+00:00,2026-04-21 23:06
the,73627,2026-04-21 23:06:00+00:00,2026-04-21 23:06
andalucía,72458,2026-04-21 23:06:00+00:00,2026-04-21 23:06
juicio,72351,2026-04-21 23:06:00+00:00,2026-04-21 23:06
acuerdo,71007,2026-04-21 23:06:00+00:00,2026-04-21 23:06
internacional,441417,2026-04-21 23:36:00+00:00,2026-04-21 23:36
irán,275863,2026-04-21 23:36:00+00:00,2026-04-21 23:36
guerra,229573,2026-04-21 23:36:00+00:00,2026-04-21 23:36
trump,227574,2026-04-21 23:36:00+00:00,2026-04-21 23:36
sánchez,168661,2026-04-21 23:36:00+00:00,2026-04-21 23:36
israel,129995,2026-04-21 23:36:00+00:00,2026-04-21 23:36
málaga,111370,2026-04-21 23:36:00+00:00,2026-04-21 23:36
guerra irán,99205,2026-04-21 23:36:00+00:00,2026-04-21 23:36
regularización,97282,2026-04-21 23:36:00+00:00,2026-04-21 23:36
ormuz,91293,2026-04-21 23:36:00+00:00,2026-04-21 23:36
diario,90895,2026-04-21 23:36:00+00:00,2026-04-21 23:36
final,90565,2026-04-21 23:36:00+00:00,2026-04-21 23:36
muere,81471,2026-04-21 23:36:00+00:00,2026-04-21 23:36
ue,76620,2026-04-21 23:36:00+00:00,2026-04-21 23:36
20,76553,2026-04-21 23:36:00+00:00,2026-04-21 23:36
aragón,76152,2026-04-21 23:36:00+00:00,2026-04-21 23:36
vivienda,75281,2026-04-21 23:36:00+00:00,2026-04-21 23:36
anuncia,74765,2026-04-21 23:36:00+00:00,2026-04-21 23:36
santa,74723,2026-04-21 23:36:00+00:00,2026-04-21 23:36
the,73428,2026-04-21 23:36:00+00:00,2026-04-21 23:36
andalucía,72443,2026-04-21 23:36:00+00:00,2026-04-21 23:36
juicio,72353,2026-04-21 23:36:00+00:00,2026-04-21 23:36
acuerdo,70883,2026-04-21 23:36:00+00:00,2026-04-21 23:36
internacional,442594,2026-04-22 00:06:00+00:00,2026-04-22 00:06
irán,274621,2026-04-22 00:06:00+00:00,2026-04-22 00:06
guerra,228894,2026-04-22 00:06:00+00:00,2026-04-22 00:06
trump,228293,2026-04-22 00:06:00+00:00,2026-04-22 00:06
sánchez,168643,2026-04-22 00:06:00+00:00,2026-04-22 00:06
israel,128885,2026-04-22 00:06:00+00:00,2026-04-22 00:06
málaga,111414,2026-04-22 00:06:00+00:00,2026-04-22 00:06
guerra irán,99159,2026-04-22 00:06:00+00:00,2026-04-22 00:06
regularización,97184,2026-04-22 00:06:00+00:00,2026-04-22 00:06
diario,91966,2026-04-22 00:06:00+00:00,2026-04-22 00:06
ormuz,91056,2026-04-22 00:06:00+00:00,2026-04-22 00:06
final,90708,2026-04-22 00:06:00+00:00,2026-04-22 00:06
muere,81548,2026-04-22 00:06:00+00:00,2026-04-22 00:06
20,76814,2026-04-22 00:06:00+00:00,2026-04-22 00:06
ue,76551,2026-04-22 00:06:00+00:00,2026-04-22 00:06
aragón,76287,2026-04-22 00:06:00+00:00,2026-04-22 00:06
vivienda,75697,2026-04-22 00:06:00+00:00,2026-04-22 00:06
anuncia,74770,2026-04-22 00:06:00+00:00,2026-04-22 00:06
santa,74758,2026-04-22 00:06:00+00:00,2026-04-22 00:06
the,73429,2026-04-22 00:06:00+00:00,2026-04-22 00:06
andalucía,72462,2026-04-22 00:06:00+00:00,2026-04-22 00:06
juicio,72459,2026-04-22 00:06:00+00:00,2026-04-22 00:06
acuerdo,70884,2026-04-22 00:06:00+00:00,2026-04-22 00:06
internacional,439213,2026-04-22 00:36:00+00:00,2026-04-22 00:36
irán,275593,2026-04-22 00:36:00+00:00,2026-04-22 00:36
guerra,229397,2026-04-22 00:36:00+00:00,2026-04-22 00:36
trump,228530,2026-04-22 00:36:00+00:00,2026-04-22 00:36
sánchez,168045,2026-04-22 00:36:00+00:00,2026-04-22 00:36
israel,130023,2026-04-22 00:36:00+00:00,2026-04-22 00:36
málaga,111388,2026-04-22 00:36:00+00:00,2026-04-22 00:36
guerra irán,99162,2026-04-22 00:36:00+00:00,2026-04-22 00:36
regularización,97071,2026-04-22 00:36:00+00:00,2026-04-22 00:36
diario,91834,2026-04-22 00:36:00+00:00,2026-04-22 00:36
ormuz,91107,2026-04-22 00:36:00+00:00,2026-04-22 00:36
final,90602,2026-04-22 00:36:00+00:00,2026-04-22 00:36
muere,81530,2026-04-22 00:36:00+00:00,2026-04-22 00:36
20,76816,2026-04-22 00:36:00+00:00,2026-04-22 00:36
ue,76590,2026-04-22 00:36:00+00:00,2026-04-22 00:36
aragón,75995,2026-04-22 00:36:00+00:00,2026-04-22 00:36
vivienda,75784,2026-04-22 00:36:00+00:00,2026-04-22 00:36
anuncia,74789,2026-04-22 00:36:00+00:00,2026-04-22 00:36
santa,74750,2026-04-22 00:36:00+00:00,2026-04-22 00:36
the,73355,2026-04-22 00:36:00+00:00,2026-04-22 00:36
andalucía,72431,2026-04-22 00:36:00+00:00,2026-04-22 00:36
juicio,72337,2026-04-22 00:36:00+00:00,2026-04-22 00:36
acuerdo,70771,2026-04-22 00:36:00+00:00,2026-04-22 00:36
internacional,443153,2026-04-22 01:06:00+00:00,2026-04-22 01:06
irán,274777,2026-04-22 01:06:00+00:00,2026-04-22 01:06
trump,228721,2026-04-22 01:06:00+00:00,2026-04-22 01:06
guerra,228616,2026-04-22 01:06:00+00:00,2026-04-22 01:06
sánchez,169309,2026-04-22 01:06:00+00:00,2026-04-22 01:06
israel,129276,2026-04-22 01:06:00+00:00,2026-04-22 01:06
málaga,111418,2026-04-22 01:06:00+00:00,2026-04-22 01:06
guerra irán,99058,2026-04-22 01:06:00+00:00,2026-04-22 01:06
regularización,98227,2026-04-22 01:06:00+00:00,2026-04-22 01:06
diario,91921,2026-04-22 01:06:00+00:00,2026-04-22 01:06
ormuz,90906,2026-04-22 01:06:00+00:00,2026-04-22 01:06
final,90594,2026-04-22 01:06:00+00:00,2026-04-22 01:06
muere,81550,2026-04-22 01:06:00+00:00,2026-04-22 01:06
ue,76852,2026-04-22 01:06:00+00:00,2026-04-22 01:06
20,76818,2026-04-22 01:06:00+00:00,2026-04-22 01:06
aragón,76291,2026-04-22 01:06:00+00:00,2026-04-22 01:06
vivienda,75814,2026-04-22 01:06:00+00:00,2026-04-22 01:06
santa,74760,2026-04-22 01:06:00+00:00,2026-04-22 01:06
anuncia,74671,2026-04-22 01:06:00+00:00,2026-04-22 01:06
the,73290,2026-04-22 01:06:00+00:00,2026-04-22 01:06
juicio,72663,2026-04-22 01:06:00+00:00,2026-04-22 01:06
andalucía,72466,2026-04-22 01:06:00+00:00,2026-04-22 01:06
acuerdo,71030,2026-04-22 01:06:00+00:00,2026-04-22 01:06
internacional,439520,2026-04-22 01:36:00+00:00,2026-04-22 01:36
irán,275629,2026-04-22 01:36:00+00:00,2026-04-22 01:36
guerra,229126,2026-04-22 01:36:00+00:00,2026-04-22 01:36
trump,228859,2026-04-22 01:36:00+00:00,2026-04-22 01:36
sánchez,168878,2026-04-22 01:36:00+00:00,2026-04-22 01:36
israel,130473,2026-04-22 01:36:00+00:00,2026-04-22 01:36
málaga,111391,2026-04-22 01:36:00+00:00,2026-04-22 01:36
guerra irán,99012,2026-04-22 01:36:00+00:00,2026-04-22 01:36
regularización,98114,2026-04-22 01:36:00+00:00,2026-04-22 01:36
diario,91838,2026-04-22 01:36:00+00:00,2026-04-22 01:36
ormuz,90963,2026-04-22 01:36:00+00:00,2026-04-22 01:36
final,90539,2026-04-22 01:36:00+00:00,2026-04-22 01:36
muere,81531,2026-04-22 01:36:00+00:00,2026-04-22 01:36
20,76818,2026-04-22 01:36:00+00:00,2026-04-22 01:36
ue,76772,2026-04-22 01:36:00+00:00,2026-04-22 01:36
vivienda,76105,2026-04-22 01:36:00+00:00,2026-04-22 01:36
aragón,75999,2026-04-22 01:36:00+00:00,2026-04-22 01:36
santa,74753,2026-04-22 01:36:00+00:00,2026-04-22 01:36
anuncia,74689,2026-04-22 01:36:00+00:00,2026-04-22 01:36
the,73216,2026-04-22 01:36:00+00:00,2026-04-22 01:36
juicio,72650,2026-04-22 01:36:00+00:00,2026-04-22 01:36
andalucía,72435,2026-04-22 01:36:00+00:00,2026-04-22 01:36
acuerdo,71012,2026-04-22 01:36:00+00:00,2026-04-22 01:36
internacional,443055,2026-04-22 02:06:00+00:00,2026-04-22 02:06
irán,275714,2026-04-22 02:06:00+00:00,2026-04-22 02:06
guerra,229080,2026-04-22 02:06:00+00:00,2026-04-22 02:06
trump,228862,2026-04-22 02:06:00+00:00,2026-04-22 02:06
sánchez,169315,2026-04-22 02:06:00+00:00,2026-04-22 02:06
israel,130240,2026-04-22 02:06:00+00:00,2026-04-22 02:06
málaga,111376,2026-04-22 02:06:00+00:00,2026-04-22 02:06
guerra irán,99026,2026-04-22 02:06:00+00:00,2026-04-22 02:06
regularización,98230,2026-04-22 02:06:00+00:00,2026-04-22 02:06
diario,91490,2026-04-22 02:06:00+00:00,2026-04-22 02:06
ormuz,90972,2026-04-22 02:06:00+00:00,2026-04-22 02:06
final,90455,2026-04-22 02:06:00+00:00,2026-04-22 02:06
muere,81475,2026-04-22 02:06:00+00:00,2026-04-22 02:06
ue,76856,2026-04-22 02:06:00+00:00,2026-04-22 02:06
20,76559,2026-04-22 02:06:00+00:00,2026-04-22 02:06
aragón,76159,2026-04-22 02:06:00+00:00,2026-04-22 02:06
vivienda,76052,2026-04-22 02:06:00+00:00,2026-04-22 02:06
santa,74727,2026-04-22 02:06:00+00:00,2026-04-22 02:06
anuncia,74669,2026-04-22 02:06:00+00:00,2026-04-22 02:06
the,73291,2026-04-22 02:06:00+00:00,2026-04-22 02:06
juicio,72665,2026-04-22 02:06:00+00:00,2026-04-22 02:06
andalucía,72450,2026-04-22 02:06:00+00:00,2026-04-22 02:06
acuerdo,71033,2026-04-22 02:06:00+00:00,2026-04-22 02:06
internacional,440192,2026-04-22 02:36:00+00:00,2026-04-22 02:36
irán,276076,2026-04-22 02:36:00+00:00,2026-04-22 02:36
trump,229795,2026-04-22 02:36:00+00:00,2026-04-22 02:36
guerra,229168,2026-04-22 02:36:00+00:00,2026-04-22 02:36
sánchez,169203,2026-04-22 02:36:00+00:00,2026-04-22 02:36
israel,130479,2026-04-22 02:36:00+00:00,2026-04-22 02:36
málaga,111393,2026-04-22 02:36:00+00:00,2026-04-22 02:36
guerra irán,99195,2026-04-22 02:36:00+00:00,2026-04-22 02:36
regularización,98386,2026-04-22 02:36:00+00:00,2026-04-22 02:36
diario,92282,2026-04-22 02:36:00+00:00,2026-04-22 02:36
ormuz,91170,2026-04-22 02:36:00+00:00,2026-04-22 02:36
final,90542,2026-04-22 02:36:00+00:00,2026-04-22 02:36
muere,81533,2026-04-22 02:36:00+00:00,2026-04-22 02:36
ue,76843,2026-04-22 02:36:00+00:00,2026-04-22 02:36
20,76766,2026-04-22 02:36:00+00:00,2026-04-22 02:36
vivienda,76673,2026-04-22 02:36:00+00:00,2026-04-22 02:36
aragón,76002,2026-04-22 02:36:00+00:00,2026-04-22 02:36
santa,74754,2026-04-22 02:36:00+00:00,2026-04-22 02:36
anuncia,74693,2026-04-22 02:36:00+00:00,2026-04-22 02:36
the,73218,2026-04-22 02:36:00+00:00,2026-04-22 02:36
juicio,72652,2026-04-22 02:36:00+00:00,2026-04-22 02:36
andalucía,72437,2026-04-22 02:36:00+00:00,2026-04-22 02:36
acuerdo,71235,2026-04-22 02:36:00+00:00,2026-04-22 02:36
internacional,443533,2026-04-22 03:06:00+00:00,2026-04-22 03:06
irán,275649,2026-04-22 03:06:00+00:00,2026-04-22 03:06
trump,228990,2026-04-22 03:06:00+00:00,2026-04-22 03:06
guerra,227776,2026-04-22 03:06:00+00:00,2026-04-22 03:06
sánchez,169065,2026-04-22 03:06:00+00:00,2026-04-22 03:06
israel,130087,2026-04-22 03:06:00+00:00,2026-04-22 03:06
málaga,111245,2026-04-22 03:06:00+00:00,2026-04-22 03:06
guerra irán,98576,2026-04-22 03:06:00+00:00,2026-04-22 03:06
regularización,97130,2026-04-22 03:06:00+00:00,2026-04-22 03:06
diario,92101,2026-04-22 03:06:00+00:00,2026-04-22 03:06
ormuz,91179,2026-04-22 03:06:00+00:00,2026-04-22 03:06
final,90394,2026-04-22 03:06:00+00:00,2026-04-22 03:06
muere,81555,2026-04-22 03:06:00+00:00,2026-04-22 03:06
20,76703,2026-04-22 03:06:00+00:00,2026-04-22 03:06
ue,76597,2026-04-22 03:06:00+00:00,2026-04-22 03:06
vivienda,76593,2026-04-22 03:06:00+00:00,2026-04-22 03:06
aragón,75094,2026-04-22 03:06:00+00:00,2026-04-22 03:06
anuncia,74562,2026-04-22 03:06:00+00:00,2026-04-22 03:06
santa,74032,2026-04-22 03:06:00+00:00,2026-04-22 03:06
the,72910,2026-04-22 03:06:00+00:00,2026-04-22 03:06
juicio,72107,2026-04-22 03:06:00+00:00,2026-04-22 03:06
andalucía,71911,2026-04-22 03:06:00+00:00,2026-04-22 03:06
acuerdo,71092,2026-04-22 03:06:00+00:00,2026-04-22 03:06
internacional,440629,2026-04-22 03:36:00+00:00,2026-04-22 03:36
irán,276100,2026-04-22 03:36:00+00:00,2026-04-22 03:36
trump,230001,2026-04-22 03:36:00+00:00,2026-04-22 03:36
guerra,228179,2026-04-22 03:36:00+00:00,2026-04-22 03:36
sánchez,169311,2026-04-22 03:36:00+00:00,2026-04-22 03:36
israel,130629,2026-04-22 03:36:00+00:00,2026-04-22 03:36
málaga,111253,2026-04-22 03:36:00+00:00,2026-04-22 03:36
guerra irán,98718,2026-04-22 03:36:00+00:00,2026-04-22 03:36
regularización,97276,2026-04-22 03:36:00+00:00,2026-04-22 03:36
diario,92196,2026-04-22 03:36:00+00:00,2026-04-22 03:36
ormuz,91463,2026-04-22 03:36:00+00:00,2026-04-22 03:36
final,90083,2026-04-22 03:36:00+00:00,2026-04-22 03:36
muere,81537,2026-04-22 03:36:00+00:00,2026-04-22 03:36
20,77221,2026-04-22 03:36:00+00:00,2026-04-22 03:36
ue,77101,2026-04-22 03:36:00+00:00,2026-04-22 03:36
vivienda,76940,2026-04-22 03:36:00+00:00,2026-04-22 03:36
aragón,75723,2026-04-22 03:36:00+00:00,2026-04-22 03:36
santa,74763,2026-04-22 03:36:00+00:00,2026-04-22 03:36
anuncia,74660,2026-04-22 03:36:00+00:00,2026-04-22 03:36
the,72227,2026-04-22 03:36:00+00:00,2026-04-22 03:36
juicio,71972,2026-04-22 03:36:00+00:00,2026-04-22 03:36
andalucía,71878,2026-04-22 03:36:00+00:00,2026-04-22 03:36
acuerdo,71587,2026-04-22 03:36:00+00:00,2026-04-22 03:36
internacional,440218,2026-04-22 04:06:00+00:00,2026-04-22 04:06
irán,276225,2026-04-22 04:06:00+00:00,2026-04-22 04:06
trump,229767,2026-04-22 04:06:00+00:00,2026-04-22 04:06
guerra,227333,2026-04-22 04:06:00+00:00,2026-04-22 04:06
sánchez,169901,2026-04-22 04:06:00+00:00,2026-04-22 04:06
israel,130600,2026-04-22 04:06:00+00:00,2026-04-22 04:06
málaga,110857,2026-04-22 04:06:00+00:00,2026-04-22 04:06
guerra irán,98627,2026-04-22 04:06:00+00:00,2026-04-22 04:06
regularización,97874,2026-04-22 04:06:00+00:00,2026-04-22 04:06
diario,91794,2026-04-22 04:06:00+00:00,2026-04-22 04:06
ormuz,91389,2026-04-22 04:06:00+00:00,2026-04-22 04:06
final,89914,2026-04-22 04:06:00+00:00,2026-04-22 04:06
muere,81540,2026-04-22 04:06:00+00:00,2026-04-22 04:06
vivienda,77163,2026-04-22 04:06:00+00:00,2026-04-22 04:06
ue,77104,2026-04-22 04:06:00+00:00,2026-04-22 04:06
20,76569,2026-04-22 04:06:00+00:00,2026-04-22 04:06
aragón,75993,2026-04-22 04:06:00+00:00,2026-04-22 04:06
santa,74765,2026-04-22 04:06:00+00:00,2026-04-22 04:06
anuncia,74662,2026-04-22 04:06:00+00:00,2026-04-22 04:06
the,72625,2026-04-22 04:06:00+00:00,2026-04-22 04:06
juicio,72176,2026-04-22 04:06:00+00:00,2026-04-22 04:06
andalucía,71781,2026-04-22 04:06:00+00:00,2026-04-22 04:06
acuerdo,71544,2026-04-22 04:06:00+00:00,2026-04-22 04:06
internacional,441261,2026-04-22 04:36:00+00:00,2026-04-22 04:36
irán,276539,2026-04-22 04:36:00+00:00,2026-04-22 04:36
trump,231545,2026-04-22 04:36:00+00:00,2026-04-22 04:36
guerra,228731,2026-04-22 04:36:00+00:00,2026-04-22 04:36
sánchez,170893,2026-04-22 04:36:00+00:00,2026-04-22 04:36
israel,131597,2026-04-22 04:36:00+00:00,2026-04-22 04:36
málaga,110957,2026-04-22 04:36:00+00:00,2026-04-22 04:36
regularización,98916,2026-04-22 04:36:00+00:00,2026-04-22 04:36
guerra irán,98565,2026-04-22 04:36:00+00:00,2026-04-22 04:36
diario,92096,2026-04-22 04:36:00+00:00,2026-04-22 04:36
ormuz,91806,2026-04-22 04:36:00+00:00,2026-04-22 04:36
final,90077,2026-04-22 04:36:00+00:00,2026-04-22 04:36
muere,81823,2026-04-22 04:36:00+00:00,2026-04-22 04:36
vivienda,77747,2026-04-22 04:36:00+00:00,2026-04-22 04:36
20,77272,2026-04-22 04:36:00+00:00,2026-04-22 04:36
ue,77237,2026-04-22 04:36:00+00:00,2026-04-22 04:36
aragón,76002,2026-04-22 04:36:00+00:00,2026-04-22 04:36
santa,74771,2026-04-22 04:36:00+00:00,2026-04-22 04:36
anuncia,74669,2026-04-22 04:36:00+00:00,2026-04-22 04:36
the,72629,2026-04-22 04:36:00+00:00,2026-04-22 04:36
juicio,72576,2026-04-22 04:36:00+00:00,2026-04-22 04:36
andalucía,72011,2026-04-22 04:36:00+00:00,2026-04-22 04:36
acuerdo,71985,2026-04-22 04:36:00+00:00,2026-04-22 04:36
internacional,441083,2026-04-22 05:07:00+00:00,2026-04-22 05:07
irán,276770,2026-04-22 05:07:00+00:00,2026-04-22 05:07
trump,232069,2026-04-22 05:07:00+00:00,2026-04-22 05:07
guerra,228670,2026-04-22 05:07:00+00:00,2026-04-22 05:07
sánchez,170899,2026-04-22 05:07:00+00:00,2026-04-22 05:07
israel,131658,2026-04-22 05:07:00+00:00,2026-04-22 05:07
málaga,110858,2026-04-22 05:07:00+00:00,2026-04-22 05:07
regularización,98917,2026-04-22 05:07:00+00:00,2026-04-22 05:07
guerra irán,98483,2026-04-22 05:07:00+00:00,2026-04-22 05:07
diario,91966,2026-04-22 05:07:00+00:00,2026-04-22 05:07
ormuz,91611,2026-04-22 05:07:00+00:00,2026-04-22 05:07
final,90021,2026-04-22 05:07:00+00:00,2026-04-22 05:07
muere,81824,2026-04-22 05:07:00+00:00,2026-04-22 05:07
vivienda,77748,2026-04-22 05:07:00+00:00,2026-04-22 05:07
ue,77239,2026-04-22 05:07:00+00:00,2026-04-22 05:07
20,77072,2026-04-22 05:07:00+00:00,2026-04-22 05:07
aragón,75863,2026-04-22 05:07:00+00:00,2026-04-22 05:07
santa,75025,2026-04-22 05:07:00+00:00,2026-04-22 05:07
anuncia,74672,2026-04-22 05:07:00+00:00,2026-04-22 05:07
the,72911,2026-04-22 05:07:00+00:00,2026-04-22 05:07
juicio,72577,2026-04-22 05:07:00+00:00,2026-04-22 05:07
andalucía,72012,2026-04-22 05:07:00+00:00,2026-04-22 05:07
acuerdo,71988,2026-04-22 05:07:00+00:00,2026-04-22 05:07
internacional,441714,2026-04-22 05:36:00+00:00,2026-04-22 05:36
irán,275760,2026-04-22 05:36:00+00:00,2026-04-22 05:36
trump,232230,2026-04-22 05:36:00+00:00,2026-04-22 05:36
guerra,228389,2026-04-22 05:36:00+00:00,2026-04-22 05:36
sánchez,170807,2026-04-22 05:36:00+00:00,2026-04-22 05:36
israel,131407,2026-04-22 05:36:00+00:00,2026-04-22 05:36
málaga,111080,2026-04-22 05:36:00+00:00,2026-04-22 05:36
regularización,98846,2026-04-22 05:36:00+00:00,2026-04-22 05:36
guerra irán,98134,2026-04-22 05:36:00+00:00,2026-04-22 05:36
diario,91973,2026-04-22 05:36:00+00:00,2026-04-22 05:36
ormuz,91292,2026-04-22 05:36:00+00:00,2026-04-22 05:36
final,89814,2026-04-22 05:36:00+00:00,2026-04-22 05:36
muere,81827,2026-04-22 05:36:00+00:00,2026-04-22 05:36
vivienda,78559,2026-04-22 05:36:00+00:00,2026-04-22 05:36
ue,77221,2026-04-22 05:36:00+00:00,2026-04-22 05:36
20,77053,2026-04-22 05:36:00+00:00,2026-04-22 05:36
aragón,75867,2026-04-22 05:36:00+00:00,2026-04-22 05:36
santa,74832,2026-04-22 05:36:00+00:00,2026-04-22 05:36
anuncia,74333,2026-04-22 05:36:00+00:00,2026-04-22 05:36
the,72914,2026-04-22 05:36:00+00:00,2026-04-22 05:36
juicio,72338,2026-04-22 05:36:00+00:00,2026-04-22 05:36
andalucía,72029,2026-04-22 05:36:00+00:00,2026-04-22 05:36
acuerdo,71994,2026-04-22 05:36:00+00:00,2026-04-22 05:36
internacional,442606,2026-04-22 06:06:00+00:00,2026-04-22 06:06
irán,274973,2026-04-22 06:06:00+00:00,2026-04-22 06:06
trump,232042,2026-04-22 06:06:00+00:00,2026-04-22 06:06
guerra,227560,2026-04-22 06:06:00+00:00,2026-04-22 06:06
sánchez,170664,2026-04-22 06:06:00+00:00,2026-04-22 06:06
israel,131314,2026-04-22 06:06:00+00:00,2026-04-22 06:06
málaga,111385,2026-04-22 06:06:00+00:00,2026-04-22 06:06
regularización,98704,2026-04-22 06:06:00+00:00,2026-04-22 06:06
guerra irán,96875,2026-04-22 06:06:00+00:00,2026-04-22 06:06
diario,92051,2026-04-22 06:06:00+00:00,2026-04-22 06:06
ormuz,90945,2026-04-22 06:06:00+00:00,2026-04-22 06:06
final,89999,2026-04-22 06:06:00+00:00,2026-04-22 06:06
muere,81829,2026-04-22 06:06:00+00:00,2026-04-22 06:06
vivienda,78954,2026-04-22 06:06:00+00:00,2026-04-22 06:06
ue,77443,2026-04-22 06:06:00+00:00,2026-04-22 06:06
20,77020,2026-04-22 06:06:00+00:00,2026-04-22 06:06
aragón,75869,2026-04-22 06:06:00+00:00,2026-04-22 06:06
santa,74834,2026-04-22 06:06:00+00:00,2026-04-22 06:06
anuncia,74013,2026-04-22 06:06:00+00:00,2026-04-22 06:06
the,72846,2026-04-22 06:06:00+00:00,2026-04-22 06:06
andalucía,71975,2026-04-22 06:06:00+00:00,2026-04-22 06:06
acuerdo,71920,2026-04-22 06:06:00+00:00,2026-04-22 06:06
plan,71524,2026-04-22 06:06:00+00:00,2026-04-22 06:06
internacional,442751,2026-04-22 06:36:00+00:00,2026-04-22 06:36
irán,275842,2026-04-22 06:36:00+00:00,2026-04-22 06:36
trump,232896,2026-04-22 06:36:00+00:00,2026-04-22 06:36
guerra,228549,2026-04-22 06:36:00+00:00,2026-04-22 06:36
sánchez,170849,2026-04-22 06:36:00+00:00,2026-04-22 06:36
israel,131090,2026-04-22 06:36:00+00:00,2026-04-22 06:36
málaga,111513,2026-04-22 06:36:00+00:00,2026-04-22 06:36
regularización,98524,2026-04-22 06:36:00+00:00,2026-04-22 06:36
guerra irán,97041,2026-04-22 06:36:00+00:00,2026-04-22 06:36
diario,91923,2026-04-22 06:36:00+00:00,2026-04-22 06:36
ormuz,91416,2026-04-22 06:36:00+00:00,2026-04-22 06:36
final,89845,2026-04-22 06:36:00+00:00,2026-04-22 06:36
muere,81781,2026-04-22 06:36:00+00:00,2026-04-22 06:36
vivienda,79057,2026-04-22 06:36:00+00:00,2026-04-22 06:36
ue,77566,2026-04-22 06:36:00+00:00,2026-04-22 06:36
20,75928,2026-04-22 06:36:00+00:00,2026-04-22 06:36
aragón,75833,2026-04-22 06:36:00+00:00,2026-04-22 06:36
santa,74836,2026-04-22 06:36:00+00:00,2026-04-22 06:36
anuncia,74017,2026-04-22 06:36:00+00:00,2026-04-22 06:36
the,72849,2026-04-22 06:36:00+00:00,2026-04-22 06:36
acuerdo,71926,2026-04-22 06:36:00+00:00,2026-04-22 06:36
mundial,71846,2026-04-22 06:36:00+00:00,2026-04-22 06:36
plan,71529,2026-04-22 06:36:00+00:00,2026-04-22 06:36
internacional,443316,2026-04-22 07:06:00+00:00,2026-04-22 07:06
irán,276219,2026-04-22 07:06:00+00:00,2026-04-22 07:06
trump,233417,2026-04-22 07:06:00+00:00,2026-04-22 07:06
guerra,228826,2026-04-22 07:06:00+00:00,2026-04-22 07:06
sánchez,170944,2026-04-22 07:06:00+00:00,2026-04-22 07:06
israel,131237,2026-04-22 07:06:00+00:00,2026-04-22 07:06
málaga,111380,2026-04-22 07:06:00+00:00,2026-04-22 07:06
regularización,98529,2026-04-22 07:06:00+00:00,2026-04-22 07:06
guerra irán,97159,2026-04-22 07:06:00+00:00,2026-04-22 07:06
diario,92188,2026-04-22 07:06:00+00:00,2026-04-22 07:06
ormuz,91682,2026-04-22 07:06:00+00:00,2026-04-22 07:06
final,90111,2026-04-22 07:06:00+00:00,2026-04-22 07:06
muere,81727,2026-04-22 07:06:00+00:00,2026-04-22 07:06
vivienda,79805,2026-04-22 07:06:00+00:00,2026-04-22 07:06
ue,77571,2026-04-22 07:06:00+00:00,2026-04-22 07:06
aragón,76049,2026-04-22 07:06:00+00:00,2026-04-22 07:06
20,75458,2026-04-22 07:06:00+00:00,2026-04-22 07:06
santa,74838,2026-04-22 07:06:00+00:00,2026-04-22 07:06
anuncia,74413,2026-04-22 07:06:00+00:00,2026-04-22 07:06
the,72852,2026-04-22 07:06:00+00:00,2026-04-22 07:06
mundial,71764,2026-04-22 07:06:00+00:00,2026-04-22 07:06
acuerdo,71663,2026-04-22 07:06:00+00:00,2026-04-22 07:06
plan,71383,2026-04-22 07:06:00+00:00,2026-04-22 07:06
internacional,448412,2026-04-22 07:36:00+00:00,2026-04-22 07:36
irán,275538,2026-04-22 07:36:00+00:00,2026-04-22 07:36
trump,233781,2026-04-22 07:36:00+00:00,2026-04-22 07:36
guerra,228927,2026-04-22 07:36:00+00:00,2026-04-22 07:36
sánchez,171841,2026-04-22 07:36:00+00:00,2026-04-22 07:36
israel,129792,2026-04-22 07:36:00+00:00,2026-04-22 07:36
málaga,111227,2026-04-22 07:36:00+00:00,2026-04-22 07:36
regularización,98218,2026-04-22 07:36:00+00:00,2026-04-22 07:36
guerra irán,97403,2026-04-22 07:36:00+00:00,2026-04-22 07:36
diario,92123,2026-04-22 07:36:00+00:00,2026-04-22 07:36
ormuz,91591,2026-04-22 07:36:00+00:00,2026-04-22 07:36
final,89983,2026-04-22 07:36:00+00:00,2026-04-22 07:36
muere,80878,2026-04-22 07:36:00+00:00,2026-04-22 07:36
vivienda,79889,2026-04-22 07:36:00+00:00,2026-04-22 07:36
ue,77530,2026-04-22 07:36:00+00:00,2026-04-22 07:36
aragón,76347,2026-04-22 07:36:00+00:00,2026-04-22 07:36
20,75302,2026-04-22 07:36:00+00:00,2026-04-22 07:36
santa,74849,2026-04-22 07:36:00+00:00,2026-04-22 07:36
anuncia,74402,2026-04-22 07:36:00+00:00,2026-04-22 07:36
the,72778,2026-04-22 07:36:00+00:00,2026-04-22 07:36
mundial,72022,2026-04-22 07:36:00+00:00,2026-04-22 07:36
acuerdo,71566,2026-04-22 07:36:00+00:00,2026-04-22 07:36
plan,71551,2026-04-22 07:36:00+00:00,2026-04-22 07:36
internacional,449019,2026-04-22 08:06:00+00:00,2026-04-22 08:06
irán,275823,2026-04-22 08:06:00+00:00,2026-04-22 08:06
trump,234112,2026-04-22 08:06:00+00:00,2026-04-22 08:06
guerra,228992,2026-04-22 08:06:00+00:00,2026-04-22 08:06
sánchez,173292,2026-04-22 08:06:00+00:00,2026-04-22 08:06
israel,129876,2026-04-22 08:06:00+00:00,2026-04-22 08:06
málaga,111444,2026-04-22 08:06:00+00:00,2026-04-22 08:06
guerra irán,97339,2026-04-22 08:06:00+00:00,2026-04-22 08:06
regularización,97237,2026-04-22 08:06:00+00:00,2026-04-22 08:06
diario,92203,2026-04-22 08:06:00+00:00,2026-04-22 08:06
ormuz,91695,2026-04-22 08:06:00+00:00,2026-04-22 08:06
final,89820,2026-04-22 08:06:00+00:00,2026-04-22 08:06
muere,80235,2026-04-22 08:06:00+00:00,2026-04-22 08:06
vivienda,80121,2026-04-22 08:06:00+00:00,2026-04-22 08:06
ue,77431,2026-04-22 08:06:00+00:00,2026-04-22 08:06
aragón,76351,2026-04-22 08:06:00+00:00,2026-04-22 08:06
20,75438,2026-04-22 08:06:00+00:00,2026-04-22 08:06
santa,74852,2026-04-22 08:06:00+00:00,2026-04-22 08:06
anuncia,74272,2026-04-22 08:06:00+00:00,2026-04-22 08:06
the,72728,2026-04-22 08:06:00+00:00,2026-04-22 08:06
mundial,72107,2026-04-22 08:06:00+00:00,2026-04-22 08:06
español,72096,2026-04-22 08:06:00+00:00,2026-04-22 08:06
plan,71420,2026-04-22 08:06:00+00:00,2026-04-22 08:06
internacional,449568,2026-04-22 08:36:00+00:00,2026-04-22 08:36
irán,275939,2026-04-22 08:36:00+00:00,2026-04-22 08:36
trump,234412,2026-04-22 08:36:00+00:00,2026-04-22 08:36
guerra,228836,2026-04-22 08:36:00+00:00,2026-04-22 08:36
sánchez,175262,2026-04-22 08:36:00+00:00,2026-04-22 08:36
israel,129624,2026-04-22 08:36:00+00:00,2026-04-22 08:36
málaga,111222,2026-04-22 08:36:00+00:00,2026-04-22 08:36
guerra irán,97353,2026-04-22 08:36:00+00:00,2026-04-22 08:36
regularización,97046,2026-04-22 08:36:00+00:00,2026-04-22 08:36
diario,92824,2026-04-22 08:36:00+00:00,2026-04-22 08:36
ormuz,91471,2026-04-22 08:36:00+00:00,2026-04-22 08:36
final,89692,2026-04-22 08:36:00+00:00,2026-04-22 08:36
vivienda,80318,2026-04-22 08:36:00+00:00,2026-04-22 08:36
muere,79761,2026-04-22 08:36:00+00:00,2026-04-22 08:36
ue,77438,2026-04-22 08:36:00+00:00,2026-04-22 08:36
aragón,76356,2026-04-22 08:36:00+00:00,2026-04-22 08:36
20,74884,2026-04-22 08:36:00+00:00,2026-04-22 08:36
santa,74857,2026-04-22 08:36:00+00:00,2026-04-22 08:36
anuncia,74178,2026-04-22 08:36:00+00:00,2026-04-22 08:36
the,72532,2026-04-22 08:36:00+00:00,2026-04-22 08:36
español,72294,2026-04-22 08:36:00+00:00,2026-04-22 08:36
mundial,72268,2026-04-22 08:36:00+00:00,2026-04-22 08:36
plan,71378,2026-04-22 08:36:00+00:00,2026-04-22 08:36
internacional,450602,2026-04-22 09:06:00+00:00,2026-04-22 09:06
irán,276573,2026-04-22 09:06:00+00:00,2026-04-22 09:06
trump,234539,2026-04-22 09:06:00+00:00,2026-04-22 09:06
guerra,229291,2026-04-22 09:06:00+00:00,2026-04-22 09:06
sánchez,176005,2026-04-22 09:06:00+00:00,2026-04-22 09:06
israel,129337,2026-04-22 09:06:00+00:00,2026-04-22 09:06
málaga,111163,2026-04-22 09:06:00+00:00,2026-04-22 09:06
guerra irán,97912,2026-04-22 09:06:00+00:00,2026-04-22 09:06
regularización,97434,2026-04-22 09:06:00+00:00,2026-04-22 09:06
diario,92563,2026-04-22 09:06:00+00:00,2026-04-22 09:06
ormuz,92020,2026-04-22 09:06:00+00:00,2026-04-22 09:06
final,89588,2026-04-22 09:06:00+00:00,2026-04-22 09:06
vivienda,80548,2026-04-22 09:06:00+00:00,2026-04-22 09:06
muere,79267,2026-04-22 09:06:00+00:00,2026-04-22 09:06
ue,77388,2026-04-22 09:06:00+00:00,2026-04-22 09:06
aragón,76302,2026-04-22 09:06:00+00:00,2026-04-22 09:06
20,74889,2026-04-22 09:06:00+00:00,2026-04-22 09:06
santa,74862,2026-04-22 09:06:00+00:00,2026-04-22 09:06
anuncia,74188,2026-04-22 09:06:00+00:00,2026-04-22 09:06
the,72714,2026-04-22 09:06:00+00:00,2026-04-22 09:06
mundial,72275,2026-04-22 09:06:00+00:00,2026-04-22 09:06
español,72234,2026-04-22 09:06:00+00:00,2026-04-22 09:06
plan,71474,2026-04-22 09:06:00+00:00,2026-04-22 09:06
internacional,447789,2026-04-22 09:36:00+00:00,2026-04-22 09:36
irán,276641,2026-04-22 09:36:00+00:00,2026-04-22 09:36
trump,234732,2026-04-22 09:36:00+00:00,2026-04-22 09:36
guerra,229038,2026-04-22 09:36:00+00:00,2026-04-22 09:36
sánchez,175649,2026-04-22 09:36:00+00:00,2026-04-22 09:36
israel,129257,2026-04-22 09:36:00+00:00,2026-04-22 09:36
málaga,110936,2026-04-22 09:36:00+00:00,2026-04-22 09:36
guerra irán,98077,2026-04-22 09:36:00+00:00,2026-04-22 09:36
regularización,97620,2026-04-22 09:36:00+00:00,2026-04-22 09:36
diario,92797,2026-04-22 09:36:00+00:00,2026-04-22 09:36
ormuz,92087,2026-04-22 09:36:00+00:00,2026-04-22 09:36
final,89420,2026-04-22 09:36:00+00:00,2026-04-22 09:36
vivienda,80343,2026-04-22 09:36:00+00:00,2026-04-22 09:36
muere,79118,2026-04-22 09:36:00+00:00,2026-04-22 09:36
ue,78029,2026-04-22 09:36:00+00:00,2026-04-22 09:36
aragón,76891,2026-04-22 09:36:00+00:00,2026-04-22 09:36
20,75446,2026-04-22 09:36:00+00:00,2026-04-22 09:36
santa,74599,2026-04-22 09:36:00+00:00,2026-04-22 09:36
anuncia,74179,2026-04-22 09:36:00+00:00,2026-04-22 09:36
the,73185,2026-04-22 09:36:00+00:00,2026-04-22 09:36
español,72474,2026-04-22 09:36:00+00:00,2026-04-22 09:36
mundial,72270,2026-04-22 09:36:00+00:00,2026-04-22 09:36
economía,72034,2026-04-22 09:36:00+00:00,2026-04-22 09:36
internacional,450830,2026-04-22 10:06:00+00:00,2026-04-22 10:06
irán,276723,2026-04-22 10:06:00+00:00,2026-04-22 10:06
trump,235163,2026-04-22 10:06:00+00:00,2026-04-22 10:06
guerra,228835,2026-04-22 10:06:00+00:00,2026-04-22 10:06
sánchez,176445,2026-04-22 10:06:00+00:00,2026-04-22 10:06
israel,129406,2026-04-22 10:06:00+00:00,2026-04-22 10:06
málaga,111728,2026-04-22 10:06:00+00:00,2026-04-22 10:06
guerra irán,97881,2026-04-22 10:06:00+00:00,2026-04-22 10:06
regularización,97462,2026-04-22 10:06:00+00:00,2026-04-22 10:06
diario,92415,2026-04-22 10:06:00+00:00,2026-04-22 10:06
ormuz,92384,2026-04-22 10:06:00+00:00,2026-04-22 10:06
final,89366,2026-04-22 10:06:00+00:00,2026-04-22 10:06
vivienda,80927,2026-04-22 10:06:00+00:00,2026-04-22 10:06
muere,79008,2026-04-22 10:06:00+00:00,2026-04-22 10:06
ue,78414,2026-04-22 10:06:00+00:00,2026-04-22 10:06
aragón,77674,2026-04-22 10:06:00+00:00,2026-04-22 10:06
20,75471,2026-04-22 10:06:00+00:00,2026-04-22 10:06
santa,74612,2026-04-22 10:06:00+00:00,2026-04-22 10:06
anuncia,74352,2026-04-22 10:06:00+00:00,2026-04-22 10:06
economía,73124,2026-04-22 10:06:00+00:00,2026-04-22 10:06
the,72881,2026-04-22 10:06:00+00:00,2026-04-22 10:06
español,72246,2026-04-22 10:06:00+00:00,2026-04-22 10:06
mundial,72203,2026-04-22 10:06:00+00:00,2026-04-22 10:06
internacional,450598,2026-04-22 10:36:00+00:00,2026-04-22 10:36
irán,277295,2026-04-22 10:36:00+00:00,2026-04-22 10:36
trump,235490,2026-04-22 10:36:00+00:00,2026-04-22 10:36
guerra,229223,2026-04-22 10:36:00+00:00,2026-04-22 10:36
sánchez,176995,2026-04-22 10:36:00+00:00,2026-04-22 10:36
israel,130564,2026-04-22 10:36:00+00:00,2026-04-22 10:36
málaga,111080,2026-04-22 10:36:00+00:00,2026-04-22 10:36
guerra irán,98196,2026-04-22 10:36:00+00:00,2026-04-22 10:36
regularización,97780,2026-04-22 10:36:00+00:00,2026-04-22 10:36
ormuz,93160,2026-04-22 10:36:00+00:00,2026-04-22 10:36
diario,91922,2026-04-22 10:36:00+00:00,2026-04-22 10:36
final,88641,2026-04-22 10:36:00+00:00,2026-04-22 10:36
vivienda,81762,2026-04-22 10:36:00+00:00,2026-04-22 10:36
ue,78806,2026-04-22 10:36:00+00:00,2026-04-22 10:36
muere,78552,2026-04-22 10:36:00+00:00,2026-04-22 10:36
aragón,76618,2026-04-22 10:36:00+00:00,2026-04-22 10:36
20,74972,2026-04-22 10:36:00+00:00,2026-04-22 10:36
anuncia,74905,2026-04-22 10:36:00+00:00,2026-04-22 10:36
santa,74813,2026-04-22 10:36:00+00:00,2026-04-22 10:36
economía,73189,2026-04-22 10:36:00+00:00,2026-04-22 10:36
the,72685,2026-04-22 10:36:00+00:00,2026-04-22 10:36
español,72319,2026-04-22 10:36:00+00:00,2026-04-22 10:36
mundial,72190,2026-04-22 10:36:00+00:00,2026-04-22 10:36
internacional,446796,2026-04-22 11:06:00+00:00,2026-04-22 11:06
irán,277499,2026-04-22 11:06:00+00:00,2026-04-22 11:06
trump,235799,2026-04-22 11:06:00+00:00,2026-04-22 11:06
guerra,229521,2026-04-22 11:06:00+00:00,2026-04-22 11:06
sánchez,176690,2026-04-22 11:06:00+00:00,2026-04-22 11:06
israel,130326,2026-04-22 11:06:00+00:00,2026-04-22 11:06
málaga,110768,2026-04-22 11:06:00+00:00,2026-04-22 11:06
guerra irán,98630,2026-04-22 11:06:00+00:00,2026-04-22 11:06
regularización,97523,2026-04-22 11:06:00+00:00,2026-04-22 11:06
ormuz,93602,2026-04-22 11:06:00+00:00,2026-04-22 11:06
diario,91966,2026-04-22 11:06:00+00:00,2026-04-22 11:06
final,88702,2026-04-22 11:06:00+00:00,2026-04-22 11:06
vivienda,81479,2026-04-22 11:06:00+00:00,2026-04-22 11:06
ue,78208,2026-04-22 11:06:00+00:00,2026-04-22 11:06
muere,78133,2026-04-22 11:06:00+00:00,2026-04-22 11:06
aragón,76384,2026-04-22 11:06:00+00:00,2026-04-22 11:06
20,76033,2026-04-22 11:06:00+00:00,2026-04-22 11:06
anuncia,75032,2026-04-22 11:06:00+00:00,2026-04-22 11:06
santa,74809,2026-04-22 11:06:00+00:00,2026-04-22 11:06
the,72834,2026-04-22 11:06:00+00:00,2026-04-22 11:06
economía,72721,2026-04-22 11:06:00+00:00,2026-04-22 11:06
español,72039,2026-04-22 11:06:00+00:00,2026-04-22 11:06
mundial,71944,2026-04-22 11:06:00+00:00,2026-04-22 11:06
internacional,449870,2026-04-22 11:36:00+00:00,2026-04-22 11:36
irán,278131,2026-04-22 11:36:00+00:00,2026-04-22 11:36
trump,235360,2026-04-22 11:36:00+00:00,2026-04-22 11:36
guerra,228802,2026-04-22 11:36:00+00:00,2026-04-22 11:36
sánchez,177127,2026-04-22 11:36:00+00:00,2026-04-22 11:36
israel,130414,2026-04-22 11:36:00+00:00,2026-04-22 11:36
málaga,110615,2026-04-22 11:36:00+00:00,2026-04-22 11:36
guerra irán,98723,2026-04-22 11:36:00+00:00,2026-04-22 11:36
regularización,97481,2026-04-22 11:36:00+00:00,2026-04-22 11:36
ormuz,93959,2026-04-22 11:36:00+00:00,2026-04-22 11:36
diario,91341,2026-04-22 11:36:00+00:00,2026-04-22 11:36
final,88299,2026-04-22 11:36:00+00:00,2026-04-22 11:36
vivienda,81071,2026-04-22 11:36:00+00:00,2026-04-22 11:36
ue,78733,2026-04-22 11:36:00+00:00,2026-04-22 11:36
muere,77539,2026-04-22 11:36:00+00:00,2026-04-22 11:36
aragón,76768,2026-04-22 11:36:00+00:00,2026-04-22 11:36
20,75713,2026-04-22 11:36:00+00:00,2026-04-22 11:36
anuncia,74874,2026-04-22 11:36:00+00:00,2026-04-22 11:36
santa,74788,2026-04-22 11:36:00+00:00,2026-04-22 11:36
economía,73949,2026-04-22 11:36:00+00:00,2026-04-22 11:36
the,72314,2026-04-22 11:36:00+00:00,2026-04-22 11:36
acuerdo,72297,2026-04-22 11:36:00+00:00,2026-04-22 11:36
español,72058,2026-04-22 11:36:00+00:00,2026-04-22 11:36
internacional,450536,2026-04-22 12:07:00+00:00,2026-04-22 12:07
irán,277924,2026-04-22 12:07:00+00:00,2026-04-22 12:07
trump,234829,2026-04-22 12:07:00+00:00,2026-04-22 12:07
guerra,228775,2026-04-22 12:07:00+00:00,2026-04-22 12:07
sánchez,176590,2026-04-22 12:07:00+00:00,2026-04-22 12:07
israel,130378,2026-04-22 12:07:00+00:00,2026-04-22 12:07
málaga,110963,2026-04-22 12:07:00+00:00,2026-04-22 12:07
guerra irán,98969,2026-04-22 12:07:00+00:00,2026-04-22 12:07
regularización,96480,2026-04-22 12:07:00+00:00,2026-04-22 12:07
ormuz,93932,2026-04-22 12:07:00+00:00,2026-04-22 12:07
diario,91712,2026-04-22 12:07:00+00:00,2026-04-22 12:07
final,88349,2026-04-22 12:07:00+00:00,2026-04-22 12:07
vivienda,80606,2026-04-22 12:07:00+00:00,2026-04-22 12:07
ue,79041,2026-04-22 12:07:00+00:00,2026-04-22 12:07
muere,78018,2026-04-22 12:07:00+00:00,2026-04-22 12:07
aragón,75787,2026-04-22 12:07:00+00:00,2026-04-22 12:07
20,74908,2026-04-22 12:07:00+00:00,2026-04-22 12:07
anuncia,74802,2026-04-22 12:07:00+00:00,2026-04-22 12:07
santa,73998,2026-04-22 12:07:00+00:00,2026-04-22 12:07
economía,73522,2026-04-22 12:07:00+00:00,2026-04-22 12:07
the,72778,2026-04-22 12:07:00+00:00,2026-04-22 12:07
acuerdo,72368,2026-04-22 12:07:00+00:00,2026-04-22 12:07
español,71927,2026-04-22 12:07:00+00:00,2026-04-22 12:07
internacional,447543,2026-04-22 12:36:00+00:00,2026-04-22 12:36
irán,277848,2026-04-22 12:36:00+00:00,2026-04-22 12:36
trump,235474,2026-04-22 12:36:00+00:00,2026-04-22 12:36
guerra,228725,2026-04-22 12:36:00+00:00,2026-04-22 12:36
sánchez,177756,2026-04-22 12:36:00+00:00,2026-04-22 12:36
israel,130128,2026-04-22 12:36:00+00:00,2026-04-22 12:36
málaga,111230,2026-04-22 12:36:00+00:00,2026-04-22 12:36
guerra irán,99041,2026-04-22 12:36:00+00:00,2026-04-22 12:36
regularización,96663,2026-04-22 12:36:00+00:00,2026-04-22 12:36
ormuz,94268,2026-04-22 12:36:00+00:00,2026-04-22 12:36
diario,91609,2026-04-22 12:36:00+00:00,2026-04-22 12:36
final,88754,2026-04-22 12:36:00+00:00,2026-04-22 12:36
vivienda,80786,2026-04-22 12:36:00+00:00,2026-04-22 12:36
ue,79149,2026-04-22 12:36:00+00:00,2026-04-22 12:36
muere,77933,2026-04-22 12:36:00+00:00,2026-04-22 12:36
aragón,75729,2026-04-22 12:36:00+00:00,2026-04-22 12:36
20,75247,2026-04-22 12:36:00+00:00,2026-04-22 12:36
anuncia,75102,2026-04-22 12:36:00+00:00,2026-04-22 12:36
santa,74205,2026-04-22 12:36:00+00:00,2026-04-22 12:36
nacional,72699,2026-04-22 12:36:00+00:00,2026-04-22 12:36
economía,72583,2026-04-22 12:36:00+00:00,2026-04-22 12:36
español,72438,2026-04-22 12:36:00+00:00,2026-04-22 12:36
the,72309,2026-04-22 12:36:00+00:00,2026-04-22 12:36
internacional,446524,2026-04-22 13:06:00+00:00,2026-04-22 13:06
irán,277796,2026-04-22 13:06:00+00:00,2026-04-22 13:06
trump,235521,2026-04-22 13:06:00+00:00,2026-04-22 13:06
guerra,228590,2026-04-22 13:06:00+00:00,2026-04-22 13:06
sánchez,177812,2026-04-22 13:06:00+00:00,2026-04-22 13:06
israel,130469,2026-04-22 13:06:00+00:00,2026-04-22 13:06
málaga,111843,2026-04-22 13:06:00+00:00,2026-04-22 13:06
guerra irán,98952,2026-04-22 13:06:00+00:00,2026-04-22 13:06
regularización,97898,2026-04-22 13:06:00+00:00,2026-04-22 13:06
ormuz,94457,2026-04-22 13:06:00+00:00,2026-04-22 13:06
diario,91556,2026-04-22 13:06:00+00:00,2026-04-22 13:06
final,89151,2026-04-22 13:06:00+00:00,2026-04-22 13:06
vivienda,80920,2026-04-22 13:06:00+00:00,2026-04-22 13:06
ue,79420,2026-04-22 13:06:00+00:00,2026-04-22 13:06
muere,77936,2026-04-22 13:06:00+00:00,2026-04-22 13:06
aragón,77109,2026-04-22 13:06:00+00:00,2026-04-22 13:06
20,75253,2026-04-22 13:06:00+00:00,2026-04-22 13:06
anuncia,75040,2026-04-22 13:06:00+00:00,2026-04-22 13:06
santa,73965,2026-04-22 13:06:00+00:00,2026-04-22 13:06
nacional,73422,2026-04-22 13:06:00+00:00,2026-04-22 13:06
the,72709,2026-04-22 13:06:00+00:00,2026-04-22 13:06
español,72582,2026-04-22 13:06:00+00:00,2026-04-22 13:06
economía,72543,2026-04-22 13:06:00+00:00,2026-04-22 13:06
internacional,446187,2026-04-22 13:36:00+00:00,2026-04-22 13:36
irán,277772,2026-04-22 13:36:00+00:00,2026-04-22 13:36
trump,235729,2026-04-22 13:36:00+00:00,2026-04-22 13:36
guerra,228157,2026-04-22 13:36:00+00:00,2026-04-22 13:36
sánchez,177699,2026-04-22 13:36:00+00:00,2026-04-22 13:36
israel,130305,2026-04-22 13:36:00+00:00,2026-04-22 13:36
málaga,111708,2026-04-22 13:36:00+00:00,2026-04-22 13:36
guerra irán,98845,2026-04-22 13:36:00+00:00,2026-04-22 13:36
regularización,97625,2026-04-22 13:36:00+00:00,2026-04-22 13:36
ormuz,94362,2026-04-22 13:36:00+00:00,2026-04-22 13:36
diario,91233,2026-04-22 13:36:00+00:00,2026-04-22 13:36
final,89157,2026-04-22 13:36:00+00:00,2026-04-22 13:36
vivienda,81110,2026-04-22 13:36:00+00:00,2026-04-22 13:36
ue,79426,2026-04-22 13:36:00+00:00,2026-04-22 13:36
muere,77739,2026-04-22 13:36:00+00:00,2026-04-22 13:36
aragón,77552,2026-04-22 13:36:00+00:00,2026-04-22 13:36
nacional,75226,2026-04-22 13:36:00+00:00,2026-04-22 13:36
20,74872,2026-04-22 13:36:00+00:00,2026-04-22 13:36
anuncia,74784,2026-04-22 13:36:00+00:00,2026-04-22 13:36
santa,73415,2026-04-22 13:36:00+00:00,2026-04-22 13:36
the,72837,2026-04-22 13:36:00+00:00,2026-04-22 13:36
economía,72828,2026-04-22 13:36:00+00:00,2026-04-22 13:36
plan,72609,2026-04-22 13:36:00+00:00,2026-04-22 13:36
español,72518,2026-04-22 13:36:00+00:00,2026-04-22 13:36
internacional,447154,2026-04-22 14:06:00+00:00,2026-04-22 14:06
irán,277980,2026-04-22 14:06:00+00:00,2026-04-22 14:06
trump,235774,2026-04-22 14:06:00+00:00,2026-04-22 14:06
guerra,228442,2026-04-22 14:06:00+00:00,2026-04-22 14:06
sánchez,178930,2026-04-22 14:06:00+00:00,2026-04-22 14:06
israel,130340,2026-04-22 14:06:00+00:00,2026-04-22 14:06
málaga,111515,2026-04-22 14:06:00+00:00,2026-04-22 14:06
guerra irán,98937,2026-04-22 14:06:00+00:00,2026-04-22 14:06
regularización,98106,2026-04-22 14:06:00+00:00,2026-04-22 14:06
ormuz,94862,2026-04-22 14:06:00+00:00,2026-04-22 14:06
diario,91218,2026-04-22 14:06:00+00:00,2026-04-22 14:06
final,89163,2026-04-22 14:06:00+00:00,2026-04-22 14:06
vivienda,81591,2026-04-22 14:06:00+00:00,2026-04-22 14:06
ue,79700,2026-04-22 14:06:00+00:00,2026-04-22 14:06
muere,77819,2026-04-22 14:06:00+00:00,2026-04-22 14:06
aragón,77428,2026-04-22 14:06:00+00:00,2026-04-22 14:06
nacional,75575,2026-04-22 14:06:00+00:00,2026-04-22 14:06
20,74608,2026-04-22 14:06:00+00:00,2026-04-22 14:06
anuncia,74491,2026-04-22 14:06:00+00:00,2026-04-22 14:06
the,73631,2026-04-22 14:06:00+00:00,2026-04-22 14:06
santa,73355,2026-04-22 14:06:00+00:00,2026-04-22 14:06
economía,73300,2026-04-22 14:06:00+00:00,2026-04-22 14:06
plan,72855,2026-04-22 14:06:00+00:00,2026-04-22 14:06
español,72534,2026-04-22 14:06:00+00:00,2026-04-22 14:06
internacional,449810,2026-04-22 14:36:00+00:00,2026-04-22 14:36
irán,277861,2026-04-22 14:36:00+00:00,2026-04-22 14:36
trump,235711,2026-04-22 14:36:00+00:00,2026-04-22 14:36
guerra,228377,2026-04-22 14:36:00+00:00,2026-04-22 14:36
sánchez,178873,2026-04-22 14:36:00+00:00,2026-04-22 14:36
israel,130092,2026-04-22 14:36:00+00:00,2026-04-22 14:36
málaga,111153,2026-04-22 14:36:00+00:00,2026-04-22 14:36
regularización,98811,2026-04-22 14:36:00+00:00,2026-04-22 14:36
guerra irán,98800,2026-04-22 14:36:00+00:00,2026-04-22 14:36
ormuz,94725,2026-04-22 14:36:00+00:00,2026-04-22 14:36
diario,91134,2026-04-22 14:36:00+00:00,2026-04-22 14:36
final,89353,2026-04-22 14:36:00+00:00,2026-04-22 14:36
vivienda,82290,2026-04-22 14:36:00+00:00,2026-04-22 14:36
ue,79517,2026-04-22 14:36:00+00:00,2026-04-22 14:36
muere,77990,2026-04-22 14:36:00+00:00,2026-04-22 14:36
aragón,77899,2026-04-22 14:36:00+00:00,2026-04-22 14:36
nacional,76547,2026-04-22 14:36:00+00:00,2026-04-22 14:36
anuncia,74932,2026-04-22 14:36:00+00:00,2026-04-22 14:36
20,74379,2026-04-22 14:36:00+00:00,2026-04-22 14:36
economía,74281,2026-04-22 14:36:00+00:00,2026-04-22 14:36
the,73597,2026-04-22 14:36:00+00:00,2026-04-22 14:36
santa,73312,2026-04-22 14:36:00+00:00,2026-04-22 14:36
plan,73206,2026-04-22 14:36:00+00:00,2026-04-22 14:36
español,72369,2026-04-22 14:36:00+00:00,2026-04-22 14:36
internacional,450081,2026-04-22 15:06:00+00:00,2026-04-22 15:06
irán,278287,2026-04-22 15:06:00+00:00,2026-04-22 15:06
trump,235706,2026-04-22 15:06:00+00:00,2026-04-22 15:06
guerra,228375,2026-04-22 15:06:00+00:00,2026-04-22 15:06
sánchez,178445,2026-04-22 15:06:00+00:00,2026-04-22 15:06
israel,129719,2026-04-22 15:06:00+00:00,2026-04-22 15:06
málaga,110944,2026-04-22 15:06:00+00:00,2026-04-22 15:06
regularización,99362,2026-04-22 15:06:00+00:00,2026-04-22 15:06
guerra irán,99137,2026-04-22 15:06:00+00:00,2026-04-22 15:06
ormuz,94986,2026-04-22 15:06:00+00:00,2026-04-22 15:06
diario,91326,2026-04-22 15:06:00+00:00,2026-04-22 15:06
final,89359,2026-04-22 15:06:00+00:00,2026-04-22 15:06
vivienda,82576,2026-04-22 15:06:00+00:00,2026-04-22 15:06
ue,80126,2026-04-22 15:06:00+00:00,2026-04-22 15:06
aragón,79506,2026-04-22 15:06:00+00:00,2026-04-22 15:06
muere,78088,2026-04-22 15:06:00+00:00,2026-04-22 15:06
nacional,76644,2026-04-22 15:06:00+00:00,2026-04-22 15:06
the,76034,2026-04-22 15:06:00+00:00,2026-04-22 15:06
anuncia,74740,2026-04-22 15:06:00+00:00,2026-04-22 15:06
20,74248,2026-04-22 15:06:00+00:00,2026-04-22 15:06
plan,73737,2026-04-22 15:06:00+00:00,2026-04-22 15:06
economía,73651,2026-04-22 15:06:00+00:00,2026-04-22 15:06
santa,73317,2026-04-22 15:06:00+00:00,2026-04-22 15:06
español,72264,2026-04-22 15:06:00+00:00,2026-04-22 15:06
internacional,447074,2026-04-22 15:36:00+00:00,2026-04-22 15:36
irán,278697,2026-04-22 15:36:00+00:00,2026-04-22 15:36
trump,236282,2026-04-22 15:36:00+00:00,2026-04-22 15:36
guerra,228527,2026-04-22 15:36:00+00:00,2026-04-22 15:36
sánchez,178251,2026-04-22 15:36:00+00:00,2026-04-22 15:36
israel,129405,2026-04-22 15:36:00+00:00,2026-04-22 15:36
málaga,110875,2026-04-22 15:36:00+00:00,2026-04-22 15:36
guerra irán,99117,2026-04-22 15:36:00+00:00,2026-04-22 15:36
regularización,98653,2026-04-22 15:36:00+00:00,2026-04-22 15:36
ormuz,95636,2026-04-22 15:36:00+00:00,2026-04-22 15:36
diario,91167,2026-04-22 15:36:00+00:00,2026-04-22 15:36
final,89213,2026-04-22 15:36:00+00:00,2026-04-22 15:36
vivienda,82878,2026-04-22 15:36:00+00:00,2026-04-22 15:36
aragón,80877,2026-04-22 15:36:00+00:00,2026-04-22 15:36
ue,80028,2026-04-22 15:36:00+00:00,2026-04-22 15:36
muere,77359,2026-04-22 15:36:00+00:00,2026-04-22 15:36
nacional,76686,2026-04-22 15:36:00+00:00,2026-04-22 15:36
the,75951,2026-04-22 15:36:00+00:00,2026-04-22 15:36
anuncia,75025,2026-04-22 15:36:00+00:00,2026-04-22 15:36
20,74330,2026-04-22 15:36:00+00:00,2026-04-22 15:36
plan,73900,2026-04-22 15:36:00+00:00,2026-04-22 15:36
santa,73373,2026-04-22 15:36:00+00:00,2026-04-22 15:36
acuerdo,72722,2026-04-22 15:36:00+00:00,2026-04-22 15:36
internacional,449203,2026-04-22 16:06:00+00:00,2026-04-22 16:06
irán,278657,2026-04-22 16:06:00+00:00,2026-04-22 16:06
trump,236390,2026-04-22 16:06:00+00:00,2026-04-22 16:06
guerra,229111,2026-04-22 16:06:00+00:00,2026-04-22 16:06
sánchez,178280,2026-04-22 16:06:00+00:00,2026-04-22 16:06
israel,129257,2026-04-22 16:06:00+00:00,2026-04-22 16:06
málaga,110735,2026-04-22 16:06:00+00:00,2026-04-22 16:06
guerra irán,99175,2026-04-22 16:06:00+00:00,2026-04-22 16:06
regularización,98914,2026-04-22 16:06:00+00:00,2026-04-22 16:06
ormuz,95702,2026-04-22 16:06:00+00:00,2026-04-22 16:06
diario,91009,2026-04-22 16:06:00+00:00,2026-04-22 16:06
final,88930,2026-04-22 16:06:00+00:00,2026-04-22 16:06
vivienda,82917,2026-04-22 16:06:00+00:00,2026-04-22 16:06
aragón,82071,2026-04-22 16:06:00+00:00,2026-04-22 16:06
ue,80446,2026-04-22 16:06:00+00:00,2026-04-22 16:06
nacional,77329,2026-04-22 16:06:00+00:00,2026-04-22 16:06
muere,77208,2026-04-22 16:06:00+00:00,2026-04-22 16:06
the,75678,2026-04-22 16:06:00+00:00,2026-04-22 16:06
plan,74704,2026-04-22 16:06:00+00:00,2026-04-22 16:06
anuncia,74682,2026-04-22 16:06:00+00:00,2026-04-22 16:06
20,74049,2026-04-22 16:06:00+00:00,2026-04-22 16:06
economía,73652,2026-04-22 16:06:00+00:00,2026-04-22 16:06
santa,73329,2026-04-22 16:06:00+00:00,2026-04-22 16:06
acuerdo,73193,2026-04-22 16:06:00+00:00,2026-04-22 16:06
internacional,445696,2026-04-22 16:36:00+00:00,2026-04-22 16:36
irán,278225,2026-04-22 16:36:00+00:00,2026-04-22 16:36
trump,236246,2026-04-22 16:36:00+00:00,2026-04-22 16:36
guerra,228922,2026-04-22 16:36:00+00:00,2026-04-22 16:36
sánchez,175393,2026-04-22 16:36:00+00:00,2026-04-22 16:36
israel,129111,2026-04-22 16:36:00+00:00,2026-04-22 16:36
málaga,111174,2026-04-22 16:36:00+00:00,2026-04-22 16:36
guerra irán,99230,2026-04-22 16:36:00+00:00,2026-04-22 16:36
regularización,97607,2026-04-22 16:36:00+00:00,2026-04-22 16:36
ormuz,95531,2026-04-22 16:36:00+00:00,2026-04-22 16:36
diario,90884,2026-04-22 16:36:00+00:00,2026-04-22 16:36
final,88765,2026-04-22 16:36:00+00:00,2026-04-22 16:36
aragón,82927,2026-04-22 16:36:00+00:00,2026-04-22 16:36
vivienda,82792,2026-04-22 16:36:00+00:00,2026-04-22 16:36
ue,80268,2026-04-22 16:36:00+00:00,2026-04-22 16:36
muere,77479,2026-04-22 16:36:00+00:00,2026-04-22 16:36
nacional,77396,2026-04-22 16:36:00+00:00,2026-04-22 16:36
plan,75723,2026-04-22 16:36:00+00:00,2026-04-22 16:36
the,75600,2026-04-22 16:36:00+00:00,2026-04-22 16:36
anuncia,74740,2026-04-22 16:36:00+00:00,2026-04-22 16:36
20,74366,2026-04-22 16:36:00+00:00,2026-04-22 16:36
acuerdo,73643,2026-04-22 16:36:00+00:00,2026-04-22 16:36
ia,73566,2026-04-22 16:36:00+00:00,2026-04-22 16:36
santa,73390,2026-04-22 16:36:00+00:00,2026-04-22 16:36
internacional,445340,2026-04-22 17:06:00+00:00,2026-04-22 17:06
irán,277742,2026-04-22 17:06:00+00:00,2026-04-22 17:06
trump,236244,2026-04-22 17:06:00+00:00,2026-04-22 17:06
guerra,228837,2026-04-22 17:06:00+00:00,2026-04-22 17:06
sánchez,174995,2026-04-22 17:06:00+00:00,2026-04-22 17:06
israel,128682,2026-04-22 17:06:00+00:00,2026-04-22 17:06
málaga,110962,2026-04-22 17:06:00+00:00,2026-04-22 17:06
guerra irán,99390,2026-04-22 17:06:00+00:00,2026-04-22 17:06
regularización,97371,2026-04-22 17:06:00+00:00,2026-04-22 17:06
ormuz,95522,2026-04-22 17:06:00+00:00,2026-04-22 17:06
diario,90566,2026-04-22 17:06:00+00:00,2026-04-22 17:06
final,88591,2026-04-22 17:06:00+00:00,2026-04-22 17:06
aragón,83678,2026-04-22 17:06:00+00:00,2026-04-22 17:06
vivienda,82615,2026-04-22 17:06:00+00:00,2026-04-22 17:06
ue,80486,2026-04-22 17:06:00+00:00,2026-04-22 17:06
nacional,77823,2026-04-22 17:06:00+00:00,2026-04-22 17:06
muere,77281,2026-04-22 17:06:00+00:00,2026-04-22 17:06
plan,75967,2026-04-22 17:06:00+00:00,2026-04-22 17:06
the,75354,2026-04-22 17:06:00+00:00,2026-04-22 17:06
anuncia,74592,2026-04-22 17:06:00+00:00,2026-04-22 17:06
acuerdo,74580,2026-04-22 17:06:00+00:00,2026-04-22 17:06
20,73893,2026-04-22 17:06:00+00:00,2026-04-22 17:06
ia,73864,2026-04-22 17:06:00+00:00,2026-04-22 17:06
santa,73395,2026-04-22 17:06:00+00:00,2026-04-22 17:06
internacional,445270,2026-04-22 17:36:00+00:00,2026-04-22 17:36
irán,277761,2026-04-22 17:36:00+00:00,2026-04-22 17:36
trump,235941,2026-04-22 17:36:00+00:00,2026-04-22 17:36
guerra,228754,2026-04-22 17:36:00+00:00,2026-04-22 17:36
sánchez,175412,2026-04-22 17:36:00+00:00,2026-04-22 17:36
israel,128502,2026-04-22 17:36:00+00:00,2026-04-22 17:36
málaga,110880,2026-04-22 17:36:00+00:00,2026-04-22 17:36
guerra irán,99267,2026-04-22 17:36:00+00:00,2026-04-22 17:36
regularización,97246,2026-04-22 17:36:00+00:00,2026-04-22 17:36
ormuz,95410,2026-04-22 17:36:00+00:00,2026-04-22 17:36
diario,91076,2026-04-22 17:36:00+00:00,2026-04-22 17:36
final,89223,2026-04-22 17:36:00+00:00,2026-04-22 17:36
aragón,84570,2026-04-22 17:36:00+00:00,2026-04-22 17:36
vivienda,82850,2026-04-22 17:36:00+00:00,2026-04-22 17:36
ue,80733,2026-04-22 17:36:00+00:00,2026-04-22 17:36
nacional,78178,2026-04-22 17:36:00+00:00,2026-04-22 17:36
muere,77376,2026-04-22 17:36:00+00:00,2026-04-22 17:36
plan,76147,2026-04-22 17:36:00+00:00,2026-04-22 17:36
the,75112,2026-04-22 17:36:00+00:00,2026-04-22 17:36
acuerdo,74681,2026-04-22 17:36:00+00:00,2026-04-22 17:36
anuncia,74506,2026-04-22 17:36:00+00:00,2026-04-22 17:36
20,74337,2026-04-22 17:36:00+00:00,2026-04-22 17:36
ia,73625,2026-04-22 17:36:00+00:00,2026-04-22 17:36
santa,73341,2026-04-22 17:36:00+00:00,2026-04-22 17:36
economía,73235,2026-04-22 17:36:00+00:00,2026-04-22 17:36
internacional,445317,2026-04-22 18:06:00+00:00,2026-04-22 18:06
irán,277784,2026-04-22 18:06:00+00:00,2026-04-22 18:06
trump,236096,2026-04-22 18:06:00+00:00,2026-04-22 18:06
guerra,229079,2026-04-22 18:06:00+00:00,2026-04-22 18:06
sánchez,175545,2026-04-22 18:06:00+00:00,2026-04-22 18:06
israel,128438,2026-04-22 18:06:00+00:00,2026-04-22 18:06
málaga,111170,2026-04-22 18:06:00+00:00,2026-04-22 18:06
guerra irán,99276,2026-04-22 18:06:00+00:00,2026-04-22 18:06
regularización,96739,2026-04-22 18:06:00+00:00,2026-04-22 18:06
ormuz,95557,2026-04-22 18:06:00+00:00,2026-04-22 18:06
diario,90992,2026-04-22 18:06:00+00:00,2026-04-22 18:06
final,89335,2026-04-22 18:06:00+00:00,2026-04-22 18:06
aragón,85594,2026-04-22 18:06:00+00:00,2026-04-22 18:06
vivienda,82848,2026-04-22 18:06:00+00:00,2026-04-22 18:06
ue,80738,2026-04-22 18:06:00+00:00,2026-04-22 18:06
nacional,79335,2026-04-22 18:06:00+00:00,2026-04-22 18:06
muere,77582,2026-04-22 18:06:00+00:00,2026-04-22 18:06
plan,76075,2026-04-22 18:06:00+00:00,2026-04-22 18:06
the,75115,2026-04-22 18:06:00+00:00,2026-04-22 18:06
acuerdo,74793,2026-04-22 18:06:00+00:00,2026-04-22 18:06
anuncia,74311,2026-04-22 18:06:00+00:00,2026-04-22 18:06
20,74200,2026-04-22 18:06:00+00:00,2026-04-22 18:06
ia,73951,2026-04-22 18:06:00+00:00,2026-04-22 18:06
santa,73347,2026-04-22 18:06:00+00:00,2026-04-22 18:06
economía,73181,2026-04-22 18:06:00+00:00,2026-04-22 18:06
internacional,449607,2026-04-22 18:36:00+00:00,2026-04-22 18:36
irán,277714,2026-04-22 18:36:00+00:00,2026-04-22 18:36
trump,235930,2026-04-22 18:36:00+00:00,2026-04-22 18:36
guerra,228841,2026-04-22 18:36:00+00:00,2026-04-22 18:36
sánchez,176228,2026-04-22 18:36:00+00:00,2026-04-22 18:36
israel,128303,2026-04-22 18:36:00+00:00,2026-04-22 18:36
málaga,111029,2026-04-22 18:36:00+00:00,2026-04-22 18:36
guerra irán,99097,2026-04-22 18:36:00+00:00,2026-04-22 18:36
regularización,96391,2026-04-22 18:36:00+00:00,2026-04-22 18:36
ormuz,95747,2026-04-22 18:36:00+00:00,2026-04-22 18:36
diario,91080,2026-04-22 18:36:00+00:00,2026-04-22 18:36
final,89045,2026-04-22 18:36:00+00:00,2026-04-22 18:36
aragón,87299,2026-04-22 18:36:00+00:00,2026-04-22 18:36
vivienda,82539,2026-04-22 18:36:00+00:00,2026-04-22 18:36
ue,80549,2026-04-22 18:36:00+00:00,2026-04-22 18:36
nacional,79483,2026-04-22 18:36:00+00:00,2026-04-22 18:36
muere,77607,2026-04-22 18:36:00+00:00,2026-04-22 18:36
plan,76405,2026-04-22 18:36:00+00:00,2026-04-22 18:36
acuerdo,75154,2026-04-22 18:36:00+00:00,2026-04-22 18:36
ia,75135,2026-04-22 18:36:00+00:00,2026-04-22 18:36
the,75031,2026-04-22 18:36:00+00:00,2026-04-22 18:36
anuncia,74592,2026-04-22 18:36:00+00:00,2026-04-22 18:36
20,74196,2026-04-22 18:36:00+00:00,2026-04-22 18:36
economía,74156,2026-04-22 18:36:00+00:00,2026-04-22 18:36
santa,73340,2026-04-22 18:36:00+00:00,2026-04-22 18:36
internacional,446689,2026-04-22 19:07:00+00:00,2026-04-22 19:07
irán,277680,2026-04-22 19:07:00+00:00,2026-04-22 19:07
trump,235924,2026-04-22 19:07:00+00:00,2026-04-22 19:07
guerra,229198,2026-04-22 19:07:00+00:00,2026-04-22 19:07
sánchez,179117,2026-04-22 19:07:00+00:00,2026-04-22 19:07
israel,127974,2026-04-22 19:07:00+00:00,2026-04-22 19:07
málaga,110453,2026-04-22 19:07:00+00:00,2026-04-22 19:07
guerra irán,99285,2026-04-22 19:07:00+00:00,2026-04-22 19:07
regularización,96911,2026-04-22 19:07:00+00:00,2026-04-22 19:07
ormuz,96131,2026-04-22 19:07:00+00:00,2026-04-22 19:07
diario,91234,2026-04-22 19:07:00+00:00,2026-04-22 19:07
final,88872,2026-04-22 19:07:00+00:00,2026-04-22 19:07
aragón,87631,2026-04-22 19:07:00+00:00,2026-04-22 19:07
vivienda,82580,2026-04-22 19:07:00+00:00,2026-04-22 19:07
nacional,80688,2026-04-22 19:07:00+00:00,2026-04-22 19:07
ue,80300,2026-04-22 19:07:00+00:00,2026-04-22 19:07
muere,77594,2026-04-22 19:07:00+00:00,2026-04-22 19:07
plan,76601,2026-04-22 19:07:00+00:00,2026-04-22 19:07
acuerdo,75376,2026-04-22 19:07:00+00:00,2026-04-22 19:07
the,74950,2026-04-22 19:07:00+00:00,2026-04-22 19:07
ia,74792,2026-04-22 19:07:00+00:00,2026-04-22 19:07
anuncia,74667,2026-04-22 19:07:00+00:00,2026-04-22 19:07
20,74016,2026-04-22 19:07:00+00:00,2026-04-22 19:07
economía,73408,2026-04-22 19:07:00+00:00,2026-04-22 19:07
internacional,447681,2026-04-22 23:06:00+00:00,2026-04-22 23:06
irán,279626,2026-04-22 23:06:00+00:00,2026-04-22 23:06
trump,236466,2026-04-22 23:06:00+00:00,2026-04-22 23:06
guerra,229562,2026-04-22 23:06:00+00:00,2026-04-22 23:06
sánchez,175308,2026-04-22 23:06:00+00:00,2026-04-22 23:06
israel,129118,2026-04-22 23:06:00+00:00,2026-04-22 23:06
málaga,114903,2026-04-22 23:06:00+00:00,2026-04-22 23:06
guerra irán,99547,2026-04-22 23:06:00+00:00,2026-04-22 23:06
ormuz,96671,2026-04-22 23:06:00+00:00,2026-04-22 23:06
regularización,95931,2026-04-22 23:06:00+00:00,2026-04-22 23:06
diario,90996,2026-04-22 23:06:00+00:00,2026-04-22 23:06
aragón,89423,2026-04-22 23:06:00+00:00,2026-04-22 23:06
final,87311,2026-04-22 23:06:00+00:00,2026-04-22 23:06
vivienda,82374,2026-04-22 23:06:00+00:00,2026-04-22 23:06
nacional,81915,2026-04-22 23:06:00+00:00,2026-04-22 23:06
ue,80545,2026-04-22 23:06:00+00:00,2026-04-22 23:06
plan,76995,2026-04-22 23:06:00+00:00,2026-04-22 23:06
muere,76481,2026-04-22 23:06:00+00:00,2026-04-22 23:06
acuerdo,76141,2026-04-22 23:06:00+00:00,2026-04-22 23:06
ia,74909,2026-04-22 23:06:00+00:00,2026-04-22 23:06
the,74640,2026-04-22 23:06:00+00:00,2026-04-22 23:06
anuncia,74479,2026-04-22 23:06:00+00:00,2026-04-22 23:06
español,74099,2026-04-22 23:06:00+00:00,2026-04-22 23:06
santa,73338,2026-04-22 23:06:00+00:00,2026-04-22 23:06
internacional,447852,2026-04-22 23:36:00+00:00,2026-04-22 23:36
irán,279672,2026-04-22 23:36:00+00:00,2026-04-22 23:36
trump,236415,2026-04-22 23:36:00+00:00,2026-04-22 23:36
guerra,229623,2026-04-22 23:36:00+00:00,2026-04-22 23:36
sánchez,175416,2026-04-22 23:36:00+00:00,2026-04-22 23:36
israel,129235,2026-04-22 23:36:00+00:00,2026-04-22 23:36
málaga,115212,2026-04-22 23:36:00+00:00,2026-04-22 23:36
guerra irán,99532,2026-04-22 23:36:00+00:00,2026-04-22 23:36
ormuz,96856,2026-04-22 23:36:00+00:00,2026-04-22 23:36
regularización,95886,2026-04-22 23:36:00+00:00,2026-04-22 23:36
diario,90974,2026-04-22 23:36:00+00:00,2026-04-22 23:36
aragón,89358,2026-04-22 23:36:00+00:00,2026-04-22 23:36
final,87209,2026-04-22 23:36:00+00:00,2026-04-22 23:36
nacional,82029,2026-04-22 23:36:00+00:00,2026-04-22 23:36
vivienda,81987,2026-04-22 23:36:00+00:00,2026-04-22 23:36
ue,80505,2026-04-22 23:36:00+00:00,2026-04-22 23:36
plan,76956,2026-04-22 23:36:00+00:00,2026-04-22 23:36
muere,76802,2026-04-22 23:36:00+00:00,2026-04-22 23:36
acuerdo,76143,2026-04-22 23:36:00+00:00,2026-04-22 23:36
ia,75025,2026-04-22 23:36:00+00:00,2026-04-22 23:36
the,74660,2026-04-22 23:36:00+00:00,2026-04-22 23:36
anuncia,74608,2026-04-22 23:36:00+00:00,2026-04-22 23:36
español,74370,2026-04-22 23:36:00+00:00,2026-04-22 23:36
santa,73295,2026-04-22 23:36:00+00:00,2026-04-22 23:36
internacional,447574,2026-04-23 00:06:00+00:00,2026-04-23 00:06
irán,280220,2026-04-23 00:06:00+00:00,2026-04-23 00:06
trump,236867,2026-04-23 00:06:00+00:00,2026-04-23 00:06
guerra,229574,2026-04-23 00:06:00+00:00,2026-04-23 00:06
sánchez,175495,2026-04-23 00:06:00+00:00,2026-04-23 00:06
israel,129467,2026-04-23 00:06:00+00:00,2026-04-23 00:06
málaga,115214,2026-04-23 00:06:00+00:00,2026-04-23 00:06
guerra irán,99538,2026-04-23 00:06:00+00:00,2026-04-23 00:06
ormuz,97068,2026-04-23 00:06:00+00:00,2026-04-23 00:06
regularización,95775,2026-04-23 00:06:00+00:00,2026-04-23 00:06
diario,91310,2026-04-23 00:06:00+00:00,2026-04-23 00:06
aragón,89316,2026-04-23 00:06:00+00:00,2026-04-23 00:06
final,86969,2026-04-23 00:06:00+00:00,2026-04-23 00:06
vivienda,82142,2026-04-23 00:06:00+00:00,2026-04-23 00:06
nacional,81879,2026-04-23 00:06:00+00:00,2026-04-23 00:06
ue,80768,2026-04-23 00:06:00+00:00,2026-04-23 00:06
plan,77112,2026-04-23 00:06:00+00:00,2026-04-23 00:06
acuerdo,76885,2026-04-23 00:06:00+00:00,2026-04-23 00:06
muere,76704,2026-04-23 00:06:00+00:00,2026-04-23 00:06
ia,75026,2026-04-23 00:06:00+00:00,2026-04-23 00:06
the,74661,2026-04-23 00:06:00+00:00,2026-04-23 00:06
anuncia,74496,2026-04-23 00:06:00+00:00,2026-04-23 00:06
español,74257,2026-04-23 00:06:00+00:00,2026-04-23 00:06
economía,73281,2026-04-23 00:06:00+00:00,2026-04-23 00:06
internacional,448546,2026-04-23 00:36:00+00:00,2026-04-23 00:36
irán,280229,2026-04-23 00:36:00+00:00,2026-04-23 00:36
trump,236839,2026-04-23 00:36:00+00:00,2026-04-23 00:36
guerra,229579,2026-04-23 00:36:00+00:00,2026-04-23 00:36
sánchez,175499,2026-04-23 00:36:00+00:00,2026-04-23 00:36
israel,129469,2026-04-23 00:36:00+00:00,2026-04-23 00:36
málaga,115214,2026-04-23 00:36:00+00:00,2026-04-23 00:36
guerra irán,99539,2026-04-23 00:36:00+00:00,2026-04-23 00:36
ormuz,97070,2026-04-23 00:36:00+00:00,2026-04-23 00:36
regularización,95776,2026-04-23 00:36:00+00:00,2026-04-23 00:36
diario,91312,2026-04-23 00:36:00+00:00,2026-04-23 00:36
aragón,89317,2026-04-23 00:36:00+00:00,2026-04-23 00:36
final,86904,2026-04-23 00:36:00+00:00,2026-04-23 00:36
vivienda,82052,2026-04-23 00:36:00+00:00,2026-04-23 00:36
nacional,81880,2026-04-23 00:36:00+00:00,2026-04-23 00:36
ue,80769,2026-04-23 00:36:00+00:00,2026-04-23 00:36
plan,77021,2026-04-23 00:36:00+00:00,2026-04-23 00:36
acuerdo,76776,2026-04-23 00:36:00+00:00,2026-04-23 00:36
muere,76704,2026-04-23 00:36:00+00:00,2026-04-23 00:36
ia,74910,2026-04-23 00:36:00+00:00,2026-04-23 00:36
the,74662,2026-04-23 00:36:00+00:00,2026-04-23 00:36
anuncia,74497,2026-04-23 00:36:00+00:00,2026-04-23 00:36
español,74237,2026-04-23 00:36:00+00:00,2026-04-23 00:36
economía,73282,2026-04-23 00:36:00+00:00,2026-04-23 00:36
internacional,449032,2026-04-23 01:06:00+00:00,2026-04-23 01:06
irán,280381,2026-04-23 01:06:00+00:00,2026-04-23 01:06
trump,237827,2026-04-23 01:06:00+00:00,2026-04-23 01:06
guerra,230397,2026-04-23 01:06:00+00:00,2026-04-23 01:06
sánchez,175049,2026-04-23 01:06:00+00:00,2026-04-23 01:06
israel,129237,2026-04-23 01:06:00+00:00,2026-04-23 01:06
málaga,115411,2026-04-23 01:06:00+00:00,2026-04-23 01:06
guerra irán,99798,2026-04-23 01:06:00+00:00,2026-04-23 01:06
ormuz,97145,2026-04-23 01:06:00+00:00,2026-04-23 01:06
regularización,95571,2026-04-23 01:06:00+00:00,2026-04-23 01:06
diario,91108,2026-04-23 01:06:00+00:00,2026-04-23 01:06
aragón,89813,2026-04-23 01:06:00+00:00,2026-04-23 01:06
final,86863,2026-04-23 01:06:00+00:00,2026-04-23 01:06
nacional,82492,2026-04-23 01:06:00+00:00,2026-04-23 01:06
vivienda,82411,2026-04-23 01:06:00+00:00,2026-04-23 01:06
ue,81055,2026-04-23 01:06:00+00:00,2026-04-23 01:06
plan,77319,2026-04-23 01:06:00+00:00,2026-04-23 01:06
muere,77022,2026-04-23 01:06:00+00:00,2026-04-23 01:06
acuerdo,76929,2026-04-23 01:06:00+00:00,2026-04-23 01:06
ia,75364,2026-04-23 01:06:00+00:00,2026-04-23 01:06
the,74672,2026-04-23 01:06:00+00:00,2026-04-23 01:06
anuncia,74374,2026-04-23 01:06:00+00:00,2026-04-23 01:06
economía,73544,2026-04-23 01:06:00+00:00,2026-04-23 01:06
internacional,450151,2026-04-23 01:36:00+00:00,2026-04-23 01:36
irán,280677,2026-04-23 01:36:00+00:00,2026-04-23 01:36
trump,237836,2026-04-23 01:36:00+00:00,2026-04-23 01:36
guerra,230408,2026-04-23 01:36:00+00:00,2026-04-23 01:36
sánchez,175579,2026-04-23 01:36:00+00:00,2026-04-23 01:36
israel,128955,2026-04-23 01:36:00+00:00,2026-04-23 01:36
málaga,115414,2026-04-23 01:36:00+00:00,2026-04-23 01:36
guerra irán,99801,2026-04-23 01:36:00+00:00,2026-04-23 01:36
ormuz,97253,2026-04-23 01:36:00+00:00,2026-04-23 01:36
regularización,95574,2026-04-23 01:36:00+00:00,2026-04-23 01:36
diario,91061,2026-04-23 01:36:00+00:00,2026-04-23 01:36
aragón,89815,2026-04-23 01:36:00+00:00,2026-04-23 01:36
final,86865,2026-04-23 01:36:00+00:00,2026-04-23 01:36
nacional,82760,2026-04-23 01:36:00+00:00,2026-04-23 01:36
vivienda,82414,2026-04-23 01:36:00+00:00,2026-04-23 01:36
ue,81438,2026-04-23 01:36:00+00:00,2026-04-23 01:36
plan,77321,2026-04-23 01:36:00+00:00,2026-04-23 01:36
muere,77022,2026-04-23 01:36:00+00:00,2026-04-23 01:36
acuerdo,76933,2026-04-23 01:36:00+00:00,2026-04-23 01:36
ia,75366,2026-04-23 01:36:00+00:00,2026-04-23 01:36
the,74673,2026-04-23 01:36:00+00:00,2026-04-23 01:36
anuncia,74376,2026-04-23 01:36:00+00:00,2026-04-23 01:36
economía,73547,2026-04-23 01:36:00+00:00,2026-04-23 01:36
español,73444,2026-04-23 01:36:00+00:00,2026-04-23 01:36
internacional,449602,2026-04-23 02:06:00+00:00,2026-04-23 02:06
irán,280579,2026-04-23 02:06:00+00:00,2026-04-23 02:06
trump,237798,2026-04-23 02:06:00+00:00,2026-04-23 02:06
guerra,230309,2026-04-23 02:06:00+00:00,2026-04-23 02:06
sánchez,175331,2026-04-23 02:06:00+00:00,2026-04-23 02:06
israel,128956,2026-04-23 02:06:00+00:00,2026-04-23 02:06
málaga,115414,2026-04-23 02:06:00+00:00,2026-04-23 02:06
guerra irán,99801,2026-04-23 02:06:00+00:00,2026-04-23 02:06
ormuz,97254,2026-04-23 02:06:00+00:00,2026-04-23 02:06
regularización,95266,2026-04-23 02:06:00+00:00,2026-04-23 02:06
diario,91061,2026-04-23 02:06:00+00:00,2026-04-23 02:06
aragón,90061,2026-04-23 02:06:00+00:00,2026-04-23 02:06
final,86866,2026-04-23 02:06:00+00:00,2026-04-23 02:06
nacional,82761,2026-04-23 02:06:00+00:00,2026-04-23 02:06
vivienda,82414,2026-04-23 02:06:00+00:00,2026-04-23 02:06
ue,81039,2026-04-23 02:06:00+00:00,2026-04-23 02:06
plan,77322,2026-04-23 02:06:00+00:00,2026-04-23 02:06
acuerdo,76935,2026-04-23 02:06:00+00:00,2026-04-23 02:06
muere,76910,2026-04-23 02:06:00+00:00,2026-04-23 02:06
ia,75366,2026-04-23 02:06:00+00:00,2026-04-23 02:06
the,74673,2026-04-23 02:06:00+00:00,2026-04-23 02:06
anuncia,74377,2026-04-23 02:06:00+00:00,2026-04-23 02:06
economía,73547,2026-04-23 02:06:00+00:00,2026-04-23 02:06
internacional,450152,2026-04-23 02:36:00+00:00,2026-04-23 02:36
irán,280584,2026-04-23 02:36:00+00:00,2026-04-23 02:36
trump,237702,2026-04-23 02:36:00+00:00,2026-04-23 02:36
guerra,230313,2026-04-23 02:36:00+00:00,2026-04-23 02:36
sánchez,175333,2026-04-23 02:36:00+00:00,2026-04-23 02:36
israel,128958,2026-04-23 02:36:00+00:00,2026-04-23 02:36
málaga,115415,2026-04-23 02:36:00+00:00,2026-04-23 02:36
guerra irán,99802,2026-04-23 02:36:00+00:00,2026-04-23 02:36
ormuz,97255,2026-04-23 02:36:00+00:00,2026-04-23 02:36
regularización,94767,2026-04-23 02:36:00+00:00,2026-04-23 02:36
diario,91063,2026-04-23 02:36:00+00:00,2026-04-23 02:36
aragón,90062,2026-04-23 02:36:00+00:00,2026-04-23 02:36
final,86867,2026-04-23 02:36:00+00:00,2026-04-23 02:36
nacional,82762,2026-04-23 02:36:00+00:00,2026-04-23 02:36
vivienda,82415,2026-04-23 02:36:00+00:00,2026-04-23 02:36
ue,81039,2026-04-23 02:36:00+00:00,2026-04-23 02:36
plan,77323,2026-04-23 02:36:00+00:00,2026-04-23 02:36
muere,76910,2026-04-23 02:36:00+00:00,2026-04-23 02:36
acuerdo,76858,2026-04-23 02:36:00+00:00,2026-04-23 02:36
ia,75367,2026-04-23 02:36:00+00:00,2026-04-23 02:36
the,74674,2026-04-23 02:36:00+00:00,2026-04-23 02:36
anuncia,74377,2026-04-23 02:36:00+00:00,2026-04-23 02:36
economía,73548,2026-04-23 02:36:00+00:00,2026-04-23 02:36
internacional,448576,2026-04-23 03:36:00+00:00,2026-04-23 03:36
irán,281064,2026-04-23 03:36:00+00:00,2026-04-23 03:36
trump,238507,2026-04-23 03:36:00+00:00,2026-04-23 03:36
guerra,229930,2026-04-23 03:36:00+00:00,2026-04-23 03:36
sánchez,178021,2026-04-23 03:36:00+00:00,2026-04-23 03:36
israel,128533,2026-04-23 03:36:00+00:00,2026-04-23 03:36
málaga,115313,2026-04-23 03:36:00+00:00,2026-04-23 03:36
guerra irán,99909,2026-04-23 03:36:00+00:00,2026-04-23 03:36
ormuz,96619,2026-04-23 03:36:00+00:00,2026-04-23 03:36
regularización,94630,2026-04-23 03:36:00+00:00,2026-04-23 03:36
aragón,92634,2026-04-23 03:36:00+00:00,2026-04-23 03:36
diario,90969,2026-04-23 03:36:00+00:00,2026-04-23 03:36
final,86792,2026-04-23 03:36:00+00:00,2026-04-23 03:36
nacional,83436,2026-04-23 03:36:00+00:00,2026-04-23 03:36
vivienda,81977,2026-04-23 03:36:00+00:00,2026-04-23 03:36
ue,81080,2026-04-23 03:36:00+00:00,2026-04-23 03:36
acuerdo,77030,2026-04-23 03:36:00+00:00,2026-04-23 03:36
muere,76523,2026-04-23 03:36:00+00:00,2026-04-23 03:36
plan,76504,2026-04-23 03:36:00+00:00,2026-04-23 03:36
ia,74992,2026-04-23 03:36:00+00:00,2026-04-23 03:36
anuncia,74753,2026-04-23 03:36:00+00:00,2026-04-23 03:36
the,73681,2026-04-23 03:36:00+00:00,2026-04-23 03:36
economía,73669,2026-04-23 03:36:00+00:00,2026-04-23 03:36
internacional,448452,2026-04-23 04:06:00+00:00,2026-04-23 04:06
irán,281602,2026-04-23 04:06:00+00:00,2026-04-23 04:06
trump,238090,2026-04-23 04:06:00+00:00,2026-04-23 04:06
guerra,230168,2026-04-23 04:06:00+00:00,2026-04-23 04:06
sánchez,178216,2026-04-23 04:06:00+00:00,2026-04-23 04:06
israel,128384,2026-04-23 04:06:00+00:00,2026-04-23 04:06
málaga,114688,2026-04-23 04:06:00+00:00,2026-04-23 04:06
guerra irán,100143,2026-04-23 04:06:00+00:00,2026-04-23 04:06
ormuz,96806,2026-04-23 04:06:00+00:00,2026-04-23 04:06
regularización,95176,2026-04-23 04:06:00+00:00,2026-04-23 04:06
aragón,93022,2026-04-23 04:06:00+00:00,2026-04-23 04:06
diario,90278,2026-04-23 04:06:00+00:00,2026-04-23 04:06
final,86780,2026-04-23 04:06:00+00:00,2026-04-23 04:06
nacional,83882,2026-04-23 04:06:00+00:00,2026-04-23 04:06
vivienda,82614,2026-04-23 04:06:00+00:00,2026-04-23 04:06
ue,80432,2026-04-23 04:06:00+00:00,2026-04-23 04:06
acuerdo,77160,2026-04-23 04:06:00+00:00,2026-04-23 04:06
muere,76424,2026-04-23 04:06:00+00:00,2026-04-23 04:06
plan,75811,2026-04-23 04:06:00+00:00,2026-04-23 04:06
ia,74939,2026-04-23 04:06:00+00:00,2026-04-23 04:06
anuncia,74701,2026-04-23 04:06:00+00:00,2026-04-23 04:06
the,74023,2026-04-23 04:06:00+00:00,2026-04-23 04:06
economía,73674,2026-04-23 04:06:00+00:00,2026-04-23 04:06
internacional,449317,2026-04-23 04:36:00+00:00,2026-04-23 04:36
irán,282033,2026-04-23 04:36:00+00:00,2026-04-23 04:36
trump,237433,2026-04-23 04:36:00+00:00,2026-04-23 04:36
guerra,230690,2026-04-23 04:36:00+00:00,2026-04-23 04:36
sánchez,178362,2026-04-23 04:36:00+00:00,2026-04-23 04:36
israel,128626,2026-04-23 04:36:00+00:00,2026-04-23 04:36
málaga,115172,2026-04-23 04:36:00+00:00,2026-04-23 04:36
guerra irán,100542,2026-04-23 04:36:00+00:00,2026-04-23 04:36
ormuz,96808,2026-04-23 04:36:00+00:00,2026-04-23 04:36
regularización,96024,2026-04-23 04:36:00+00:00,2026-04-23 04:36
aragón,94007,2026-04-23 04:36:00+00:00,2026-04-23 04:36
diario,91153,2026-04-23 04:36:00+00:00,2026-04-23 04:36
final,86816,2026-04-23 04:36:00+00:00,2026-04-23 04:36
nacional,84977,2026-04-23 04:36:00+00:00,2026-04-23 04:36
vivienda,83113,2026-04-23 04:36:00+00:00,2026-04-23 04:36
ue,80208,2026-04-23 04:36:00+00:00,2026-04-23 04:36
acuerdo,77120,2026-04-23 04:36:00+00:00,2026-04-23 04:36
muere,76828,2026-04-23 04:36:00+00:00,2026-04-23 04:36
ia,75773,2026-04-23 04:36:00+00:00,2026-04-23 04:36
plan,75738,2026-04-23 04:36:00+00:00,2026-04-23 04:36
anuncia,74603,2026-04-23 04:36:00+00:00,2026-04-23 04:36
the,73957,2026-04-23 04:36:00+00:00,2026-04-23 04:36
economía,73728,2026-04-23 04:36:00+00:00,2026-04-23 04:36
20,73407,2026-04-23 04:36:00+00:00,2026-04-23 04:36
internacional,449356,2026-04-23 05:07:00+00:00,2026-04-23 05:07
irán,281822,2026-04-23 05:07:00+00:00,2026-04-23 05:07
trump,237184,2026-04-23 05:07:00+00:00,2026-04-23 05:07
guerra,230687,2026-04-23 05:07:00+00:00,2026-04-23 05:07
sánchez,178370,2026-04-23 05:07:00+00:00,2026-04-23 05:07
israel,128336,2026-04-23 05:07:00+00:00,2026-04-23 05:07
málaga,115040,2026-04-23 05:07:00+00:00,2026-04-23 05:07
guerra irán,100395,2026-04-23 05:07:00+00:00,2026-04-23 05:07
ormuz,96811,2026-04-23 05:07:00+00:00,2026-04-23 05:07
regularización,96026,2026-04-23 05:07:00+00:00,2026-04-23 05:07
aragón,94009,2026-04-23 05:07:00+00:00,2026-04-23 05:07
diario,91832,2026-04-23 05:07:00+00:00,2026-04-23 05:07
final,86818,2026-04-23 05:07:00+00:00,2026-04-23 05:07
nacional,84979,2026-04-23 05:07:00+00:00,2026-04-23 05:07
vivienda,83115,2026-04-23 05:07:00+00:00,2026-04-23 05:07
ue,80160,2026-04-23 05:07:00+00:00,2026-04-23 05:07
acuerdo,76998,2026-04-23 05:07:00+00:00,2026-04-23 05:07
muere,76678,2026-04-23 05:07:00+00:00,2026-04-23 05:07
plan,75740,2026-04-23 05:07:00+00:00,2026-04-23 05:07
ia,75634,2026-04-23 05:07:00+00:00,2026-04-23 05:07
the,74894,2026-04-23 05:07:00+00:00,2026-04-23 05:07
anuncia,74500,2026-04-23 05:07:00+00:00,2026-04-23 05:07
economía,73730,2026-04-23 05:07:00+00:00,2026-04-23 05:07
20,73488,2026-04-23 05:07:00+00:00,2026-04-23 05:07
internacional,449725,2026-04-23 05:36:00+00:00,2026-04-23 05:36
irán,281595,2026-04-23 05:36:00+00:00,2026-04-23 05:36
trump,237324,2026-04-23 05:36:00+00:00,2026-04-23 05:36
guerra,231001,2026-04-23 05:36:00+00:00,2026-04-23 05:36
sánchez,178077,2026-04-23 05:36:00+00:00,2026-04-23 05:36
israel,128095,2026-04-23 05:36:00+00:00,2026-04-23 05:36
málaga,114975,2026-04-23 05:36:00+00:00,2026-04-23 05:36
guerra irán,100685,2026-04-23 05:36:00+00:00,2026-04-23 05:36
ormuz,96828,2026-04-23 05:36:00+00:00,2026-04-23 05:36
regularización,96523,2026-04-23 05:36:00+00:00,2026-04-23 05:36
aragón,94258,2026-04-23 05:36:00+00:00,2026-04-23 05:36
diario,91272,2026-04-23 05:36:00+00:00,2026-04-23 05:36
final,86594,2026-04-23 05:36:00+00:00,2026-04-23 05:36
nacional,84836,2026-04-23 05:36:00+00:00,2026-04-23 05:36
vivienda,82570,2026-04-23 05:36:00+00:00,2026-04-23 05:36
ue,80328,2026-04-23 05:36:00+00:00,2026-04-23 05:36
acuerdo,77159,2026-04-23 05:36:00+00:00,2026-04-23 05:36
muere,76223,2026-04-23 05:36:00+00:00,2026-04-23 05:36
plan,75688,2026-04-23 05:36:00+00:00,2026-04-23 05:36
ia,75322,2026-04-23 05:36:00+00:00,2026-04-23 05:36
the,74967,2026-04-23 05:36:00+00:00,2026-04-23 05:36
anuncia,74911,2026-04-23 05:36:00+00:00,2026-04-23 05:36
economía,73921,2026-04-23 05:36:00+00:00,2026-04-23 05:36
20,73590,2026-04-23 05:36:00+00:00,2026-04-23 05:36
internacional,449182,2026-04-23 06:06:00+00:00,2026-04-23 06:06
irán,278522,2026-04-23 06:06:00+00:00,2026-04-23 06:06
trump,236069,2026-04-23 06:06:00+00:00,2026-04-23 06:06
guerra,229486,2026-04-23 06:06:00+00:00,2026-04-23 06:06
sánchez,178120,2026-04-23 06:06:00+00:00,2026-04-23 06:06
israel,128792,2026-04-23 06:06:00+00:00,2026-04-23 06:06
málaga,114856,2026-04-23 06:06:00+00:00,2026-04-23 06:06
guerra irán,99209,2026-04-23 06:06:00+00:00,2026-04-23 06:06
regularización,96450,2026-04-23 06:06:00+00:00,2026-04-23 06:06
ormuz,95942,2026-04-23 06:06:00+00:00,2026-04-23 06:06
aragón,94337,2026-04-23 06:06:00+00:00,2026-04-23 06:06
diario,91360,2026-04-23 06:06:00+00:00,2026-04-23 06:06
final,86645,2026-04-23 06:06:00+00:00,2026-04-23 06:06
nacional,84804,2026-04-23 06:06:00+00:00,2026-04-23 06:06
vivienda,82575,2026-04-23 06:06:00+00:00,2026-04-23 06:06
ue,80393,2026-04-23 06:06:00+00:00,2026-04-23 06:06
acuerdo,77155,2026-04-23 06:06:00+00:00,2026-04-23 06:06
muere,76586,2026-04-23 06:06:00+00:00,2026-04-23 06:06
plan,76011,2026-04-23 06:06:00+00:00,2026-04-23 06:06
ia,75227,2026-04-23 06:06:00+00:00,2026-04-23 06:06
anuncia,74986,2026-04-23 06:06:00+00:00,2026-04-23 06:06
the,74969,2026-04-23 06:06:00+00:00,2026-04-23 06:06
economía,74258,2026-04-23 06:06:00+00:00,2026-04-23 06:06
20,73350,2026-04-23 06:06:00+00:00,2026-04-23 06:06
internacional,450212,2026-04-23 06:36:00+00:00,2026-04-23 06:36
irán,278060,2026-04-23 06:36:00+00:00,2026-04-23 06:36
trump,235547,2026-04-23 06:36:00+00:00,2026-04-23 06:36
guerra,229625,2026-04-23 06:36:00+00:00,2026-04-23 06:36
sánchez,178026,2026-04-23 06:36:00+00:00,2026-04-23 06:36
israel,128613,2026-04-23 06:36:00+00:00,2026-04-23 06:36
málaga,115627,2026-04-23 06:36:00+00:00,2026-04-23 06:36
guerra irán,99457,2026-04-23 06:36:00+00:00,2026-04-23 06:36
regularización,96254,2026-04-23 06:36:00+00:00,2026-04-23 06:36
ormuz,95997,2026-04-23 06:36:00+00:00,2026-04-23 06:36
aragón,94383,2026-04-23 06:36:00+00:00,2026-04-23 06:36
diario,91371,2026-04-23 06:36:00+00:00,2026-04-23 06:36
final,86651,2026-04-23 06:36:00+00:00,2026-04-23 06:36
nacional,85373,2026-04-23 06:36:00+00:00,2026-04-23 06:36
vivienda,82310,2026-04-23 06:36:00+00:00,2026-04-23 06:36
ue,80051,2026-04-23 06:36:00+00:00,2026-04-23 06:36
acuerdo,77492,2026-04-23 06:36:00+00:00,2026-04-23 06:36
muere,76328,2026-04-23 06:36:00+00:00,2026-04-23 06:36
plan,75742,2026-04-23 06:36:00+00:00,2026-04-23 06:36
anuncia,75380,2026-04-23 06:36:00+00:00,2026-04-23 06:36
ia,74942,2026-04-23 06:36:00+00:00,2026-04-23 06:36
the,74919,2026-04-23 06:36:00+00:00,2026-04-23 06:36
economía,74149,2026-04-23 06:36:00+00:00,2026-04-23 06:36
20,73357,2026-04-23 06:36:00+00:00,2026-04-23 06:36
internacional,451175,2026-04-23 07:06:00+00:00,2026-04-23 07:06
irán,278564,2026-04-23 07:06:00+00:00,2026-04-23 07:06
trump,236216,2026-04-23 07:06:00+00:00,2026-04-23 07:06
guerra,229645,2026-04-23 07:06:00+00:00,2026-04-23 07:06
sánchez,178200,2026-04-23 07:06:00+00:00,2026-04-23 07:06
israel,128628,2026-04-23 07:06:00+00:00,2026-04-23 07:06
málaga,116453,2026-04-23 07:06:00+00:00,2026-04-23 07:06
guerra irán,99524,2026-04-23 07:06:00+00:00,2026-04-23 07:06
regularización,96801,2026-04-23 07:06:00+00:00,2026-04-23 07:06
ormuz,96417,2026-04-23 07:06:00+00:00,2026-04-23 07:06
aragón,95071,2026-04-23 07:06:00+00:00,2026-04-23 07:06
diario,91244,2026-04-23 07:06:00+00:00,2026-04-23 07:06
final,86653,2026-04-23 07:06:00+00:00,2026-04-23 07:06
nacional,86099,2026-04-23 07:06:00+00:00,2026-04-23 07:06
vivienda,82315,2026-04-23 07:06:00+00:00,2026-04-23 07:06
ue,80729,2026-04-23 07:06:00+00:00,2026-04-23 07:06
acuerdo,77822,2026-04-23 07:06:00+00:00,2026-04-23 07:06
muere,76211,2026-04-23 07:06:00+00:00,2026-04-23 07:06
plan,75626,2026-04-23 07:06:00+00:00,2026-04-23 07:06
anuncia,75396,2026-04-23 07:06:00+00:00,2026-04-23 07:06
ia,74957,2026-04-23 07:06:00+00:00,2026-04-23 07:06
the,74700,2026-04-23 07:06:00+00:00,2026-04-23 07:06
economía,74333,2026-04-23 07:06:00+00:00,2026-04-23 07:06
mundial,73451,2026-04-23 07:06:00+00:00,2026-04-23 07:06
internacional,450193,2026-04-23 07:36:00+00:00,2026-04-23 07:36
irán,278507,2026-04-23 07:36:00+00:00,2026-04-23 07:36
trump,235633,2026-04-23 07:36:00+00:00,2026-04-23 07:36
guerra,229359,2026-04-23 07:36:00+00:00,2026-04-23 07:36
sánchez,177971,2026-04-23 07:36:00+00:00,2026-04-23 07:36
israel,128839,2026-04-23 07:36:00+00:00,2026-04-23 07:36
málaga,116419,2026-04-23 07:36:00+00:00,2026-04-23 07:36
guerra irán,99622,2026-04-23 07:36:00+00:00,2026-04-23 07:36
regularización,97118,2026-04-23 07:36:00+00:00,2026-04-23 07:36
ormuz,96574,2026-04-23 07:36:00+00:00,2026-04-23 07:36
aragón,95342,2026-04-23 07:36:00+00:00,2026-04-23 07:36
diario,91471,2026-04-23 07:36:00+00:00,2026-04-23 07:36
final,86955,2026-04-23 07:36:00+00:00,2026-04-23 07:36
nacional,86049,2026-04-23 07:36:00+00:00,2026-04-23 07:36
vivienda,82475,2026-04-23 07:36:00+00:00,2026-04-23 07:36
ue,80492,2026-04-23 07:36:00+00:00,2026-04-23 07:36
acuerdo,77666,2026-04-23 07:36:00+00:00,2026-04-23 07:36
muere,76596,2026-04-23 07:36:00+00:00,2026-04-23 07:36
anuncia,75635,2026-04-23 07:36:00+00:00,2026-04-23 07:36
plan,75514,2026-04-23 07:36:00+00:00,2026-04-23 07:36
ia,75017,2026-04-23 07:36:00+00:00,2026-04-23 07:36
economía,74458,2026-04-23 07:36:00+00:00,2026-04-23 07:36
the,74163,2026-04-23 07:36:00+00:00,2026-04-23 07:36
mundial,73973,2026-04-23 07:36:00+00:00,2026-04-23 07:36
internacional,450839,2026-04-23 08:06:00+00:00,2026-04-23 08:06
irán,278949,2026-04-23 08:06:00+00:00,2026-04-23 08:06
trump,235350,2026-04-23 08:06:00+00:00,2026-04-23 08:06
guerra,229907,2026-04-23 08:06:00+00:00,2026-04-23 08:06
sánchez,177826,2026-04-23 08:06:00+00:00,2026-04-23 08:06
israel,128823,2026-04-23 08:06:00+00:00,2026-04-23 08:06
málaga,116879,2026-04-23 08:06:00+00:00,2026-04-23 08:06
guerra irán,99893,2026-04-23 08:06:00+00:00,2026-04-23 08:06
ormuz,97404,2026-04-23 08:06:00+00:00,2026-04-23 08:06
regularización,96576,2026-04-23 08:06:00+00:00,2026-04-23 08:06
aragón,95519,2026-04-23 08:06:00+00:00,2026-04-23 08:06
diario,91747,2026-04-23 08:06:00+00:00,2026-04-23 08:06
final,87210,2026-04-23 08:06:00+00:00,2026-04-23 08:06
nacional,86695,2026-04-23 08:06:00+00:00,2026-04-23 08:06
vivienda,82286,2026-04-23 08:06:00+00:00,2026-04-23 08:06
ue,80529,2026-04-23 08:06:00+00:00,2026-04-23 08:06
acuerdo,77482,2026-04-23 08:06:00+00:00,2026-04-23 08:06
muere,76324,2026-04-23 08:06:00+00:00,2026-04-23 08:06
plan,75785,2026-04-23 08:06:00+00:00,2026-04-23 08:06
anuncia,75456,2026-04-23 08:06:00+00:00,2026-04-23 08:06
ia,74970,2026-04-23 08:06:00+00:00,2026-04-23 08:06
the,74452,2026-04-23 08:06:00+00:00,2026-04-23 08:06
economía,74230,2026-04-23 08:06:00+00:00,2026-04-23 08:06
mundial,73895,2026-04-23 08:06:00+00:00,2026-04-23 08:06
internacional,454964,2026-04-23 08:36:00+00:00,2026-04-23 08:36
irán,279230,2026-04-23 08:36:00+00:00,2026-04-23 08:36
trump,235559,2026-04-23 08:36:00+00:00,2026-04-23 08:36
guerra,229901,2026-04-23 08:36:00+00:00,2026-04-23 08:36
sánchez,177911,2026-04-23 08:36:00+00:00,2026-04-23 08:36
israel,128211,2026-04-23 08:36:00+00:00,2026-04-23 08:36
málaga,117616,2026-04-23 08:36:00+00:00,2026-04-23 08:36
guerra irán,100068,2026-04-23 08:36:00+00:00,2026-04-23 08:36
ormuz,97518,2026-04-23 08:36:00+00:00,2026-04-23 08:36
regularización,96724,2026-04-23 08:36:00+00:00,2026-04-23 08:36
aragón,95941,2026-04-23 08:36:00+00:00,2026-04-23 08:36
diario,91533,2026-04-23 08:36:00+00:00,2026-04-23 08:36
final,87667,2026-04-23 08:36:00+00:00,2026-04-23 08:36
nacional,87131,2026-04-23 08:36:00+00:00,2026-04-23 08:36
vivienda,81915,2026-04-23 08:36:00+00:00,2026-04-23 08:36
ue,80178,2026-04-23 08:36:00+00:00,2026-04-23 08:36
muere,77933,2026-04-23 08:36:00+00:00,2026-04-23 08:36
acuerdo,77884,2026-04-23 08:36:00+00:00,2026-04-23 08:36
plan,76131,2026-04-23 08:36:00+00:00,2026-04-23 08:36
ia,75660,2026-04-23 08:36:00+00:00,2026-04-23 08:36
anuncia,75389,2026-04-23 08:36:00+00:00,2026-04-23 08:36
economía,74900,2026-04-23 08:36:00+00:00,2026-04-23 08:36
the,74568,2026-04-23 08:36:00+00:00,2026-04-23 08:36
español,74348,2026-04-23 08:36:00+00:00,2026-04-23 08:36
internacional,454730,2026-04-23 09:06:00+00:00,2026-04-23 09:06
irán,279718,2026-04-23 09:06:00+00:00,2026-04-23 09:06
trump,236189,2026-04-23 09:06:00+00:00,2026-04-23 09:06
guerra,230397,2026-04-23 09:06:00+00:00,2026-04-23 09:06
sánchez,177757,2026-04-23 09:06:00+00:00,2026-04-23 09:06
israel,128075,2026-04-23 09:06:00+00:00,2026-04-23 09:06
málaga,117349,2026-04-23 09:06:00+00:00,2026-04-23 09:06
guerra irán,100025,2026-04-23 09:06:00+00:00,2026-04-23 09:06
ormuz,97694,2026-04-23 09:06:00+00:00,2026-04-23 09:06
regularización,96652,2026-04-23 09:06:00+00:00,2026-04-23 09:06
aragón,95849,2026-04-23 09:06:00+00:00,2026-04-23 09:06
diario,91278,2026-04-23 09:06:00+00:00,2026-04-23 09:06
final,87350,2026-04-23 09:06:00+00:00,2026-04-23 09:06
nacional,87108,2026-04-23 09:06:00+00:00,2026-04-23 09:06
vivienda,80630,2026-04-23 09:06:00+00:00,2026-04-23 09:06
ue,79096,2026-04-23 09:06:00+00:00,2026-04-23 09:06
muere,78865,2026-04-23 09:06:00+00:00,2026-04-23 09:06
acuerdo,77366,2026-04-23 09:06:00+00:00,2026-04-23 09:06
plan,76417,2026-04-23 09:06:00+00:00,2026-04-23 09:06
economía,75579,2026-04-23 09:06:00+00:00,2026-04-23 09:06
anuncia,75540,2026-04-23 09:06:00+00:00,2026-04-23 09:06
ia,74812,2026-04-23 09:06:00+00:00,2026-04-23 09:06
the,74460,2026-04-23 09:06:00+00:00,2026-04-23 09:06
español,74416,2026-04-23 09:06:00+00:00,2026-04-23 09:06
internacional,456514,2026-04-23 09:36:00+00:00,2026-04-23 09:36
irán,279342,2026-04-23 09:36:00+00:00,2026-04-23 09:36
trump,236267,2026-04-23 09:36:00+00:00,2026-04-23 09:36
guerra,230319,2026-04-23 09:36:00+00:00,2026-04-23 09:36
sánchez,177721,2026-04-23 09:36:00+00:00,2026-04-23 09:36
israel,127919,2026-04-23 09:36:00+00:00,2026-04-23 09:36
málaga,117979,2026-04-23 09:36:00+00:00,2026-04-23 09:36
guerra irán,99646,2026-04-23 09:36:00+00:00,2026-04-23 09:36
ormuz,97681,2026-04-23 09:36:00+00:00,2026-04-23 09:36
regularización,95918,2026-04-23 09:36:00+00:00,2026-04-23 09:36
aragón,95877,2026-04-23 09:36:00+00:00,2026-04-23 09:36
diario,91479,2026-04-23 09:36:00+00:00,2026-04-23 09:36
nacional,87604,2026-04-23 09:36:00+00:00,2026-04-23 09:36
final,87253,2026-04-23 09:36:00+00:00,2026-04-23 09:36
vivienda,80517,2026-04-23 09:36:00+00:00,2026-04-23 09:36
ue,79405,2026-04-23 09:36:00+00:00,2026-04-23 09:36
muere,79211,2026-04-23 09:36:00+00:00,2026-04-23 09:36
acuerdo,77570,2026-04-23 09:36:00+00:00,2026-04-23 09:36
plan,76315,2026-04-23 09:36:00+00:00,2026-04-23 09:36
economía,75376,2026-04-23 09:36:00+00:00,2026-04-23 09:36
ia,75354,2026-04-23 09:36:00+00:00,2026-04-23 09:36
anuncia,75249,2026-04-23 09:36:00+00:00,2026-04-23 09:36
the,74617,2026-04-23 09:36:00+00:00,2026-04-23 09:36
español,74569,2026-04-23 09:36:00+00:00,2026-04-23 09:36
internacional,454654,2026-04-23 10:06:00+00:00,2026-04-23 10:06
irán,279888,2026-04-23 10:06:00+00:00,2026-04-23 10:06
trump,236184,2026-04-23 10:06:00+00:00,2026-04-23 10:06
guerra,230464,2026-04-23 10:06:00+00:00,2026-04-23 10:06
sánchez,177435,2026-04-23 10:06:00+00:00,2026-04-23 10:06
israel,127922,2026-04-23 10:06:00+00:00,2026-04-23 10:06
málaga,118559,2026-04-23 10:06:00+00:00,2026-04-23 10:06
guerra irán,99912,2026-04-23 10:06:00+00:00,2026-04-23 10:06
ormuz,97906,2026-04-23 10:06:00+00:00,2026-04-23 10:06
regularización,96141,2026-04-23 10:06:00+00:00,2026-04-23 10:06
aragón,95709,2026-04-23 10:06:00+00:00,2026-04-23 10:06
diario,91256,2026-04-23 10:06:00+00:00,2026-04-23 10:06
nacional,87650,2026-04-23 10:06:00+00:00,2026-04-23 10:06
final,86528,2026-04-23 10:06:00+00:00,2026-04-23 10:06
vivienda,79947,2026-04-23 10:06:00+00:00,2026-04-23 10:06
ue,79679,2026-04-23 10:06:00+00:00,2026-04-23 10:06
muere,79510,2026-04-23 10:06:00+00:00,2026-04-23 10:06
acuerdo,77576,2026-04-23 10:06:00+00:00,2026-04-23 10:06
plan,75625,2026-04-23 10:06:00+00:00,2026-04-23 10:06
economía,75534,2026-04-23 10:06:00+00:00,2026-04-23 10:06
the,75456,2026-04-23 10:06:00+00:00,2026-04-23 10:06
anuncia,75440,2026-04-23 10:06:00+00:00,2026-04-23 10:06
ia,75017,2026-04-23 10:06:00+00:00,2026-04-23 10:06
español,74368,2026-04-23 10:06:00+00:00,2026-04-23 10:06
internacional,456627,2026-04-23 10:36:00+00:00,2026-04-23 10:36
irán,280028,2026-04-23 10:36:00+00:00,2026-04-23 10:36
trump,236094,2026-04-23 10:36:00+00:00,2026-04-23 10:36
guerra,230541,2026-04-23 10:36:00+00:00,2026-04-23 10:36
sánchez,177273,2026-04-23 10:36:00+00:00,2026-04-23 10:36
israel,127666,2026-04-23 10:36:00+00:00,2026-04-23 10:36
málaga,118699,2026-04-23 10:36:00+00:00,2026-04-23 10:36
guerra irán,100022,2026-04-23 10:36:00+00:00,2026-04-23 10:36
ormuz,98039,2026-04-23 10:36:00+00:00,2026-04-23 10:36
aragón,95464,2026-04-23 10:36:00+00:00,2026-04-23 10:36
regularización,95440,2026-04-23 10:36:00+00:00,2026-04-23 10:36
diario,91104,2026-04-23 10:36:00+00:00,2026-04-23 10:36
nacional,88561,2026-04-23 10:36:00+00:00,2026-04-23 10:36
final,86118,2026-04-23 10:36:00+00:00,2026-04-23 10:36
muere,80175,2026-04-23 10:36:00+00:00,2026-04-23 10:36
ue,79966,2026-04-23 10:36:00+00:00,2026-04-23 10:36
vivienda,79270,2026-04-23 10:36:00+00:00,2026-04-23 10:36
acuerdo,77435,2026-04-23 10:36:00+00:00,2026-04-23 10:36
plan,75426,2026-04-23 10:36:00+00:00,2026-04-23 10:36
economía,75218,2026-04-23 10:36:00+00:00,2026-04-23 10:36
anuncia,75176,2026-04-23 10:36:00+00:00,2026-04-23 10:36
the,75006,2026-04-23 10:36:00+00:00,2026-04-23 10:36
juicio,74887,2026-04-23 10:36:00+00:00,2026-04-23 10:36
ia,74620,2026-04-23 10:36:00+00:00,2026-04-23 10:36
internacional,460834,2026-04-23 11:36:00+00:00,2026-04-23 11:36
irán,280092,2026-04-23 11:36:00+00:00,2026-04-23 11:36
trump,235383,2026-04-23 11:36:00+00:00,2026-04-23 11:36
guerra,231283,2026-04-23 11:36:00+00:00,2026-04-23 11:36
sánchez,176962,2026-04-23 11:36:00+00:00,2026-04-23 11:36
israel,127500,2026-04-23 11:36:00+00:00,2026-04-23 11:36
málaga,118732,2026-04-23 11:36:00+00:00,2026-04-23 11:36
guerra irán,99874,2026-04-23 11:36:00+00:00,2026-04-23 11:36
ormuz,98491,2026-04-23 11:36:00+00:00,2026-04-23 11:36
aragón,96169,2026-04-23 11:36:00+00:00,2026-04-23 11:36
regularización,95174,2026-04-23 11:36:00+00:00,2026-04-23 11:36
diario,90066,2026-04-23 11:36:00+00:00,2026-04-23 11:36
nacional,88991,2026-04-23 11:36:00+00:00,2026-04-23 11:36
final,85561,2026-04-23 11:36:00+00:00,2026-04-23 11:36
muere,81135,2026-04-23 11:36:00+00:00,2026-04-23 11:36
ue,79027,2026-04-23 11:36:00+00:00,2026-04-23 11:36
vivienda,78240,2026-04-23 11:36:00+00:00,2026-04-23 11:36
acuerdo,76900,2026-04-23 11:36:00+00:00,2026-04-23 11:36
economía,76179,2026-04-23 11:36:00+00:00,2026-04-23 11:36
mundial,76054,2026-04-23 11:36:00+00:00,2026-04-23 11:36
juicio,75754,2026-04-23 11:36:00+00:00,2026-04-23 11:36
ia,75314,2026-04-23 11:36:00+00:00,2026-04-23 11:36
the,75251,2026-04-23 11:36:00+00:00,2026-04-23 11:36
anuncia,75141,2026-04-23 11:36:00+00:00,2026-04-23 11:36
español,74627,2026-04-23 11:36:00+00:00,2026-04-23 11:36
internacional,462227,2026-04-23 12:07:00+00:00,2026-04-23 12:07
irán,280176,2026-04-23 12:07:00+00:00,2026-04-23 12:07
trump,236129,2026-04-23 12:07:00+00:00,2026-04-23 12:07
guerra,231303,2026-04-23 12:07:00+00:00,2026-04-23 12:07
sánchez,177259,2026-04-23 12:07:00+00:00,2026-04-23 12:07
israel,127473,2026-04-23 12:07:00+00:00,2026-04-23 12:07
málaga,118563,2026-04-23 12:07:00+00:00,2026-04-23 12:07
guerra irán,99728,2026-04-23 12:07:00+00:00,2026-04-23 12:07
ormuz,98539,2026-04-23 12:07:00+00:00,2026-04-23 12:07
aragón,95695,2026-04-23 12:07:00+00:00,2026-04-23 12:07
regularización,94014,2026-04-23 12:07:00+00:00,2026-04-23 12:07
diario,90036,2026-04-23 12:07:00+00:00,2026-04-23 12:07
nacional,89349,2026-04-23 12:07:00+00:00,2026-04-23 12:07
final,85578,2026-04-23 12:07:00+00:00,2026-04-23 12:07
muere,81070,2026-04-23 12:07:00+00:00,2026-04-23 12:07
ue,79255,2026-04-23 12:07:00+00:00,2026-04-23 12:07
vivienda,78340,2026-04-23 12:07:00+00:00,2026-04-23 12:07
acuerdo,77133,2026-04-23 12:07:00+00:00,2026-04-23 12:07
mundial,76991,2026-04-23 12:07:00+00:00,2026-04-23 12:07
economía,76963,2026-04-23 12:07:00+00:00,2026-04-23 12:07
juicio,76547,2026-04-23 12:07:00+00:00,2026-04-23 12:07
the,75572,2026-04-23 12:07:00+00:00,2026-04-23 12:07
ia,75491,2026-04-23 12:07:00+00:00,2026-04-23 12:07
anuncia,74796,2026-04-23 12:07:00+00:00,2026-04-23 12:07
20,74640,2026-04-23 12:07:00+00:00,2026-04-23 12:07
internacional,459551,2026-04-23 12:36:00+00:00,2026-04-23 12:36
irán,280267,2026-04-23 12:36:00+00:00,2026-04-23 12:36
trump,236073,2026-04-23 12:36:00+00:00,2026-04-23 12:36
guerra,231289,2026-04-23 12:36:00+00:00,2026-04-23 12:36
sánchez,176493,2026-04-23 12:36:00+00:00,2026-04-23 12:36
israel,127563,2026-04-23 12:36:00+00:00,2026-04-23 12:36
málaga,117984,2026-04-23 12:36:00+00:00,2026-04-23 12:36
guerra irán,99729,2026-04-23 12:36:00+00:00,2026-04-23 12:36
ormuz,98398,2026-04-23 12:36:00+00:00,2026-04-23 12:36
aragón,95296,2026-04-23 12:36:00+00:00,2026-04-23 12:36
regularización,93126,2026-04-23 12:36:00+00:00,2026-04-23 12:36
nacional,89901,2026-04-23 12:36:00+00:00,2026-04-23 12:36
diario,89776,2026-04-23 12:36:00+00:00,2026-04-23 12:36
final,85478,2026-04-23 12:36:00+00:00,2026-04-23 12:36
muere,80981,2026-04-23 12:36:00+00:00,2026-04-23 12:36
ue,79744,2026-04-23 12:36:00+00:00,2026-04-23 12:36
mundial,79588,2026-04-23 12:36:00+00:00,2026-04-23 12:36
acuerdo,77721,2026-04-23 12:36:00+00:00,2026-04-23 12:36
vivienda,77225,2026-04-23 12:36:00+00:00,2026-04-23 12:36
juicio,76713,2026-04-23 12:36:00+00:00,2026-04-23 12:36
economía,76261,2026-04-23 12:36:00+00:00,2026-04-23 12:36
ia,75887,2026-04-23 12:36:00+00:00,2026-04-23 12:36
the,75521,2026-04-23 12:36:00+00:00,2026-04-23 12:36
20,75244,2026-04-23 12:36:00+00:00,2026-04-23 12:36
anuncia,75006,2026-04-23 12:36:00+00:00,2026-04-23 12:36
internacional,460109,2026-04-23 13:06:00+00:00,2026-04-23 13:06
irán,280029,2026-04-23 13:06:00+00:00,2026-04-23 13:06
trump,235702,2026-04-23 13:06:00+00:00,2026-04-23 13:06
guerra,231318,2026-04-23 13:06:00+00:00,2026-04-23 13:06
sánchez,175889,2026-04-23 13:06:00+00:00,2026-04-23 13:06
israel,127373,2026-04-23 13:06:00+00:00,2026-04-23 13:06
málaga,118673,2026-04-23 13:06:00+00:00,2026-04-23 13:06
guerra irán,99725,2026-04-23 13:06:00+00:00,2026-04-23 13:06
ormuz,98406,2026-04-23 13:06:00+00:00,2026-04-23 13:06
aragón,95674,2026-04-23 13:06:00+00:00,2026-04-23 13:06
regularización,92179,2026-04-23 13:06:00+00:00,2026-04-23 13:06
nacional,89989,2026-04-23 13:06:00+00:00,2026-04-23 13:06
diario,89780,2026-04-23 13:06:00+00:00,2026-04-23 13:06
final,85284,2026-04-23 13:06:00+00:00,2026-04-23 13:06
muere,80843,2026-04-23 13:06:00+00:00,2026-04-23 13:06
mundial,80114,2026-04-23 13:06:00+00:00,2026-04-23 13:06
ue,79696,2026-04-23 13:06:00+00:00,2026-04-23 13:06
acuerdo,77872,2026-04-23 13:06:00+00:00,2026-04-23 13:06
juicio,77392,2026-04-23 13:06:00+00:00,2026-04-23 13:06
vivienda,77099,2026-04-23 13:06:00+00:00,2026-04-23 13:06
ia,76404,2026-04-23 13:06:00+00:00,2026-04-23 13:06
anuncia,76129,2026-04-23 13:06:00+00:00,2026-04-23 13:06
economía,76124,2026-04-23 13:06:00+00:00,2026-04-23 13:06
the,76009,2026-04-23 13:06:00+00:00,2026-04-23 13:06
20,75401,2026-04-23 13:06:00+00:00,2026-04-23 13:06
internacional,460055,2026-04-23 13:36:00+00:00,2026-04-23 13:36
irán,280256,2026-04-23 13:36:00+00:00,2026-04-23 13:36
trump,236450,2026-04-23 13:36:00+00:00,2026-04-23 13:36
guerra,231842,2026-04-23 13:36:00+00:00,2026-04-23 13:36
sánchez,175537,2026-04-23 13:36:00+00:00,2026-04-23 13:36
israel,127715,2026-04-23 13:36:00+00:00,2026-04-23 13:36
málaga,119290,2026-04-23 13:36:00+00:00,2026-04-23 13:36
guerra irán,99727,2026-04-23 13:36:00+00:00,2026-04-23 13:36
ormuz,99442,2026-04-23 13:36:00+00:00,2026-04-23 13:36
aragón,95816,2026-04-23 13:36:00+00:00,2026-04-23 13:36
regularización,90504,2026-04-23 13:36:00+00:00,2026-04-23 13:36
diario,90064,2026-04-23 13:36:00+00:00,2026-04-23 13:36
nacional,89892,2026-04-23 13:36:00+00:00,2026-04-23 13:36
final,85236,2026-04-23 13:36:00+00:00,2026-04-23 13:36
muere,80604,2026-04-23 13:36:00+00:00,2026-04-23 13:36
mundial,80265,2026-04-23 13:36:00+00:00,2026-04-23 13:36
ue,79566,2026-04-23 13:36:00+00:00,2026-04-23 13:36
juicio,78031,2026-04-23 13:36:00+00:00,2026-04-23 13:36
acuerdo,77908,2026-04-23 13:36:00+00:00,2026-04-23 13:36
vivienda,76982,2026-04-23 13:36:00+00:00,2026-04-23 13:36
economía,76148,2026-04-23 13:36:00+00:00,2026-04-23 13:36
the,76012,2026-04-23 13:36:00+00:00,2026-04-23 13:36
ia,76007,2026-04-23 13:36:00+00:00,2026-04-23 13:36
anuncia,76003,2026-04-23 13:36:00+00:00,2026-04-23 13:36
20,75276,2026-04-23 13:36:00+00:00,2026-04-23 13:36
internacional,460775,2026-04-23 14:06:00+00:00,2026-04-23 14:06
irán,280591,2026-04-23 14:06:00+00:00,2026-04-23 14:06
trump,237344,2026-04-23 14:06:00+00:00,2026-04-23 14:06
guerra,232404,2026-04-23 14:06:00+00:00,2026-04-23 14:06
sánchez,175482,2026-04-23 14:06:00+00:00,2026-04-23 14:06
israel,127609,2026-04-23 14:06:00+00:00,2026-04-23 14:06
málaga,119690,2026-04-23 14:06:00+00:00,2026-04-23 14:06
ormuz,100645,2026-04-23 14:06:00+00:00,2026-04-23 14:06
guerra irán,100175,2026-04-23 14:06:00+00:00,2026-04-23 14:06
aragón,96720,2026-04-23 14:06:00+00:00,2026-04-23 14:06
diario,90200,2026-04-23 14:06:00+00:00,2026-04-23 14:06
regularización,90123,2026-04-23 14:06:00+00:00,2026-04-23 14:06
nacional,89742,2026-04-23 14:06:00+00:00,2026-04-23 14:06
final,85107,2026-04-23 14:06:00+00:00,2026-04-23 14:06
mundial,80855,2026-04-23 14:06:00+00:00,2026-04-23 14:06
muere,80008,2026-04-23 14:06:00+00:00,2026-04-23 14:06
ue,79412,2026-04-23 14:06:00+00:00,2026-04-23 14:06
juicio,78129,2026-04-23 14:06:00+00:00,2026-04-23 14:06
acuerdo,77931,2026-04-23 14:06:00+00:00,2026-04-23 14:06
economía,76721,2026-04-23 14:06:00+00:00,2026-04-23 14:06
vivienda,76693,2026-04-23 14:06:00+00:00,2026-04-23 14:06
ia,75883,2026-04-23 14:06:00+00:00,2026-04-23 14:06
español,75763,2026-04-23 14:06:00+00:00,2026-04-23 14:06
the,75556,2026-04-23 14:06:00+00:00,2026-04-23 14:06
internacional,461691,2026-04-23 14:36:00+00:00,2026-04-23 14:36
irán,281664,2026-04-23 14:36:00+00:00,2026-04-23 14:36
trump,238461,2026-04-23 14:36:00+00:00,2026-04-23 14:36
guerra,232832,2026-04-23 14:36:00+00:00,2026-04-23 14:36
sánchez,175297,2026-04-23 14:36:00+00:00,2026-04-23 14:36
israel,127592,2026-04-23 14:36:00+00:00,2026-04-23 14:36
málaga,119558,2026-04-23 14:36:00+00:00,2026-04-23 14:36
ormuz,101165,2026-04-23 14:36:00+00:00,2026-04-23 14:36
guerra irán,100348,2026-04-23 14:36:00+00:00,2026-04-23 14:36
aragón,96966,2026-04-23 14:36:00+00:00,2026-04-23 14:36
diario,90644,2026-04-23 14:36:00+00:00,2026-04-23 14:36
regularización,90310,2026-04-23 14:36:00+00:00,2026-04-23 14:36
nacional,89505,2026-04-23 14:36:00+00:00,2026-04-23 14:36
final,85020,2026-04-23 14:36:00+00:00,2026-04-23 14:36
mundial,81253,2026-04-23 14:36:00+00:00,2026-04-23 14:36
muere,79839,2026-04-23 14:36:00+00:00,2026-04-23 14:36
ue,79626,2026-04-23 14:36:00+00:00,2026-04-23 14:36
juicio,78424,2026-04-23 14:36:00+00:00,2026-04-23 14:36
acuerdo,77936,2026-04-23 14:36:00+00:00,2026-04-23 14:36
economía,77081,2026-04-23 14:36:00+00:00,2026-04-23 14:36
ia,76732,2026-04-23 14:36:00+00:00,2026-04-23 14:36
vivienda,76395,2026-04-23 14:36:00+00:00,2026-04-23 14:36
español,75879,2026-04-23 14:36:00+00:00,2026-04-23 14:36
the,75358,2026-04-23 14:36:00+00:00,2026-04-23 14:36
internacional,461103,2026-04-23 15:06:00+00:00,2026-04-23 15:06
irán,281862,2026-04-23 15:06:00+00:00,2026-04-23 15:06
trump,239193,2026-04-23 15:06:00+00:00,2026-04-23 15:06
guerra,233294,2026-04-23 15:06:00+00:00,2026-04-23 15:06
sánchez,175137,2026-04-23 15:06:00+00:00,2026-04-23 15:06
israel,127043,2026-04-23 15:06:00+00:00,2026-04-23 15:06
málaga,119462,2026-04-23 15:06:00+00:00,2026-04-23 15:06
ormuz,101855,2026-04-23 15:06:00+00:00,2026-04-23 15:06
guerra irán,100359,2026-04-23 15:06:00+00:00,2026-04-23 15:06
aragón,96973,2026-04-23 15:06:00+00:00,2026-04-23 15:06
diario,90689,2026-04-23 15:06:00+00:00,2026-04-23 15:06
regularización,90490,2026-04-23 15:06:00+00:00,2026-04-23 15:06
nacional,89424,2026-04-23 15:06:00+00:00,2026-04-23 15:06
final,85025,2026-04-23 15:06:00+00:00,2026-04-23 15:06
mundial,81133,2026-04-23 15:06:00+00:00,2026-04-23 15:06
muere,79402,2026-04-23 15:06:00+00:00,2026-04-23 15:06
ue,78815,2026-04-23 15:06:00+00:00,2026-04-23 15:06
juicio,78632,2026-04-23 15:06:00+00:00,2026-04-23 15:06
economía,77755,2026-04-23 15:06:00+00:00,2026-04-23 15:06
acuerdo,77626,2026-04-23 15:06:00+00:00,2026-04-23 15:06
ia,76735,2026-04-23 15:06:00+00:00,2026-04-23 15:06
vivienda,76179,2026-04-23 15:06:00+00:00,2026-04-23 15:06
español,75683,2026-04-23 15:06:00+00:00,2026-04-23 15:06
the,75556,2026-04-23 15:06:00+00:00,2026-04-23 15:06
internacional,456243,2026-04-23 15:36:00+00:00,2026-04-23 15:36
irán,282504,2026-04-23 15:36:00+00:00,2026-04-23 15:36
trump,242382,2026-04-23 15:36:00+00:00,2026-04-23 15:36
guerra,234236,2026-04-23 15:36:00+00:00,2026-04-23 15:36
sánchez,175122,2026-04-23 15:36:00+00:00,2026-04-23 15:36
israel,126796,2026-04-23 15:36:00+00:00,2026-04-23 15:36
málaga,118783,2026-04-23 15:36:00+00:00,2026-04-23 15:36
ormuz,102041,2026-04-23 15:36:00+00:00,2026-04-23 15:36
guerra irán,100609,2026-04-23 15:36:00+00:00,2026-04-23 15:36
aragón,97651,2026-04-23 15:36:00+00:00,2026-04-23 15:36
diario,90539,2026-04-23 15:36:00+00:00,2026-04-23 15:36
regularización,90105,2026-04-23 15:36:00+00:00,2026-04-23 15:36
nacional,89378,2026-04-23 15:36:00+00:00,2026-04-23 15:36
final,84876,2026-04-23 15:36:00+00:00,2026-04-23 15:36
mundial,81943,2026-04-23 15:36:00+00:00,2026-04-23 15:36
muere,79022,2026-04-23 15:36:00+00:00,2026-04-23 15:36
juicio,78929,2026-04-23 15:36:00+00:00,2026-04-23 15:36
economía,78302,2026-04-23 15:36:00+00:00,2026-04-23 15:36
ue,78007,2026-04-23 15:36:00+00:00,2026-04-23 15:36
ia,76911,2026-04-23 15:36:00+00:00,2026-04-23 15:36
acuerdo,76876,2026-04-23 15:36:00+00:00,2026-04-23 15:36
vivienda,76816,2026-04-23 15:36:00+00:00,2026-04-23 15:36
20,75894,2026-04-23 15:36:00+00:00,2026-04-23 15:36
the,75839,2026-04-23 15:36:00+00:00,2026-04-23 15:36
internacional,461579,2026-04-23 16:06:00+00:00,2026-04-23 16:06
irán,283082,2026-04-23 16:06:00+00:00,2026-04-23 16:06
trump,241625,2026-04-23 16:06:00+00:00,2026-04-23 16:06
guerra,234033,2026-04-23 16:06:00+00:00,2026-04-23 16:06
sánchez,175036,2026-04-23 16:06:00+00:00,2026-04-23 16:06
israel,126065,2026-04-23 16:06:00+00:00,2026-04-23 16:06
málaga,120017,2026-04-23 16:06:00+00:00,2026-04-23 16:06
ormuz,102015,2026-04-23 16:06:00+00:00,2026-04-23 16:06
guerra irán,100822,2026-04-23 16:06:00+00:00,2026-04-23 16:06
aragón,98292,2026-04-23 16:06:00+00:00,2026-04-23 16:06
diario,90697,2026-04-23 16:06:00+00:00,2026-04-23 16:06
regularización,89602,2026-04-23 16:06:00+00:00,2026-04-23 16:06
nacional,89196,2026-04-23 16:06:00+00:00,2026-04-23 16:06
final,85118,2026-04-23 16:06:00+00:00,2026-04-23 16:06
mundial,82180,2026-04-23 16:06:00+00:00,2026-04-23 16:06
juicio,79189,2026-04-23 16:06:00+00:00,2026-04-23 16:06
economía,78813,2026-04-23 16:06:00+00:00,2026-04-23 16:06
muere,78498,2026-04-23 16:06:00+00:00,2026-04-23 16:06
ue,77320,2026-04-23 16:06:00+00:00,2026-04-23 16:06
ia,77238,2026-04-23 16:06:00+00:00,2026-04-23 16:06
acuerdo,76509,2026-04-23 16:06:00+00:00,2026-04-23 16:06
vivienda,76493,2026-04-23 16:06:00+00:00,2026-04-23 16:06
the,76435,2026-04-23 16:06:00+00:00,2026-04-23 16:06
20,76023,2026-04-23 16:06:00+00:00,2026-04-23 16:06
español,75608,2026-04-23 16:06:00+00:00,2026-04-23 16:06
internacional,462291,2026-04-23 16:36:00+00:00,2026-04-23 16:36
irán,283706,2026-04-23 16:36:00+00:00,2026-04-23 16:36
trump,239157,2026-04-23 16:36:00+00:00,2026-04-23 16:36
guerra,233828,2026-04-23 16:36:00+00:00,2026-04-23 16:36
sánchez,174964,2026-04-23 16:36:00+00:00,2026-04-23 16:36
israel,125583,2026-04-23 16:36:00+00:00,2026-04-23 16:36
málaga,119717,2026-04-23 16:36:00+00:00,2026-04-23 16:36
ormuz,102285,2026-04-23 16:36:00+00:00,2026-04-23 16:36
guerra irán,100758,2026-04-23 16:36:00+00:00,2026-04-23 16:36
aragón,98569,2026-04-23 16:36:00+00:00,2026-04-23 16:36
diario,90934,2026-04-23 16:36:00+00:00,2026-04-23 16:36
nacional,90464,2026-04-23 16:36:00+00:00,2026-04-23 16:36
regularización,89560,2026-04-23 16:36:00+00:00,2026-04-23 16:36
final,85187,2026-04-23 16:36:00+00:00,2026-04-23 16:36
mundial,83558,2026-04-23 16:36:00+00:00,2026-04-23 16:36
juicio,79396,2026-04-23 16:36:00+00:00,2026-04-23 16:36
economía,78575,2026-04-23 16:36:00+00:00,2026-04-23 16:36
ue,78085,2026-04-23 16:36:00+00:00,2026-04-23 16:36
muere,77809,2026-04-23 16:36:00+00:00,2026-04-23 16:36
ia,77224,2026-04-23 16:36:00+00:00,2026-04-23 16:36
the,76786,2026-04-23 16:36:00+00:00,2026-04-23 16:36
acuerdo,76561,2026-04-23 16:36:00+00:00,2026-04-23 16:36
vivienda,76469,2026-04-23 16:36:00+00:00,2026-04-23 16:36
20,76284,2026-04-23 16:36:00+00:00,2026-04-23 16:36
español,75810,2026-04-23 16:36:00+00:00,2026-04-23 16:36
internacional,462213,2026-04-23 17:06:00+00:00,2026-04-23 17:06
irán,284236,2026-04-23 17:06:00+00:00,2026-04-23 17:06
trump,242650,2026-04-23 17:06:00+00:00,2026-04-23 17:06
guerra,234580,2026-04-23 17:06:00+00:00,2026-04-23 17:06
sánchez,174937,2026-04-23 17:06:00+00:00,2026-04-23 17:06
israel,125473,2026-04-23 17:06:00+00:00,2026-04-23 17:06
málaga,119707,2026-04-23 17:06:00+00:00,2026-04-23 17:06
ormuz,103108,2026-04-23 17:06:00+00:00,2026-04-23 17:06
guerra irán,100769,2026-04-23 17:06:00+00:00,2026-04-23 17:06
aragón,98478,2026-04-23 17:06:00+00:00,2026-04-23 17:06
diario,90051,2026-04-23 17:06:00+00:00,2026-04-23 17:06
regularización,89315,2026-04-23 17:06:00+00:00,2026-04-23 17:06
nacional,88750,2026-04-23 17:06:00+00:00,2026-04-23 17:06
final,85037,2026-04-23 17:06:00+00:00,2026-04-23 17:06
mundial,83736,2026-04-23 17:06:00+00:00,2026-04-23 17:06
juicio,79539,2026-04-23 17:06:00+00:00,2026-04-23 17:06
economía,78986,2026-04-23 17:06:00+00:00,2026-04-23 17:06
muere,77556,2026-04-23 17:06:00+00:00,2026-04-23 17:06
ue,77549,2026-04-23 17:06:00+00:00,2026-04-23 17:06
acuerdo,76922,2026-04-23 17:06:00+00:00,2026-04-23 17:06
ia,76832,2026-04-23 17:06:00+00:00,2026-04-23 17:06
the,76698,2026-04-23 17:06:00+00:00,2026-04-23 17:06
vivienda,76566,2026-04-23 17:06:00+00:00,2026-04-23 17:06
español,75997,2026-04-23 17:06:00+00:00,2026-04-23 17:06
20,75960,2026-04-23 17:06:00+00:00,2026-04-23 17:06
internacional,456978,2026-04-23 17:37:00+00:00,2026-04-23 17:37
irán,284761,2026-04-23 17:37:00+00:00,2026-04-23 17:37
trump,242918,2026-04-23 17:37:00+00:00,2026-04-23 17:37
guerra,235502,2026-04-23 17:37:00+00:00,2026-04-23 17:37
sánchez,175447,2026-04-23 17:37:00+00:00,2026-04-23 17:37
israel,125545,2026-04-23 17:37:00+00:00,2026-04-23 17:37
málaga,119921,2026-04-23 17:37:00+00:00,2026-04-23 17:37
ormuz,103560,2026-04-23 17:37:00+00:00,2026-04-23 17:37
guerra irán,100789,2026-04-23 17:37:00+00:00,2026-04-23 17:37
aragón,98298,2026-04-23 17:37:00+00:00,2026-04-23 17:37
nacional,90578,2026-04-23 17:37:00+00:00,2026-04-23 17:37
diario,90218,2026-04-23 17:37:00+00:00,2026-04-23 17:37
regularización,88992,2026-04-23 17:37:00+00:00,2026-04-23 17:37
final,84913,2026-04-23 17:37:00+00:00,2026-04-23 17:37
mundial,83525,2026-04-23 17:37:00+00:00,2026-04-23 17:37
juicio,79850,2026-04-23 17:37:00+00:00,2026-04-23 17:37
economía,78994,2026-04-23 17:37:00+00:00,2026-04-23 17:37
ue,78161,2026-04-23 17:37:00+00:00,2026-04-23 17:37
muere,78143,2026-04-23 17:37:00+00:00,2026-04-23 17:37
acuerdo,77091,2026-04-23 17:37:00+00:00,2026-04-23 17:37
the,76733,2026-04-23 17:37:00+00:00,2026-04-23 17:37
ia,76720,2026-04-23 17:37:00+00:00,2026-04-23 17:37
vivienda,76264,2026-04-23 17:37:00+00:00,2026-04-23 17:37
español,76040,2026-04-23 17:37:00+00:00,2026-04-23 17:37
20,75901,2026-04-23 17:37:00+00:00,2026-04-23 17:37
internacional,456155,2026-04-23 18:06:00+00:00,2026-04-23 18:06
irán,285026,2026-04-23 18:06:00+00:00,2026-04-23 18:06
trump,242315,2026-04-23 18:06:00+00:00,2026-04-23 18:06
guerra,235519,2026-04-23 18:06:00+00:00,2026-04-23 18:06
sánchez,175385,2026-04-23 18:06:00+00:00,2026-04-23 18:06
israel,125335,2026-04-23 18:06:00+00:00,2026-04-23 18:06
málaga,119926,2026-04-23 18:06:00+00:00,2026-04-23 18:06
ormuz,103565,2026-04-23 18:06:00+00:00,2026-04-23 18:06
guerra irán,101190,2026-04-23 18:06:00+00:00,2026-04-23 18:06
aragón,98238,2026-04-23 18:06:00+00:00,2026-04-23 18:06
nacional,90229,2026-04-23 18:06:00+00:00,2026-04-23 18:06
diario,90222,2026-04-23 18:06:00+00:00,2026-04-23 18:06
regularización,88876,2026-04-23 18:06:00+00:00,2026-04-23 18:06
final,84916,2026-04-23 18:06:00+00:00,2026-04-23 18:06
mundial,83286,2026-04-23 18:06:00+00:00,2026-04-23 18:06
juicio,79751,2026-04-23 18:06:00+00:00,2026-04-23 18:06
economía,78911,2026-04-23 18:06:00+00:00,2026-04-23 18:06
muere,78540,2026-04-23 18:06:00+00:00,2026-04-23 18:06
ue,78067,2026-04-23 18:06:00+00:00,2026-04-23 18:06
acuerdo,77239,2026-04-23 18:06:00+00:00,2026-04-23 18:06
20,76688,2026-04-23 18:06:00+00:00,2026-04-23 18:06
ia,76591,2026-04-23 18:06:00+00:00,2026-04-23 18:06
the,76350,2026-04-23 18:06:00+00:00,2026-04-23 18:06
vivienda,76193,2026-04-23 18:06:00+00:00,2026-04-23 18:06
español,75977,2026-04-23 18:06:00+00:00,2026-04-23 18:06
internacional,455851,2026-04-23 18:36:00+00:00,2026-04-23 18:36
irán,285127,2026-04-23 18:36:00+00:00,2026-04-23 18:36
trump,241950,2026-04-23 18:36:00+00:00,2026-04-23 18:36
guerra,235998,2026-04-23 18:36:00+00:00,2026-04-23 18:36
sánchez,174946,2026-04-23 18:36:00+00:00,2026-04-23 18:36
israel,125408,2026-04-23 18:36:00+00:00,2026-04-23 18:36
málaga,120493,2026-04-23 18:36:00+00:00,2026-04-23 18:36
ormuz,103946,2026-04-23 18:36:00+00:00,2026-04-23 18:36
guerra irán,101445,2026-04-23 18:36:00+00:00,2026-04-23 18:36
aragón,98244,2026-04-23 18:36:00+00:00,2026-04-23 18:36
nacional,90435,2026-04-23 18:36:00+00:00,2026-04-23 18:36
diario,90053,2026-04-23 18:36:00+00:00,2026-04-23 18:36
regularización,88946,2026-04-23 18:36:00+00:00,2026-04-23 18:36
final,85146,2026-04-23 18:36:00+00:00,2026-04-23 18:36
mundial,83854,2026-04-23 18:36:00+00:00,2026-04-23 18:36
juicio,79210,2026-04-23 18:36:00+00:00,2026-04-23 18:36
economía,79107,2026-04-23 18:36:00+00:00,2026-04-23 18:36
muere,78843,2026-04-23 18:36:00+00:00,2026-04-23 18:36
ue,78691,2026-04-23 18:36:00+00:00,2026-04-23 18:36
ia,77417,2026-04-23 18:36:00+00:00,2026-04-23 18:36
20,76691,2026-04-23 18:36:00+00:00,2026-04-23 18:36
acuerdo,76487,2026-04-23 18:36:00+00:00,2026-04-23 18:36
español,76202,2026-04-23 18:36:00+00:00,2026-04-23 18:36
the,76088,2026-04-23 18:36:00+00:00,2026-04-23 18:36
vivienda,75960,2026-04-23 18:36:00+00:00,2026-04-23 18:36
internacional,456698,2026-04-23 19:07:00+00:00,2026-04-23 19:07
irán,285031,2026-04-23 19:07:00+00:00,2026-04-23 19:07
trump,241544,2026-04-23 19:07:00+00:00,2026-04-23 19:07
guerra,235977,2026-04-23 19:07:00+00:00,2026-04-23 19:07
sánchez,174667,2026-04-23 19:07:00+00:00,2026-04-23 19:07
israel,125541,2026-04-23 19:07:00+00:00,2026-04-23 19:07
málaga,119946,2026-04-23 19:07:00+00:00,2026-04-23 19:07
ormuz,104517,2026-04-23 19:07:00+00:00,2026-04-23 19:07
guerra irán,101323,2026-04-23 19:07:00+00:00,2026-04-23 19:07
aragón,98573,2026-04-23 19:07:00+00:00,2026-04-23 19:07
nacional,90855,2026-04-23 19:07:00+00:00,2026-04-23 19:07
diario,90061,2026-04-23 19:07:00+00:00,2026-04-23 19:07
regularización,88797,2026-04-23 19:07:00+00:00,2026-04-23 19:07
final,84967,2026-04-23 19:07:00+00:00,2026-04-23 19:07
mundial,84526,2026-04-23 19:07:00+00:00,2026-04-23 19:07
muere,79240,2026-04-23 19:07:00+00:00,2026-04-23 19:07
juicio,79214,2026-04-23 19:07:00+00:00,2026-04-23 19:07
economía,79046,2026-04-23 19:07:00+00:00,2026-04-23 19:07
ue,78805,2026-04-23 19:07:00+00:00,2026-04-23 19:07
ia,78329,2026-04-23 19:07:00+00:00,2026-04-23 19:07
20,76765,2026-04-23 19:07:00+00:00,2026-04-23 19:07
acuerdo,76357,2026-04-23 19:07:00+00:00,2026-04-23 19:07
the,76090,2026-04-23 19:07:00+00:00,2026-04-23 19:07
español,75934,2026-04-23 19:07:00+00:00,2026-04-23 19:07
vivienda,75785,2026-04-23 19:07:00+00:00,2026-04-23 19:07
internacional,456873,2026-04-23 19:36:00+00:00,2026-04-23 19:36
irán,285180,2026-04-23 19:36:00+00:00,2026-04-23 19:36
trump,241398,2026-04-23 19:36:00+00:00,2026-04-23 19:36
guerra,236120,2026-04-23 19:36:00+00:00,2026-04-23 19:36
sánchez,174546,2026-04-23 19:36:00+00:00,2026-04-23 19:36
israel,125075,2026-04-23 19:36:00+00:00,2026-04-23 19:36
málaga,120145,2026-04-23 19:36:00+00:00,2026-04-23 19:36
ormuz,104675,2026-04-23 19:36:00+00:00,2026-04-23 19:36
guerra irán,101475,2026-04-23 19:36:00+00:00,2026-04-23 19:36
aragón,98577,2026-04-23 19:36:00+00:00,2026-04-23 19:36
nacional,90690,2026-04-23 19:36:00+00:00,2026-04-23 19:36
diario,90174,2026-04-23 19:36:00+00:00,2026-04-23 19:36
regularización,88670,2026-04-23 19:36:00+00:00,2026-04-23 19:36
final,84924,2026-04-23 19:36:00+00:00,2026-04-23 19:36
mundial,84531,2026-04-23 19:36:00+00:00,2026-04-23 19:36
economía,79872,2026-04-23 19:36:00+00:00,2026-04-23 19:36
muere,79241,2026-04-23 19:36:00+00:00,2026-04-23 19:36
juicio,79216,2026-04-23 19:36:00+00:00,2026-04-23 19:36
ue,79196,2026-04-23 19:36:00+00:00,2026-04-23 19:36
ia,78900,2026-04-23 19:36:00+00:00,2026-04-23 19:36
20,77527,2026-04-23 19:36:00+00:00,2026-04-23 19:36
acuerdo,76541,2026-04-23 19:36:00+00:00,2026-04-23 19:36
español,75938,2026-04-23 19:36:00+00:00,2026-04-23 19:36
the,75925,2026-04-23 19:36:00+00:00,2026-04-23 19:36
vivienda,75789,2026-04-23 19:36:00+00:00,2026-04-23 19:36
internacional,457405,2026-04-23 20:06:00+00:00,2026-04-23 20:06
irán,284851,2026-04-23 20:06:00+00:00,2026-04-23 20:06
trump,240922,2026-04-23 20:06:00+00:00,2026-04-23 20:06
guerra,236237,2026-04-23 20:06:00+00:00,2026-04-23 20:06
sánchez,174864,2026-04-23 20:06:00+00:00,2026-04-23 20:06
israel,124458,2026-04-23 20:06:00+00:00,2026-04-23 20:06
málaga,120803,2026-04-23 20:06:00+00:00,2026-04-23 20:06
ormuz,104680,2026-04-23 20:06:00+00:00,2026-04-23 20:06
guerra irán,101481,2026-04-23 20:06:00+00:00,2026-04-23 20:06
aragón,98391,2026-04-23 20:06:00+00:00,2026-04-23 20:06
nacional,91171,2026-04-23 20:06:00+00:00,2026-04-23 20:06
diario,89613,2026-04-23 20:06:00+00:00,2026-04-23 20:06
regularización,88202,2026-04-23 20:06:00+00:00,2026-04-23 20:06
final,84932,2026-04-23 20:06:00+00:00,2026-04-23 20:06
mundial,84225,2026-04-23 20:06:00+00:00,2026-04-23 20:06
economía,80077,2026-04-23 20:06:00+00:00,2026-04-23 20:06
ia,79737,2026-04-23 20:06:00+00:00,2026-04-23 20:06
juicio,79708,2026-04-23 20:06:00+00:00,2026-04-23 20:06
muere,79468,2026-04-23 20:06:00+00:00,2026-04-23 20:06
ue,79461,2026-04-23 20:06:00+00:00,2026-04-23 20:06
20,77750,2026-04-23 20:06:00+00:00,2026-04-23 20:06
acuerdo,76505,2026-04-23 20:06:00+00:00,2026-04-23 20:06
the,75927,2026-04-23 20:06:00+00:00,2026-04-23 20:06
español,75845,2026-04-23 20:06:00+00:00,2026-04-23 20:06
internacional,458841,2026-04-23 20:36:00+00:00,2026-04-23 20:36
irán,284589,2026-04-23 20:36:00+00:00,2026-04-23 20:36
trump,240010,2026-04-23 20:36:00+00:00,2026-04-23 20:36
guerra,236445,2026-04-23 20:36:00+00:00,2026-04-23 20:36
sánchez,175056,2026-04-23 20:36:00+00:00,2026-04-23 20:36
israel,124426,2026-04-23 20:36:00+00:00,2026-04-23 20:36
málaga,120693,2026-04-23 20:36:00+00:00,2026-04-23 20:36
ormuz,105040,2026-04-23 20:36:00+00:00,2026-04-23 20:36
guerra irán,101609,2026-04-23 20:36:00+00:00,2026-04-23 20:36
aragón,98197,2026-04-23 20:36:00+00:00,2026-04-23 20:36
nacional,91407,2026-04-23 20:36:00+00:00,2026-04-23 20:36
diario,89848,2026-04-23 20:36:00+00:00,2026-04-23 20:36
regularización,88154,2026-04-23 20:36:00+00:00,2026-04-23 20:36
final,84637,2026-04-23 20:36:00+00:00,2026-04-23 20:36
mundial,84229,2026-04-23 20:36:00+00:00,2026-04-23 20:36
economía,80083,2026-04-23 20:36:00+00:00,2026-04-23 20:36
ia,80024,2026-04-23 20:36:00+00:00,2026-04-23 20:36
juicio,79712,2026-04-23 20:36:00+00:00,2026-04-23 20:36
ue,79691,2026-04-23 20:36:00+00:00,2026-04-23 20:36
muere,79593,2026-04-23 20:36:00+00:00,2026-04-23 20:36
20,77754,2026-04-23 20:36:00+00:00,2026-04-23 20:36
acuerdo,76497,2026-04-23 20:36:00+00:00,2026-04-23 20:36
vivienda,76078,2026-04-23 20:36:00+00:00,2026-04-23 20:36
the,75868,2026-04-23 20:36:00+00:00,2026-04-23 20:36
internacional,459607,2026-04-23 21:06:00+00:00,2026-04-23 21:06
irán,284461,2026-04-23 21:06:00+00:00,2026-04-23 21:06
trump,239654,2026-04-23 21:06:00+00:00,2026-04-23 21:06
guerra,236533,2026-04-23 21:06:00+00:00,2026-04-23 21:06
sánchez,175099,2026-04-23 21:06:00+00:00,2026-04-23 21:06
israel,124400,2026-04-23 21:06:00+00:00,2026-04-23 21:06
málaga,121284,2026-04-23 21:06:00+00:00,2026-04-23 21:06
ormuz,105010,2026-04-23 21:06:00+00:00,2026-04-23 21:06
guerra irán,101572,2026-04-23 21:06:00+00:00,2026-04-23 21:06
aragón,98131,2026-04-23 21:06:00+00:00,2026-04-23 21:06
nacional,91207,2026-04-23 21:06:00+00:00,2026-04-23 21:06
diario,90073,2026-04-23 21:06:00+00:00,2026-04-23 21:06
regularización,88156,2026-04-23 21:06:00+00:00,2026-04-23 21:06
final,84385,2026-04-23 21:06:00+00:00,2026-04-23 21:06
mundial,84232,2026-04-23 21:06:00+00:00,2026-04-23 21:06
ue,80110,2026-04-23 21:06:00+00:00,2026-04-23 21:06
economía,80086,2026-04-23 21:06:00+00:00,2026-04-23 21:06
ia,80026,2026-04-23 21:06:00+00:00,2026-04-23 21:06
juicio,79714,2026-04-23 21:06:00+00:00,2026-04-23 21:06
muere,79594,2026-04-23 21:06:00+00:00,2026-04-23 21:06
20,77891,2026-04-23 21:06:00+00:00,2026-04-23 21:06
acuerdo,76411,2026-04-23 21:06:00+00:00,2026-04-23 21:06
vivienda,76080,2026-04-23 21:06:00+00:00,2026-04-23 21:06
español,76069,2026-04-23 21:06:00+00:00,2026-04-23 21:06
internacional,460462,2026-04-23 21:36:00+00:00,2026-04-23 21:36
irán,283918,2026-04-23 21:36:00+00:00,2026-04-23 21:36
trump,237033,2026-04-23 21:36:00+00:00,2026-04-23 21:36
guerra,235941,2026-04-23 21:36:00+00:00,2026-04-23 21:36
sánchez,175195,2026-04-23 21:36:00+00:00,2026-04-23 21:36
israel,124317,2026-04-23 21:36:00+00:00,2026-04-23 21:36
málaga,121315,2026-04-23 21:36:00+00:00,2026-04-23 21:36
ormuz,105069,2026-04-23 21:36:00+00:00,2026-04-23 21:36
guerra irán,101470,2026-04-23 21:36:00+00:00,2026-04-23 21:36
aragón,98580,2026-04-23 21:36:00+00:00,2026-04-23 21:36
nacional,91523,2026-04-23 21:36:00+00:00,2026-04-23 21:36
diario,90337,2026-04-23 21:36:00+00:00,2026-04-23 21:36
regularización,88159,2026-04-23 21:36:00+00:00,2026-04-23 21:36
final,84467,2026-04-23 21:36:00+00:00,2026-04-23 21:36
mundial,84295,2026-04-23 21:36:00+00:00,2026-04-23 21:36
ue,80770,2026-04-23 21:36:00+00:00,2026-04-23 21:36
ia,80582,2026-04-23 21:36:00+00:00,2026-04-23 21:36
economía,80161,2026-04-23 21:36:00+00:00,2026-04-23 21:36
juicio,79774,2026-04-23 21:36:00+00:00,2026-04-23 21:36
muere,79596,2026-04-23 21:36:00+00:00,2026-04-23 21:36
20,77791,2026-04-23 21:36:00+00:00,2026-04-23 21:36
acuerdo,76625,2026-04-23 21:36:00+00:00,2026-04-23 21:36
español,76348,2026-04-23 21:36:00+00:00,2026-04-23 21:36
vivienda,76320,2026-04-23 21:36:00+00:00,2026-04-23 21:36
internacional,460148,2026-04-23 22:07:00+00:00,2026-04-23 22:07
irán,284051,2026-04-23 22:07:00+00:00,2026-04-23 22:07
trump,240355,2026-04-23 22:07:00+00:00,2026-04-23 22:07
guerra,236349,2026-04-23 22:07:00+00:00,2026-04-23 22:07
sánchez,174718,2026-04-23 22:07:00+00:00,2026-04-23 22:07
israel,125094,2026-04-23 22:07:00+00:00,2026-04-23 22:07
málaga,120791,2026-04-23 22:07:00+00:00,2026-04-23 22:07
ormuz,105193,2026-04-23 22:07:00+00:00,2026-04-23 22:07
guerra irán,101521,2026-04-23 22:07:00+00:00,2026-04-23 22:07
aragón,98578,2026-04-23 22:07:00+00:00,2026-04-23 22:07
nacional,91724,2026-04-23 22:07:00+00:00,2026-04-23 22:07
diario,90279,2026-04-23 22:07:00+00:00,2026-04-23 22:07
regularización,88161,2026-04-23 22:07:00+00:00,2026-04-23 22:07
mundial,84457,2026-04-23 22:07:00+00:00,2026-04-23 22:07
final,84388,2026-04-23 22:07:00+00:00,2026-04-23 22:07
ia,80839,2026-04-23 22:07:00+00:00,2026-04-23 22:07
ue,80376,2026-04-23 22:07:00+00:00,2026-04-23 22:07
economía,80091,2026-04-23 22:07:00+00:00,2026-04-23 22:07
muere,79814,2026-04-23 22:07:00+00:00,2026-04-23 22:07
juicio,79719,2026-04-23 22:07:00+00:00,2026-04-23 22:07
20,77891,2026-04-23 22:07:00+00:00,2026-04-23 22:07
español,76396,2026-04-23 22:07:00+00:00,2026-04-23 22:07
acuerdo,76391,2026-04-23 22:07:00+00:00,2026-04-23 22:07
vivienda,76131,2026-04-23 22:07:00+00:00,2026-04-23 22:07
internacional,463834,2026-04-23 22:36:00+00:00,2026-04-23 22:36
irán,283710,2026-04-23 22:36:00+00:00,2026-04-23 22:36
trump,237333,2026-04-23 22:36:00+00:00,2026-04-23 22:36
guerra,235697,2026-04-23 22:36:00+00:00,2026-04-23 22:36
sánchez,174836,2026-04-23 22:36:00+00:00,2026-04-23 22:36
israel,125243,2026-04-23 22:36:00+00:00,2026-04-23 22:36
málaga,121496,2026-04-23 22:36:00+00:00,2026-04-23 22:36
ormuz,105062,2026-04-23 22:36:00+00:00,2026-04-23 22:36
guerra irán,101457,2026-04-23 22:36:00+00:00,2026-04-23 22:36
aragón,99042,2026-04-23 22:36:00+00:00,2026-04-23 22:36
nacional,92099,2026-04-23 22:36:00+00:00,2026-04-23 22:36
diario,91505,2026-04-23 22:36:00+00:00,2026-04-23 22:36
regularización,88115,2026-04-23 22:36:00+00:00,2026-04-23 22:36
final,85420,2026-04-23 22:36:00+00:00,2026-04-23 22:36
mundial,84790,2026-04-23 22:36:00+00:00,2026-04-23 22:36
ia,81162,2026-04-23 22:36:00+00:00,2026-04-23 22:36
ue,80469,2026-04-23 22:36:00+00:00,2026-04-23 22:36
economía,80110,2026-04-23 22:36:00+00:00,2026-04-23 22:36
juicio,79828,2026-04-23 22:36:00+00:00,2026-04-23 22:36
muere,79816,2026-04-23 22:36:00+00:00,2026-04-23 22:36
20,77758,2026-04-23 22:36:00+00:00,2026-04-23 22:36
español,76729,2026-04-23 22:36:00+00:00,2026-04-23 22:36
vivienda,76612,2026-04-23 22:36:00+00:00,2026-04-23 22:36
acuerdo,76376,2026-04-23 22:36:00+00:00,2026-04-23 22:36
internacional,461662,2026-04-23 23:06:00+00:00,2026-04-23 23:06
irán,283869,2026-04-23 23:06:00+00:00,2026-04-23 23:06
trump,240526,2026-04-23 23:06:00+00:00,2026-04-23 23:06
guerra,236284,2026-04-23 23:06:00+00:00,2026-04-23 23:06
sánchez,174812,2026-04-23 23:06:00+00:00,2026-04-23 23:06
israel,126004,2026-04-23 23:06:00+00:00,2026-04-23 23:06
málaga,120973,2026-04-23 23:06:00+00:00,2026-04-23 23:06
ormuz,105224,2026-04-23 23:06:00+00:00,2026-04-23 23:06
guerra irán,101507,2026-04-23 23:06:00+00:00,2026-04-23 23:06
aragón,98873,2026-04-23 23:06:00+00:00,2026-04-23 23:06
nacional,92089,2026-04-23 23:06:00+00:00,2026-04-23 23:06
diario,91202,2026-04-23 23:06:00+00:00,2026-04-23 23:06
regularización,88067,2026-04-23 23:06:00+00:00,2026-04-23 23:06
final,84810,2026-04-23 23:06:00+00:00,2026-04-23 23:06
mundial,84576,2026-04-23 23:06:00+00:00,2026-04-23 23:06
ia,81221,2026-04-23 23:06:00+00:00,2026-04-23 23:06
ue,80682,2026-04-23 23:06:00+00:00,2026-04-23 23:06
economía,80098,2026-04-23 23:06:00+00:00,2026-04-23 23:06
juicio,80030,2026-04-23 23:06:00+00:00,2026-04-23 23:06
muere,79818,2026-04-23 23:06:00+00:00,2026-04-23 23:06
20,77785,2026-04-23 23:06:00+00:00,2026-04-23 23:06
español,76670,2026-04-23 23:06:00+00:00,2026-04-23 23:06
vivienda,76493,2026-04-23 23:06:00+00:00,2026-04-23 23:06
acuerdo,76404,2026-04-23 23:06:00+00:00,2026-04-23 23:06
internacional,464969,2026-04-23 23:36:00+00:00,2026-04-23 23:36
irán,283560,2026-04-23 23:36:00+00:00,2026-04-23 23:36
trump,237485,2026-04-23 23:36:00+00:00,2026-04-23 23:36
guerra,235748,2026-04-23 23:36:00+00:00,2026-04-23 23:36
sánchez,174881,2026-04-23 23:36:00+00:00,2026-04-23 23:36
israel,126008,2026-04-23 23:36:00+00:00,2026-04-23 23:36
málaga,121964,2026-04-23 23:36:00+00:00,2026-04-23 23:36
ormuz,105084,2026-04-23 23:36:00+00:00,2026-04-23 23:36
guerra irán,101437,2026-04-23 23:36:00+00:00,2026-04-23 23:36
aragón,99045,2026-04-23 23:36:00+00:00,2026-04-23 23:36
nacional,92102,2026-04-23 23:36:00+00:00,2026-04-23 23:36
diario,91315,2026-04-23 23:36:00+00:00,2026-04-23 23:36
regularización,88068,2026-04-23 23:36:00+00:00,2026-04-23 23:36
final,85384,2026-04-23 23:36:00+00:00,2026-04-23 23:36
mundial,84822,2026-04-23 23:36:00+00:00,2026-04-23 23:36
ia,81164,2026-04-23 23:36:00+00:00,2026-04-23 23:36
ue,80727,2026-04-23 23:36:00+00:00,2026-04-23 23:36
economía,80363,2026-04-23 23:36:00+00:00,2026-04-23 23:36
muere,80213,2026-04-23 23:36:00+00:00,2026-04-23 23:36
juicio,80079,2026-04-23 23:36:00+00:00,2026-04-23 23:36
20,77988,2026-04-23 23:36:00+00:00,2026-04-23 23:36
español,76905,2026-04-23 23:36:00+00:00,2026-04-23 23:36
vivienda,76591,2026-04-23 23:36:00+00:00,2026-04-23 23:36
acuerdo,76383,2026-04-23 23:36:00+00:00,2026-04-23 23:36
internacional,464893,2026-04-24 00:06:00+00:00,2026-04-24 00:06
irán,283667,2026-04-24 00:06:00+00:00,2026-04-24 00:06
trump,236932,2026-04-24 00:06:00+00:00,2026-04-24 00:06
guerra,236173,2026-04-24 00:06:00+00:00,2026-04-24 00:06
sánchez,174666,2026-04-24 00:06:00+00:00,2026-04-24 00:06
israel,126088,2026-04-24 00:06:00+00:00,2026-04-24 00:06
málaga,121965,2026-04-24 00:06:00+00:00,2026-04-24 00:06
ormuz,105088,2026-04-24 00:06:00+00:00,2026-04-24 00:06
guerra irán,101470,2026-04-24 00:06:00+00:00,2026-04-24 00:06
aragón,99047,2026-04-24 00:06:00+00:00,2026-04-24 00:06
nacional,92121,2026-04-24 00:06:00+00:00,2026-04-24 00:06
diario,91426,2026-04-24 00:06:00+00:00,2026-04-24 00:06
regularización,88000,2026-04-24 00:06:00+00:00,2026-04-24 00:06
final,85388,2026-04-24 00:06:00+00:00,2026-04-24 00:06
mundial,84824,2026-04-24 00:06:00+00:00,2026-04-24 00:06
ia,81448,2026-04-24 00:06:00+00:00,2026-04-24 00:06
ue,80728,2026-04-24 00:06:00+00:00,2026-04-24 00:06
economía,80365,2026-04-24 00:06:00+00:00,2026-04-24 00:06
muere,80214,2026-04-24 00:06:00+00:00,2026-04-24 00:06
juicio,80080,2026-04-24 00:06:00+00:00,2026-04-24 00:06
20,77889,2026-04-24 00:06:00+00:00,2026-04-24 00:06
español,76825,2026-04-24 00:06:00+00:00,2026-04-24 00:06
vivienda,76592,2026-04-24 00:06:00+00:00,2026-04-24 00:06
acuerdo,76328,2026-04-24 00:06:00+00:00,2026-04-24 00:06
internacional,465243,2026-04-24 00:36:00+00:00,2026-04-24 00:36
irán,283869,2026-04-24 00:36:00+00:00,2026-04-24 00:36
trump,237079,2026-04-24 00:36:00+00:00,2026-04-24 00:36
guerra,236252,2026-04-24 00:36:00+00:00,2026-04-24 00:36
sánchez,174469,2026-04-24 00:36:00+00:00,2026-04-24 00:36
israel,126270,2026-04-24 00:36:00+00:00,2026-04-24 00:36
málaga,121966,2026-04-24 00:36:00+00:00,2026-04-24 00:36
ormuz,104992,2026-04-24 00:36:00+00:00,2026-04-24 00:36
guerra irán,101474,2026-04-24 00:36:00+00:00,2026-04-24 00:36
aragón,99048,2026-04-24 00:36:00+00:00,2026-04-24 00:36
nacional,92122,2026-04-24 00:36:00+00:00,2026-04-24 00:36
diario,91427,2026-04-24 00:36:00+00:00,2026-04-24 00:36
regularización,87801,2026-04-24 00:36:00+00:00,2026-04-24 00:36
final,85553,2026-04-24 00:36:00+00:00,2026-04-24 00:36
mundial,84825,2026-04-24 00:36:00+00:00,2026-04-24 00:36
ia,81449,2026-04-24 00:36:00+00:00,2026-04-24 00:36
ue,80731,2026-04-24 00:36:00+00:00,2026-04-24 00:36
economía,80366,2026-04-24 00:36:00+00:00,2026-04-24 00:36
muere,80215,2026-04-24 00:36:00+00:00,2026-04-24 00:36
juicio,80081,2026-04-24 00:36:00+00:00,2026-04-24 00:36
20,77890,2026-04-24 00:36:00+00:00,2026-04-24 00:36
español,76826,2026-04-24 00:36:00+00:00,2026-04-24 00:36
vivienda,76594,2026-04-24 00:36:00+00:00,2026-04-24 00:36
acuerdo,76330,2026-04-24 00:36:00+00:00,2026-04-24 00:36
internacional,462712,2026-04-24 01:06:00+00:00,2026-04-24 01:06
irán,284933,2026-04-24 01:06:00+00:00,2026-04-24 01:06
trump,241310,2026-04-24 01:06:00+00:00,2026-04-24 01:06
guerra,237617,2026-04-24 01:06:00+00:00,2026-04-24 01:06
sánchez,173995,2026-04-24 01:06:00+00:00,2026-04-24 01:06
israel,126261,2026-04-24 01:06:00+00:00,2026-04-24 01:06
málaga,121443,2026-04-24 01:06:00+00:00,2026-04-24 01:06
ormuz,104988,2026-04-24 01:06:00+00:00,2026-04-24 01:06
guerra irán,101701,2026-04-24 01:06:00+00:00,2026-04-24 01:06
aragón,98884,2026-04-24 01:06:00+00:00,2026-04-24 01:06
nacional,93083,2026-04-24 01:06:00+00:00,2026-04-24 01:06
diario,91126,2026-04-24 01:06:00+00:00,2026-04-24 01:06
regularización,87551,2026-04-24 01:06:00+00:00,2026-04-24 01:06
mundial,85559,2026-04-24 01:06:00+00:00,2026-04-24 01:06
final,84984,2026-04-24 01:06:00+00:00,2026-04-24 01:06
ia,82036,2026-04-24 01:06:00+00:00,2026-04-24 01:06
ue,80692,2026-04-24 01:06:00+00:00,2026-04-24 01:06
juicio,80429,2026-04-24 01:06:00+00:00,2026-04-24 01:06
economía,80219,2026-04-24 01:06:00+00:00,2026-04-24 01:06
muere,80217,2026-04-24 01:06:00+00:00,2026-04-24 01:06
20,77919,2026-04-24 01:06:00+00:00,2026-04-24 01:06
español,76971,2026-04-24 01:06:00+00:00,2026-04-24 01:06
vivienda,76839,2026-04-24 01:06:00+00:00,2026-04-24 01:06
acuerdo,76358,2026-04-24 01:06:00+00:00,2026-04-24 01:06
internacional,464396,2026-04-24 01:36:00+00:00,2026-04-24 01:36
irán,285122,2026-04-24 01:36:00+00:00,2026-04-24 01:36
trump,241563,2026-04-24 01:36:00+00:00,2026-04-24 01:36
guerra,237769,2026-04-24 01:36:00+00:00,2026-04-24 01:36
sánchez,173998,2026-04-24 01:36:00+00:00,2026-04-24 01:36
israel,126268,2026-04-24 01:36:00+00:00,2026-04-24 01:36
málaga,121446,2026-04-24 01:36:00+00:00,2026-04-24 01:36
ormuz,105126,2026-04-24 01:36:00+00:00,2026-04-24 01:36
guerra irán,101875,2026-04-24 01:36:00+00:00,2026-04-24 01:36
aragón,98886,2026-04-24 01:36:00+00:00,2026-04-24 01:36
nacional,93013,2026-04-24 01:36:00+00:00,2026-04-24 01:36
diario,91129,2026-04-24 01:36:00+00:00,2026-04-24 01:36
regularización,87551,2026-04-24 01:36:00+00:00,2026-04-24 01:36
mundial,85690,2026-04-24 01:36:00+00:00,2026-04-24 01:36
final,84986,2026-04-24 01:36:00+00:00,2026-04-24 01:36
ia,82036,2026-04-24 01:36:00+00:00,2026-04-24 01:36
ue,80694,2026-04-24 01:36:00+00:00,2026-04-24 01:36
juicio,80430,2026-04-24 01:36:00+00:00,2026-04-24 01:36
economía,80220,2026-04-24 01:36:00+00:00,2026-04-24 01:36
muere,80217,2026-04-24 01:36:00+00:00,2026-04-24 01:36
20,77921,2026-04-24 01:36:00+00:00,2026-04-24 01:36
español,76973,2026-04-24 01:36:00+00:00,2026-04-24 01:36
vivienda,76840,2026-04-24 01:36:00+00:00,2026-04-24 01:36
acuerdo,76534,2026-04-24 01:36:00+00:00,2026-04-24 01:36
internacional,464619,2026-04-24 02:06:00+00:00,2026-04-24 02:06
irán,285169,2026-04-24 02:06:00+00:00,2026-04-24 02:06
trump,241249,2026-04-24 02:06:00+00:00,2026-04-24 02:06
guerra,237774,2026-04-24 02:06:00+00:00,2026-04-24 02:06
sánchez,173620,2026-04-24 02:06:00+00:00,2026-04-24 02:06
israel,126271,2026-04-24 02:06:00+00:00,2026-04-24 02:06
málaga,121446,2026-04-24 02:06:00+00:00,2026-04-24 02:06
ormuz,105128,2026-04-24 02:06:00+00:00,2026-04-24 02:06
guerra irán,101878,2026-04-24 02:06:00+00:00,2026-04-24 02:06
aragón,98886,2026-04-24 02:06:00+00:00,2026-04-24 02:06
nacional,93014,2026-04-24 02:06:00+00:00,2026-04-24 02:06
diario,91158,2026-04-24 02:06:00+00:00,2026-04-24 02:06
regularización,87415,2026-04-24 02:06:00+00:00,2026-04-24 02:06
mundial,85580,2026-04-24 02:06:00+00:00,2026-04-24 02:06
final,84986,2026-04-24 02:06:00+00:00,2026-04-24 02:06
ia,82037,2026-04-24 02:06:00+00:00,2026-04-24 02:06
ue,80695,2026-04-24 02:06:00+00:00,2026-04-24 02:06
juicio,80431,2026-04-24 02:06:00+00:00,2026-04-24 02:06
economía,80222,2026-04-24 02:06:00+00:00,2026-04-24 02:06
muere,80218,2026-04-24 02:06:00+00:00,2026-04-24 02:06
20,77921,2026-04-24 02:06:00+00:00,2026-04-24 02:06
español,76812,2026-04-24 02:06:00+00:00,2026-04-24 02:06
vivienda,76600,2026-04-24 02:06:00+00:00,2026-04-24 02:06
acuerdo,76535,2026-04-24 02:06:00+00:00,2026-04-24 02:06
internacional,464903,2026-04-24 02:36:00+00:00,2026-04-24 02:36
irán,285656,2026-04-24 02:36:00+00:00,2026-04-24 02:36
trump,241067,2026-04-24 02:36:00+00:00,2026-04-24 02:36
guerra,238541,2026-04-24 02:36:00+00:00,2026-04-24 02:36
sánchez,173345,2026-04-24 02:36:00+00:00,2026-04-24 02:36
israel,126222,2026-04-24 02:36:00+00:00,2026-04-24 02:36
málaga,121448,2026-04-24 02:36:00+00:00,2026-04-24 02:36
ormuz,105055,2026-04-24 02:36:00+00:00,2026-04-24 02:36
guerra irán,102657,2026-04-24 02:36:00+00:00,2026-04-24 02:36
aragón,98889,2026-04-24 02:36:00+00:00,2026-04-24 02:36
nacional,93018,2026-04-24 02:36:00+00:00,2026-04-24 02:36
diario,91161,2026-04-24 02:36:00+00:00,2026-04-24 02:36
regularización,87417,2026-04-24 02:36:00+00:00,2026-04-24 02:36
mundial,85482,2026-04-24 02:36:00+00:00,2026-04-24 02:36
final,84989,2026-04-24 02:36:00+00:00,2026-04-24 02:36
ia,82038,2026-04-24 02:36:00+00:00,2026-04-24 02:36
ue,80764,2026-04-24 02:36:00+00:00,2026-04-24 02:36
juicio,80432,2026-04-24 02:36:00+00:00,2026-04-24 02:36
muere,80218,2026-04-24 02:36:00+00:00,2026-04-24 02:36
economía,80181,2026-04-24 02:36:00+00:00,2026-04-24 02:36
20,77816,2026-04-24 02:36:00+00:00,2026-04-24 02:36
español,76811,2026-04-24 02:36:00+00:00,2026-04-24 02:36
vivienda,76601,2026-04-24 02:36:00+00:00,2026-04-24 02:36
acuerdo,76537,2026-04-24 02:36:00+00:00,2026-04-24 02:36
internacional,464452,2026-04-24 03:06:00+00:00,2026-04-24 03:06
irán,285338,2026-04-24 03:06:00+00:00,2026-04-24 03:06
trump,240711,2026-04-24 03:06:00+00:00,2026-04-24 03:06
guerra,238019,2026-04-24 03:06:00+00:00,2026-04-24 03:06
sánchez,173051,2026-04-24 03:06:00+00:00,2026-04-24 03:06
israel,125912,2026-04-24 03:06:00+00:00,2026-04-24 03:06
málaga,121709,2026-04-24 03:06:00+00:00,2026-04-24 03:06
ormuz,104914,2026-04-24 03:06:00+00:00,2026-04-24 03:06
guerra irán,102393,2026-04-24 03:06:00+00:00,2026-04-24 03:06
aragón,98108,2026-04-24 03:06:00+00:00,2026-04-24 03:06
nacional,92997,2026-04-24 03:06:00+00:00,2026-04-24 03:06
diario,91031,2026-04-24 03:06:00+00:00,2026-04-24 03:06
regularización,86860,2026-04-24 03:06:00+00:00,2026-04-24 03:06
mundial,85230,2026-04-24 03:06:00+00:00,2026-04-24 03:06
final,84739,2026-04-24 03:06:00+00:00,2026-04-24 03:06
ia,82038,2026-04-24 03:06:00+00:00,2026-04-24 03:06
ue,80764,2026-04-24 03:06:00+00:00,2026-04-24 03:06
muere,80219,2026-04-24 03:06:00+00:00,2026-04-24 03:06
economía,80103,2026-04-24 03:06:00+00:00,2026-04-24 03:06
juicio,80022,2026-04-24 03:06:00+00:00,2026-04-24 03:06
20,77735,2026-04-24 03:06:00+00:00,2026-04-24 03:06
español,76500,2026-04-24 03:06:00+00:00,2026-04-24 03:06
acuerdo,76446,2026-04-24 03:06:00+00:00,2026-04-24 03:06
vivienda,76250,2026-04-24 03:06:00+00:00,2026-04-24 03:06
internacional,464177,2026-04-24 03:36:00+00:00,2026-04-24 03:36
irán,285353,2026-04-24 03:36:00+00:00,2026-04-24 03:36
trump,240538,2026-04-24 03:36:00+00:00,2026-04-24 03:36
guerra,237340,2026-04-24 03:36:00+00:00,2026-04-24 03:36
sánchez,172709,2026-04-24 03:36:00+00:00,2026-04-24 03:36
israel,125866,2026-04-24 03:36:00+00:00,2026-04-24 03:36
málaga,121714,2026-04-24 03:36:00+00:00,2026-04-24 03:36
ormuz,104567,2026-04-24 03:36:00+00:00,2026-04-24 03:36
guerra irán,102398,2026-04-24 03:36:00+00:00,2026-04-24 03:36
aragón,100220,2026-04-24 03:36:00+00:00,2026-04-24 03:36
nacional,92839,2026-04-24 03:36:00+00:00,2026-04-24 03:36
diario,91034,2026-04-24 03:36:00+00:00,2026-04-24 03:36
regularización,86764,2026-04-24 03:36:00+00:00,2026-04-24 03:36
mundial,85053,2026-04-24 03:36:00+00:00,2026-04-24 03:36
final,84680,2026-04-24 03:36:00+00:00,2026-04-24 03:36
ia,82434,2026-04-24 03:36:00+00:00,2026-04-24 03:36
ue,80913,2026-04-24 03:36:00+00:00,2026-04-24 03:36
economía,80381,2026-04-24 03:36:00+00:00,2026-04-24 03:36
muere,80359,2026-04-24 03:36:00+00:00,2026-04-24 03:36
juicio,80024,2026-04-24 03:36:00+00:00,2026-04-24 03:36
20,77816,2026-04-24 03:36:00+00:00,2026-04-24 03:36
español,76713,2026-04-24 03:36:00+00:00,2026-04-24 03:36
acuerdo,76452,2026-04-24 03:36:00+00:00,2026-04-24 03:36
vivienda,76113,2026-04-24 03:36:00+00:00,2026-04-24 03:36
internacional,463762,2026-04-24 04:06:00+00:00,2026-04-24 04:06
irán,286477,2026-04-24 04:06:00+00:00,2026-04-24 04:06
trump,241628,2026-04-24 04:06:00+00:00,2026-04-24 04:06
guerra,238469,2026-04-24 04:06:00+00:00,2026-04-24 04:06
sánchez,173137,2026-04-24 04:06:00+00:00,2026-04-24 04:06
israel,126431,2026-04-24 04:06:00+00:00,2026-04-24 04:06
málaga,121115,2026-04-24 04:06:00+00:00,2026-04-24 04:06
ormuz,104580,2026-04-24 04:06:00+00:00,2026-04-24 04:06
guerra irán,102562,2026-04-24 04:06:00+00:00,2026-04-24 04:06
aragón,100095,2026-04-24 04:06:00+00:00,2026-04-24 04:06
nacional,92984,2026-04-24 04:06:00+00:00,2026-04-24 04:06
diario,90791,2026-04-24 04:06:00+00:00,2026-04-24 04:06
regularización,86916,2026-04-24 04:06:00+00:00,2026-04-24 04:06
mundial,85201,2026-04-24 04:06:00+00:00,2026-04-24 04:06
final,84588,2026-04-24 04:06:00+00:00,2026-04-24 04:06
ia,82576,2026-04-24 04:06:00+00:00,2026-04-24 04:06
ue,81294,2026-04-24 04:06:00+00:00,2026-04-24 04:06
economía,80597,2026-04-24 04:06:00+00:00,2026-04-24 04:06
muere,80293,2026-04-24 04:06:00+00:00,2026-04-24 04:06
juicio,79632,2026-04-24 04:06:00+00:00,2026-04-24 04:06
20,77382,2026-04-24 04:06:00+00:00,2026-04-24 04:06
español,76959,2026-04-24 04:06:00+00:00,2026-04-24 04:06
acuerdo,76408,2026-04-24 04:06:00+00:00,2026-04-24 04:06
vivienda,76082,2026-04-24 04:06:00+00:00,2026-04-24 04:06
internacional,464733,2026-04-24 04:36:00+00:00,2026-04-24 04:36
irán,287035,2026-04-24 04:36:00+00:00,2026-04-24 04:36
trump,242493,2026-04-24 04:36:00+00:00,2026-04-24 04:36
guerra,240081,2026-04-24 04:36:00+00:00,2026-04-24 04:36
sánchez,173362,2026-04-24 04:36:00+00:00,2026-04-24 04:36
israel,126634,2026-04-24 04:36:00+00:00,2026-04-24 04:36
málaga,121122,2026-04-24 04:36:00+00:00,2026-04-24 04:36
ormuz,104849,2026-04-24 04:36:00+00:00,2026-04-24 04:36
guerra irán,103002,2026-04-24 04:36:00+00:00,2026-04-24 04:36
aragón,100102,2026-04-24 04:36:00+00:00,2026-04-24 04:36
nacional,92993,2026-04-24 04:36:00+00:00,2026-04-24 04:36
diario,92022,2026-04-24 04:36:00+00:00,2026-04-24 04:36
regularización,87552,2026-04-24 04:36:00+00:00,2026-04-24 04:36
mundial,85890,2026-04-24 04:36:00+00:00,2026-04-24 04:36
final,84592,2026-04-24 04:36:00+00:00,2026-04-24 04:36
ia,82800,2026-04-24 04:36:00+00:00,2026-04-24 04:36
ue,81582,2026-04-24 04:36:00+00:00,2026-04-24 04:36
economía,80970,2026-04-24 04:36:00+00:00,2026-04-24 04:36
muere,80563,2026-04-24 04:36:00+00:00,2026-04-24 04:36
juicio,79635,2026-04-24 04:36:00+00:00,2026-04-24 04:36
20,77500,2026-04-24 04:36:00+00:00,2026-04-24 04:36
español,77271,2026-04-24 04:36:00+00:00,2026-04-24 04:36
acuerdo,76415,2026-04-24 04:36:00+00:00,2026-04-24 04:36
internacional,465017,2026-04-24 05:07:00+00:00,2026-04-24 05:07
irán,286970,2026-04-24 05:07:00+00:00,2026-04-24 05:07
trump,242730,2026-04-24 05:07:00+00:00,2026-04-24 05:07
guerra,240003,2026-04-24 05:07:00+00:00,2026-04-24 05:07
sánchez,173508,2026-04-24 05:07:00+00:00,2026-04-24 05:07
israel,126650,2026-04-24 05:07:00+00:00,2026-04-24 05:07
málaga,120936,2026-04-24 05:07:00+00:00,2026-04-24 05:07
ormuz,104853,2026-04-24 05:07:00+00:00,2026-04-24 05:07
guerra irán,103005,2026-04-24 05:07:00+00:00,2026-04-24 05:07
aragón,100104,2026-04-24 05:07:00+00:00,2026-04-24 05:07
nacional,92884,2026-04-24 05:07:00+00:00,2026-04-24 05:07
diario,92027,2026-04-24 05:07:00+00:00,2026-04-24 05:07
regularización,87555,2026-04-24 05:07:00+00:00,2026-04-24 05:07
mundial,85855,2026-04-24 05:07:00+00:00,2026-04-24 05:07
final,84595,2026-04-24 05:07:00+00:00,2026-04-24 05:07
ia,82802,2026-04-24 05:07:00+00:00,2026-04-24 05:07
ue,81585,2026-04-24 05:07:00+00:00,2026-04-24 05:07
economía,80972,2026-04-24 05:07:00+00:00,2026-04-24 05:07
muere,80564,2026-04-24 05:07:00+00:00,2026-04-24 05:07
juicio,79636,2026-04-24 05:07:00+00:00,2026-04-24 05:07
español,78030,2026-04-24 05:07:00+00:00,2026-04-24 05:07
20,77162,2026-04-24 05:07:00+00:00,2026-04-24 05:07
acuerdo,76417,2026-04-24 05:07:00+00:00,2026-04-24 05:07
internacional,464733,2026-04-24 05:36:00+00:00,2026-04-24 05:36
irán,286552,2026-04-24 05:36:00+00:00,2026-04-24 05:36
trump,242700,2026-04-24 05:36:00+00:00,2026-04-24 05:36
guerra,239848,2026-04-24 05:36:00+00:00,2026-04-24 05:36
sánchez,173126,2026-04-24 05:36:00+00:00,2026-04-24 05:36
israel,126442,2026-04-24 05:36:00+00:00,2026-04-24 05:36
málaga,120827,2026-04-24 05:36:00+00:00,2026-04-24 05:36
ormuz,104705,2026-04-24 05:36:00+00:00,2026-04-24 05:36
guerra irán,102970,2026-04-24 05:36:00+00:00,2026-04-24 05:36
aragón,100107,2026-04-24 05:36:00+00:00,2026-04-24 05:36
nacional,93105,2026-04-24 05:36:00+00:00,2026-04-24 05:36
diario,92175,2026-04-24 05:36:00+00:00,2026-04-24 05:36
regularización,87707,2026-04-24 05:36:00+00:00,2026-04-24 05:36
mundial,86105,2026-04-24 05:36:00+00:00,2026-04-24 05:36
final,84441,2026-04-24 05:36:00+00:00,2026-04-24 05:36
ia,82803,2026-04-24 05:36:00+00:00,2026-04-24 05:36
ue,81370,2026-04-24 05:36:00+00:00,2026-04-24 05:36
economía,80976,2026-04-24 05:36:00+00:00,2026-04-24 05:36
muere,80565,2026-04-24 05:36:00+00:00,2026-04-24 05:36
juicio,79861,2026-04-24 05:36:00+00:00,2026-04-24 05:36
español,78116,2026-04-24 05:36:00+00:00,2026-04-24 05:36
20,77164,2026-04-24 05:36:00+00:00,2026-04-24 05:36
acuerdo,76515,2026-04-24 05:36:00+00:00,2026-04-24 05:36
internacional,464300,2026-04-24 06:06:00+00:00,2026-04-24 06:06
irán,286137,2026-04-24 06:06:00+00:00,2026-04-24 06:06
trump,242190,2026-04-24 06:06:00+00:00,2026-04-24 06:06
guerra,239432,2026-04-24 06:06:00+00:00,2026-04-24 06:06
sánchez,172976,2026-04-24 06:06:00+00:00,2026-04-24 06:06
israel,126655,2026-04-24 06:06:00+00:00,2026-04-24 06:06
málaga,120604,2026-04-24 06:06:00+00:00,2026-04-24 06:06
ormuz,104104,2026-04-24 06:06:00+00:00,2026-04-24 06:06
guerra irán,103013,2026-04-24 06:06:00+00:00,2026-04-24 06:06
aragón,100057,2026-04-24 06:06:00+00:00,2026-04-24 06:06
nacional,93054,2026-04-24 06:06:00+00:00,2026-04-24 06:06
diario,92181,2026-04-24 06:06:00+00:00,2026-04-24 06:06
regularización,87569,2026-04-24 06:06:00+00:00,2026-04-24 06:06
mundial,85913,2026-04-24 06:06:00+00:00,2026-04-24 06:06
final,84372,2026-04-24 06:06:00+00:00,2026-04-24 06:06
ia,82406,2026-04-24 06:06:00+00:00,2026-04-24 06:06
ue,81582,2026-04-24 06:06:00+00:00,2026-04-24 06:06
muere,80961,2026-04-24 06:06:00+00:00,2026-04-24 06:06
economía,80922,2026-04-24 06:06:00+00:00,2026-04-24 06:06
juicio,79584,2026-04-24 06:06:00+00:00,2026-04-24 06:06
español,77919,2026-04-24 06:06:00+00:00,2026-04-24 06:06
20,77255,2026-04-24 06:06:00+00:00,2026-04-24 06:06
acuerdo,76209,2026-04-24 06:06:00+00:00,2026-04-24 06:06
internacional,464998,2026-04-24 06:36:00+00:00,2026-04-24 06:36
irán,286228,2026-04-24 06:36:00+00:00,2026-04-24 06:36
trump,242286,2026-04-24 06:36:00+00:00,2026-04-24 06:36
guerra,240172,2026-04-24 06:36:00+00:00,2026-04-24 06:36
sánchez,172344,2026-04-24 06:36:00+00:00,2026-04-24 06:36
israel,126600,2026-04-24 06:36:00+00:00,2026-04-24 06:36
málaga,121294,2026-04-24 06:36:00+00:00,2026-04-24 06:36
ormuz,103995,2026-04-24 06:36:00+00:00,2026-04-24 06:36
guerra irán,103490,2026-04-24 06:36:00+00:00,2026-04-24 06:36
aragón,100300,2026-04-24 06:36:00+00:00,2026-04-24 06:36
nacional,92860,2026-04-24 06:36:00+00:00,2026-04-24 06:36
diario,91979,2026-04-24 06:36:00+00:00,2026-04-24 06:36
regularización,87573,2026-04-24 06:36:00+00:00,2026-04-24 06:36
mundial,86674,2026-04-24 06:36:00+00:00,2026-04-24 06:36
final,84417,2026-04-24 06:36:00+00:00,2026-04-24 06:36
ia,82548,2026-04-24 06:36:00+00:00,2026-04-24 06:36
ue,81195,2026-04-24 06:36:00+00:00,2026-04-24 06:36
muere,80964,2026-04-24 06:36:00+00:00,2026-04-24 06:36
economía,80382,2026-04-24 06:36:00+00:00,2026-04-24 06:36
juicio,79979,2026-04-24 06:36:00+00:00,2026-04-24 06:36
español,77924,2026-04-24 06:36:00+00:00,2026-04-24 06:36
20,77046,2026-04-24 06:36:00+00:00,2026-04-24 06:36
acuerdo,75988,2026-04-24 06:36:00+00:00,2026-04-24 06:36
internacional,463595,2026-04-24 07:06:00+00:00,2026-04-24 07:06
irán,286773,2026-04-24 07:06:00+00:00,2026-04-24 07:06
trump,242527,2026-04-24 07:06:00+00:00,2026-04-24 07:06
guerra,240240,2026-04-24 07:06:00+00:00,2026-04-24 07:06
sánchez,173230,2026-04-24 07:06:00+00:00,2026-04-24 07:06
israel,126989,2026-04-24 07:06:00+00:00,2026-04-24 07:06
málaga,120985,2026-04-24 07:06:00+00:00,2026-04-24 07:06
ormuz,103598,2026-04-24 07:06:00+00:00,2026-04-24 07:06
guerra irán,103545,2026-04-24 07:06:00+00:00,2026-04-24 07:06
aragón,99849,2026-04-24 07:06:00+00:00,2026-04-24 07:06
nacional,92630,2026-04-24 07:06:00+00:00,2026-04-24 07:06
diario,91718,2026-04-24 07:06:00+00:00,2026-04-24 07:06
mundial,87744,2026-04-24 07:06:00+00:00,2026-04-24 07:06
regularización,87352,2026-04-24 07:06:00+00:00,2026-04-24 07:06
final,84488,2026-04-24 07:06:00+00:00,2026-04-24 07:06
ia,82274,2026-04-24 07:06:00+00:00,2026-04-24 07:06
muere,81281,2026-04-24 07:06:00+00:00,2026-04-24 07:06
ue,81021,2026-04-24 07:06:00+00:00,2026-04-24 07:06
economía,80265,2026-04-24 07:06:00+00:00,2026-04-24 07:06
juicio,79547,2026-04-24 07:06:00+00:00,2026-04-24 07:06
español,77872,2026-04-24 07:06:00+00:00,2026-04-24 07:06
20,76833,2026-04-24 07:06:00+00:00,2026-04-24 07:06
anuncia,76127,2026-04-24 07:06:00+00:00,2026-04-24 07:06
internacional,463789,2026-04-24 07:36:00+00:00,2026-04-24 07:36
irán,287028,2026-04-24 07:36:00+00:00,2026-04-24 07:36
trump,242091,2026-04-24 07:36:00+00:00,2026-04-24 07:36
guerra,240291,2026-04-24 07:36:00+00:00,2026-04-24 07:36
sánchez,174297,2026-04-24 07:36:00+00:00,2026-04-24 07:36
israel,127493,2026-04-24 07:36:00+00:00,2026-04-24 07:36
málaga,121511,2026-04-24 07:36:00+00:00,2026-04-24 07:36
ormuz,103519,2026-04-24 07:36:00+00:00,2026-04-24 07:36
guerra irán,103370,2026-04-24 07:36:00+00:00,2026-04-24 07:36
aragón,100380,2026-04-24 07:36:00+00:00,2026-04-24 07:36
nacional,92333,2026-04-24 07:36:00+00:00,2026-04-24 07:36
diario,92079,2026-04-24 07:36:00+00:00,2026-04-24 07:36
regularización,87627,2026-04-24 07:36:00+00:00,2026-04-24 07:36
mundial,86733,2026-04-24 07:36:00+00:00,2026-04-24 07:36
final,84363,2026-04-24 07:36:00+00:00,2026-04-24 07:36
ia,82291,2026-04-24 07:36:00+00:00,2026-04-24 07:36
muere,81659,2026-04-24 07:36:00+00:00,2026-04-24 07:36
ue,81247,2026-04-24 07:36:00+00:00,2026-04-24 07:36
economía,80008,2026-04-24 07:36:00+00:00,2026-04-24 07:36
juicio,79607,2026-04-24 07:36:00+00:00,2026-04-24 07:36
español,77541,2026-04-24 07:36:00+00:00,2026-04-24 07:36
20,76673,2026-04-24 07:36:00+00:00,2026-04-24 07:36
anuncia,76152,2026-04-24 07:36:00+00:00,2026-04-24 07:36
internacional,464145,2026-04-24 08:06:00+00:00,2026-04-24 08:06
irán,287185,2026-04-24 08:06:00+00:00,2026-04-24 08:06
trump,242222,2026-04-24 08:06:00+00:00,2026-04-24 08:06
guerra,240260,2026-04-24 08:06:00+00:00,2026-04-24 08:06
sánchez,173274,2026-04-24 08:06:00+00:00,2026-04-24 08:06
israel,127352,2026-04-24 08:06:00+00:00,2026-04-24 08:06
málaga,121733,2026-04-24 08:06:00+00:00,2026-04-24 08:06
guerra irán,103544,2026-04-24 08:06:00+00:00,2026-04-24 08:06
ormuz,103451,2026-04-24 08:06:00+00:00,2026-04-24 08:06
aragón,100578,2026-04-24 08:06:00+00:00,2026-04-24 08:06
nacional,92631,2026-04-24 08:06:00+00:00,2026-04-24 08:06
diario,91773,2026-04-24 08:06:00+00:00,2026-04-24 08:06
mundial,86840,2026-04-24 08:06:00+00:00,2026-04-24 08:06
regularización,86775,2026-04-24 08:06:00+00:00,2026-04-24 08:06
final,84261,2026-04-24 08:06:00+00:00,2026-04-24 08:06
ia,82828,2026-04-24 08:06:00+00:00,2026-04-24 08:06
muere,82057,2026-04-24 08:06:00+00:00,2026-04-24 08:06
ue,81254,2026-04-24 08:06:00+00:00,2026-04-24 08:06
economía,80426,2026-04-24 08:06:00+00:00,2026-04-24 08:06
juicio,79525,2026-04-24 08:06:00+00:00,2026-04-24 08:06
español,77815,2026-04-24 08:06:00+00:00,2026-04-24 08:06
20,77071,2026-04-24 08:06:00+00:00,2026-04-24 08:06
anuncia,76432,2026-04-24 08:06:00+00:00,2026-04-24 08:06
internacional,462865,2026-04-24 08:36:00+00:00,2026-04-24 08:36
irán,286980,2026-04-24 08:36:00+00:00,2026-04-24 08:36
trump,242452,2026-04-24 08:36:00+00:00,2026-04-24 08:36
guerra,240478,2026-04-24 08:36:00+00:00,2026-04-24 08:36
sánchez,173924,2026-04-24 08:36:00+00:00,2026-04-24 08:36
israel,127311,2026-04-24 08:36:00+00:00,2026-04-24 08:36
málaga,122753,2026-04-24 08:36:00+00:00,2026-04-24 08:36
guerra irán,103578,2026-04-24 08:36:00+00:00,2026-04-24 08:36
ormuz,103088,2026-04-24 08:36:00+00:00,2026-04-24 08:36
aragón,100283,2026-04-24 08:36:00+00:00,2026-04-24 08:36
nacional,92886,2026-04-24 08:36:00+00:00,2026-04-24 08:36
diario,91642,2026-04-24 08:36:00+00:00,2026-04-24 08:36
mundial,87697,2026-04-24 08:36:00+00:00,2026-04-24 08:36
regularización,86688,2026-04-24 08:36:00+00:00,2026-04-24 08:36
final,84264,2026-04-24 08:36:00+00:00,2026-04-24 08:36
ia,82857,2026-04-24 08:36:00+00:00,2026-04-24 08:36
muere,82376,2026-04-24 08:36:00+00:00,2026-04-24 08:36
ue,81579,2026-04-24 08:36:00+00:00,2026-04-24 08:36
economía,80132,2026-04-24 08:36:00+00:00,2026-04-24 08:36
juicio,79300,2026-04-24 08:36:00+00:00,2026-04-24 08:36
español,77685,2026-04-24 08:36:00+00:00,2026-04-24 08:36
20,76961,2026-04-24 08:36:00+00:00,2026-04-24 08:36
anuncia,76662,2026-04-24 08:36:00+00:00,2026-04-24 08:36
acuerdo,76030,2026-04-24 08:36:00+00:00,2026-04-24 08:36
internacional,466509,2026-04-24 09:06:00+00:00,2026-04-24 09:06
irán,287289,2026-04-24 09:06:00+00:00,2026-04-24 09:06
trump,242738,2026-04-24 09:06:00+00:00,2026-04-24 09:06
guerra,240436,2026-04-24 09:06:00+00:00,2026-04-24 09:06
sánchez,173907,2026-04-24 09:06:00+00:00,2026-04-24 09:06
israel,127604,2026-04-24 09:06:00+00:00,2026-04-24 09:06
málaga,123347,2026-04-24 09:06:00+00:00,2026-04-24 09:06
guerra irán,103518,2026-04-24 09:06:00+00:00,2026-04-24 09:06
ormuz,102923,2026-04-24 09:06:00+00:00,2026-04-24 09:06
aragón,99261,2026-04-24 09:06:00+00:00,2026-04-24 09:06
nacional,93027,2026-04-24 09:06:00+00:00,2026-04-24 09:06
diario,91507,2026-04-24 09:06:00+00:00,2026-04-24 09:06
mundial,86882,2026-04-24 09:06:00+00:00,2026-04-24 09:06
regularización,86124,2026-04-24 09:06:00+00:00,2026-04-24 09:06
final,84695,2026-04-24 09:06:00+00:00,2026-04-24 09:06
ia,82668,2026-04-24 09:06:00+00:00,2026-04-24 09:06
muere,82237,2026-04-24 09:06:00+00:00,2026-04-24 09:06
ue,81041,2026-04-24 09:06:00+00:00,2026-04-24 09:06
juicio,79258,2026-04-24 09:06:00+00:00,2026-04-24 09:06
economía,78453,2026-04-24 09:06:00+00:00,2026-04-24 09:06
español,77534,2026-04-24 09:06:00+00:00,2026-04-24 09:06
20,77180,2026-04-24 09:06:00+00:00,2026-04-24 09:06
anuncia,77052,2026-04-24 09:06:00+00:00,2026-04-24 09:06
internacional,466282,2026-04-24 09:36:00+00:00,2026-04-24 09:36
irán,287667,2026-04-24 09:36:00+00:00,2026-04-24 09:36
trump,243092,2026-04-24 09:36:00+00:00,2026-04-24 09:36
guerra,240849,2026-04-24 09:36:00+00:00,2026-04-24 09:36
sánchez,174268,2026-04-24 09:36:00+00:00,2026-04-24 09:36
israel,127592,2026-04-24 09:36:00+00:00,2026-04-24 09:36
málaga,124131,2026-04-24 09:36:00+00:00,2026-04-24 09:36
guerra irán,103815,2026-04-24 09:36:00+00:00,2026-04-24 09:36
ormuz,102641,2026-04-24 09:36:00+00:00,2026-04-24 09:36
aragón,99131,2026-04-24 09:36:00+00:00,2026-04-24 09:36
nacional,92970,2026-04-24 09:36:00+00:00,2026-04-24 09:36
diario,92113,2026-04-24 09:36:00+00:00,2026-04-24 09:36
mundial,87139,2026-04-24 09:36:00+00:00,2026-04-24 09:36
regularización,86408,2026-04-24 09:36:00+00:00,2026-04-24 09:36
final,84490,2026-04-24 09:36:00+00:00,2026-04-24 09:36
ia,83067,2026-04-24 09:36:00+00:00,2026-04-24 09:36
muere,81698,2026-04-24 09:36:00+00:00,2026-04-24 09:36
ue,81486,2026-04-24 09:36:00+00:00,2026-04-24 09:36
juicio,79092,2026-04-24 09:36:00+00:00,2026-04-24 09:36
economía,78710,2026-04-24 09:36:00+00:00,2026-04-24 09:36
español,78016,2026-04-24 09:36:00+00:00,2026-04-24 09:36
20,77184,2026-04-24 09:36:00+00:00,2026-04-24 09:36
anuncia,76859,2026-04-24 09:36:00+00:00,2026-04-24 09:36
acuerdo,76083,2026-04-24 09:36:00+00:00,2026-04-24 09:36
internacional,464674,2026-04-24 10:06:00+00:00,2026-04-24 10:06
irán,287568,2026-04-24 10:06:00+00:00,2026-04-24 10:06
trump,242577,2026-04-24 10:06:00+00:00,2026-04-24 10:06
guerra,240735,2026-04-24 10:06:00+00:00,2026-04-24 10:06
sánchez,174552,2026-04-24 10:06:00+00:00,2026-04-24 10:06
israel,127804,2026-04-24 10:06:00+00:00,2026-04-24 10:06
málaga,124095,2026-04-24 10:06:00+00:00,2026-04-24 10:06
guerra irán,103921,2026-04-24 10:06:00+00:00,2026-04-24 10:06
ormuz,102443,2026-04-24 10:06:00+00:00,2026-04-24 10:06
aragón,98373,2026-04-24 10:06:00+00:00,2026-04-24 10:06
nacional,92752,2026-04-24 10:06:00+00:00,2026-04-24 10:06
diario,92597,2026-04-24 10:06:00+00:00,2026-04-24 10:06
mundial,87504,2026-04-24 10:06:00+00:00,2026-04-24 10:06
regularización,86062,2026-04-24 10:06:00+00:00,2026-04-24 10:06
final,83869,2026-04-24 10:06:00+00:00,2026-04-24 10:06
ia,82714,2026-04-24 10:06:00+00:00,2026-04-24 10:06
muere,81780,2026-04-24 10:06:00+00:00,2026-04-24 10:06
ue,81287,2026-04-24 10:06:00+00:00,2026-04-24 10:06
economía,79946,2026-04-24 10:06:00+00:00,2026-04-24 10:06
juicio,79222,2026-04-24 10:06:00+00:00,2026-04-24 10:06
español,77791,2026-04-24 10:06:00+00:00,2026-04-24 10:06
anuncia,76749,2026-04-24 10:06:00+00:00,2026-04-24 10:06
20,76330,2026-04-24 10:06:00+00:00,2026-04-24 10:06
acuerdo,76036,2026-04-24 10:06:00+00:00,2026-04-24 10:06
internacional,464443,2026-04-24 10:37:00+00:00,2026-04-24 10:37
irán,287746,2026-04-24 10:37:00+00:00,2026-04-24 10:37
trump,242432,2026-04-24 10:37:00+00:00,2026-04-24 10:37
guerra,240564,2026-04-24 10:37:00+00:00,2026-04-24 10:37
sánchez,174392,2026-04-24 10:37:00+00:00,2026-04-24 10:37
israel,127618,2026-04-24 10:37:00+00:00,2026-04-24 10:37
málaga,123697,2026-04-24 10:37:00+00:00,2026-04-24 10:37
guerra irán,104228,2026-04-24 10:37:00+00:00,2026-04-24 10:37
ormuz,102075,2026-04-24 10:37:00+00:00,2026-04-24 10:37
aragón,97841,2026-04-24 10:37:00+00:00,2026-04-24 10:37
diario,92805,2026-04-24 10:37:00+00:00,2026-04-24 10:37
nacional,92634,2026-04-24 10:37:00+00:00,2026-04-24 10:37
mundial,88662,2026-04-24 10:37:00+00:00,2026-04-24 10:37
regularización,85413,2026-04-24 10:37:00+00:00,2026-04-24 10:37
final,83674,2026-04-24 10:37:00+00:00,2026-04-24 10:37
ia,82555,2026-04-24 10:37:00+00:00,2026-04-24 10:37
muere,82264,2026-04-24 10:37:00+00:00,2026-04-24 10:37
ue,81790,2026-04-24 10:37:00+00:00,2026-04-24 10:37
economía,80003,2026-04-24 10:37:00+00:00,2026-04-24 10:37
juicio,78984,2026-04-24 10:37:00+00:00,2026-04-24 10:37
español,77665,2026-04-24 10:37:00+00:00,2026-04-24 10:37
anuncia,76902,2026-04-24 10:37:00+00:00,2026-04-24 10:37
20,75989,2026-04-24 10:37:00+00:00,2026-04-24 10:37
internacional,466433,2026-04-24 11:06:00+00:00,2026-04-24 11:06
irán,288207,2026-04-24 11:06:00+00:00,2026-04-24 11:06
trump,243177,2026-04-24 11:06:00+00:00,2026-04-24 11:06
guerra,241439,2026-04-24 11:06:00+00:00,2026-04-24 11:06
sánchez,175111,2026-04-24 11:06:00+00:00,2026-04-24 11:06
israel,128264,2026-04-24 11:06:00+00:00,2026-04-24 11:06
málaga,123842,2026-04-24 11:06:00+00:00,2026-04-24 11:06
guerra irán,104688,2026-04-24 11:06:00+00:00,2026-04-24 11:06
ormuz,101737,2026-04-24 11:06:00+00:00,2026-04-24 11:06
aragón,98724,2026-04-24 11:06:00+00:00,2026-04-24 11:06
nacional,93121,2026-04-24 11:06:00+00:00,2026-04-24 11:06
diario,93047,2026-04-24 11:06:00+00:00,2026-04-24 11:06
mundial,88056,2026-04-24 11:06:00+00:00,2026-04-24 11:06
regularización,85222,2026-04-24 11:06:00+00:00,2026-04-24 11:06
final,83775,2026-04-24 11:06:00+00:00,2026-04-24 11:06
ia,83463,2026-04-24 11:06:00+00:00,2026-04-24 11:06
muere,82630,2026-04-24 11:06:00+00:00,2026-04-24 11:06
ue,82531,2026-04-24 11:06:00+00:00,2026-04-24 11:06
economía,80006,2026-04-24 11:06:00+00:00,2026-04-24 11:06
juicio,79409,2026-04-24 11:06:00+00:00,2026-04-24 11:06
español,77724,2026-04-24 11:06:00+00:00,2026-04-24 11:06
anuncia,77244,2026-04-24 11:06:00+00:00,2026-04-24 11:06
internacional,466194,2026-04-24 11:37:00+00:00,2026-04-24 11:37
irán,288434,2026-04-24 11:37:00+00:00,2026-04-24 11:37
trump,243212,2026-04-24 11:37:00+00:00,2026-04-24 11:37
guerra,241653,2026-04-24 11:37:00+00:00,2026-04-24 11:37
sánchez,175010,2026-04-24 11:37:00+00:00,2026-04-24 11:37
israel,128723,2026-04-24 11:37:00+00:00,2026-04-24 11:37
málaga,124061,2026-04-24 11:37:00+00:00,2026-04-24 11:37
guerra irán,104872,2026-04-24 11:37:00+00:00,2026-04-24 11:37
ormuz,101531,2026-04-24 11:37:00+00:00,2026-04-24 11:37
aragón,98633,2026-04-24 11:37:00+00:00,2026-04-24 11:37
nacional,94132,2026-04-24 11:37:00+00:00,2026-04-24 11:37
diario,94038,2026-04-24 11:37:00+00:00,2026-04-24 11:37
mundial,88358,2026-04-24 11:37:00+00:00,2026-04-24 11:37
regularización,85228,2026-04-24 11:37:00+00:00,2026-04-24 11:37
final,83676,2026-04-24 11:37:00+00:00,2026-04-24 11:37
ia,83673,2026-04-24 11:37:00+00:00,2026-04-24 11:37
muere,82633,2026-04-24 11:37:00+00:00,2026-04-24 11:37
ue,82024,2026-04-24 11:37:00+00:00,2026-04-24 11:37
economía,80328,2026-04-24 11:37:00+00:00,2026-04-24 11:37
juicio,79415,2026-04-24 11:37:00+00:00,2026-04-24 11:37
español,77962,2026-04-24 11:37:00+00:00,2026-04-24 11:37
anuncia,77344,2026-04-24 11:37:00+00:00,2026-04-24 11:37
20,76262,2026-04-24 11:37:00+00:00,2026-04-24 11:37
internacional,468085,2026-04-24 12:07:00+00:00,2026-04-24 12:07
irán,288364,2026-04-24 12:07:00+00:00,2026-04-24 12:07
trump,243412,2026-04-24 12:07:00+00:00,2026-04-24 12:07
guerra,241998,2026-04-24 12:07:00+00:00,2026-04-24 12:07
sánchez,176337,2026-04-24 12:07:00+00:00,2026-04-24 12:07
israel,128806,2026-04-24 12:07:00+00:00,2026-04-24 12:07
málaga,124056,2026-04-24 12:07:00+00:00,2026-04-24 12:07
guerra irán,104767,2026-04-24 12:07:00+00:00,2026-04-24 12:07
ormuz,101535,2026-04-24 12:07:00+00:00,2026-04-24 12:07
aragón,98442,2026-04-24 12:07:00+00:00,2026-04-24 12:07
diario,94203,2026-04-24 12:07:00+00:00,2026-04-24 12:07
nacional,93088,2026-04-24 12:07:00+00:00,2026-04-24 12:07
mundial,88395,2026-04-24 12:07:00+00:00,2026-04-24 12:07
regularización,84913,2026-04-24 12:07:00+00:00,2026-04-24 12:07
final,84282,2026-04-24 12:07:00+00:00,2026-04-24 12:07
ia,83272,2026-04-24 12:07:00+00:00,2026-04-24 12:07
muere,82745,2026-04-24 12:07:00+00:00,2026-04-24 12:07
ue,81823,2026-04-24 12:07:00+00:00,2026-04-24 12:07
economía,80536,2026-04-24 12:07:00+00:00,2026-04-24 12:07
juicio,79229,2026-04-24 12:07:00+00:00,2026-04-24 12:07
español,77882,2026-04-24 12:07:00+00:00,2026-04-24 12:07
anuncia,77556,2026-04-24 12:07:00+00:00,2026-04-24 12:07
20,76495,2026-04-24 12:07:00+00:00,2026-04-24 12:07
internacional,467496,2026-04-24 12:36:00+00:00,2026-04-24 12:36
irán,288640,2026-04-24 12:36:00+00:00,2026-04-24 12:36
trump,243344,2026-04-24 12:36:00+00:00,2026-04-24 12:36
guerra,242157,2026-04-24 12:36:00+00:00,2026-04-24 12:36
sánchez,175943,2026-04-24 12:36:00+00:00,2026-04-24 12:36
israel,129048,2026-04-24 12:36:00+00:00,2026-04-24 12:36
málaga,123481,2026-04-24 12:36:00+00:00,2026-04-24 12:36
guerra irán,104895,2026-04-24 12:36:00+00:00,2026-04-24 12:36
ormuz,101297,2026-04-24 12:36:00+00:00,2026-04-24 12:36
aragón,98555,2026-04-24 12:36:00+00:00,2026-04-24 12:36
diario,94111,2026-04-24 12:36:00+00:00,2026-04-24 12:36
nacional,93576,2026-04-24 12:36:00+00:00,2026-04-24 12:36
mundial,88371,2026-04-24 12:36:00+00:00,2026-04-24 12:36
regularización,84170,2026-04-24 12:36:00+00:00,2026-04-24 12:36
final,83352,2026-04-24 12:36:00+00:00,2026-04-24 12:36
ia,83168,2026-04-24 12:36:00+00:00,2026-04-24 12:36
muere,82829,2026-04-24 12:36:00+00:00,2026-04-24 12:36
ue,81492,2026-04-24 12:36:00+00:00,2026-04-24 12:36
economía,80815,2026-04-24 12:36:00+00:00,2026-04-24 12:36
juicio,79510,2026-04-24 12:36:00+00:00,2026-04-24 12:36
anuncia,78041,2026-04-24 12:36:00+00:00,2026-04-24 12:36
español,77244,2026-04-24 12:36:00+00:00,2026-04-24 12:36
20,76910,2026-04-24 12:36:00+00:00,2026-04-24 12:36
internacional,467589,2026-04-24 13:06:00+00:00,2026-04-24 13:06
irán,289168,2026-04-24 13:06:00+00:00,2026-04-24 13:06
trump,243587,2026-04-24 13:06:00+00:00,2026-04-24 13:06
guerra,242301,2026-04-24 13:06:00+00:00,2026-04-24 13:06
sánchez,176312,2026-04-24 13:06:00+00:00,2026-04-24 13:06
israel,129135,2026-04-24 13:06:00+00:00,2026-04-24 13:06
málaga,123620,2026-04-24 13:06:00+00:00,2026-04-24 13:06
guerra irán,105008,2026-04-24 13:06:00+00:00,2026-04-24 13:06
ormuz,101238,2026-04-24 13:06:00+00:00,2026-04-24 13:06
aragón,97852,2026-04-24 13:06:00+00:00,2026-04-24 13:06
diario,94549,2026-04-24 13:06:00+00:00,2026-04-24 13:06
nacional,93457,2026-04-24 13:06:00+00:00,2026-04-24 13:06
mundial,89227,2026-04-24 13:06:00+00:00,2026-04-24 13:06
regularización,83805,2026-04-24 13:06:00+00:00,2026-04-24 13:06
final,83733,2026-04-24 13:06:00+00:00,2026-04-24 13:06
ia,83667,2026-04-24 13:06:00+00:00,2026-04-24 13:06
muere,82980,2026-04-24 13:06:00+00:00,2026-04-24 13:06
ue,81903,2026-04-24 13:06:00+00:00,2026-04-24 13:06
economía,80650,2026-04-24 13:06:00+00:00,2026-04-24 13:06
juicio,79507,2026-04-24 13:06:00+00:00,2026-04-24 13:06
anuncia,77930,2026-04-24 13:06:00+00:00,2026-04-24 13:06
español,77026,2026-04-24 13:06:00+00:00,2026-04-24 13:06
20,76897,2026-04-24 13:06:00+00:00,2026-04-24 13:06
internacional,468480,2026-04-24 13:36:00+00:00,2026-04-24 13:36
irán,289143,2026-04-24 13:36:00+00:00,2026-04-24 13:36
trump,243704,2026-04-24 13:36:00+00:00,2026-04-24 13:36
guerra,242316,2026-04-24 13:36:00+00:00,2026-04-24 13:36
sánchez,175838,2026-04-24 13:36:00+00:00,2026-04-24 13:36
israel,129296,2026-04-24 13:36:00+00:00,2026-04-24 13:36
málaga,124020,2026-04-24 13:36:00+00:00,2026-04-24 13:36
guerra irán,104965,2026-04-24 13:36:00+00:00,2026-04-24 13:36
ormuz,101472,2026-04-24 13:36:00+00:00,2026-04-24 13:36
aragón,97805,2026-04-24 13:36:00+00:00,2026-04-24 13:36
diario,95271,2026-04-24 13:36:00+00:00,2026-04-24 13:36
nacional,92936,2026-04-24 13:36:00+00:00,2026-04-24 13:36
mundial,89148,2026-04-24 13:36:00+00:00,2026-04-24 13:36
final,83725,2026-04-24 13:36:00+00:00,2026-04-24 13:36
ia,83344,2026-04-24 13:36:00+00:00,2026-04-24 13:36
muere,83267,2026-04-24 13:36:00+00:00,2026-04-24 13:36
regularización,83262,2026-04-24 13:36:00+00:00,2026-04-24 13:36
ue,82345,2026-04-24 13:36:00+00:00,2026-04-24 13:36
economía,80416,2026-04-24 13:36:00+00:00,2026-04-24 13:36
juicio,80039,2026-04-24 13:36:00+00:00,2026-04-24 13:36
anuncia,77595,2026-04-24 13:36:00+00:00,2026-04-24 13:36
español,76901,2026-04-24 13:36:00+00:00,2026-04-24 13:36
internacional,470537,2026-04-24 14:06:00+00:00,2026-04-24 14:06
irán,289516,2026-04-24 14:06:00+00:00,2026-04-24 14:06
trump,243573,2026-04-24 14:06:00+00:00,2026-04-24 14:06
guerra,242943,2026-04-24 14:06:00+00:00,2026-04-24 14:06
sánchez,175975,2026-04-24 14:06:00+00:00,2026-04-24 14:06
israel,129376,2026-04-24 14:06:00+00:00,2026-04-24 14:06
málaga,125044,2026-04-24 14:06:00+00:00,2026-04-24 14:06
guerra irán,105368,2026-04-24 14:06:00+00:00,2026-04-24 14:06
ormuz,101474,2026-04-24 14:06:00+00:00,2026-04-24 14:06
aragón,98188,2026-04-24 14:06:00+00:00,2026-04-24 14:06
diario,95321,2026-04-24 14:06:00+00:00,2026-04-24 14:06
nacional,92859,2026-04-24 14:06:00+00:00,2026-04-24 14:06
mundial,89704,2026-04-24 14:06:00+00:00,2026-04-24 14:06
final,84489,2026-04-24 14:06:00+00:00,2026-04-24 14:06
muere,83262,2026-04-24 14:06:00+00:00,2026-04-24 14:06
regularización,83108,2026-04-24 14:06:00+00:00,2026-04-24 14:06
ia,82785,2026-04-24 14:06:00+00:00,2026-04-24 14:06
ue,82184,2026-04-24 14:06:00+00:00,2026-04-24 14:06
economía,80484,2026-04-24 14:06:00+00:00,2026-04-24 14:06
juicio,79371,2026-04-24 14:06:00+00:00,2026-04-24 14:06
anuncia,77669,2026-04-24 14:06:00+00:00,2026-04-24 14:06
español,77199,2026-04-24 14:06:00+00:00,2026-04-24 14:06
20,76846,2026-04-24 14:06:00+00:00,2026-04-24 14:06
internacional,469441,2026-04-24 14:37:00+00:00,2026-04-24 14:37
irán,289960,2026-04-24 14:37:00+00:00,2026-04-24 14:37
trump,243886,2026-04-24 14:37:00+00:00,2026-04-24 14:37
guerra,242757,2026-04-24 14:37:00+00:00,2026-04-24 14:37
sánchez,176377,2026-04-24 14:37:00+00:00,2026-04-24 14:37
israel,129585,2026-04-24 14:37:00+00:00,2026-04-24 14:37
málaga,124972,2026-04-24 14:37:00+00:00,2026-04-24 14:37
guerra irán,105392,2026-04-24 14:37:00+00:00,2026-04-24 14:37
ormuz,101314,2026-04-24 14:37:00+00:00,2026-04-24 14:37
aragón,98178,2026-04-24 14:37:00+00:00,2026-04-24 14:37
diario,95619,2026-04-24 14:37:00+00:00,2026-04-24 14:37
nacional,94451,2026-04-24 14:37:00+00:00,2026-04-24 14:37
mundial,89840,2026-04-24 14:37:00+00:00,2026-04-24 14:37
final,84289,2026-04-24 14:37:00+00:00,2026-04-24 14:37
muere,83345,2026-04-24 14:37:00+00:00,2026-04-24 14:37
ia,83032,2026-04-24 14:37:00+00:00,2026-04-24 14:37
regularización,82447,2026-04-24 14:37:00+00:00,2026-04-24 14:37
ue,81856,2026-04-24 14:37:00+00:00,2026-04-24 14:37
economía,80256,2026-04-24 14:37:00+00:00,2026-04-24 14:37
juicio,79502,2026-04-24 14:37:00+00:00,2026-04-24 14:37
anuncia,77447,2026-04-24 14:37:00+00:00,2026-04-24 14:37
español,77209,2026-04-24 14:37:00+00:00,2026-04-24 14:37
20,77133,2026-04-24 14:37:00+00:00,2026-04-24 14:37
internacional,469464,2026-04-24 15:06:00+00:00,2026-04-24 15:06
irán,289588,2026-04-24 15:06:00+00:00,2026-04-24 15:06
trump,243940,2026-04-24 15:06:00+00:00,2026-04-24 15:06
guerra,243501,2026-04-24 15:06:00+00:00,2026-04-24 15:06
sánchez,176544,2026-04-24 15:06:00+00:00,2026-04-24 15:06
israel,130200,2026-04-24 15:06:00+00:00,2026-04-24 15:06
málaga,124979,2026-04-24 15:06:00+00:00,2026-04-24 15:06
guerra irán,105353,2026-04-24 15:06:00+00:00,2026-04-24 15:06
ormuz,101579,2026-04-24 15:06:00+00:00,2026-04-24 15:06
aragón,96429,2026-04-24 15:06:00+00:00,2026-04-24 15:06
diario,95460,2026-04-24 15:06:00+00:00,2026-04-24 15:06
nacional,94389,2026-04-24 15:06:00+00:00,2026-04-24 15:06
mundial,90237,2026-04-24 15:06:00+00:00,2026-04-24 15:06
final,84294,2026-04-24 15:06:00+00:00,2026-04-24 15:06
muere,83148,2026-04-24 15:06:00+00:00,2026-04-24 15:06
ia,82843,2026-04-24 15:06:00+00:00,2026-04-24 15:06
regularización,82712,2026-04-24 15:06:00+00:00,2026-04-24 15:06
ue,81792,2026-04-24 15:06:00+00:00,2026-04-24 15:06
economía,80138,2026-04-24 15:06:00+00:00,2026-04-24 15:06
juicio,79306,2026-04-24 15:06:00+00:00,2026-04-24 15:06
anuncia,77717,2026-04-24 15:06:00+00:00,2026-04-24 15:06
20,77403,2026-04-24 15:06:00+00:00,2026-04-24 15:06
español,77343,2026-04-24 15:06:00+00:00,2026-04-24 15:06
internacional,472216,2026-04-24 15:37:00+00:00,2026-04-24 15:37
irán,289719,2026-04-24 15:37:00+00:00,2026-04-24 15:37
trump,244173,2026-04-24 15:37:00+00:00,2026-04-24 15:37
guerra,243789,2026-04-24 15:37:00+00:00,2026-04-24 15:37
sánchez,176315,2026-04-24 15:37:00+00:00,2026-04-24 15:37
israel,130249,2026-04-24 15:37:00+00:00,2026-04-24 15:37
málaga,125436,2026-04-24 15:37:00+00:00,2026-04-24 15:37
guerra irán,105564,2026-04-24 15:37:00+00:00,2026-04-24 15:37
ormuz,101551,2026-04-24 15:37:00+00:00,2026-04-24 15:37
diario,96209,2026-04-24 15:37:00+00:00,2026-04-24 15:37
aragón,95504,2026-04-24 15:37:00+00:00,2026-04-24 15:37
nacional,94270,2026-04-24 15:37:00+00:00,2026-04-24 15:37
mundial,90748,2026-04-24 15:37:00+00:00,2026-04-24 15:37
final,84299,2026-04-24 15:37:00+00:00,2026-04-24 15:37
muere,83440,2026-04-24 15:37:00+00:00,2026-04-24 15:37
ia,82660,2026-04-24 15:37:00+00:00,2026-04-24 15:37
regularización,82270,2026-04-24 15:37:00+00:00,2026-04-24 15:37
ue,81964,2026-04-24 15:37:00+00:00,2026-04-24 15:37
economía,80145,2026-04-24 15:37:00+00:00,2026-04-24 15:37
juicio,79310,2026-04-24 15:37:00+00:00,2026-04-24 15:37
anuncia,77995,2026-04-24 15:37:00+00:00,2026-04-24 15:37
español,77480,2026-04-24 15:37:00+00:00,2026-04-24 15:37
20,77407,2026-04-24 15:37:00+00:00,2026-04-24 15:37
internacional,472979,2026-04-24 16:06:00+00:00,2026-04-24 16:06
irán,290183,2026-04-24 16:06:00+00:00,2026-04-24 16:06
trump,245319,2026-04-24 16:06:00+00:00,2026-04-24 16:06
guerra,243883,2026-04-24 16:06:00+00:00,2026-04-24 16:06
sánchez,176543,2026-04-24 16:06:00+00:00,2026-04-24 16:06
israel,130176,2026-04-24 16:06:00+00:00,2026-04-24 16:06
málaga,128084,2026-04-24 16:06:00+00:00,2026-04-24 16:06
guerra irán,105654,2026-04-24 16:06:00+00:00,2026-04-24 16:06
ormuz,101459,2026-04-24 16:06:00+00:00,2026-04-24 16:06
diario,96372,2026-04-24 16:06:00+00:00,2026-04-24 16:06
nacional,95441,2026-04-24 16:06:00+00:00,2026-04-24 16:06
aragón,95194,2026-04-24 16:06:00+00:00,2026-04-24 16:06
mundial,91273,2026-04-24 16:06:00+00:00,2026-04-24 16:06
muere,85105,2026-04-24 16:06:00+00:00,2026-04-24 16:06
final,84519,2026-04-24 16:06:00+00:00,2026-04-24 16:06
ia,82265,2026-04-24 16:06:00+00:00,2026-04-24 16:06
ue,82104,2026-04-24 16:06:00+00:00,2026-04-24 16:06
regularización,81966,2026-04-24 16:06:00+00:00,2026-04-24 16:06
economía,80195,2026-04-24 16:06:00+00:00,2026-04-24 16:06
juicio,79118,2026-04-24 16:06:00+00:00,2026-04-24 16:06
anuncia,78487,2026-04-24 16:06:00+00:00,2026-04-24 16:06
español,77655,2026-04-24 16:06:00+00:00,2026-04-24 16:06
20,77382,2026-04-24 16:06:00+00:00,2026-04-24 16:06
internacional,473469,2026-04-24 16:37:00+00:00,2026-04-24 16:37
irán,290325,2026-04-24 16:37:00+00:00,2026-04-24 16:37
trump,246263,2026-04-24 16:37:00+00:00,2026-04-24 16:37
guerra,243857,2026-04-24 16:37:00+00:00,2026-04-24 16:37
sánchez,176652,2026-04-24 16:37:00+00:00,2026-04-24 16:37
israel,131055,2026-04-24 16:37:00+00:00,2026-04-24 16:37
málaga,127557,2026-04-24 16:37:00+00:00,2026-04-24 16:37
guerra irán,105717,2026-04-24 16:37:00+00:00,2026-04-24 16:37
ormuz,101984,2026-04-24 16:37:00+00:00,2026-04-24 16:37
diario,97339,2026-04-24 16:37:00+00:00,2026-04-24 16:37
nacional,95424,2026-04-24 16:37:00+00:00,2026-04-24 16:37
aragón,94948,2026-04-24 16:37:00+00:00,2026-04-24 16:37
mundial,91540,2026-04-24 16:37:00+00:00,2026-04-24 16:37
muere,86366,2026-04-24 16:37:00+00:00,2026-04-24 16:37
final,84395,2026-04-24 16:37:00+00:00,2026-04-24 16:37
ue,82376,2026-04-24 16:37:00+00:00,2026-04-24 16:37
ia,82019,2026-04-24 16:37:00+00:00,2026-04-24 16:37
regularización,81870,2026-04-24 16:37:00+00:00,2026-04-24 16:37
economía,79984,2026-04-24 16:37:00+00:00,2026-04-24 16:37
anuncia,79138,2026-04-24 16:37:00+00:00,2026-04-24 16:37
juicio,78940,2026-04-24 16:37:00+00:00,2026-04-24 16:37
español,78038,2026-04-24 16:37:00+00:00,2026-04-24 16:37
internacional,473969,2026-04-24 17:06:00+00:00,2026-04-24 17:06
irán,290740,2026-04-24 17:06:00+00:00,2026-04-24 17:06
trump,246830,2026-04-24 17:06:00+00:00,2026-04-24 17:06
guerra,244218,2026-04-24 17:06:00+00:00,2026-04-24 17:06
sánchez,176188,2026-04-24 17:06:00+00:00,2026-04-24 17:06
israel,131030,2026-04-24 17:06:00+00:00,2026-04-24 17:06
málaga,128220,2026-04-24 17:06:00+00:00,2026-04-24 17:06
guerra irán,105650,2026-04-24 17:06:00+00:00,2026-04-24 17:06
ormuz,102113,2026-04-24 17:06:00+00:00,2026-04-24 17:06
diario,97461,2026-04-24 17:06:00+00:00,2026-04-24 17:06
nacional,95613,2026-04-24 17:06:00+00:00,2026-04-24 17:06
aragón,94515,2026-04-24 17:06:00+00:00,2026-04-24 17:06
mundial,91755,2026-04-24 17:06:00+00:00,2026-04-24 17:06
muere,86881,2026-04-24 17:06:00+00:00,2026-04-24 17:06
final,84401,2026-04-24 17:06:00+00:00,2026-04-24 17:06
ue,82818,2026-04-24 17:06:00+00:00,2026-04-24 17:06
ia,82473,2026-04-24 17:06:00+00:00,2026-04-24 17:06
regularización,81524,2026-04-24 17:06:00+00:00,2026-04-24 17:06
economía,79819,2026-04-24 17:06:00+00:00,2026-04-24 17:06
juicio,79336,2026-04-24 17:06:00+00:00,2026-04-24 17:06
anuncia,79298,2026-04-24 17:06:00+00:00,2026-04-24 17:06
español,77644,2026-04-24 17:06:00+00:00,2026-04-24 17:06
internacional,474374,2026-04-24 17:36:00+00:00,2026-04-24 17:36
irán,291664,2026-04-24 17:36:00+00:00,2026-04-24 17:36
trump,248634,2026-04-24 17:36:00+00:00,2026-04-24 17:36
guerra,244921,2026-04-24 17:36:00+00:00,2026-04-24 17:36
sánchez,176555,2026-04-24 17:36:00+00:00,2026-04-24 17:36
israel,131080,2026-04-24 17:36:00+00:00,2026-04-24 17:36
málaga,128874,2026-04-24 17:36:00+00:00,2026-04-24 17:36
guerra irán,105878,2026-04-24 17:36:00+00:00,2026-04-24 17:36
ormuz,102044,2026-04-24 17:36:00+00:00,2026-04-24 17:36
diario,97469,2026-04-24 17:36:00+00:00,2026-04-24 17:36
nacional,95944,2026-04-24 17:36:00+00:00,2026-04-24 17:36
aragón,94015,2026-04-24 17:36:00+00:00,2026-04-24 17:36
mundial,91594,2026-04-24 17:36:00+00:00,2026-04-24 17:36
muere,87083,2026-04-24 17:36:00+00:00,2026-04-24 17:36
final,84602,2026-04-24 17:36:00+00:00,2026-04-24 17:36
ue,82939,2026-04-24 17:36:00+00:00,2026-04-24 17:36
ia,82276,2026-04-24 17:36:00+00:00,2026-04-24 17:36
regularización,81528,2026-04-24 17:36:00+00:00,2026-04-24 17:36
economía,79499,2026-04-24 17:36:00+00:00,2026-04-24 17:36
anuncia,79411,2026-04-24 17:36:00+00:00,2026-04-24 17:36
juicio,79340,2026-04-24 17:36:00+00:00,2026-04-24 17:36
español,77808,2026-04-24 17:36:00+00:00,2026-04-24 17:36
internacional,475056,2026-04-24 18:06:00+00:00,2026-04-24 18:06
irán,292588,2026-04-24 18:06:00+00:00,2026-04-24 18:06
trump,248667,2026-04-24 18:06:00+00:00,2026-04-24 18:06
guerra,245276,2026-04-24 18:06:00+00:00,2026-04-24 18:06
sánchez,176391,2026-04-24 18:06:00+00:00,2026-04-24 18:06
israel,131175,2026-04-24 18:06:00+00:00,2026-04-24 18:06
málaga,128880,2026-04-24 18:06:00+00:00,2026-04-24 18:06
guerra irán,106050,2026-04-24 18:06:00+00:00,2026-04-24 18:06
ormuz,101833,2026-04-24 18:06:00+00:00,2026-04-24 18:06
diario,97424,2026-04-24 18:06:00+00:00,2026-04-24 18:06
nacional,95883,2026-04-24 18:06:00+00:00,2026-04-24 18:06
aragón,93193,2026-04-24 18:06:00+00:00,2026-04-24 18:06
mundial,91861,2026-04-24 18:06:00+00:00,2026-04-24 18:06
muere,87799,2026-04-24 18:06:00+00:00,2026-04-24 18:06
final,84607,2026-04-24 18:06:00+00:00,2026-04-24 18:06
ue,82842,2026-04-24 18:06:00+00:00,2026-04-24 18:06
ia,82449,2026-04-24 18:06:00+00:00,2026-04-24 18:06
regularización,81470,2026-04-24 18:06:00+00:00,2026-04-24 18:06
juicio,79493,2026-04-24 18:06:00+00:00,2026-04-24 18:06
anuncia,79416,2026-04-24 18:06:00+00:00,2026-04-24 18:06
economía,79302,2026-04-24 18:06:00+00:00,2026-04-24 18:06
español,78140,2026-04-24 18:06:00+00:00,2026-04-24 18:06
internacional,475368,2026-04-24 18:36:00+00:00,2026-04-24 18:36
irán,293213,2026-04-24 18:36:00+00:00,2026-04-24 18:36
trump,250300,2026-04-24 18:36:00+00:00,2026-04-24 18:36
guerra,245502,2026-04-24 18:36:00+00:00,2026-04-24 18:36
sánchez,176380,2026-04-24 18:36:00+00:00,2026-04-24 18:36
israel,131231,2026-04-24 18:36:00+00:00,2026-04-24 18:36
málaga,128885,2026-04-24 18:36:00+00:00,2026-04-24 18:36
guerra irán,105968,2026-04-24 18:36:00+00:00,2026-04-24 18:36
ormuz,102066,2026-04-24 18:36:00+00:00,2026-04-24 18:36
diario,97821,2026-04-24 18:36:00+00:00,2026-04-24 18:36
nacional,95782,2026-04-24 18:36:00+00:00,2026-04-24 18:36
aragón,93332,2026-04-24 18:36:00+00:00,2026-04-24 18:36
mundial,91866,2026-04-24 18:36:00+00:00,2026-04-24 18:36
muere,88346,2026-04-24 18:36:00+00:00,2026-04-24 18:36
final,84570,2026-04-24 18:36:00+00:00,2026-04-24 18:36
ue,83322,2026-04-24 18:36:00+00:00,2026-04-24 18:36
ia,82112,2026-04-24 18:36:00+00:00,2026-04-24 18:36
regularización,81475,2026-04-24 18:36:00+00:00,2026-04-24 18:36
economía,79306,2026-04-24 18:36:00+00:00,2026-04-24 18:36
anuncia,79287,2026-04-24 18:36:00+00:00,2026-04-24 18:36
juicio,79155,2026-04-24 18:36:00+00:00,2026-04-24 18:36
español,78444,2026-04-24 18:36:00+00:00,2026-04-24 18:36
20,77141,2026-04-24 18:36:00+00:00,2026-04-24 18:36
internacional,476666,2026-04-24 19:07:00+00:00,2026-04-24 19:07
irán,293895,2026-04-24 19:07:00+00:00,2026-04-24 19:07
trump,250837,2026-04-24 19:07:00+00:00,2026-04-24 19:07
guerra,245633,2026-04-24 19:07:00+00:00,2026-04-24 19:07
sánchez,176584,2026-04-24 19:07:00+00:00,2026-04-24 19:07
israel,131205,2026-04-24 19:07:00+00:00,2026-04-24 19:07
málaga,128428,2026-04-24 19:07:00+00:00,2026-04-24 19:07
guerra irán,105928,2026-04-24 19:07:00+00:00,2026-04-24 19:07
ormuz,101943,2026-04-24 19:07:00+00:00,2026-04-24 19:07
diario,97885,2026-04-24 19:07:00+00:00,2026-04-24 19:07
nacional,95142,2026-04-24 19:07:00+00:00,2026-04-24 19:07
aragón,92337,2026-04-24 19:07:00+00:00,2026-04-24 19:07
mundial,91871,2026-04-24 19:07:00+00:00,2026-04-24 19:07
muere,89053,2026-04-24 19:07:00+00:00,2026-04-24 19:07
final,84710,2026-04-24 19:07:00+00:00,2026-04-24 19:07
ue,83602,2026-04-24 19:07:00+00:00,2026-04-24 19:07
ia,82514,2026-04-24 19:07:00+00:00,2026-04-24 19:07
regularización,81122,2026-04-24 19:07:00+00:00,2026-04-24 19:07
anuncia,79383,2026-04-24 19:07:00+00:00,2026-04-24 19:07
economía,79312,2026-04-24 19:07:00+00:00,2026-04-24 19:07
juicio,79158,2026-04-24 19:07:00+00:00,2026-04-24 19:07
español,78299,2026-04-24 19:07:00+00:00,2026-04-24 19:07
internacional,478734,2026-04-24 19:36:00+00:00,2026-04-24 19:36
irán,292994,2026-04-24 19:36:00+00:00,2026-04-24 19:36
trump,251956,2026-04-24 19:36:00+00:00,2026-04-24 19:36
guerra,244994,2026-04-24 19:36:00+00:00,2026-04-24 19:36
sánchez,177133,2026-04-24 19:36:00+00:00,2026-04-24 19:36
israel,130026,2026-04-24 19:36:00+00:00,2026-04-24 19:36
málaga,129309,2026-04-24 19:36:00+00:00,2026-04-24 19:36
guerra irán,105882,2026-04-24 19:36:00+00:00,2026-04-24 19:36
ormuz,101985,2026-04-24 19:36:00+00:00,2026-04-24 19:36
diario,98130,2026-04-24 19:36:00+00:00,2026-04-24 19:36
nacional,95398,2026-04-24 19:36:00+00:00,2026-04-24 19:36
aragón,92085,2026-04-24 19:36:00+00:00,2026-04-24 19:36
mundial,91885,2026-04-24 19:36:00+00:00,2026-04-24 19:36
muere,89676,2026-04-24 19:36:00+00:00,2026-04-24 19:36
final,84789,2026-04-24 19:36:00+00:00,2026-04-24 19:36
ue,83967,2026-04-24 19:36:00+00:00,2026-04-24 19:36
ia,82848,2026-04-24 19:36:00+00:00,2026-04-24 19:36
regularización,81404,2026-04-24 19:36:00+00:00,2026-04-24 19:36
anuncia,79447,2026-04-24 19:36:00+00:00,2026-04-24 19:36
economía,79386,2026-04-24 19:36:00+00:00,2026-04-24 19:36
juicio,79096,2026-04-24 19:36:00+00:00,2026-04-24 19:36
español,78877,2026-04-24 19:36:00+00:00,2026-04-24 19:36
internacional,478278,2026-04-24 20:06:00+00:00,2026-04-24 20:06
irán,292650,2026-04-24 20:06:00+00:00,2026-04-24 20:06
trump,251614,2026-04-24 20:06:00+00:00,2026-04-24 20:06
guerra,244867,2026-04-24 20:06:00+00:00,2026-04-24 20:06
sánchez,177591,2026-04-24 20:06:00+00:00,2026-04-24 20:06
israel,130002,2026-04-24 20:06:00+00:00,2026-04-24 20:06
málaga,129370,2026-04-24 20:06:00+00:00,2026-04-24 20:06
guerra irán,105818,2026-04-24 20:06:00+00:00,2026-04-24 20:06
ormuz,101856,2026-04-24 20:06:00+00:00,2026-04-24 20:06
diario,98076,2026-04-24 20:06:00+00:00,2026-04-24 20:06
nacional,94950,2026-04-24 20:06:00+00:00,2026-04-24 20:06
mundial,92070,2026-04-24 20:06:00+00:00,2026-04-24 20:06
aragón,91493,2026-04-24 20:06:00+00:00,2026-04-24 20:06
muere,90052,2026-04-24 20:06:00+00:00,2026-04-24 20:06
final,84792,2026-04-24 20:06:00+00:00,2026-04-24 20:06
ue,83970,2026-04-24 20:06:00+00:00,2026-04-24 20:06
ia,83084,2026-04-24 20:06:00+00:00,2026-04-24 20:06
regularización,81475,2026-04-24 20:06:00+00:00,2026-04-24 20:06
anuncia,79637,2026-04-24 20:06:00+00:00,2026-04-24 20:06
economía,79088,2026-04-24 20:06:00+00:00,2026-04-24 20:06
juicio,78983,2026-04-24 20:06:00+00:00,2026-04-24 20:06
español,78754,2026-04-24 20:06:00+00:00,2026-04-24 20:06
internacional,478437,2026-04-24 20:36:00+00:00,2026-04-24 20:36
irán,292642,2026-04-24 20:36:00+00:00,2026-04-24 20:36
trump,251753,2026-04-24 20:36:00+00:00,2026-04-24 20:36
guerra,245188,2026-04-24 20:36:00+00:00,2026-04-24 20:36
sánchez,177651,2026-04-24 20:36:00+00:00,2026-04-24 20:36
israel,130251,2026-04-24 20:36:00+00:00,2026-04-24 20:36
málaga,129131,2026-04-24 20:36:00+00:00,2026-04-24 20:36
guerra irán,105901,2026-04-24 20:36:00+00:00,2026-04-24 20:36
ormuz,102030,2026-04-24 20:36:00+00:00,2026-04-24 20:36
diario,98251,2026-04-24 20:36:00+00:00,2026-04-24 20:36
nacional,94912,2026-04-24 20:36:00+00:00,2026-04-24 20:36
mundial,92149,2026-04-24 20:36:00+00:00,2026-04-24 20:36
aragón,91501,2026-04-24 20:36:00+00:00,2026-04-24 20:36
muere,90289,2026-04-24 20:36:00+00:00,2026-04-24 20:36
final,84673,2026-04-24 20:36:00+00:00,2026-04-24 20:36
ue,84162,2026-04-24 20:36:00+00:00,2026-04-24 20:36
ia,83166,2026-04-24 20:36:00+00:00,2026-04-24 20:36
regularización,81346,2026-04-24 20:36:00+00:00,2026-04-24 20:36
anuncia,79518,2026-04-24 20:36:00+00:00,2026-04-24 20:36
juicio,78970,2026-04-24 20:36:00+00:00,2026-04-24 20:36
economía,78920,2026-04-24 20:36:00+00:00,2026-04-24 20:36
español,78351,2026-04-24 20:36:00+00:00,2026-04-24 20:36
internacional,478190,2026-04-24 21:06:00+00:00,2026-04-24 21:06
irán,292870,2026-04-24 21:06:00+00:00,2026-04-24 21:06
trump,252193,2026-04-24 21:06:00+00:00,2026-04-24 21:06
guerra,245446,2026-04-24 21:06:00+00:00,2026-04-24 21:06
sánchez,178239,2026-04-24 21:06:00+00:00,2026-04-24 21:06
israel,130278,2026-04-24 21:06:00+00:00,2026-04-24 21:06
málaga,129020,2026-04-24 21:06:00+00:00,2026-04-24 21:06
guerra irán,106295,2026-04-24 21:06:00+00:00,2026-04-24 21:06
ormuz,101910,2026-04-24 21:06:00+00:00,2026-04-24 21:06
diario,98350,2026-04-24 21:06:00+00:00,2026-04-24 21:06
nacional,94576,2026-04-24 21:06:00+00:00,2026-04-24 21:06
mundial,91923,2026-04-24 21:06:00+00:00,2026-04-24 21:06
aragón,91350,2026-04-24 21:06:00+00:00,2026-04-24 21:06
muere,89943,2026-04-24 21:06:00+00:00,2026-04-24 21:06
final,84520,2026-04-24 21:06:00+00:00,2026-04-24 21:06
ue,84098,2026-04-24 21:06:00+00:00,2026-04-24 21:06
ia,83028,2026-04-24 21:06:00+00:00,2026-04-24 21:06
regularización,81871,2026-04-24 21:06:00+00:00,2026-04-24 21:06
juicio,79836,2026-04-24 21:06:00+00:00,2026-04-24 21:06
anuncia,79050,2026-04-24 21:06:00+00:00,2026-04-24 21:06
economía,78808,2026-04-24 21:06:00+00:00,2026-04-24 21:06
español,78243,2026-04-24 21:06:00+00:00,2026-04-24 21:06
internacional,481819,2026-04-24 21:37:00+00:00,2026-04-24 21:37
irán,292006,2026-04-24 21:37:00+00:00,2026-04-24 21:37
trump,248025,2026-04-24 21:37:00+00:00,2026-04-24 21:37
guerra,244992,2026-04-24 21:37:00+00:00,2026-04-24 21:37
sánchez,176822,2026-04-24 21:37:00+00:00,2026-04-24 21:37
israel,130263,2026-04-24 21:37:00+00:00,2026-04-24 21:37
málaga,128847,2026-04-24 21:37:00+00:00,2026-04-24 21:37
guerra irán,105820,2026-04-24 21:37:00+00:00,2026-04-24 21:37
ormuz,101834,2026-04-24 21:37:00+00:00,2026-04-24 21:37
diario,98289,2026-04-24 21:37:00+00:00,2026-04-24 21:37
nacional,93801,2026-04-24 21:37:00+00:00,2026-04-24 21:37
mundial,91669,2026-04-24 21:37:00+00:00,2026-04-24 21:37
aragón,91575,2026-04-24 21:37:00+00:00,2026-04-24 21:37
muere,91244,2026-04-24 21:37:00+00:00,2026-04-24 21:37
final,85168,2026-04-24 21:37:00+00:00,2026-04-24 21:37
ue,83986,2026-04-24 21:37:00+00:00,2026-04-24 21:37
ia,83527,2026-04-24 21:37:00+00:00,2026-04-24 21:37
regularización,81921,2026-04-24 21:37:00+00:00,2026-04-24 21:37
juicio,79971,2026-04-24 21:37:00+00:00,2026-04-24 21:37
anuncia,79450,2026-04-24 21:37:00+00:00,2026-04-24 21:37
economía,78782,2026-04-24 21:37:00+00:00,2026-04-24 21:37
español,78431,2026-04-24 21:37:00+00:00,2026-04-24 21:37
internacional,481651,2026-04-24 22:07:00+00:00,2026-04-24 22:07
irán,291758,2026-04-24 22:07:00+00:00,2026-04-24 22:07
trump,247630,2026-04-24 22:07:00+00:00,2026-04-24 22:07
guerra,244697,2026-04-24 22:07:00+00:00,2026-04-24 22:07
sánchez,176756,2026-04-24 22:07:00+00:00,2026-04-24 22:07
israel,130167,2026-04-24 22:07:00+00:00,2026-04-24 22:07
málaga,128273,2026-04-24 22:07:00+00:00,2026-04-24 22:07
guerra irán,105821,2026-04-24 22:07:00+00:00,2026-04-24 22:07
ormuz,101835,2026-04-24 22:07:00+00:00,2026-04-24 22:07
diario,97994,2026-04-24 22:07:00+00:00,2026-04-24 22:07
nacional,93669,2026-04-24 22:07:00+00:00,2026-04-24 22:07
mundial,91622,2026-04-24 22:07:00+00:00,2026-04-24 22:07
aragón,91450,2026-04-24 22:07:00+00:00,2026-04-24 22:07
muere,91403,2026-04-24 22:07:00+00:00,2026-04-24 22:07
final,85126,2026-04-24 22:07:00+00:00,2026-04-24 22:07
ue,83869,2026-04-24 22:07:00+00:00,2026-04-24 22:07
ia,83528,2026-04-24 22:07:00+00:00,2026-04-24 22:07
regularización,81922,2026-04-24 22:07:00+00:00,2026-04-24 22:07
juicio,79972,2026-04-24 22:07:00+00:00,2026-04-24 22:07
anuncia,79451,2026-04-24 22:07:00+00:00,2026-04-24 22:07
economía,78783,2026-04-24 22:07:00+00:00,2026-04-24 22:07
español,78232,2026-04-24 22:07:00+00:00,2026-04-24 22:07
internacional,482503,2026-04-24 22:37:00+00:00,2026-04-24 22:37
irán,291739,2026-04-24 22:37:00+00:00,2026-04-24 22:37
trump,247328,2026-04-24 22:37:00+00:00,2026-04-24 22:37
guerra,245331,2026-04-24 22:37:00+00:00,2026-04-24 22:37
sánchez,176960,2026-04-24 22:37:00+00:00,2026-04-24 22:37
israel,130116,2026-04-24 22:37:00+00:00,2026-04-24 22:37
málaga,127702,2026-04-24 22:37:00+00:00,2026-04-24 22:37
guerra irán,105947,2026-04-24 22:37:00+00:00,2026-04-24 22:37
ormuz,101841,2026-04-24 22:37:00+00:00,2026-04-24 22:37
diario,97999,2026-04-24 22:37:00+00:00,2026-04-24 22:37
nacional,93672,2026-04-24 22:37:00+00:00,2026-04-24 22:37
muere,91800,2026-04-24 22:37:00+00:00,2026-04-24 22:37
mundial,91625,2026-04-24 22:37:00+00:00,2026-04-24 22:37
aragón,91452,2026-04-24 22:37:00+00:00,2026-04-24 22:37
final,85130,2026-04-24 22:37:00+00:00,2026-04-24 22:37
ue,83820,2026-04-24 22:37:00+00:00,2026-04-24 22:37
ia,83230,2026-04-24 22:37:00+00:00,2026-04-24 22:37
regularización,81787,2026-04-24 22:37:00+00:00,2026-04-24 22:37
juicio,79973,2026-04-24 22:37:00+00:00,2026-04-24 22:37
anuncia,79417,2026-04-24 22:37:00+00:00,2026-04-24 22:37
economía,78787,2026-04-24 22:37:00+00:00,2026-04-24 22:37
español,78235,2026-04-24 22:37:00+00:00,2026-04-24 22:37
internacional,481921,2026-04-24 23:07:00+00:00,2026-04-24 23:07
irán,292575,2026-04-24 23:07:00+00:00,2026-04-24 23:07
trump,247651,2026-04-24 23:07:00+00:00,2026-04-24 23:07
guerra,246027,2026-04-24 23:07:00+00:00,2026-04-24 23:07
sánchez,176948,2026-04-24 23:07:00+00:00,2026-04-24 23:07
israel,131080,2026-04-24 23:07:00+00:00,2026-04-24 23:07
málaga,127856,2026-04-24 23:07:00+00:00,2026-04-24 23:07
guerra irán,106127,2026-04-24 23:07:00+00:00,2026-04-24 23:07
ormuz,102010,2026-04-24 23:07:00+00:00,2026-04-24 23:07
diario,97851,2026-04-24 23:07:00+00:00,2026-04-24 23:07
nacional,93466,2026-04-24 23:07:00+00:00,2026-04-24 23:07
mundial,91499,2026-04-24 23:07:00+00:00,2026-04-24 23:07
aragón,91382,2026-04-24 23:07:00+00:00,2026-04-24 23:07
muere,91278,2026-04-24 23:07:00+00:00,2026-04-24 23:07
final,85126,2026-04-24 23:07:00+00:00,2026-04-24 23:07
ue,83690,2026-04-24 23:07:00+00:00,2026-04-24 23:07
ia,83554,2026-04-24 23:07:00+00:00,2026-04-24 23:07
regularización,81788,2026-04-24 23:07:00+00:00,2026-04-24 23:07
juicio,79934,2026-04-24 23:07:00+00:00,2026-04-24 23:07
anuncia,78961,2026-04-24 23:07:00+00:00,2026-04-24 23:07
economía,78790,2026-04-24 23:07:00+00:00,2026-04-24 23:07
español,77781,2026-04-24 23:07:00+00:00,2026-04-24 23:07
internacional,481947,2026-04-24 23:36:00+00:00,2026-04-24 23:36
irán,292450,2026-04-24 23:36:00+00:00,2026-04-24 23:36
trump,247902,2026-04-24 23:36:00+00:00,2026-04-24 23:36
guerra,246033,2026-04-24 23:36:00+00:00,2026-04-24 23:36
sánchez,177515,2026-04-24 23:36:00+00:00,2026-04-24 23:36
israel,131084,2026-04-24 23:36:00+00:00,2026-04-24 23:36
málaga,127858,2026-04-24 23:36:00+00:00,2026-04-24 23:36
guerra irán,106129,2026-04-24 23:36:00+00:00,2026-04-24 23:36
ormuz,102011,2026-04-24 23:36:00+00:00,2026-04-24 23:36
diario,97684,2026-04-24 23:36:00+00:00,2026-04-24 23:36
nacional,93467,2026-04-24 23:36:00+00:00,2026-04-24 23:36
mundial,91501,2026-04-24 23:36:00+00:00,2026-04-24 23:36
aragón,91383,2026-04-24 23:36:00+00:00,2026-04-24 23:36
muere,91278,2026-04-24 23:36:00+00:00,2026-04-24 23:36
final,85345,2026-04-24 23:36:00+00:00,2026-04-24 23:36
ue,83939,2026-04-24 23:36:00+00:00,2026-04-24 23:36
ia,83554,2026-04-24 23:36:00+00:00,2026-04-24 23:36
regularización,81790,2026-04-24 23:36:00+00:00,2026-04-24 23:36
juicio,79937,2026-04-24 23:36:00+00:00,2026-04-24 23:36
anuncia,78963,2026-04-24 23:36:00+00:00,2026-04-24 23:36
economía,78791,2026-04-24 23:36:00+00:00,2026-04-24 23:36
español,77783,2026-04-24 23:36:00+00:00,2026-04-24 23:36
internacional,481856,2026-04-25 00:07:00+00:00,2026-04-25 00:07
irán,292361,2026-04-25 00:07:00+00:00,2026-04-25 00:07
trump,248264,2026-04-25 00:07:00+00:00,2026-04-25 00:07
guerra,246036,2026-04-25 00:07:00+00:00,2026-04-25 00:07
sánchez,177517,2026-04-25 00:07:00+00:00,2026-04-25 00:07
israel,131085,2026-04-25 00:07:00+00:00,2026-04-25 00:07
málaga,127970,2026-04-25 00:07:00+00:00,2026-04-25 00:07
guerra irán,106129,2026-04-25 00:07:00+00:00,2026-04-25 00:07
ormuz,101869,2026-04-25 00:07:00+00:00,2026-04-25 00:07
diario,97940,2026-04-25 00:07:00+00:00,2026-04-25 00:07
nacional,93468,2026-04-25 00:07:00+00:00,2026-04-25 00:07
muere,91544,2026-04-25 00:07:00+00:00,2026-04-25 00:07
mundial,91402,2026-04-25 00:07:00+00:00,2026-04-25 00:07
aragón,91384,2026-04-25 00:07:00+00:00,2026-04-25 00:07
final,85347,2026-04-25 00:07:00+00:00,2026-04-25 00:07
ue,83940,2026-04-25 00:07:00+00:00,2026-04-25 00:07
ia,83555,2026-04-25 00:07:00+00:00,2026-04-25 00:07
regularización,81790,2026-04-25 00:07:00+00:00,2026-04-25 00:07
juicio,79937,2026-04-25 00:07:00+00:00,2026-04-25 00:07
anuncia,78963,2026-04-25 00:07:00+00:00,2026-04-25 00:07
economía,78791,2026-04-25 00:07:00+00:00,2026-04-25 00:07
español,77783,2026-04-25 00:07:00+00:00,2026-04-25 00:07
internacional,481631,2026-04-25 00:36:00+00:00,2026-04-25 00:36
irán,292436,2026-04-25 00:36:00+00:00,2026-04-25 00:36
trump,248555,2026-04-25 00:36:00+00:00,2026-04-25 00:36
guerra,245894,2026-04-25 00:36:00+00:00,2026-04-25 00:36
sánchez,177377,2026-04-25 00:36:00+00:00,2026-04-25 00:36
israel,131011,2026-04-25 00:36:00+00:00,2026-04-25 00:36
málaga,127841,2026-04-25 00:36:00+00:00,2026-04-25 00:36
guerra irán,106099,2026-04-25 00:36:00+00:00,2026-04-25 00:36
ormuz,101799,2026-04-25 00:36:00+00:00,2026-04-25 00:36
diario,98263,2026-04-25 00:36:00+00:00,2026-04-25 00:36
nacional,93701,2026-04-25 00:36:00+00:00,2026-04-25 00:36
muere,92189,2026-04-25 00:36:00+00:00,2026-04-25 00:36
mundial,91554,2026-04-25 00:36:00+00:00,2026-04-25 00:36
aragón,91425,2026-04-25 00:36:00+00:00,2026-04-25 00:36
final,85491,2026-04-25 00:36:00+00:00,2026-04-25 00:36
ue,83866,2026-04-25 00:36:00+00:00,2026-04-25 00:36
ia,83629,2026-04-25 00:36:00+00:00,2026-04-25 00:36
regularización,81746,2026-04-25 00:36:00+00:00,2026-04-25 00:36
juicio,80265,2026-04-25 00:36:00+00:00,2026-04-25 00:36
anuncia,79442,2026-04-25 00:36:00+00:00,2026-04-25 00:36
economía,78596,2026-04-25 00:36:00+00:00,2026-04-25 00:36
español,77827,2026-04-25 00:36:00+00:00,2026-04-25 00:36
internacional,481451,2026-04-25 01:06:00+00:00,2026-04-25 01:06
irán,292862,2026-04-25 01:06:00+00:00,2026-04-25 01:06
trump,248830,2026-04-25 01:06:00+00:00,2026-04-25 01:06
guerra,246275,2026-04-25 01:06:00+00:00,2026-04-25 01:06
sánchez,177310,2026-04-25 01:06:00+00:00,2026-04-25 01:06
israel,131016,2026-04-25 01:06:00+00:00,2026-04-25 01:06
málaga,127844,2026-04-25 01:06:00+00:00,2026-04-25 01:06
guerra irán,106105,2026-04-25 01:06:00+00:00,2026-04-25 01:06
ormuz,101698,2026-04-25 01:06:00+00:00,2026-04-25 01:06
diario,98266,2026-04-25 01:06:00+00:00,2026-04-25 01:06
nacional,94163,2026-04-25 01:06:00+00:00,2026-04-25 01:06
muere,92190,2026-04-25 01:06:00+00:00,2026-04-25 01:06
aragón,91889,2026-04-25 01:06:00+00:00,2026-04-25 01:06
mundial,91825,2026-04-25 01:06:00+00:00,2026-04-25 01:06
final,85493,2026-04-25 01:06:00+00:00,2026-04-25 01:06
ia,83630,2026-04-25 01:06:00+00:00,2026-04-25 01:06
ue,83450,2026-04-25 01:06:00+00:00,2026-04-25 01:06
regularización,81748,2026-04-25 01:06:00+00:00,2026-04-25 01:06
juicio,80268,2026-04-25 01:06:00+00:00,2026-04-25 01:06
anuncia,79444,2026-04-25 01:06:00+00:00,2026-04-25 01:06
economía,78598,2026-04-25 01:06:00+00:00,2026-04-25 01:06
español,78068,2026-04-25 01:06:00+00:00,2026-04-25 01:06
internacional,482345,2026-04-25 01:36:00+00:00,2026-04-25 01:36
irán,292828,2026-04-25 01:36:00+00:00,2026-04-25 01:36
trump,249103,2026-04-25 01:36:00+00:00,2026-04-25 01:36
guerra,246223,2026-04-25 01:36:00+00:00,2026-04-25 01:36
sánchez,177289,2026-04-25 01:36:00+00:00,2026-04-25 01:36
israel,131021,2026-04-25 01:36:00+00:00,2026-04-25 01:36
málaga,128576,2026-04-25 01:36:00+00:00,2026-04-25 01:36
guerra irán,106093,2026-04-25 01:36:00+00:00,2026-04-25 01:36
ormuz,101706,2026-04-25 01:36:00+00:00,2026-04-25 01:36
diario,98393,2026-04-25 01:36:00+00:00,2026-04-25 01:36
nacional,95413,2026-04-25 01:36:00+00:00,2026-04-25 01:36
aragón,91817,2026-04-25 01:36:00+00:00,2026-04-25 01:36
muere,91745,2026-04-25 01:36:00+00:00,2026-04-25 01:36
mundial,91513,2026-04-25 01:36:00+00:00,2026-04-25 01:36
final,85555,2026-04-25 01:36:00+00:00,2026-04-25 01:36
ia,83492,2026-04-25 01:36:00+00:00,2026-04-25 01:36
ue,83391,2026-04-25 01:36:00+00:00,2026-04-25 01:36
regularización,81764,2026-04-25 01:36:00+00:00,2026-04-25 01:36
juicio,80227,2026-04-25 01:36:00+00:00,2026-04-25 01:36
anuncia,78986,2026-04-25 01:36:00+00:00,2026-04-25 01:36
economía,78599,2026-04-25 01:36:00+00:00,2026-04-25 01:36
español,78011,2026-04-25 01:36:00+00:00,2026-04-25 01:36
internacional,482676,2026-04-25 02:06:00+00:00,2026-04-25 02:06
irán,292595,2026-04-25 02:06:00+00:00,2026-04-25 02:06
trump,249265,2026-04-25 02:06:00+00:00,2026-04-25 02:06
guerra,246230,2026-04-25 02:06:00+00:00,2026-04-25 02:06
sánchez,177344,2026-04-25 02:06:00+00:00,2026-04-25 02:06
israel,131129,2026-04-25 02:06:00+00:00,2026-04-25 02:06
málaga,127813,2026-04-25 02:06:00+00:00,2026-04-25 02:06
guerra irán,106089,2026-04-25 02:06:00+00:00,2026-04-25 02:06
ormuz,101908,2026-04-25 02:06:00+00:00,2026-04-25 02:06
diario,98022,2026-04-25 02:06:00+00:00,2026-04-25 02:06
nacional,94150,2026-04-25 02:06:00+00:00,2026-04-25 02:06
aragón,91817,2026-04-25 02:06:00+00:00,2026-04-25 02:06
muere,91746,2026-04-25 02:06:00+00:00,2026-04-25 02:06
mundial,91553,2026-04-25 02:06:00+00:00,2026-04-25 02:06
final,85533,2026-04-25 02:06:00+00:00,2026-04-25 02:06
ue,85116,2026-04-25 02:06:00+00:00,2026-04-25 02:06
ia,83506,2026-04-25 02:06:00+00:00,2026-04-25 02:06
regularización,81749,2026-04-25 02:06:00+00:00,2026-04-25 02:06
juicio,80227,2026-04-25 02:06:00+00:00,2026-04-25 02:06
anuncia,79036,2026-04-25 02:06:00+00:00,2026-04-25 02:06
economía,78609,2026-04-25 02:06:00+00:00,2026-04-25 02:06
español,77954,2026-04-25 02:06:00+00:00,2026-04-25 02:06
internacional,483288,2026-04-25 02:36:00+00:00,2026-04-25 02:36
irán,292545,2026-04-25 02:36:00+00:00,2026-04-25 02:36
trump,249692,2026-04-25 02:36:00+00:00,2026-04-25 02:36
guerra,246142,2026-04-25 02:36:00+00:00,2026-04-25 02:36
sánchez,177453,2026-04-25 02:36:00+00:00,2026-04-25 02:36
israel,131133,2026-04-25 02:36:00+00:00,2026-04-25 02:36
málaga,127814,2026-04-25 02:36:00+00:00,2026-04-25 02:36
guerra irán,106008,2026-04-25 02:36:00+00:00,2026-04-25 02:36
ormuz,101911,2026-04-25 02:36:00+00:00,2026-04-25 02:36
diario,98024,2026-04-25 02:36:00+00:00,2026-04-25 02:36
nacional,94153,2026-04-25 02:36:00+00:00,2026-04-25 02:36
aragón,91819,2026-04-25 02:36:00+00:00,2026-04-25 02:36
muere,91747,2026-04-25 02:36:00+00:00,2026-04-25 02:36
mundial,91355,2026-04-25 02:36:00+00:00,2026-04-25 02:36
final,85534,2026-04-25 02:36:00+00:00,2026-04-25 02:36
ue,85268,2026-04-25 02:36:00+00:00,2026-04-25 02:36
ia,83508,2026-04-25 02:36:00+00:00,2026-04-25 02:36
regularización,81750,2026-04-25 02:36:00+00:00,2026-04-25 02:36
juicio,80229,2026-04-25 02:36:00+00:00,2026-04-25 02:36
anuncia,79430,2026-04-25 02:36:00+00:00,2026-04-25 02:36
economía,78610,2026-04-25 02:36:00+00:00,2026-04-25 02:36
español,78519,2026-04-25 02:36:00+00:00,2026-04-25 02:36
internacional,483257,2026-04-25 03:06:00+00:00,2026-04-25 03:06
irán,292332,2026-04-25 03:06:00+00:00,2026-04-25 03:06
trump,249314,2026-04-25 03:06:00+00:00,2026-04-25 03:06
guerra,246001,2026-04-25 03:06:00+00:00,2026-04-25 03:06
sánchez,177568,2026-04-25 03:06:00+00:00,2026-04-25 03:06
israel,131211,2026-04-25 03:06:00+00:00,2026-04-25 03:06
málaga,127979,2026-04-25 03:06:00+00:00,2026-04-25 03:06
guerra irán,105816,2026-04-25 03:06:00+00:00,2026-04-25 03:06
ormuz,101950,2026-04-25 03:06:00+00:00,2026-04-25 03:06
diario,98021,2026-04-25 03:06:00+00:00,2026-04-25 03:06
nacional,94187,2026-04-25 03:06:00+00:00,2026-04-25 03:06
muere,91943,2026-04-25 03:06:00+00:00,2026-04-25 03:06
mundial,91317,2026-04-25 03:06:00+00:00,2026-04-25 03:06
aragón,88985,2026-04-25 03:06:00+00:00,2026-04-25 03:06
final,85459,2026-04-25 03:06:00+00:00,2026-04-25 03:06
ue,83602,2026-04-25 03:06:00+00:00,2026-04-25 03:06
ia,83342,2026-04-25 03:06:00+00:00,2026-04-25 03:06
regularización,81556,2026-04-25 03:06:00+00:00,2026-04-25 03:06
juicio,80336,2026-04-25 03:06:00+00:00,2026-04-25 03:06
anuncia,79282,2026-04-25 03:06:00+00:00,2026-04-25 03:06
economía,78798,2026-04-25 03:06:00+00:00,2026-04-25 03:06
español,78482,2026-04-25 03:06:00+00:00,2026-04-25 03:06
internacional,483803,2026-04-25 03:37:00+00:00,2026-04-25 03:37
irán,292902,2026-04-25 03:37:00+00:00,2026-04-25 03:37
trump,249687,2026-04-25 03:37:00+00:00,2026-04-25 03:37
guerra,246120,2026-04-25 03:37:00+00:00,2026-04-25 03:37
sánchez,177558,2026-04-25 03:37:00+00:00,2026-04-25 03:37
israel,131217,2026-04-25 03:37:00+00:00,2026-04-25 03:37
málaga,127768,2026-04-25 03:37:00+00:00,2026-04-25 03:37
guerra irán,105473,2026-04-25 03:37:00+00:00,2026-04-25 03:37
ormuz,101857,2026-04-25 03:37:00+00:00,2026-04-25 03:37
diario,98026,2026-04-25 03:37:00+00:00,2026-04-25 03:37
nacional,94274,2026-04-25 03:37:00+00:00,2026-04-25 03:37
muere,92169,2026-04-25 03:37:00+00:00,2026-04-25 03:37
mundial,91195,2026-04-25 03:37:00+00:00,2026-04-25 03:37
aragón,89770,2026-04-25 03:37:00+00:00,2026-04-25 03:37
final,85401,2026-04-25 03:37:00+00:00,2026-04-25 03:37
ue,83606,2026-04-25 03:37:00+00:00,2026-04-25 03:37
ia,83046,2026-04-25 03:37:00+00:00,2026-04-25 03:37
regularización,81673,2026-04-25 03:37:00+00:00,2026-04-25 03:37
juicio,79891,2026-04-25 03:37:00+00:00,2026-04-25 03:37
anuncia,79286,2026-04-25 03:37:00+00:00,2026-04-25 03:37
economía,78973,2026-04-25 03:37:00+00:00,2026-04-25 03:37
español,78324,2026-04-25 03:37:00+00:00,2026-04-25 03:37
internacional,482733,2026-04-25 04:06:00+00:00,2026-04-25 04:06
irán,293104,2026-04-25 04:06:00+00:00,2026-04-25 04:06
trump,250286,2026-04-25 04:06:00+00:00,2026-04-25 04:06
guerra,246145,2026-04-25 04:06:00+00:00,2026-04-25 04:06
sánchez,178430,2026-04-25 04:06:00+00:00,2026-04-25 04:06
israel,130863,2026-04-25 04:06:00+00:00,2026-04-25 04:06
málaga,127771,2026-04-25 04:06:00+00:00,2026-04-25 04:06
guerra irán,105558,2026-04-25 04:06:00+00:00,2026-04-25 04:06
ormuz,101769,2026-04-25 04:06:00+00:00,2026-04-25 04:06
diario,97436,2026-04-25 04:06:00+00:00,2026-04-25 04:06
nacional,94206,2026-04-25 04:06:00+00:00,2026-04-25 04:06
muere,92170,2026-04-25 04:06:00+00:00,2026-04-25 04:06
mundial,91197,2026-04-25 04:06:00+00:00,2026-04-25 04:06
aragón,89771,2026-04-25 04:06:00+00:00,2026-04-25 04:06
final,85198,2026-04-25 04:06:00+00:00,2026-04-25 04:06
ue,83861,2026-04-25 04:06:00+00:00,2026-04-25 04:06
ia,82728,2026-04-25 04:06:00+00:00,2026-04-25 04:06
regularización,81228,2026-04-25 04:06:00+00:00,2026-04-25 04:06
juicio,79751,2026-04-25 04:06:00+00:00,2026-04-25 04:06
anuncia,79289,2026-04-25 04:06:00+00:00,2026-04-25 04:06
economía,78637,2026-04-25 04:06:00+00:00,2026-04-25 04:06
español,78327,2026-04-25 04:06:00+00:00,2026-04-25 04:06
internacional,483046,2026-04-25 04:36:00+00:00,2026-04-25 04:36
irán,294151,2026-04-25 04:36:00+00:00,2026-04-25 04:36
trump,253055,2026-04-25 04:36:00+00:00,2026-04-25 04:36
guerra,246753,2026-04-25 04:36:00+00:00,2026-04-25 04:36
sánchez,178299,2026-04-25 04:36:00+00:00,2026-04-25 04:36
israel,131404,2026-04-25 04:36:00+00:00,2026-04-25 04:36
málaga,127617,2026-04-25 04:36:00+00:00,2026-04-25 04:36
guerra irán,105721,2026-04-25 04:36:00+00:00,2026-04-25 04:36
ormuz,101709,2026-04-25 04:36:00+00:00,2026-04-25 04:36
diario,98295,2026-04-25 04:36:00+00:00,2026-04-25 04:36
nacional,95419,2026-04-25 04:36:00+00:00,2026-04-25 04:36
muere,91978,2026-04-25 04:36:00+00:00,2026-04-25 04:36
mundial,91753,2026-04-25 04:36:00+00:00,2026-04-25 04:36
aragón,89645,2026-04-25 04:36:00+00:00,2026-04-25 04:36
ue,85832,2026-04-25 04:36:00+00:00,2026-04-25 04:36
final,85186,2026-04-25 04:36:00+00:00,2026-04-25 04:36
ia,82937,2026-04-25 04:36:00+00:00,2026-04-25 04:36
regularización,81975,2026-04-25 04:36:00+00:00,2026-04-25 04:36
juicio,79964,2026-04-25 04:36:00+00:00,2026-04-25 04:36
anuncia,79363,2026-04-25 04:36:00+00:00,2026-04-25 04:36
español,78471,2026-04-25 04:36:00+00:00,2026-04-25 04:36
economía,78458,2026-04-25 04:36:00+00:00,2026-04-25 04:36
internacional,481019,2026-04-25 05:07:00+00:00,2026-04-25 05:07
irán,294334,2026-04-25 05:07:00+00:00,2026-04-25 05:07
trump,253130,2026-04-25 05:07:00+00:00,2026-04-25 05:07
guerra,246760,2026-04-25 05:07:00+00:00,2026-04-25 05:07
sánchez,178360,2026-04-25 05:07:00+00:00,2026-04-25 05:07
israel,131613,2026-04-25 05:07:00+00:00,2026-04-25 05:07
málaga,126879,2026-04-25 05:07:00+00:00,2026-04-25 05:07
guerra irán,105762,2026-04-25 05:07:00+00:00,2026-04-25 05:07
ormuz,101778,2026-04-25 05:07:00+00:00,2026-04-25 05:07
diario,97880,2026-04-25 05:07:00+00:00,2026-04-25 05:07
nacional,94971,2026-04-25 05:07:00+00:00,2026-04-25 05:07
muere,92113,2026-04-25 05:07:00+00:00,2026-04-25 05:07
mundial,91650,2026-04-25 05:07:00+00:00,2026-04-25 05:07
aragón,89427,2026-04-25 05:07:00+00:00,2026-04-25 05:07
ue,85862,2026-04-25 05:07:00+00:00,2026-04-25 05:07
final,84517,2026-04-25 05:07:00+00:00,2026-04-25 05:07
ia,82994,2026-04-25 05:07:00+00:00,2026-04-25 05:07
regularización,81919,2026-04-25 05:07:00+00:00,2026-04-25 05:07
juicio,80022,2026-04-25 05:07:00+00:00,2026-04-25 05:07
anuncia,79140,2026-04-25 05:07:00+00:00,2026-04-25 05:07
economía,78590,2026-04-25 05:07:00+00:00,2026-04-25 05:07
español,78428,2026-04-25 05:07:00+00:00,2026-04-25 05:07
internacional,483261,2026-04-25 05:36:00+00:00,2026-04-25 05:36
irán,293579,2026-04-25 05:36:00+00:00,2026-04-25 05:36
trump,252671,2026-04-25 05:36:00+00:00,2026-04-25 05:36
guerra,246548,2026-04-25 05:36:00+00:00,2026-04-25 05:36
sánchez,178632,2026-04-25 05:36:00+00:00,2026-04-25 05:36
israel,130937,2026-04-25 05:36:00+00:00,2026-04-25 05:36
málaga,127099,2026-04-25 05:36:00+00:00,2026-04-25 05:36
guerra irán,105515,2026-04-25 05:36:00+00:00,2026-04-25 05:36
ormuz,100749,2026-04-25 05:36:00+00:00,2026-04-25 05:36
diario,98609,2026-04-25 05:36:00+00:00,2026-04-25 05:36
nacional,95096,2026-04-25 05:36:00+00:00,2026-04-25 05:36
muere,91930,2026-04-25 05:36:00+00:00,2026-04-25 05:36
mundial,91657,2026-04-25 05:36:00+00:00,2026-04-25 05:36
aragón,89328,2026-04-25 05:36:00+00:00,2026-04-25 05:36
ue,85834,2026-04-25 05:36:00+00:00,2026-04-25 05:36
final,84993,2026-04-25 05:36:00+00:00,2026-04-25 05:36
ia,83089,2026-04-25 05:36:00+00:00,2026-04-25 05:36
regularización,81621,2026-04-25 05:36:00+00:00,2026-04-25 05:36
juicio,79623,2026-04-25 05:36:00+00:00,2026-04-25 05:36
anuncia,78915,2026-04-25 05:36:00+00:00,2026-04-25 05:36
español,78423,2026-04-25 05:36:00+00:00,2026-04-25 05:36
economía,78342,2026-04-25 05:36:00+00:00,2026-04-25 05:36
internacional,480224,2026-04-25 06:06:00+00:00,2026-04-25 06:06
irán,293826,2026-04-25 06:06:00+00:00,2026-04-25 06:06
trump,253074,2026-04-25 06:06:00+00:00,2026-04-25 06:06
guerra,246160,2026-04-25 06:06:00+00:00,2026-04-25 06:06
sánchez,178424,2026-04-25 06:06:00+00:00,2026-04-25 06:06
israel,130938,2026-04-25 06:06:00+00:00,2026-04-25 06:06
málaga,126638,2026-04-25 06:06:00+00:00,2026-04-25 06:06
guerra irán,105311,2026-04-25 06:06:00+00:00,2026-04-25 06:06
ormuz,101167,2026-04-25 06:06:00+00:00,2026-04-25 06:06
diario,98803,2026-04-25 06:06:00+00:00,2026-04-25 06:06
nacional,95266,2026-04-25 06:06:00+00:00,2026-04-25 06:06
muere,91715,2026-04-25 06:06:00+00:00,2026-04-25 06:06
mundial,91500,2026-04-25 06:06:00+00:00,2026-04-25 06:06
aragón,89185,2026-04-25 06:06:00+00:00,2026-04-25 06:06
ue,85952,2026-04-25 06:06:00+00:00,2026-04-25 06:06
final,84469,2026-04-25 06:06:00+00:00,2026-04-25 06:06
ia,83417,2026-04-25 06:06:00+00:00,2026-04-25 06:06
regularización,81999,2026-04-25 06:06:00+00:00,2026-04-25 06:06
juicio,79682,2026-04-25 06:06:00+00:00,2026-04-25 06:06
anuncia,78641,2026-04-25 06:06:00+00:00,2026-04-25 06:06
economía,78306,2026-04-25 06:06:00+00:00,2026-04-25 06:06
español,78227,2026-04-25 06:06:00+00:00,2026-04-25 06:06
internacional,482500,2026-04-25 06:36:00+00:00,2026-04-25 06:36
irán,293567,2026-04-25 06:36:00+00:00,2026-04-25 06:36
trump,252909,2026-04-25 06:36:00+00:00,2026-04-25 06:36
guerra,246196,2026-04-25 06:36:00+00:00,2026-04-25 06:36
sánchez,178290,2026-04-25 06:36:00+00:00,2026-04-25 06:36
israel,130985,2026-04-25 06:36:00+00:00,2026-04-25 06:36
málaga,126785,2026-04-25 06:36:00+00:00,2026-04-25 06:36
guerra irán,105162,2026-04-25 06:36:00+00:00,2026-04-25 06:36
ormuz,100847,2026-04-25 06:36:00+00:00,2026-04-25 06:36
diario,99142,2026-04-25 06:36:00+00:00,2026-04-25 06:36
nacional,94787,2026-04-25 06:36:00+00:00,2026-04-25 06:36
muere,91617,2026-04-25 06:36:00+00:00,2026-04-25 06:36
mundial,91304,2026-04-25 06:36:00+00:00,2026-04-25 06:36
aragón,89366,2026-04-25 06:36:00+00:00,2026-04-25 06:36
final,85061,2026-04-25 06:36:00+00:00,2026-04-25 06:36
ue,84750,2026-04-25 06:36:00+00:00,2026-04-25 06:36
ia,83645,2026-04-25 06:36:00+00:00,2026-04-25 06:36
regularización,82732,2026-04-25 06:36:00+00:00,2026-04-25 06:36
juicio,78976,2026-04-25 06:36:00+00:00,2026-04-25 06:36
economía,78630,2026-04-25 06:36:00+00:00,2026-04-25 06:36
anuncia,78297,2026-04-25 06:36:00+00:00,2026-04-25 06:36
español,78286,2026-04-25 06:36:00+00:00,2026-04-25 06:36
internacional,481755,2026-04-25 07:07:00+00:00,2026-04-25 07:07
irán,292837,2026-04-25 07:07:00+00:00,2026-04-25 07:07
trump,252519,2026-04-25 07:07:00+00:00,2026-04-25 07:07
guerra,246211,2026-04-25 07:07:00+00:00,2026-04-25 07:07
sánchez,178146,2026-04-25 07:07:00+00:00,2026-04-25 07:07
israel,131235,2026-04-25 07:07:00+00:00,2026-04-25 07:07
málaga,126394,2026-04-25 07:07:00+00:00,2026-04-25 07:07
guerra irán,105065,2026-04-25 07:07:00+00:00,2026-04-25 07:07
ormuz,101030,2026-04-25 07:07:00+00:00,2026-04-25 07:07
diario,99250,2026-04-25 07:07:00+00:00,2026-04-25 07:07
nacional,94883,2026-04-25 07:07:00+00:00,2026-04-25 07:07
muere,91712,2026-04-25 07:07:00+00:00,2026-04-25 07:07
mundial,90400,2026-04-25 07:07:00+00:00,2026-04-25 07:07
aragón,89214,2026-04-25 07:07:00+00:00,2026-04-25 07:07
ue,86028,2026-04-25 07:07:00+00:00,2026-04-25 07:07
final,84941,2026-04-25 07:07:00+00:00,2026-04-25 07:07
ia,83991,2026-04-25 07:07:00+00:00,2026-04-25 07:07
regularización,82090,2026-04-25 07:07:00+00:00,2026-04-25 07:07
juicio,78651,2026-04-25 07:07:00+00:00,2026-04-25 07:07
economía,78448,2026-04-25 07:07:00+00:00,2026-04-25 07:07
español,78447,2026-04-25 07:07:00+00:00,2026-04-25 07:07
anuncia,78317,2026-04-25 07:07:00+00:00,2026-04-25 07:07
internacional,479522,2026-04-25 07:36:00+00:00,2026-04-25 07:36
irán,293802,2026-04-25 07:36:00+00:00,2026-04-25 07:36
trump,253265,2026-04-25 07:36:00+00:00,2026-04-25 07:36
guerra,246227,2026-04-25 07:36:00+00:00,2026-04-25 07:36
sánchez,178236,2026-04-25 07:36:00+00:00,2026-04-25 07:36
israel,131280,2026-04-25 07:36:00+00:00,2026-04-25 07:36
málaga,125625,2026-04-25 07:36:00+00:00,2026-04-25 07:36
guerra irán,105276,2026-04-25 07:36:00+00:00,2026-04-25 07:36
ormuz,100668,2026-04-25 07:36:00+00:00,2026-04-25 07:36
diario,99140,2026-04-25 07:36:00+00:00,2026-04-25 07:36
nacional,94632,2026-04-25 07:36:00+00:00,2026-04-25 07:36
muere,91651,2026-04-25 07:36:00+00:00,2026-04-25 07:36
mundial,90148,2026-04-25 07:36:00+00:00,2026-04-25 07:36
aragón,89096,2026-04-25 07:36:00+00:00,2026-04-25 07:36
ue,86061,2026-04-25 07:36:00+00:00,2026-04-25 07:36
final,84382,2026-04-25 07:36:00+00:00,2026-04-25 07:36
ia,83878,2026-04-25 07:36:00+00:00,2026-04-25 07:36
regularización,82138,2026-04-25 07:36:00+00:00,2026-04-25 07:36
juicio,78712,2026-04-25 07:36:00+00:00,2026-04-25 07:36
economía,78337,2026-04-25 07:36:00+00:00,2026-04-25 07:36
anuncia,78333,2026-04-25 07:36:00+00:00,2026-04-25 07:36
español,78318,2026-04-25 07:36:00+00:00,2026-04-25 07:36
internacional,481702,2026-04-25 08:07:00+00:00,2026-04-25 08:07
irán,294218,2026-04-25 08:07:00+00:00,2026-04-25 08:07
trump,253088,2026-04-25 08:07:00+00:00,2026-04-25 08:07
guerra,246481,2026-04-25 08:07:00+00:00,2026-04-25 08:07
sánchez,178151,2026-04-25 08:07:00+00:00,2026-04-25 08:07
israel,131179,2026-04-25 08:07:00+00:00,2026-04-25 08:07
málaga,126008,2026-04-25 08:07:00+00:00,2026-04-25 08:07
guerra irán,104825,2026-04-25 08:07:00+00:00,2026-04-25 08:07
ormuz,100431,2026-04-25 08:07:00+00:00,2026-04-25 08:07
diario,99561,2026-04-25 08:07:00+00:00,2026-04-25 08:07
nacional,94717,2026-04-25 08:07:00+00:00,2026-04-25 08:07
muere,90567,2026-04-25 08:07:00+00:00,2026-04-25 08:07
mundial,90067,2026-04-25 08:07:00+00:00,2026-04-25 08:07
aragón,89280,2026-04-25 08:07:00+00:00,2026-04-25 08:07
final,84795,2026-04-25 08:07:00+00:00,2026-04-25 08:07
ue,84491,2026-04-25 08:07:00+00:00,2026-04-25 08:07
ia,83281,2026-04-25 08:07:00+00:00,2026-04-25 08:07
regularización,82081,2026-04-25 08:07:00+00:00,2026-04-25 08:07
español,78894,2026-04-25 08:07:00+00:00,2026-04-25 08:07
juicio,78421,2026-04-25 08:07:00+00:00,2026-04-25 08:07
anuncia,78324,2026-04-25 08:07:00+00:00,2026-04-25 08:07
economía,78252,2026-04-25 08:07:00+00:00,2026-04-25 08:07
internacional,481393,2026-04-25 08:36:00+00:00,2026-04-25 08:36
irán,294381,2026-04-25 08:36:00+00:00,2026-04-25 08:36
trump,253248,2026-04-25 08:36:00+00:00,2026-04-25 08:36
guerra,246450,2026-04-25 08:36:00+00:00,2026-04-25 08:36
sánchez,178117,2026-04-25 08:36:00+00:00,2026-04-25 08:36
israel,131184,2026-04-25 08:36:00+00:00,2026-04-25 08:36
málaga,126013,2026-04-25 08:36:00+00:00,2026-04-25 08:36
guerra irán,104777,2026-04-25 08:36:00+00:00,2026-04-25 08:36
ormuz,100204,2026-04-25 08:36:00+00:00,2026-04-25 08:36
diario,99832,2026-04-25 08:36:00+00:00,2026-04-25 08:36
nacional,94802,2026-04-25 08:36:00+00:00,2026-04-25 08:36
mundial,90504,2026-04-25 08:36:00+00:00,2026-04-25 08:36
muere,90329,2026-04-25 08:36:00+00:00,2026-04-25 08:36
aragón,89200,2026-04-25 08:36:00+00:00,2026-04-25 08:36
final,84512,2026-04-25 08:36:00+00:00,2026-04-25 08:36
ue,84358,2026-04-25 08:36:00+00:00,2026-04-25 08:36
ia,83677,2026-04-25 08:36:00+00:00,2026-04-25 08:36
regularización,81980,2026-04-25 08:36:00+00:00,2026-04-25 08:36
español,78742,2026-04-25 08:36:00+00:00,2026-04-25 08:36
anuncia,78085,2026-04-25 08:36:00+00:00,2026-04-25 08:36
juicio,78055,2026-04-25 08:36:00+00:00,2026-04-25 08:36
economía,78035,2026-04-25 08:36:00+00:00,2026-04-25 08:36
20,77341,2026-04-25 08:36:00+00:00,2026-04-25 08:36
internacional,480517,2026-04-25 09:06:00+00:00,2026-04-25 09:06
irán,294595,2026-04-25 09:06:00+00:00,2026-04-25 09:06
trump,253225,2026-04-25 09:06:00+00:00,2026-04-25 09:06
guerra,246219,2026-04-25 09:06:00+00:00,2026-04-25 09:06
sánchez,178362,2026-04-25 09:06:00+00:00,2026-04-25 09:06
israel,131146,2026-04-25 09:06:00+00:00,2026-04-25 09:06
málaga,126016,2026-04-25 09:06:00+00:00,2026-04-25 09:06
guerra irán,104874,2026-04-25 09:06:00+00:00,2026-04-25 09:06
ormuz,100044,2026-04-25 09:06:00+00:00,2026-04-25 09:06
diario,99685,2026-04-25 09:06:00+00:00,2026-04-25 09:06
nacional,94890,2026-04-25 09:06:00+00:00,2026-04-25 09:06
mundial,90060,2026-04-25 09:06:00+00:00,2026-04-25 09:06
muere,89883,2026-04-25 09:06:00+00:00,2026-04-25 09:06
aragón,89054,2026-04-25 09:06:00+00:00,2026-04-25 09:06
final,84650,2026-04-25 09:06:00+00:00,2026-04-25 09:06
ue,84431,2026-04-25 09:06:00+00:00,2026-04-25 09:06
ia,83647,2026-04-25 09:06:00+00:00,2026-04-25 09:06
regularización,82223,2026-04-25 09:06:00+00:00,2026-04-25 09:06
español,78641,2026-04-25 09:06:00+00:00,2026-04-25 09:06
anuncia,78048,2026-04-25 09:06:00+00:00,2026-04-25 09:06
juicio,77564,2026-04-25 09:06:00+00:00,2026-04-25 09:06
economía,77510,2026-04-25 09:06:00+00:00,2026-04-25 09:06
internacional,479720,2026-04-25 09:37:00+00:00,2026-04-25 09:37
irán,293990,2026-04-25 09:37:00+00:00,2026-04-25 09:37
trump,253408,2026-04-25 09:37:00+00:00,2026-04-25 09:37
guerra,245888,2026-04-25 09:37:00+00:00,2026-04-25 09:37
sánchez,178062,2026-04-25 09:37:00+00:00,2026-04-25 09:37
israel,131294,2026-04-25 09:37:00+00:00,2026-04-25 09:37
málaga,125406,2026-04-25 09:37:00+00:00,2026-04-25 09:37
guerra irán,104735,2026-04-25 09:37:00+00:00,2026-04-25 09:37
diario,99696,2026-04-25 09:37:00+00:00,2026-04-25 09:37
ormuz,99599,2026-04-25 09:37:00+00:00,2026-04-25 09:37
nacional,94428,2026-04-25 09:37:00+00:00,2026-04-25 09:37
mundial,90214,2026-04-25 09:37:00+00:00,2026-04-25 09:37
muere,89952,2026-04-25 09:37:00+00:00,2026-04-25 09:37
aragón,89524,2026-04-25 09:37:00+00:00,2026-04-25 09:37
ue,85410,2026-04-25 09:37:00+00:00,2026-04-25 09:37
final,84586,2026-04-25 09:37:00+00:00,2026-04-25 09:37
ia,83994,2026-04-25 09:37:00+00:00,2026-04-25 09:37
regularización,82038,2026-04-25 09:37:00+00:00,2026-04-25 09:37
español,78583,2026-04-25 09:37:00+00:00,2026-04-25 09:37
anuncia,78120,2026-04-25 09:37:00+00:00,2026-04-25 09:37
economía,77660,2026-04-25 09:37:00+00:00,2026-04-25 09:37
20,77148,2026-04-25 09:37:00+00:00,2026-04-25 09:37
internacional,477353,2026-04-25 10:07:00+00:00,2026-04-25 10:07
irán,294931,2026-04-25 10:07:00+00:00,2026-04-25 10:07
trump,253102,2026-04-25 10:07:00+00:00,2026-04-25 10:07
guerra,245636,2026-04-25 10:07:00+00:00,2026-04-25 10:07
sánchez,177827,2026-04-25 10:07:00+00:00,2026-04-25 10:07
israel,131358,2026-04-25 10:07:00+00:00,2026-04-25 10:07
málaga,124793,2026-04-25 10:07:00+00:00,2026-04-25 10:07
guerra irán,104662,2026-04-25 10:07:00+00:00,2026-04-25 10:07
ormuz,99871,2026-04-25 10:07:00+00:00,2026-04-25 10:07
diario,99536,2026-04-25 10:07:00+00:00,2026-04-25 10:07
nacional,94395,2026-04-25 10:07:00+00:00,2026-04-25 10:07
mundial,90231,2026-04-25 10:07:00+00:00,2026-04-25 10:07
muere,90203,2026-04-25 10:07:00+00:00,2026-04-25 10:07
aragón,89527,2026-04-25 10:07:00+00:00,2026-04-25 10:07
final,84530,2026-04-25 10:07:00+00:00,2026-04-25 10:07
ia,84170,2026-04-25 10:07:00+00:00,2026-04-25 10:07
ue,83957,2026-04-25 10:07:00+00:00,2026-04-25 10:07
regularización,81756,2026-04-25 10:07:00+00:00,2026-04-25 10:07
español,78484,2026-04-25 10:07:00+00:00,2026-04-25 10:07
anuncia,77772,2026-04-25 10:07:00+00:00,2026-04-25 10:07
economía,77533,2026-04-25 10:07:00+00:00,2026-04-25 10:07
20,77172,2026-04-25 10:07:00+00:00,2026-04-25 10:07
internacional,476552,2026-04-25 10:36:00+00:00,2026-04-25 10:36
irán,294912,2026-04-25 10:36:00+00:00,2026-04-25 10:36
trump,253392,2026-04-25 10:36:00+00:00,2026-04-25 10:36
guerra,245263,2026-04-25 10:36:00+00:00,2026-04-25 10:36
sánchez,177795,2026-04-25 10:36:00+00:00,2026-04-25 10:36
israel,131291,2026-04-25 10:36:00+00:00,2026-04-25 10:36
málaga,124732,2026-04-25 10:36:00+00:00,2026-04-25 10:36
guerra irán,104660,2026-04-25 10:36:00+00:00,2026-04-25 10:36
ormuz,99653,2026-04-25 10:36:00+00:00,2026-04-25 10:36
diario,99553,2026-04-25 10:36:00+00:00,2026-04-25 10:36
nacional,94011,2026-04-25 10:36:00+00:00,2026-04-25 10:36
muere,90225,2026-04-25 10:36:00+00:00,2026-04-25 10:36
aragón,89928,2026-04-25 10:36:00+00:00,2026-04-25 10:36
mundial,89557,2026-04-25 10:36:00+00:00,2026-04-25 10:36
final,84522,2026-04-25 10:36:00+00:00,2026-04-25 10:36
ia,84377,2026-04-25 10:36:00+00:00,2026-04-25 10:36
ue,84034,2026-04-25 10:36:00+00:00,2026-04-25 10:36
regularización,81540,2026-04-25 10:36:00+00:00,2026-04-25 10:36
español,79161,2026-04-25 10:36:00+00:00,2026-04-25 10:36
economía,77796,2026-04-25 10:36:00+00:00,2026-04-25 10:36
anuncia,77773,2026-04-25 10:36:00+00:00,2026-04-25 10:36
20,76679,2026-04-25 10:36:00+00:00,2026-04-25 10:36
internacional,475579,2026-04-25 11:07:00+00:00,2026-04-25 11:07
irán,294933,2026-04-25 11:07:00+00:00,2026-04-25 11:07
trump,253109,2026-04-25 11:07:00+00:00,2026-04-25 11:07
guerra,245194,2026-04-25 11:07:00+00:00,2026-04-25 11:07
sánchez,177291,2026-04-25 11:07:00+00:00,2026-04-25 11:07
israel,131092,2026-04-25 11:07:00+00:00,2026-04-25 11:07
málaga,124642,2026-04-25 11:07:00+00:00,2026-04-25 11:07
guerra irán,104506,2026-04-25 11:07:00+00:00,2026-04-25 11:07
diario,99735,2026-04-25 11:07:00+00:00,2026-04-25 11:07
ormuz,99520,2026-04-25 11:07:00+00:00,2026-04-25 11:07
nacional,93922,2026-04-25 11:07:00+00:00,2026-04-25 11:07
muere,90228,2026-04-25 11:07:00+00:00,2026-04-25 11:07
aragón,89532,2026-04-25 11:07:00+00:00,2026-04-25 11:07
mundial,89450,2026-04-25 11:07:00+00:00,2026-04-25 11:07
final,84918,2026-04-25 11:07:00+00:00,2026-04-25 11:07
ue,84311,2026-04-25 11:07:00+00:00,2026-04-25 11:07
ia,84042,2026-04-25 11:07:00+00:00,2026-04-25 11:07
regularización,81542,2026-04-25 11:07:00+00:00,2026-04-25 11:07
español,79338,2026-04-25 11:07:00+00:00,2026-04-25 11:07
anuncia,77393,2026-04-25 11:07:00+00:00,2026-04-25 11:07
economía,77370,2026-04-25 11:07:00+00:00,2026-04-25 11:07
internacional,475102,2026-04-25 11:39:00+00:00,2026-04-25 11:39
irán,295224,2026-04-25 11:39:00+00:00,2026-04-25 11:39
trump,253315,2026-04-25 11:39:00+00:00,2026-04-25 11:39
guerra,245717,2026-04-25 11:39:00+00:00,2026-04-25 11:39
sánchez,177042,2026-04-25 11:39:00+00:00,2026-04-25 11:39
israel,131032,2026-04-25 11:39:00+00:00,2026-04-25 11:39
málaga,124518,2026-04-25 11:39:00+00:00,2026-04-25 11:39
guerra irán,104723,2026-04-25 11:39:00+00:00,2026-04-25 11:39
diario,99996,2026-04-25 11:39:00+00:00,2026-04-25 11:39
ormuz,99334,2026-04-25 11:39:00+00:00,2026-04-25 11:39
nacional,93687,2026-04-25 11:39:00+00:00,2026-04-25 11:39
muere,89934,2026-04-25 11:39:00+00:00,2026-04-25 11:39
aragón,89414,2026-04-25 11:39:00+00:00,2026-04-25 11:39
mundial,89005,2026-04-25 11:39:00+00:00,2026-04-25 11:39
final,84616,2026-04-25 11:39:00+00:00,2026-04-25 11:39
ue,84588,2026-04-25 11:39:00+00:00,2026-04-25 11:39
ia,84001,2026-04-25 11:39:00+00:00,2026-04-25 11:39
regularización,81205,2026-04-25 11:39:00+00:00,2026-04-25 11:39
español,79540,2026-04-25 11:39:00+00:00,2026-04-25 11:39
anuncia,79088,2026-04-25 11:39:00+00:00,2026-04-25 11:39
economía,76867,2026-04-25 11:39:00+00:00,2026-04-25 11:39
internacional,473895,2026-04-25 12:08:00+00:00,2026-04-25 12:08
irán,294686,2026-04-25 12:08:00+00:00,2026-04-25 12:08
trump,253344,2026-04-25 12:08:00+00:00,2026-04-25 12:08
guerra,245520,2026-04-25 12:08:00+00:00,2026-04-25 12:08
sánchez,177693,2026-04-25 12:08:00+00:00,2026-04-25 12:08
israel,130801,2026-04-25 12:08:00+00:00,2026-04-25 12:08
málaga,124002,2026-04-25 12:08:00+00:00,2026-04-25 12:08
guerra irán,104480,2026-04-25 12:08:00+00:00,2026-04-25 12:08
diario,99637,2026-04-25 12:08:00+00:00,2026-04-25 12:08
ormuz,98909,2026-04-25 12:08:00+00:00,2026-04-25 12:08
nacional,94121,2026-04-25 12:08:00+00:00,2026-04-25 12:08
muere,90134,2026-04-25 12:08:00+00:00,2026-04-25 12:08
aragón,89309,2026-04-25 12:08:00+00:00,2026-04-25 12:08
mundial,86692,2026-04-25 12:08:00+00:00,2026-04-25 12:08
final,84410,2026-04-25 12:08:00+00:00,2026-04-25 12:08
ia,84099,2026-04-25 12:08:00+00:00,2026-04-25 12:08
ue,84023,2026-04-25 12:08:00+00:00,2026-04-25 12:08
regularización,81042,2026-04-25 12:08:00+00:00,2026-04-25 12:08
anuncia,80058,2026-04-25 12:08:00+00:00,2026-04-25 12:08
español,79443,2026-04-25 12:08:00+00:00,2026-04-25 12:08
economía,76761,2026-04-25 12:08:00+00:00,2026-04-25 12:08
internacional,471236,2026-04-25 12:37:00+00:00,2026-04-25 12:37
irán,295463,2026-04-25 12:37:00+00:00,2026-04-25 12:37
trump,253443,2026-04-25 12:37:00+00:00,2026-04-25 12:37
guerra,246158,2026-04-25 12:37:00+00:00,2026-04-25 12:37
sánchez,177782,2026-04-25 12:37:00+00:00,2026-04-25 12:37
israel,130783,2026-04-25 12:37:00+00:00,2026-04-25 12:37
málaga,123460,2026-04-25 12:37:00+00:00,2026-04-25 12:37
guerra irán,104826,2026-04-25 12:37:00+00:00,2026-04-25 12:37
diario,99589,2026-04-25 12:37:00+00:00,2026-04-25 12:37
ormuz,99329,2026-04-25 12:37:00+00:00,2026-04-25 12:37
nacional,94292,2026-04-25 12:37:00+00:00,2026-04-25 12:37
muere,89865,2026-04-25 12:37:00+00:00,2026-04-25 12:37
aragón,89167,2026-04-25 12:37:00+00:00,2026-04-25 12:37
mundial,86240,2026-04-25 12:37:00+00:00,2026-04-25 12:37
ue,85677,2026-04-25 12:37:00+00:00,2026-04-25 12:37
final,83886,2026-04-25 12:37:00+00:00,2026-04-25 12:37
ia,83755,2026-04-25 12:37:00+00:00,2026-04-25 12:37
regularización,81485,2026-04-25 12:37:00+00:00,2026-04-25 12:37
anuncia,79523,2026-04-25 12:37:00+00:00,2026-04-25 12:37
español,79132,2026-04-25 12:37:00+00:00,2026-04-25 12:37
economía,76685,2026-04-25 12:37:00+00:00,2026-04-25 12:37
internacional,473542,2026-04-25 13:36:00+00:00,2026-04-25 13:36
irán,295307,2026-04-25 13:36:00+00:00,2026-04-25 13:36
trump,252947,2026-04-25 13:36:00+00:00,2026-04-25 13:36
guerra,246697,2026-04-25 13:36:00+00:00,2026-04-25 13:36
sánchez,178451,2026-04-25 13:36:00+00:00,2026-04-25 13:36
israel,130791,2026-04-25 13:36:00+00:00,2026-04-25 13:36
málaga,123594,2026-04-25 13:36:00+00:00,2026-04-25 13:36
guerra irán,105104,2026-04-25 13:36:00+00:00,2026-04-25 13:36
diario,99965,2026-04-25 13:36:00+00:00,2026-04-25 13:36
ormuz,98134,2026-04-25 13:36:00+00:00,2026-04-25 13:36
nacional,94876,2026-04-25 13:36:00+00:00,2026-04-25 13:36
muere,90600,2026-04-25 13:36:00+00:00,2026-04-25 13:36
aragón,89610,2026-04-25 13:36:00+00:00,2026-04-25 13:36
mundial,86780,2026-04-25 13:36:00+00:00,2026-04-25 13:36
ue,84470,2026-04-25 13:36:00+00:00,2026-04-25 13:36
final,84289,2026-04-25 13:36:00+00:00,2026-04-25 13:36
ia,83769,2026-04-25 13:36:00+00:00,2026-04-25 13:36
regularización,82026,2026-04-25 13:36:00+00:00,2026-04-25 13:36
anuncia,79423,2026-04-25 13:36:00+00:00,2026-04-25 13:36
español,79019,2026-04-25 13:36:00+00:00,2026-04-25 13:36
economía,75983,2026-04-25 13:36:00+00:00,2026-04-25 13:36
internacional,473010,2026-04-25 14:06:00+00:00,2026-04-25 14:06
irán,295533,2026-04-25 14:06:00+00:00,2026-04-25 14:06
trump,252315,2026-04-25 14:06:00+00:00,2026-04-25 14:06
guerra,246958,2026-04-25 14:06:00+00:00,2026-04-25 14:06
sánchez,178355,2026-04-25 14:06:00+00:00,2026-04-25 14:06
israel,130589,2026-04-25 14:06:00+00:00,2026-04-25 14:06
málaga,123597,2026-04-25 14:06:00+00:00,2026-04-25 14:06
guerra irán,105109,2026-04-25 14:06:00+00:00,2026-04-25 14:06
diario,99682,2026-04-25 14:06:00+00:00,2026-04-25 14:06
ormuz,97775,2026-04-25 14:06:00+00:00,2026-04-25 14:06
nacional,94839,2026-04-25 14:06:00+00:00,2026-04-25 14:06
muere,90601,2026-04-25 14:06:00+00:00,2026-04-25 14:06
aragón,88758,2026-04-25 14:06:00+00:00,2026-04-25 14:06
mundial,86582,2026-04-25 14:06:00+00:00,2026-04-25 14:06
ue,84472,2026-04-25 14:06:00+00:00,2026-04-25 14:06
final,84088,2026-04-25 14:06:00+00:00,2026-04-25 14:06
ia,82838,2026-04-25 14:06:00+00:00,2026-04-25 14:06
regularización,82027,2026-04-25 14:06:00+00:00,2026-04-25 14:06
anuncia,78955,2026-04-25 14:06:00+00:00,2026-04-25 14:06
español,78884,2026-04-25 14:06:00+00:00,2026-04-25 14:06
20,76224,2026-04-25 14:06:00+00:00,2026-04-25 14:06
internacional,472527,2026-04-25 14:37:00+00:00,2026-04-25 14:37
irán,295367,2026-04-25 14:37:00+00:00,2026-04-25 14:37
trump,251411,2026-04-25 14:37:00+00:00,2026-04-25 14:37
guerra,247093,2026-04-25 14:37:00+00:00,2026-04-25 14:37
sánchez,178659,2026-04-25 14:37:00+00:00,2026-04-25 14:37
israel,130839,2026-04-25 14:37:00+00:00,2026-04-25 14:37
málaga,123545,2026-04-25 14:37:00+00:00,2026-04-25 14:37
guerra irán,105306,2026-04-25 14:37:00+00:00,2026-04-25 14:37
diario,99879,2026-04-25 14:37:00+00:00,2026-04-25 14:37
ormuz,97635,2026-04-25 14:37:00+00:00,2026-04-25 14:37
nacional,95115,2026-04-25 14:37:00+00:00,2026-04-25 14:37
muere,91182,2026-04-25 14:37:00+00:00,2026-04-25 14:37
aragón,88837,2026-04-25 14:37:00+00:00,2026-04-25 14:37
mundial,86325,2026-04-25 14:37:00+00:00,2026-04-25 14:37
ue,84289,2026-04-25 14:37:00+00:00,2026-04-25 14:37
final,84092,2026-04-25 14:37:00+00:00,2026-04-25 14:37
ia,82769,2026-04-25 14:37:00+00:00,2026-04-25 14:37
regularización,81840,2026-04-25 14:37:00+00:00,2026-04-25 14:37
anuncia,79196,2026-04-25 14:37:00+00:00,2026-04-25 14:37
español,79069,2026-04-25 14:37:00+00:00,2026-04-25 14:37
20,76638,2026-04-25 14:37:00+00:00,2026-04-25 14:37
internacional,472212,2026-04-25 15:07:00+00:00,2026-04-25 15:07
irán,294866,2026-04-25 15:07:00+00:00,2026-04-25 15:07
trump,251085,2026-04-25 15:07:00+00:00,2026-04-25 15:07
guerra,246698,2026-04-25 15:07:00+00:00,2026-04-25 15:07
sánchez,178935,2026-04-25 15:07:00+00:00,2026-04-25 15:07
israel,130967,2026-04-25 15:07:00+00:00,2026-04-25 15:07
málaga,123155,2026-04-25 15:07:00+00:00,2026-04-25 15:07
guerra irán,105044,2026-04-25 15:07:00+00:00,2026-04-25 15:07
diario,99985,2026-04-25 15:07:00+00:00,2026-04-25 15:07
ormuz,97199,2026-04-25 15:07:00+00:00,2026-04-25 15:07
nacional,95346,2026-04-25 15:07:00+00:00,2026-04-25 15:07
muere,91205,2026-04-25 15:07:00+00:00,2026-04-25 15:07
aragón,88551,2026-04-25 15:07:00+00:00,2026-04-25 15:07
mundial,86829,2026-04-25 15:07:00+00:00,2026-04-25 15:07
ue,85676,2026-04-25 15:07:00+00:00,2026-04-25 15:07
final,84001,2026-04-25 15:07:00+00:00,2026-04-25 15:07
ia,82318,2026-04-25 15:07:00+00:00,2026-04-25 15:07
regularización,81798,2026-04-25 15:07:00+00:00,2026-04-25 15:07
anuncia,79267,2026-04-25 15:07:00+00:00,2026-04-25 15:07
español,78943,2026-04-25 15:07:00+00:00,2026-04-25 15:07
20,76641,2026-04-25 15:07:00+00:00,2026-04-25 15:07
internacional,471675,2026-04-25 15:36:00+00:00,2026-04-25 15:36
irán,294721,2026-04-25 15:36:00+00:00,2026-04-25 15:36
trump,251342,2026-04-25 15:36:00+00:00,2026-04-25 15:36
guerra,246441,2026-04-25 15:36:00+00:00,2026-04-25 15:36
sánchez,179504,2026-04-25 15:36:00+00:00,2026-04-25 15:36
israel,130973,2026-04-25 15:36:00+00:00,2026-04-25 15:36
málaga,122743,2026-04-25 15:36:00+00:00,2026-04-25 15:36
guerra irán,105304,2026-04-25 15:36:00+00:00,2026-04-25 15:36
diario,99779,2026-04-25 15:36:00+00:00,2026-04-25 15:36
ormuz,97195,2026-04-25 15:36:00+00:00,2026-04-25 15:36
nacional,95109,2026-04-25 15:36:00+00:00,2026-04-25 15:36
muere,91212,2026-04-25 15:36:00+00:00,2026-04-25 15:36
aragón,88252,2026-04-25 15:36:00+00:00,2026-04-25 15:36
mundial,86554,2026-04-25 15:36:00+00:00,2026-04-25 15:36
ue,85556,2026-04-25 15:36:00+00:00,2026-04-25 15:36
final,83864,2026-04-25 15:36:00+00:00,2026-04-25 15:36
ia,82054,2026-04-25 15:36:00+00:00,2026-04-25 15:36
regularización,81801,2026-04-25 15:36:00+00:00,2026-04-25 15:36
anuncia,79021,2026-04-25 15:36:00+00:00,2026-04-25 15:36
español,78945,2026-04-25 15:36:00+00:00,2026-04-25 15:36
20,76662,2026-04-25 15:36:00+00:00,2026-04-25 15:36
internacional,470748,2026-04-25 16:06:00+00:00,2026-04-25 16:06
irán,294915,2026-04-25 16:06:00+00:00,2026-04-25 16:06
trump,251226,2026-04-25 16:06:00+00:00,2026-04-25 16:06
guerra,246865,2026-04-25 16:06:00+00:00,2026-04-25 16:06
sánchez,180261,2026-04-25 16:06:00+00:00,2026-04-25 16:06
israel,130941,2026-04-25 16:06:00+00:00,2026-04-25 16:06
málaga,122643,2026-04-25 16:06:00+00:00,2026-04-25 16:06
guerra irán,105358,2026-04-25 16:06:00+00:00,2026-04-25 16:06
diario,99620,2026-04-25 16:06:00+00:00,2026-04-25 16:06
ormuz,96991,2026-04-25 16:06:00+00:00,2026-04-25 16:06
nacional,95234,2026-04-25 16:06:00+00:00,2026-04-25 16:06
muere,91703,2026-04-25 16:06:00+00:00,2026-04-25 16:06
aragón,88375,2026-04-25 16:06:00+00:00,2026-04-25 16:06
mundial,86744,2026-04-25 16:06:00+00:00,2026-04-25 16:06
ue,83904,2026-04-25 16:06:00+00:00,2026-04-25 16:06
final,83383,2026-04-25 16:06:00+00:00,2026-04-25 16:06
regularización,81848,2026-04-25 16:06:00+00:00,2026-04-25 16:06
ia,81844,2026-04-25 16:06:00+00:00,2026-04-25 16:06
anuncia,79146,2026-04-25 16:06:00+00:00,2026-04-25 16:06
español,78829,2026-04-25 16:06:00+00:00,2026-04-25 16:06
20,76323,2026-04-25 16:06:00+00:00,2026-04-25 16:06
internacional,470250,2026-04-25 16:36:00+00:00,2026-04-25 16:36
irán,295486,2026-04-25 16:36:00+00:00,2026-04-25 16:36
trump,252253,2026-04-25 16:36:00+00:00,2026-04-25 16:36
guerra,246824,2026-04-25 16:36:00+00:00,2026-04-25 16:36
sánchez,180162,2026-04-25 16:36:00+00:00,2026-04-25 16:36
israel,130915,2026-04-25 16:36:00+00:00,2026-04-25 16:36
málaga,122576,2026-04-25 16:36:00+00:00,2026-04-25 16:36
guerra irán,105388,2026-04-25 16:36:00+00:00,2026-04-25 16:36
diario,99727,2026-04-25 16:36:00+00:00,2026-04-25 16:36
ormuz,96542,2026-04-25 16:36:00+00:00,2026-04-25 16:36
nacional,95010,2026-04-25 16:36:00+00:00,2026-04-25 16:36
muere,91477,2026-04-25 16:36:00+00:00,2026-04-25 16:36
aragón,88530,2026-04-25 16:36:00+00:00,2026-04-25 16:36
mundial,86219,2026-04-25 16:36:00+00:00,2026-04-25 16:36
ue,84764,2026-04-25 16:36:00+00:00,2026-04-25 16:36
final,82869,2026-04-25 16:36:00+00:00,2026-04-25 16:36
regularización,81806,2026-04-25 16:36:00+00:00,2026-04-25 16:36
ia,81795,2026-04-25 16:36:00+00:00,2026-04-25 16:36
español,79267,2026-04-25 16:36:00+00:00,2026-04-25 16:36
anuncia,78986,2026-04-25 16:36:00+00:00,2026-04-25 16:36
20,76326,2026-04-25 16:36:00+00:00,2026-04-25 16:36
internacional,469771,2026-04-25 17:06:00+00:00,2026-04-25 17:06
irán,296439,2026-04-25 17:06:00+00:00,2026-04-25 17:06
trump,253725,2026-04-25 17:06:00+00:00,2026-04-25 17:06
guerra,246156,2026-04-25 17:06:00+00:00,2026-04-25 17:06
sánchez,179504,2026-04-25 17:06:00+00:00,2026-04-25 17:06
israel,130870,2026-04-25 17:06:00+00:00,2026-04-25 17:06
málaga,122357,2026-04-25 17:06:00+00:00,2026-04-25 17:06
guerra irán,105310,2026-04-25 17:06:00+00:00,2026-04-25 17:06
diario,99598,2026-04-25 17:06:00+00:00,2026-04-25 17:06
ormuz,96385,2026-04-25 17:06:00+00:00,2026-04-25 17:06
nacional,94906,2026-04-25 17:06:00+00:00,2026-04-25 17:06
muere,91242,2026-04-25 17:06:00+00:00,2026-04-25 17:06
aragón,88533,2026-04-25 17:06:00+00:00,2026-04-25 17:06
mundial,86110,2026-04-25 17:06:00+00:00,2026-04-25 17:06
ue,84690,2026-04-25 17:06:00+00:00,2026-04-25 17:06
final,82778,2026-04-25 17:06:00+00:00,2026-04-25 17:06
regularización,81809,2026-04-25 17:06:00+00:00,2026-04-25 17:06
ia,81554,2026-04-25 17:06:00+00:00,2026-04-25 17:06
español,79046,2026-04-25 17:06:00+00:00,2026-04-25 17:06
anuncia,78989,2026-04-25 17:06:00+00:00,2026-04-25 17:06
20,76328,2026-04-25 17:06:00+00:00,2026-04-25 17:06
internacional,471701,2026-04-25 18:06:00+00:00,2026-04-25 18:06
irán,296958,2026-04-25 18:06:00+00:00,2026-04-25 18:06
trump,255436,2026-04-25 18:06:00+00:00,2026-04-25 18:06
guerra,246211,2026-04-25 18:06:00+00:00,2026-04-25 18:06
sánchez,179843,2026-04-25 18:06:00+00:00,2026-04-25 18:06
israel,129712,2026-04-25 18:06:00+00:00,2026-04-25 18:06
málaga,122241,2026-04-25 18:06:00+00:00,2026-04-25 18:06
guerra irán,105783,2026-04-25 18:06:00+00:00,2026-04-25 18:06
diario,99541,2026-04-25 18:06:00+00:00,2026-04-25 18:06
ormuz,95951,2026-04-25 18:06:00+00:00,2026-04-25 18:06
nacional,95151,2026-04-25 18:06:00+00:00,2026-04-25 18:06
muere,90642,2026-04-25 18:06:00+00:00,2026-04-25 18:06
aragón,88617,2026-04-25 18:06:00+00:00,2026-04-25 18:06
mundial,86215,2026-04-25 18:06:00+00:00,2026-04-25 18:06
ue,84376,2026-04-25 18:06:00+00:00,2026-04-25 18:06
final,82443,2026-04-25 18:06:00+00:00,2026-04-25 18:06
ia,82136,2026-04-25 18:06:00+00:00,2026-04-25 18:06
regularización,81971,2026-04-25 18:06:00+00:00,2026-04-25 18:06
español,79814,2026-04-25 18:06:00+00:00,2026-04-25 18:06
anuncia,79168,2026-04-25 18:06:00+00:00,2026-04-25 18:06
20,76178,2026-04-25 18:06:00+00:00,2026-04-25 18:06
internacional,470780,2026-04-25 18:36:00+00:00,2026-04-25 18:36
irán,296910,2026-04-25 18:36:00+00:00,2026-04-25 18:36
trump,254972,2026-04-25 18:36:00+00:00,2026-04-25 18:36
guerra,245742,2026-04-25 18:36:00+00:00,2026-04-25 18:36
sánchez,179911,2026-04-25 18:36:00+00:00,2026-04-25 18:36
israel,129554,2026-04-25 18:36:00+00:00,2026-04-25 18:36
málaga,121786,2026-04-25 18:36:00+00:00,2026-04-25 18:36
guerra irán,105760,2026-04-25 18:36:00+00:00,2026-04-25 18:36
diario,99815,2026-04-25 18:36:00+00:00,2026-04-25 18:36
nacional,96347,2026-04-25 18:36:00+00:00,2026-04-25 18:36
ormuz,95421,2026-04-25 18:36:00+00:00,2026-04-25 18:36
muere,90708,2026-04-25 18:36:00+00:00,2026-04-25 18:36
aragón,88399,2026-04-25 18:36:00+00:00,2026-04-25 18:36
mundial,85881,2026-04-25 18:36:00+00:00,2026-04-25 18:36
ue,84070,2026-04-25 18:36:00+00:00,2026-04-25 18:36
regularización,81914,2026-04-25 18:36:00+00:00,2026-04-25 18:36
final,81843,2026-04-25 18:36:00+00:00,2026-04-25 18:36
ia,81498,2026-04-25 18:36:00+00:00,2026-04-25 18:36
anuncia,79533,2026-04-25 18:36:00+00:00,2026-04-25 18:36
español,79530,2026-04-25 18:36:00+00:00,2026-04-25 18:36
20,76794,2026-04-25 18:36:00+00:00,2026-04-25 18:36
internacional,471592,2026-04-25 19:36:00+00:00,2026-04-25 19:36
irán,296714,2026-04-25 19:36:00+00:00,2026-04-25 19:36
trump,255338,2026-04-25 19:36:00+00:00,2026-04-25 19:36
guerra,246101,2026-04-25 19:36:00+00:00,2026-04-25 19:36
sánchez,179729,2026-04-25 19:36:00+00:00,2026-04-25 19:36
israel,129433,2026-04-25 19:36:00+00:00,2026-04-25 19:36
málaga,120975,2026-04-25 19:36:00+00:00,2026-04-25 19:36
guerra irán,105753,2026-04-25 19:36:00+00:00,2026-04-25 19:36
diario,99422,2026-04-25 19:36:00+00:00,2026-04-25 19:36
ormuz,95218,2026-04-25 19:36:00+00:00,2026-04-25 19:36
nacional,95073,2026-04-25 19:36:00+00:00,2026-04-25 19:36
muere,90626,2026-04-25 19:36:00+00:00,2026-04-25 19:36
aragón,88661,2026-04-25 19:36:00+00:00,2026-04-25 19:36
mundial,85871,2026-04-25 19:36:00+00:00,2026-04-25 19:36
ue,83486,2026-04-25 19:36:00+00:00,2026-04-25 19:36
final,82493,2026-04-25 19:36:00+00:00,2026-04-25 19:36
regularización,81371,2026-04-25 19:36:00+00:00,2026-04-25 19:36
ia,81277,2026-04-25 19:36:00+00:00,2026-04-25 19:36
español,79776,2026-04-25 19:36:00+00:00,2026-04-25 19:36
anuncia,79618,2026-04-25 19:36:00+00:00,2026-04-25 19:36
20,75691,2026-04-25 19:36:00+00:00,2026-04-25 19:36
internacional,471253,2026-04-25 20:07:00+00:00,2026-04-25 20:07
irán,296630,2026-04-25 20:07:00+00:00,2026-04-25 20:07
trump,255594,2026-04-25 20:07:00+00:00,2026-04-25 20:07
guerra,246146,2026-04-25 20:07:00+00:00,2026-04-25 20:07
sánchez,179460,2026-04-25 20:07:00+00:00,2026-04-25 20:07
israel,129076,2026-04-25 20:07:00+00:00,2026-04-25 20:07
málaga,120835,2026-04-25 20:07:00+00:00,2026-04-25 20:07
guerra irán,105798,2026-04-25 20:07:00+00:00,2026-04-25 20:07
diario,99218,2026-04-25 20:07:00+00:00,2026-04-25 20:07
ormuz,95174,2026-04-25 20:07:00+00:00,2026-04-25 20:07
nacional,94844,2026-04-25 20:07:00+00:00,2026-04-25 20:07
muere,90302,2026-04-25 20:07:00+00:00,2026-04-25 20:07
aragón,88456,2026-04-25 20:07:00+00:00,2026-04-25 20:07
mundial,85928,2026-04-25 20:07:00+00:00,2026-04-25 20:07
ue,83405,2026-04-25 20:07:00+00:00,2026-04-25 20:07
final,82612,2026-04-25 20:07:00+00:00,2026-04-25 20:07
regularización,81326,2026-04-25 20:07:00+00:00,2026-04-25 20:07
ia,80605,2026-04-25 20:07:00+00:00,2026-04-25 20:07
anuncia,79425,2026-04-25 20:07:00+00:00,2026-04-25 20:07
español,79407,2026-04-25 20:07:00+00:00,2026-04-25 20:07
20,76067,2026-04-25 20:07:00+00:00,2026-04-25 20:07
internacional,470783,2026-04-25 20:37:00+00:00,2026-04-25 20:37
irán,296392,2026-04-25 20:37:00+00:00,2026-04-25 20:37
trump,255966,2026-04-25 20:37:00+00:00,2026-04-25 20:37
guerra,245973,2026-04-25 20:37:00+00:00,2026-04-25 20:37
sánchez,179210,2026-04-25 20:37:00+00:00,2026-04-25 20:37
israel,128852,2026-04-25 20:37:00+00:00,2026-04-25 20:37
málaga,121825,2026-04-25 20:37:00+00:00,2026-04-25 20:37
guerra irán,105757,2026-04-25 20:37:00+00:00,2026-04-25 20:37
diario,99323,2026-04-25 20:37:00+00:00,2026-04-25 20:37
ormuz,95123,2026-04-25 20:37:00+00:00,2026-04-25 20:37
nacional,94978,2026-04-25 20:37:00+00:00,2026-04-25 20:37
muere,90238,2026-04-25 20:37:00+00:00,2026-04-25 20:37
aragón,88682,2026-04-25 20:37:00+00:00,2026-04-25 20:37
mundial,85874,2026-04-25 20:37:00+00:00,2026-04-25 20:37
ue,83355,2026-04-25 20:37:00+00:00,2026-04-25 20:37
final,82240,2026-04-25 20:37:00+00:00,2026-04-25 20:37
regularización,81297,2026-04-25 20:37:00+00:00,2026-04-25 20:37
ia,80720,2026-04-25 20:37:00+00:00,2026-04-25 20:37
español,79555,2026-04-25 20:37:00+00:00,2026-04-25 20:37
anuncia,79281,2026-04-25 20:37:00+00:00,2026-04-25 20:37
20,75980,2026-04-25 20:37:00+00:00,2026-04-25 20:37
internacional,470683,2026-04-25 21:07:00+00:00,2026-04-25 21:07
irán,296670,2026-04-25 21:07:00+00:00,2026-04-25 21:07
trump,255822,2026-04-25 21:07:00+00:00,2026-04-25 21:07
guerra,246084,2026-04-25 21:07:00+00:00,2026-04-25 21:07
sánchez,179344,2026-04-25 21:07:00+00:00,2026-04-25 21:07
israel,128834,2026-04-25 21:07:00+00:00,2026-04-25 21:07
málaga,121707,2026-04-25 21:07:00+00:00,2026-04-25 21:07
guerra irán,105804,2026-04-25 21:07:00+00:00,2026-04-25 21:07
diario,99315,2026-04-25 21:07:00+00:00,2026-04-25 21:07
ormuz,95100,2026-04-25 21:07:00+00:00,2026-04-25 21:07
nacional,94884,2026-04-25 21:07:00+00:00,2026-04-25 21:07
muere,90237,2026-04-25 21:07:00+00:00,2026-04-25 21:07
aragón,88852,2026-04-25 21:07:00+00:00,2026-04-25 21:07
mundial,85796,2026-04-25 21:07:00+00:00,2026-04-25 21:07
ue,83409,2026-04-25 21:07:00+00:00,2026-04-25 21:07
final,81624,2026-04-25 21:07:00+00:00,2026-04-25 21:07
regularización,81329,2026-04-25 21:07:00+00:00,2026-04-25 21:07
ia,80463,2026-04-25 21:07:00+00:00,2026-04-25 21:07
anuncia,79360,2026-04-25 21:07:00+00:00,2026-04-25 21:07
español,79340,2026-04-25 21:07:00+00:00,2026-04-25 21:07
20,75940,2026-04-25 21:07:00+00:00,2026-04-25 21:07
internacional,470576,2026-04-25 21:37:00+00:00,2026-04-25 21:37
irán,296856,2026-04-25 21:37:00+00:00,2026-04-25 21:37
trump,255776,2026-04-25 21:37:00+00:00,2026-04-25 21:37
guerra,246491,2026-04-25 21:37:00+00:00,2026-04-25 21:37
sánchez,179281,2026-04-25 21:37:00+00:00,2026-04-25 21:37
israel,128761,2026-04-25 21:37:00+00:00,2026-04-25 21:37
málaga,122892,2026-04-25 21:37:00+00:00,2026-04-25 21:37
guerra irán,106030,2026-04-25 21:37:00+00:00,2026-04-25 21:37
diario,99430,2026-04-25 21:37:00+00:00,2026-04-25 21:37
nacional,95165,2026-04-25 21:37:00+00:00,2026-04-25 21:37
ormuz,95103,2026-04-25 21:37:00+00:00,2026-04-25 21:37
muere,90130,2026-04-25 21:37:00+00:00,2026-04-25 21:37
aragón,88735,2026-04-25 21:37:00+00:00,2026-04-25 21:37
mundial,85735,2026-04-25 21:37:00+00:00,2026-04-25 21:37
ue,83410,2026-04-25 21:37:00+00:00,2026-04-25 21:37
final,81933,2026-04-25 21:37:00+00:00,2026-04-25 21:37
regularización,81330,2026-04-25 21:37:00+00:00,2026-04-25 21:37
ia,80175,2026-04-25 21:37:00+00:00,2026-04-25 21:37
anuncia,79298,2026-04-25 21:37:00+00:00,2026-04-25 21:37
español,79124,2026-04-25 21:37:00+00:00,2026-04-25 21:37
20,76133,2026-04-25 21:37:00+00:00,2026-04-25 21:37
internacional,470031,2026-04-25 22:09:00+00:00,2026-04-25 22:09
irán,296736,2026-04-25 22:09:00+00:00,2026-04-25 22:09
trump,255105,2026-04-25 22:09:00+00:00,2026-04-25 22:09
guerra,246371,2026-04-25 22:09:00+00:00,2026-04-25 22:09
sánchez,179137,2026-04-25 22:09:00+00:00,2026-04-25 22:09
israel,128007,2026-04-25 22:09:00+00:00,2026-04-25 22:09
málaga,122293,2026-04-25 22:09:00+00:00,2026-04-25 22:09
guerra irán,106006,2026-04-25 22:09:00+00:00,2026-04-25 22:09
diario,99290,2026-04-25 22:09:00+00:00,2026-04-25 22:09
nacional,95261,2026-04-25 22:09:00+00:00,2026-04-25 22:09
ormuz,95048,2026-04-25 22:09:00+00:00,2026-04-25 22:09
muere,90004,2026-04-25 22:09:00+00:00,2026-04-25 22:09
aragón,88346,2026-04-25 22:09:00+00:00,2026-04-25 22:09
mundial,85811,2026-04-25 22:09:00+00:00,2026-04-25 22:09
final,84258,2026-04-25 22:09:00+00:00,2026-04-25 22:09
ue,83519,2026-04-25 22:09:00+00:00,2026-04-25 22:09
regularización,81264,2026-04-25 22:09:00+00:00,2026-04-25 22:09
ia,80853,2026-04-25 22:09:00+00:00,2026-04-25 22:09
anuncia,79283,2026-04-25 22:09:00+00:00,2026-04-25 22:09
español,78855,2026-04-25 22:09:00+00:00,2026-04-25 22:09
20,76025,2026-04-25 22:09:00+00:00,2026-04-25 22:09
internacional,470604,2026-04-25 22:37:00+00:00,2026-04-25 22:37
irán,296994,2026-04-25 22:37:00+00:00,2026-04-25 22:37
trump,255744,2026-04-25 22:37:00+00:00,2026-04-25 22:37
guerra,246447,2026-04-25 22:37:00+00:00,2026-04-25 22:37
sánchez,179153,2026-04-25 22:37:00+00:00,2026-04-25 22:37
israel,128021,2026-04-25 22:37:00+00:00,2026-04-25 22:37
málaga,122551,2026-04-25 22:37:00+00:00,2026-04-25 22:37
guerra irán,105962,2026-04-25 22:37:00+00:00,2026-04-25 22:37
diario,99358,2026-04-25 22:37:00+00:00,2026-04-25 22:37
nacional,95569,2026-04-25 22:37:00+00:00,2026-04-25 22:37
ormuz,94903,2026-04-25 22:37:00+00:00,2026-04-25 22:37
muere,89932,2026-04-25 22:37:00+00:00,2026-04-25 22:37
aragón,88599,2026-04-25 22:37:00+00:00,2026-04-25 22:37
mundial,85570,2026-04-25 22:37:00+00:00,2026-04-25 22:37
ue,83367,2026-04-25 22:37:00+00:00,2026-04-25 22:37
final,81657,2026-04-25 22:37:00+00:00,2026-04-25 22:37
regularización,81262,2026-04-25 22:37:00+00:00,2026-04-25 22:37
ia,81026,2026-04-25 22:37:00+00:00,2026-04-25 22:37
anuncia,79476,2026-04-25 22:37:00+00:00,2026-04-25 22:37
español,79123,2026-04-25 22:37:00+00:00,2026-04-25 22:37
20,76166,2026-04-25 22:37:00+00:00,2026-04-25 22:37
